Ticker,Date,Open,High,Low,Close,Volume
CAT,2026-09-30 04:00:00-04:00,830.25,830.57,828.5,829.49,12
CAT,2026-09-30 04:05:00-04:00,829.49,829.49,829.49,829.49,0
CAT,2026-09-30 04:10:00-04:00,829.49,829.49,829.49,829.49,0
CAT,2026-09-30 04:15:00-04:00,829.49,829.49,829.49,829.49,0
CAT,2026-09-30 04:20:00-04:00,829.49,829.49,829.49,829.49,0
CAT,2026-09-30 04:25:00-04:00,829.49,829.49,829.49,829.49,0
CAT,2026-09-30 04:30:00-04:00,829.49,829.49,829.49,829.49,0
CAT,2026-09-30 04:35:00-04:00,829.49,829.49,829.49,829.49,0
CAT,2026-09-30 04:40:00-04:00,829.49,829.49,829.49,829.49,0
CAT,2026-09-30 04:45:00-04:00,829.49,829.49,829.49,829.49,0
CAT,2026-09-30 04:50:00-04:00,829.49,829.49,829.49,829.49,0
CAT,2026-09-30 04:55:00-04:00,829.49,829.49,829.49,829.49,0
CAT,2026-09-30 05:00:00-04:00,829.0,829.0,829.0,829.0,25
CAT,2026-09-30 05:05:00-04:00,830.22,830.22,830.22,830.22,1
CAT,2026-09-30 05:10:00-04:00,830.22,830.22,830.22,830.22,0
CAT,2026-09-30 05:15:00-04:00,830.22,830.22,830.22,830.22,0
CAT,2026-09-30 05:20:00-04:00,830.22,830.22,830.22,830.22,0
CAT,2026-09-30 05:25:00-04:00,830.22,830.22,830.22,830.22,0
CAT,2026-09-30 05:30:00-04:00,830.22,830.22,830.22,830.22,0
CAT,2026-09-30 05:35:00-04:00,830.22,830.22,830.22,830.22,0
CAT,2026-09-30 05:40:00-04:00,830.22,830.22,830.22,830.22,0
CAT,2026-09-30 05:45:00-04:00,830.22,830.22,830.22,830.22,0
CAT,2026-09-30 05:50:00-04:00,828.25,828.25,827.94,827.94,5
CAT,2026-09-30 05:55:00-04:00,827.67,828.0,827.67,828.0,2
CAT,2026-09-30 06:00:00-04:00,828.0,828.0,828.0,828.0,0
CAT,2026-09-30 06:05:00-04:00,828.0,828.0,828.0,828.0,0
CAT,2026-09-30 06:10:00-04:00,827.7,827.7,827.7,827.7,1
CAT,2026-09-30 06:15:00-04:00,827.7,827.7,827.7,827.7,0
CAT,2026-09-30 06:20:00-04:00,827.7,827.7,827.7,827.7,0
CAT,2026-09-30 06:25:00-04:00,827.7,827.7,827.7,827.7,0
CAT,2026-09-30 06:30:00-04:00,827.7,827.7,827.7,827.7,0
CAT,2026-09-30 06:35:00-04:00,827.7,827.7,827.7,827.7,0
CAT,2026-09-30 06:40:00-04:00,826.46,826.47,826.46,826.47,2
CAT,2026-09-30 06:45:00-04:00,826.47,826.47,826.47,826.47,0
CAT,2026-09-30 06:50:00-04:00,826.47,826.47,826.47,826.47,0
CAT,2026-09-30 06:55:00-04:00,826.47,826.47,826.47,826.47,0
CAT,2026-09-30 07:00:00-04:00,826.1,826.15,826.1,826.15,2
CAT,2026-09-30 07:05:00-04:00,826.15,826.15,826.15,826.15,0
CAT,2026-09-30 07:10:00-04:00,823.01,823.01,823.0,823.0,5
CAT,2026-09-30 07:15:00-04:00,823.18,823.18,823.0,823.0,18
CAT,2026-09-30 07:20:00-04:00,823.55,824.25,823.55,824.25,8
CAT,2026-09-30 07:25:00-04:00,824.25,824.25,824.25,824.25,0
CAT,2026-09-30 07:30:00-04:00,824.25,824.25,824.25,824.25,0
CAT,2026-09-30 07:35:00-04:00,824.25,824.25,824.25,824.25,0
CAT,2026-09-30 07:40:00-04:00,824.25,824.25,824.25,824.25,0
CAT,2026-09-30 07:45:00-04:00,825.0,825.0,825.0,825.0,1
CAT,2026-09-30 07:50:00-04:00,823.25,825.0,823.25,825.0,4
CAT,2026-09-30 07:55:00-04:00,824.89,824.89,824.89,824.89,2
CAT,2026-09-30 08:00:00-04:00,824.89,824.89,824.89,824.89,0
CAT,2026-09-30 08:05:00-04:00,824.89,824.89,824.89,824.89,0
CAT,2026-09-30 08:10:00-04:00,824.89,824.89,824.89,824.89,0
CAT,2026-09-30 08:15:00-04:00,824.89,824.89,824.89,824.89,0
CAT,2026-09-30 08:20:00-04:00,824.89,824.89,824.89,824.89,0
CAT,2026-09-30 08:25:00-04:00,825.49,826.0,825.49,826.0,5
CAT,2026-09-30 08:30:00-04:00,826.94,832.99,826.94,831.14,89
CAT,2026-09-30 08:35:00-04:00,831.14,831.14,831.14,831.14,0
CAT,2026-09-30 08:40:00-04:00,831.14,831.14,831.14,831.14,0
CAT,2026-09-30 08:45:00-04:00,829.5,829.5,829.5,829.5,1
CAT,2026-09-30 08:50:00-04:00,829.5,829.5,829.5,829.5,0
CAT,2026-09-30 08:55:00-04:00,829.4,831.0,829.4,831.0,8
CAT,2026-09-30 09:00:00-04:00,832.34,833.0,832.19,833.0,19
CAT,2026-09-30 09:05:00-04:00,832.67,832.67,832.66,832.67,1
CAT,2026-09-30 09:10:00-04:00,832.67,832.67,832.67,832.67,0
CAT,2026-09-30 09:15:00-04:00,832.67,832.67,832.67,832.67,0
CAT,2026-09-30 09:20:00-04:00,832.0,833.0,832.0,833.0,30
CAT,2026-09-30 09:25:00-04:00,834.0,834.0,830.0,830.0,14
CAT,2026-09-30 09:30:00-04:00,828.5,831.96,820.77,822.9,1134
CAT,2026-09-30 09:35:00-04:00,824.02,824.61,821.0,823.43,249
CAT,2026-09-30 09:40:00-04:00,823.31,823.92,818.77,820.07,550
CAT,2026-09-30 09:45:00-04:00,820.4,821.35,817.15,819.92,373
CAT,2026-09-30 09:50:00-04:00,819.67,822.99,818.87,822.99,230
CAT,2026-09-30 09:55:00-04:00,823.04,824.04,820.63,821.81,248
CAT,2026-09-30 10:00:00-04:00,821.88,822.19,817.82,818.22,529
CAT,2026-09-30 10:05:00-04:00,818.55,820.52,816.31,816.8,399
CAT,2026-09-30 10:10:00-04:00,817.27,818.93,813.54,818.45,717
CAT,2026-09-30 10:15:00-04:00,818.57,819.57,816.58,816.58,410
CAT,2026-09-30 10:20:00-04:00,816.86,818.31,816.0,816.94,326
CAT,2026-09-30 10:25:00-04:00,816.81,817.15,813.5,814.04,322
CAT,2026-09-30 10:30:00-04:00,813.83,814.47,813.17,813.17,244
CAT,2026-09-30 10:35:00-04:00,813.18,815.59,812.03,814.34,317
CAT,2026-09-30 10:40:00-04:00,813.79,816.16,812.01,815.04,387
CAT,2026-09-30 10:45:00-04:00,815.04,816.36,814.06,815.2,161
CAT,2026-09-30 10:50:00-04:00,815.67,815.89,814.58,814.68,227
CAT,2026-09-30 10:55:00-04:00,815.2,815.59,814.28,815.39,591
CAT,2026-09-30 11:00:00-04:00,815.27,816.97,814.81,816.66,337
CAT,2026-09-30 11:05:00-04:00,816.29,816.56,815.37,816.56,148
CAT,2026-09-30 11:10:00-04:00,816.33,817.37,814.35,815.19,416
CAT,2026-09-30 11:15:00-04:00,815.36,817.09,815.36,816.14,191
CAT,2026-09-30 11:20:00-04:00,816.04,816.52,815.22,815.54,226
CAT,2026-09-30 11:25:00-04:00,815.67,817.01,814.88,816.8,245
CAT,2026-09-30 11:30:00-04:00,816.65,817.22,815.8,816.49,377
CAT,2026-09-30 11:35:00-04:00,815.76,816.18,814.64,816.01,372
CAT,2026-09-30 11:40:00-04:00,815.99,816.41,813.0,813.06,326
CAT,2026-09-30 11:45:00-04:00,813.06,815.64,812.68,815.18,211
CAT,2026-09-30 11:50:00-04:00,815.09,815.1,813.51,814.5,113
CAT,2026-09-30 11:55:00-04:00,814.7,814.7,813.94,814.67,98
CAT,2026-09-30 12:00:00-04:00,814.36,815.2,813.89,814.85,182
CAT,2026-09-30 12:05:00-04:00,814.99,816.29,814.96,815.89,350
CAT,2026-09-30 12:10:00-04:00,815.69,815.99,814.59,815.37,101
CAT,2026-09-30 12:15:00-04:00,815.73,816.52,815.38,815.81,380
CAT,2026-09-30 12:20:00-04:00,815.81,816.04,814.0,814.0,156
CAT,2026-09-30 12:25:00-04:00,814.04,815.45,814.03,815.27,67
CAT,2026-09-30 12:30:00-04:00,815.33,815.69,814.95,815.46,101
CAT,2026-09-30 12:35:00-04:00,815.75,816.11,815.45,816.11,140
CAT,2026-09-30 12:40:00-04:00,815.81,816.86,815.81,816.53,104
CAT,2026-09-30 12:45:00-04:00,816.4,816.62,815.82,816.41,109
CAT,2026-09-30 12:50:00-04:00,816.78,816.78,815.92,816.38,158
CAT,2026-09-30 12:55:00-04:00,816.29,817.17,816.06,816.7,76
CAT,2026-09-30 13:00:00-04:00,816.52,817.88,816.37,817.39,498
CAT,2026-09-30 13:05:00-04:00,817.37,818.84,817.34,818.26,233
CAT,2026-09-30 13:10:00-04:00,818.08,818.22,816.85,817.19,101
CAT,2026-09-30 13:15:00-04:00,817.02,817.19,815.99,816.61,423
CAT,2026-09-30 13:20:00-04:00,816.03,817.18,815.75,816.8,99
CAT,2026-09-30 13:25:00-04:00,816.54,816.8,815.16,815.48,59
CAT,2026-09-30 13:30:00-04:00,815.87,816.63,815.47,816.44,114
CAT,2026-09-30 13:35:00-04:00,816.45,818.08,815.86,817.93,334
CAT,2026-09-30 13:40:00-04:00,818.02,819.34,818.01,818.93,172
CAT,2026-09-30 13:45:00-04:00,818.8,819.69,818.19,819.41,134
CAT,2026-09-30 13:50:00-04:00,820.0,820.63,819.75,820.27,62
CAT,2026-09-30 13:55:00-04:00,820.26,820.27,819.05,819.95,85
CAT,2026-09-30 14:00:00-04:00,819.71,819.72,818.49,819.16,129
CAT,2026-09-30 14:05:00-04:00,819.18,819.44,818.9,818.94,172
CAT,2026-09-30 14:10:00-04:00,818.94,818.94,818.2,818.61,119
CAT,2026-09-30 14:15:00-04:00,818.47,818.47,817.69,817.96,103
CAT,2026-09-30 14:20:00-04:00,817.67,818.36,817.48,817.71,63
CAT,2026-09-30 14:25:00-04:00,817.57,817.63,816.48,816.84,127
CAT,2026-09-30 14:30:00-04:00,817.07,817.27,815.93,816.35,135
CAT,2026-09-30 14:35:00-04:00,816.67,817.27,816.44,817.14,120
CAT,2026-09-30 14:40:00-04:00,817.27,817.39,816.51,817.2,197
CAT,2026-09-30 14:45:00-04:00,817.08,817.17,814.48,814.6,329
CAT,2026-09-30 14:50:00-04:00,814.8,814.86,814.02,814.66,182
CAT,2026-09-30 14:55:00-04:00,814.66,815.94,814.3,815.58,196
CAT,2026-09-30 15:00:00-04:00,815.58,815.9,814.11,814.23,167
CAT,2026-09-30 15:05:00-04:00,814.23,815.07,813.42,814.83,287
CAT,2026-09-30 15:10:00-04:00,814.78,815.52,814.64,815.39,151
CAT,2026-09-30 15:15:00-04:00,815.05,815.74,814.76,815.39,146
CAT,2026-09-30 15:20:00-04:00,815.21,815.33,813.33,813.65,230
CAT,2026-09-30 15:25:00-04:00,813.68,814.36,813.49,813.49,141
CAT,2026-09-30 15:30:00-04:00,813.58,814.01,813.13,813.63,191
CAT,2026-09-30 15:35:00-04:00,813.8,813.91,813.11,813.77,373
CAT,2026-09-30 15:40:00-04:00,813.52,813.86,812.25,812.32,401
CAT,2026-09-30 15:45:00-04:00,812.32,812.8,811.88,812.14,441
CAT,2026-09-30 15:50:00-04:00,811.85,813.46,811.43,812.97,688
CAT,2026-09-30 15:55:00-04:00,812.49,813.16,810.07,810.7,2538
CAT,2026-09-30 16:00:00-04:00,810.79,815.0,810.79,810.79,11826
CAT,2026-09-30 16:05:00-04:00,815.0,815.0,811.0,811.0,4
CAT,2026-09-30 16:10:00-04:00,810.84,810.84,810.84,810.84,2
CAT,2026-09-30 16:15:00-04:00,810.84,810.84,810.84,810.84,0
CAT,2026-09-30 16:20:00-04:00,812.2,812.2,812.19,812.2,6
CAT,2026-09-30 16:25:00-04:00,812.2,812.2,812.2,812.2,0
CAT,2026-09-30 16:30:00-04:00,814.22,814.22,814.22,814.22,2
CAT,2026-09-30 16:35:00-04:00,814.22,814.22,814.22,814.22,0
CAT,2026-09-30 16:40:00-04:00,814.22,814.22,814.22,814.22,0
CAT,2026-09-30 16:45:00-04:00,812.4,812.4,812.4,812.4,1
CAT,2026-09-30 16:50:00-04:00,812.4,812.4,812.4,812.4,0
CAT,2026-09-30 16:55:00-04:00,812.41,812.41,812.4,812.4,10
CAT,2026-09-30 17:00:00-04:00,812.4,812.4,812.4,812.4,0
CAT,2026-09-30 17:05:00-04:00,812.4,812.4,812.4,812.4,0
CAT,2026-09-30 17:10:00-04:00,814.62,814.62,814.61,814.62,2
CAT,2026-09-30 17:15:00-04:00,814.62,814.62,814.62,814.62,0
CAT,2026-09-30 17:20:00-04:00,814.62,814.62,814.62,814.62,0
CAT,2026-09-30 17:25:00-04:00,814.0,814.0,814.0,814.0,3
CAT,2026-09-30 17:30:00-04:00,812.4,812.41,812.4,812.4,5
CAT,2026-09-30 17:35:00-04:00,812.4,812.4,812.4,812.4,0
CAT,2026-09-30 17:40:00-04:00,812.4,812.4,812.4,812.4,0
CAT,2026-09-30 17:45:00-04:00,812.4,812.4,812.4,812.4,0
CAT,2026-09-30 17:50:00-04:00,812.4,812.4,812.4,812.4,0
CAT,2026-09-30 17:55:00-04:00,812.4,812.4,812.4,812.4,0
CAT,2026-09-30 18:00:00-04:00,812.4,812.4,812.4,812.4,0
CAT,2026-09-30 18:05:00-04:00,812.4,812.4,812.4,812.4,0
CAT,2026-09-30 18:10:00-04:00,812.4,812.4,812.4,812.4,0
CAT,2026-09-30 18:15:00-04:00,812.4,812.4,812.4,812.4,0
CAT,2026-09-30 18:20:00-04:00,812.4,812.4,812.4,812.4,0
CAT,2026-09-30 18:25:00-04:00,814.0,814.0,813.99,814.0,12
CAT,2026-09-30 18:30:00-04:00,814.0,814.0,814.0,814.0,0
CAT,2026-09-30 18:35:00-04:00,814.0,814.0,814.0,814.0,0
CAT,2026-09-30 18:40:00-04:00,813.93,814.0,813.93,814.0,3
CAT,2026-09-30 18:45:00-04:00,813.6,814.75,813.6,814.62,12
CAT,2026-09-30 18:50:00-04:00,813.61,813.61,813.61,813.61,1
CAT,2026-09-30 18:55:00-04:00,813.61,813.61,813.61,813.61,0
CAT,2026-09-30 19:00:00-04:00,813.61,813.61,813.61,813.61,0
CAT,2026-09-30 19:05:00-04:00,813.61,813.61,813.61,813.61,0
CAT,2026-09-30 19:10:00-04:00,813.63,813.63,813.62,813.62,4
CAT,2026-09-30 19:15:00-04:00,813.62,813.62,813.62,813.62,0
CAT,2026-09-30 19:20:00-04:00,813.62,813.62,813.62,813.62,0
CAT,2026-09-30 19:25:00-04:00,813.62,813.62,813.62,813.62,0
CAT,2026-09-30 19:30:00-04:00,813.62,813.62,813.62,813.62,0
CAT,2026-09-30 19:35:00-04:00,814.39,814.39,814.39,814.39,2
CAT,2026-09-30 19:40:00-04:00,814.39,814.39,814.39,814.39,0
CAT,2026-09-30 19:45:00-04:00,814.39,814.39,814.39,814.39,0
CAT,2026-09-30 19:50:00-04:00,814.39,814.39,814.39,814.39,0
CAT,2026-09-30 19:55:00-04:00,814.39,814.39,814.39,814.39,0
CAT,2026-10-01 04:00:00-04:00,816.64,823.32,814.22,816.47,77
CAT,2026-10-01 04:05:00-04:00,816.47,816.47,816.47,816.47,0
CAT,2026-10-01 04:10:00-04:00,814.85,814.85,814.85,814.85,2
CAT,2026-10-01 04:15:00-04:00,814.92,814.92,814.92,814.92,1
CAT,2026-10-01 04:20:00-04:00,813.51,813.51,813.51,813.51,1
CAT,2026-10-01 04:25:00-04:00,813.51,813.51,813.51,813.51,0
CAT,2026-10-01 04:30:00-04:00,810.0,810.0,810.0,810.0,6
CAT,2026-10-01 04:35:00-04:00,812.94,813.86,812.94,813.86,3
CAT,2026-10-01 04:40:00-04:00,814.31,814.31,814.23,814.23,2
CAT,2026-10-01 04:45:00-04:00,814.23,814.23,814.23,814.23,0
CAT,2026-10-01 04:50:00-04:00,814.23,814.23,814.23,814.23,0
CAT,2026-10-01 04:55:00-04:00,814.04,814.04,814.04,814.04,1
CAT,2026-10-01 05:00:00-04:00,814.04,814.04,814.04,814.04,0
CAT,2026-10-01 05:05:00-04:00,814.04,814.04,814.04,814.04,0
CAT,2026-10-01 05:10:00-04:00,814.04,814.04,814.04,814.04,0
CAT,2026-10-01 05:15:00-04:00,814.04,814.04,814.04,814.04,0
CAT,2026-10-01 05:20:00-04:00,816.05,816.05,816.05,816.05,1
CAT,2026-10-01 05:25:00-04:00,816.05,816.05,816.05,816.05,0
CAT,2026-10-01 05:30:00-04:00,816.05,816.05,816.05,816.05,0
CAT,2026-10-01 05:35:00-04:00,816.57,816.85,816.57,816.58,9
CAT,2026-10-01 05:40:00-04:00,816.58,816.58,816.58,816.58,0
CAT,2026-10-01 05:45:00-04:00,816.58,816.58,816.58,816.58,0
CAT,2026-10-01 05:50:00-04:00,816.58,816.58,816.58,816.58,0
CAT,2026-10-01 05:55:00-04:00,816.58,816.58,816.58,816.58,0
CAT,2026-10-01 06:00:00-04:00,811.08,812.96,811.03,812.96,3
CAT,2026-10-01 06:05:00-04:00,812.93,812.95,812.93,812.95,4
CAT,2026-10-01 06:10:00-04:00,812.95,812.95,812.95,812.95,0
CAT,2026-10-01 06:15:00-04:00,812.95,812.95,812.95,812.95,0
CAT,2026-10-01 06:20:00-04:00,812.95,812.95,812.95,812.95,0
CAT,2026-10-01 06:25:00-04:00,812.95,812.95,812.95,812.95,0
CAT,2026-10-01 06:30:00-04:00,812.95,812.95,812.95,812.95,0
CAT,2026-10-01 06:35:00-04:00,812.95,812.95,812.95,812.95,0
CAT,2026-10-01 06:40:00-04:00,815.95,815.95,815.95,815.95,1
CAT,2026-10-01 06:45:00-04:00,816.0,816.49,816.0,816.49,4
CAT,2026-10-01 06:50:00-04:00,816.49,816.49,816.49,816.49,0
CAT,2026-10-01 06:55:00-04:00,816.49,816.49,816.49,816.49,0
CAT,2026-10-01 07:00:00-04:00,816.49,816.49,816.49,816.49,0
CAT,2026-10-01 07:05:00-04:00,815.85,815.85,815.5,815.5,10
CAT,2026-10-01 07:10:00-04:00,814.0,814.94,814.0,814.6,11
CAT,2026-10-01 07:15:00-04:00,814.01,814.01,814.0,814.0,2
CAT,2026-10-01 07:20:00-04:00,813.0,813.0,810.79,810.79,14
CAT,2026-10-01 07:25:00-04:00,812.01,812.01,811.65,811.65,4
CAT,2026-10-01 07:30:00-04:00,811.65,811.65,811.65,811.65,0
CAT,2026-10-01 07:35:00-04:00,811.98,812.26,811.98,812.26,3
CAT,2026-10-01 07:40:00-04:00,813.0,813.0,813.0,813.0,2
CAT,2026-10-01 07:45:00-04:00,813.49,814.75,813.49,814.75,9
CAT,2026-10-01 07:50:00-04:00,814.75,814.75,814.75,814.75,0
CAT,2026-10-01 07:55:00-04:00,815.5,815.51,815.5,815.5,1
CAT,2026-10-01 08:00:00-04:00,814.0,814.0,813.51,813.51,2
CAT,2026-10-01 08:05:00-04:00,813.2,813.2,813.2,813.2,18
CAT,2026-10-01 08:10:00-04:00,814.01,814.01,814.01,814.01,1
CAT,2026-10-01 08:15:00-04:00,814.01,814.01,814.01,814.01,0
CAT,2026-10-01 08:20:00-04:00,814.01,814.01,814.01,814.01,0
CAT,2026-10-01 08:25:00-04:00,814.01,814.01,814.01,814.01,0
CAT,2026-10-01 08:30:00-04:00,814.01,814.01,814.01,814.01,0
CAT,2026-10-01 08:35:00-04:00,814.01,814.01,814.01,814.01,0
CAT,2026-10-01 08:40:00-04:00,813.0,813.0,813.0,813.0,5
CAT,2026-10-01 08:45:00-04:00,811.5,812.5,811.01,812.5,10
CAT,2026-10-01 08:50:00-04:00,812.5,812.5,812.5,812.5,0
CAT,2026-10-01 08:55:00-04:00,810.3,810.3,810.3,810.3,18
CAT,2026-10-01 09:00:00-04:00,810.67,810.67,810.67,810.67,5
CAT,2026-10-01 09:05:00-04:00,810.67,810.67,810.67,810.67,0
CAT,2026-10-01 09:10:00-04:00,811.94,811.94,811.0,811.0,3
CAT,2026-10-01 09:15:00-04:00,811.44,811.44,811.44,811.44,1
CAT,2026-10-01 09:20:00-04:00,811.0,811.0,811.0,811.0,6
CAT,2026-10-01 09:25:00-04:00,810.43,810.43,810.0,810.0,12
CAT,2026-10-01 09:30:00-04:00,810.58,815.51,808.0,813.97,801
CAT,2026-10-01 09:35:00-04:00,814.25,814.61,811.0,812.27,302
CAT,2026-10-01 09:40:00-04:00,811.74,812.55,805.89,806.86,266
CAT,2026-10-01 09:45:00-04:00,806.78,809.19,805.94,808.37,382
CAT,2026-10-01 09:50:00-04:00,809.14,814.75,809.14,813.46,414
CAT,2026-10-01 09:55:00-04:00,813.31,814.43,811.52,811.52,233
CAT,2026-10-01 10:00:00-04:00,811.35,811.35,805.59,805.74,427
CAT,2026-10-01 10:05:00-04:00,805.52,806.97,803.21,804.25,463
CAT,2026-10-01 10:10:00-04:00,804.74,805.89,802.44,805.89,410
CAT,2026-10-01 10:15:00-04:00,806.34,808.77,805.32,805.59,208
CAT,2026-10-01 10:20:00-04:00,806.41,808.0,805.48,806.74,120
CAT,2026-10-01 10:25:00-04:00,806.73,807.5,805.92,806.88,484
CAT,2026-10-01 10:30:00-04:00,807.05,812.69,807.01,812.61,396
CAT,2026-10-01 10:35:00-04:00,812.61,818.0,812.02,817.0,453
CAT,2026-10-01 10:40:00-04:00,817.05,817.54,814.56,816.0,349
CAT,2026-10-01 10:45:00-04:00,815.86,818.95,815.84,817.79,263
CAT,2026-10-01 10:50:00-04:00,818.39,818.39,814.02,814.03,194
CAT,2026-10-01 10:55:00-04:00,814.44,816.73,813.69,814.49,202
CAT,2026-10-01 11:00:00-04:00,814.24,814.24,808.35,809.38,433
CAT,2026-10-01 11:05:00-04:00,809.69,810.97,806.98,807.49,361
CAT,2026-10-01 11:10:00-04:00,807.54,810.54,805.92,809.29,343
CAT,2026-10-01 11:15:00-04:00,809.7,811.05,809.15,810.74,369
CAT,2026-10-01 11:20:00-04:00,810.55,814.12,810.04,813.8,273
CAT,2026-10-01 11:25:00-04:00,814.14,816.42,813.65,815.4,269
CAT,2026-10-01 11:30:00-04:00,815.04,815.29,813.54,813.55,172
CAT,2026-10-01 11:35:00-04:00,813.9,816.1,813.2,816.1,229
CAT,2026-10-01 11:40:00-04:00,815.98,816.19,813.89,814.46,296
CAT,2026-10-01 11:45:00-04:00,814.46,816.64,814.45,816.4,488
CAT,2026-10-01 11:50:00-04:00,816.22,816.94,814.5,816.26,193
CAT,2026-10-01 11:55:00-04:00,816.49,821.79,816.48,821.41,483
CAT,2026-10-01 12:00:00-04:00,821.89,824.0,821.18,823.8,393
CAT,2026-10-01 12:05:00-04:00,823.4,825.0,821.68,821.98,361
CAT,2026-10-01 12:10:00-04:00,822.26,823.92,822.26,823.22,390
CAT,2026-10-01 12:15:00-04:00,823.5,824.98,822.16,824.72,314
CAT,2026-10-01 12:20:00-04:00,824.8,826.57,824.1,826.35,338
CAT,2026-10-01 12:25:00-04:00,826.37,826.73,825.73,826.14,481
CAT,2026-10-01 12:30:00-04:00,826.13,829.0,825.93,828.25,304
CAT,2026-10-01 12:35:00-04:00,828.65,829.17,825.53,825.66,395
CAT,2026-10-01 12:40:00-04:00,825.99,827.87,825.92,827.34,300
CAT,2026-10-01 12:45:00-04:00,827.42,827.58,825.95,826.01,253
CAT,2026-10-01 12:50:00-04:00,825.9,826.14,823.0,823.64,328
CAT,2026-10-01 12:55:00-04:00,823.61,823.99,822.52,823.35,335
CAT,2026-10-01 13:00:00-04:00,823.4,824.99,822.78,824.99,144
CAT,2026-10-01 13:05:00-04:00,825.73,826.05,825.03,825.15,114
CAT,2026-10-01 13:10:00-04:00,825.16,826.54,824.97,825.14,316
CAT,2026-10-01 13:15:00-04:00,824.97,827.0,824.73,827.0,250
CAT,2026-10-01 13:20:00-04:00,827.19,828.0,826.66,827.61,345
CAT,2026-10-01 13:25:00-04:00,827.61,830.17,827.4,829.45,481
CAT,2026-10-01 13:30:00-04:00,829.87,833.62,829.73,830.77,758
CAT,2026-10-01 13:35:00-04:00,830.63,831.15,826.89,827.14,276
CAT,2026-10-01 13:40:00-04:00,826.86,828.19,826.6,826.67,433
CAT,2026-10-01 13:45:00-04:00,826.81,828.67,825.49,827.99,782
CAT,2026-10-01 13:50:00-04:00,827.78,828.38,825.42,825.42,551
CAT,2026-10-01 13:55:00-04:00,826.32,826.75,823.05,823.48,306
CAT,2026-10-01 14:00:00-04:00,823.84,823.92,820.61,821.44,323
CAT,2026-10-01 14:05:00-04:00,821.55,822.43,820.97,822.21,161
CAT,2026-10-01 14:10:00-04:00,821.94,823.0,820.27,822.69,243
CAT,2026-10-01 14:15:00-04:00,822.92,824.33,822.86,823.69,226
CAT,2026-10-01 14:20:00-04:00,823.62,825.56,822.91,825.27,230
CAT,2026-10-01 14:25:00-04:00,825.27,825.35,823.12,823.43,463
CAT,2026-10-01 14:30:00-04:00,823.43,826.4,822.6,826.29,309
CAT,2026-10-01 14:35:00-04:00,826.14,826.68,823.71,823.81,252
CAT,2026-10-01 14:40:00-04:00,824.03,824.05,822.71,823.59,224
CAT,2026-10-01 14:45:00-04:00,823.32,823.63,822.95,823.46,214
CAT,2026-10-01 14:50:00-04:00,823.29,824.06,822.45,823.6,194
CAT,2026-10-01 14:55:00-04:00,823.49,824.65,823.14,824.65,179
CAT,2026-10-01 15:00:00-04:00,824.69,824.95,823.28,824.1,110
CAT,2026-10-01 15:05:00-04:00,823.88,824.77,823.56,824.18,197
CAT,2026-10-01 15:10:00-04:00,824.21,824.78,824.02,824.36,148
CAT,2026-10-01 15:15:00-04:00,824.42,825.15,823.93,824.36,137
CAT,2026-10-01 15:20:00-04:00,824.02,824.33,823.53,823.53,110
CAT,2026-10-01 15:25:00-04:00,823.6,824.7,823.28,824.7,226
CAT,2026-10-01 15:30:00-04:00,824.7,825.24,823.65,824.63,505
CAT,2026-10-01 15:35:00-04:00,824.63,825.39,824.3,824.89,266
CAT,2026-10-01 15:40:00-04:00,824.74,826.49,824.71,826.49,319
CAT,2026-10-01 15:45:00-04:00,826.41,827.07,826.14,826.96,366
CAT,2026-10-01 15:50:00-04:00,827.06,827.85,826.47,826.63,632
CAT,2026-10-01 15:55:00-04:00,826.61,828.6,826.01,826.34,2391
CAT,2026-10-01 16:00:00-04:00,826.35,826.85,826.33,826.85,8023
CAT,2026-10-01 16:05:00-04:00,826.5,826.5,826.5,826.5,2
CAT,2026-10-01 16:10:00-04:00,826.5,826.5,826.5,826.5,0
CAT,2026-10-01 16:15:00-04:00,826.5,826.5,826.5,826.5,0
CAT,2026-10-01 16:20:00-04:00,826.5,826.5,826.5,826.5,0
CAT,2026-10-01 16:25:00-04:00,826.5,826.5,826.5,826.5,0
CAT,2026-10-01 16:30:00-04:00,826.5,826.5,826.5,826.5,0
CAT,2026-10-01 16:35:00-04:00,826.5,826.5,826.5,826.5,0
CAT,2026-10-01 16:40:00-04:00,826.5,826.5,826.5,826.5,0
CAT,2026-10-01 16:45:00-04:00,825.98,826.0,825.98,826.0,2
CAT,2026-10-01 16:50:00-04:00,826.0,826.0,826.0,826.0,0
CAT,2026-10-01 16:55:00-04:00,826.0,826.0,826.0,826.0,0
CAT,2026-10-01 17:00:00-04:00,826.0,826.0,826.0,826.0,0
CAT,2026-10-01 17:05:00-04:00,826.0,826.0,826.0,826.0,0
CAT,2026-10-01 17:10:00-04:00,826.0,826.0,826.0,826.0,0
CAT,2026-10-01 17:15:00-04:00,826.0,826.0,826.0,826.0,0
CAT,2026-10-01 17:20:00-04:00,826.0,826.0,826.0,826.0,0
CAT,2026-10-01 17:25:00-04:00,824.96,824.97,824.96,824.96,1
CAT,2026-10-01 17:30:00-04:00,824.96,824.96,824.96,824.96,0
CAT,2026-10-01 17:35:00-04:00,824.96,824.96,824.96,824.96,0
CAT,2026-10-01 17:40:00-04:00,824.96,824.96,824.96,824.96,0
CAT,2026-10-01 17:45:00-04:00,824.96,824.96,824.96,824.96,0
CAT,2026-10-01 17:50:00-04:00,826.35,826.35,826.35,826.35,905
CAT,2026-10-01 17:55:00-04:00,826.35,826.35,826.35,826.35,0
CAT,2026-10-01 18:00:00-04:00,826.35,826.35,826.35,826.35,0
CAT,2026-10-01 18:05:00-04:00,826.15,826.15,826.15,826.15,3
CAT,2026-10-01 18:10:00-04:00,826.15,826.15,826.15,826.15,0
CAT,2026-10-01 18:15:00-04:00,826.15,826.15,826.15,826.15,0
CAT,2026-10-01 18:20:00-04:00,826.15,826.15,826.15,826.15,0
CAT,2026-10-01 18:25:00-04:00,826.15,826.15,826.15,826.15,0
CAT,2026-10-01 18:30:00-04:00,826.15,826.15,826.15,826.15,2
CAT,2026-10-01 18:35:00-04:00,826.11,826.11,826.01,826.01,4
CAT,2026-10-01 18:40:00-04:00,826.15,826.15,826.15,826.15,3
CAT,2026-10-01 18:45:00-04:00,826.15,826.15,826.15,826.15,0
CAT,2026-10-01 18:50:00-04:00,826.15,826.15,826.15,826.15,0
CAT,2026-10-01 18:55:00-04:00,826.15,826.15,826.15,826.15,5
CAT,2026-10-01 19:00:00-04:00,826.15,826.15,826.15,826.15,0
CAT,2026-10-01 19:05:00-04:00,826.15,826.15,826.15,826.15,10
CAT,2026-10-01 19:10:00-04:00,826.15,826.15,826.15,826.15,0
CAT,2026-10-01 19:15:00-04:00,826.15,826.15,826.15,826.15,0
CAT,2026-10-01 19:20:00-04:00,826.15,826.15,826.15,826.15,1
CAT,2026-10-01 19:25:00-04:00,826.15,826.15,826.15,826.15,0
CAT,2026-10-01 19:30:00-04:00,826.15,826.15,826.15,826.15,0
CAT,2026-10-01 19:35:00-04:00,826.15,826.15,826.15,826.15,0
CAT,2026-10-01 19:40:00-04:00,826.15,826.15,826.15,826.15,0
CAT,2026-10-01 19:45:00-04:00,826.15,826.15,826.15,826.15,0
CAT,2026-10-01 19:50:00-04:00,826.15,826.15,826.15,826.15,0
CAT,2026-10-01 19:55:00-04:00,826.15,826.15,826.15,826.15,0
CAT,2026-10-02 04:00:00-04:00,831.45,831.45,827.89,830.01,25
CAT,2026-10-02 04:05:00-04:00,829.0,829.0,829.0,829.0,2
CAT,2026-10-02 04:10:00-04:00,829.0,829.0,829.0,829.0,0
CAT,2026-10-02 04:15:00-04:00,829.0,829.0,829.0,829.0,0
CAT,2026-10-02 04:20:00-04:00,829.0,829.0,829.0,829.0,0
CAT,2026-10-02 04:25:00-04:00,832.5,832.5,832.5,832.5,1
CAT,2026-10-02 04:30:00-04:00,832.5,832.5,832.5,832.5,0
CAT,2026-10-02 04:35:00-04:00,832.5,832.5,832.5,832.5,0
CAT,2026-10-02 04:40:00-04:00,832.5,832.5,832.5,832.5,0
CAT,2026-10-02 04:45:00-04:00,832.5,832.5,832.5,832.5,0
CAT,2026-10-02 04:50:00-04:00,834.0,834.0,834.0,834.0,2
CAT,2026-10-02 04:55:00-04:00,834.0,834.0,834.0,834.0,0
CAT,2026-10-02 05:00:00-04:00,834.0,834.0,834.0,834.0,0
CAT,2026-10-02 05:05:00-04:00,834.0,834.0,834.0,834.0,0
CAT,2026-10-02 05:10:00-04:00,834.0,834.0,834.0,834.0,0
CAT,2026-10-02 05:15:00-04:00,834.0,834.0,834.0,834.0,0
CAT,2026-10-02 05:20:00-04:00,834.0,834.0,834.0,834.0,0
CAT,2026-10-02 05:25:00-04:00,834.46,835.0,834.45,835.0,5
CAT,2026-10-02 05:30:00-04:00,835.0,835.0,835.0,835.0,0
CAT,2026-10-02 05:35:00-04:00,835.95,837.99,835.95,837.91,21
CAT,2026-10-02 05:40:00-04:00,836.59,836.59,836.59,836.59,3
CAT,2026-10-02 05:45:00-04:00,836.59,836.59,836.59,836.59,0
CAT,2026-10-02 05:50:00-04:00,836.59,836.59,836.59,836.59,0
CAT,2026-10-02 05:55:00-04:00,836.59,836.59,836.59,836.59,0
CAT,2026-10-02 06:00:00-04:00,836.59,836.59,836.59,836.59,0
CAT,2026-10-02 06:05:00-04:00,836.59,836.59,836.59,836.59,0
CAT,2026-10-02 06:10:00-04:00,836.59,836.59,836.59,836.59,0
CAT,2026-10-02 06:15:00-04:00,836.59,836.59,836.59,836.59,0
CAT,2026-10-02 06:20:00-04:00,836.59,836.59,836.59,836.59,0
CAT,2026-10-02 06:25:00-04:00,836.59,836.59,836.59,836.59,0
CAT,2026-10-02 06:30:00-04:00,831.2,831.2,829.0,830.0,102
CAT,2026-10-02 06:35:00-04:00,826.64,826.64,826.64,826.64,3
CAT,2026-10-02 06:40:00-04:00,826.64,826.64,826.64,826.64,0
CAT,2026-10-02 06:45:00-04:00,826.64,826.64,826.64,826.64,0
CAT,2026-10-02 06:50:00-04:00,826.64,826.64,826.64,826.64,0
CAT,2026-10-02 06:55:00-04:00,831.26,831.26,831.0,831.0,44
CAT,2026-10-02 07:00:00-04:00,831.0,831.0,831.0,831.0,0
CAT,2026-10-02 07:05:00-04:00,831.0,831.0,831.0,831.0,0
CAT,2026-10-02 07:10:00-04:00,834.21,834.21,834.21,834.21,2
CAT,2026-10-02 07:15:00-04:00,834.21,834.21,834.21,834.21,0
CAT,2026-10-02 07:20:00-04:00,834.21,834.21,834.21,834.21,0
CAT,2026-10-02 07:25:00-04:00,833.0,833.0,833.0,833.0,1
CAT,2026-10-02 07:30:00-04:00,833.0,833.0,833.0,833.0,0
CAT,2026-10-02 07:35:00-04:00,833.0,833.0,833.0,833.0,0
CAT,2026-10-02 07:40:00-04:00,833.0,833.0,833.0,833.0,0
CAT,2026-10-02 07:45:00-04:00,833.0,833.0,833.0,833.0,0
CAT,2026-10-02 07:50:00-04:00,832.0,832.0,832.0,832.0,1
CAT,2026-10-02 07:55:00-04:00,831.0,831.0,831.0,831.0,1
CAT,2026-10-02 08:00:00-04:00,832.0,832.0,832.0,832.0,1
CAT,2026-10-02 08:05:00-04:00,832.0,832.0,832.0,832.0,0
CAT,2026-10-02 08:10:00-04:00,832.0,832.0,832.0,832.0,0
CAT,2026-10-02 08:15:00-04:00,832.0,832.0,832.0,832.0,0
CAT,2026-10-02 08:20:00-04:00,831.0,831.0,831.0,831.0,1
CAT,2026-10-02 08:25:00-04:00,831.0,831.0,831.0,831.0,0
CAT,2026-10-02 08:30:00-04:00,833.99,838.88,833.99,838.88,27
CAT,2026-10-02 08:35:00-04:00,838.88,840.05,838.0,840.05,39
CAT,2026-10-02 08:40:00-04:00,839.75,839.75,839.75,839.75,2
CAT,2026-10-02 08:45:00-04:00,839.5,839.5,839.5,839.5,1
CAT,2026-10-02 08:50:00-04:00,840.0,840.0,840.0,840.0,2
CAT,2026-10-02 08:55:00-04:00,841.0,842.0,841.0,842.0,108
CAT,2026-10-02 09:00:00-04:00,842.0,842.0,842.0,842.0,1
CAT,2026-10-02 09:05:00-04:00,842.0,842.0,840.66,840.66,3
CAT,2026-10-02 09:10:00-04:00,841.01,841.01,839.91,839.91,7
CAT,2026-10-02 09:15:00-04:00,839.95,840.15,839.95,839.95,5
FSLR,2026-09-30 07:00:00-04:00,176.95,176.95,176.95,176.95,1
FSLR,2026-09-30 07:05:00-04:00,176.07,176.15,176.06,176.06,3
FSLR,2026-09-30 07:10:00-04:00,176.06,176.06,176.06,176.06,1
FSLR,2026-09-30 07:15:00-04:00,176.06,176.06,176.06,176.06,0
FSLR,2026-09-30 07:20:00-04:00,176.06,176.06,176.06,176.06,0
FSLR,2026-09-30 07:25:00-04:00,176.06,176.06,176.06,176.06,0
FSLR,2026-09-30 07:30:00-04:00,176.5,176.5,176.5,176.5,3
FSLR,2026-09-30 07:35:00-04:00,176.5,176.5,176.5,176.5,0
FSLR,2026-09-30 07:40:00-04:00,176.5,176.5,176.5,176.5,0
FSLR,2026-09-30 07:45:00-04:00,176.5,176.5,176.5,176.5,0
FSLR,2026-09-30 07:50:00-04:00,176.5,176.5,176.5,176.5,0
FSLR,2026-09-30 07:55:00-04:00,176.48,176.48,176.48,176.48,2
FSLR,2026-09-30 08:00:00-04:00,176.48,176.48,176.48,176.48,0
FSLR,2026-09-30 08:05:00-04:00,176.5,176.5,176.5,176.5,1
FSLR,2026-09-30 08:10:00-04:00,176.5,176.5,176.5,176.5,0
FSLR,2026-09-30 08:15:00-04:00,176.5,176.5,176.5,176.5,0
FSLR,2026-09-30 08:20:00-04:00,176.5,176.5,176.5,176.5,0
FSLR,2026-09-30 08:25:00-04:00,176.22,176.23,176.22,176.22,1
FSLR,2026-09-30 08:30:00-04:00,177.01,177.01,177.01,177.01,1
FSLR,2026-09-30 08:35:00-04:00,177.01,177.01,177.01,177.01,0
FSLR,2026-09-30 08:40:00-04:00,177.88,178.6,177.88,178.6,15
FSLR,2026-09-30 08:45:00-04:00,178.6,178.6,178.6,178.6,0
FSLR,2026-09-30 08:50:00-04:00,178.6,178.6,178.6,178.6,0
FSLR,2026-09-30 08:55:00-04:00,179.0,179.0,178.4,178.4,3
FSLR,2026-09-30 09:00:00-04:00,178.7,178.71,178.7,178.71,2
FSLR,2026-09-30 09:05:00-04:00,178.71,178.71,178.71,178.71,0
FSLR,2026-09-30 09:10:00-04:00,178.4,178.4,178.4,178.4,1
FSLR,2026-09-30 09:15:00-04:00,178.2,178.64,178.2,178.63,4
FSLR,2026-09-30 09:20:00-04:00,178.63,178.63,178.63,178.63,0
FSLR,2026-09-30 09:25:00-04:00,178.6,178.99,178.6,178.99,3
FSLR,2026-09-30 09:30:00-04:00,178.5,178.5,176.68,176.84,276
FSLR,2026-09-30 09:35:00-04:00,176.69,176.84,174.83,175.15,129
FSLR,2026-09-30 09:40:00-04:00,175.03,175.46,174.82,175.23,64
FSLR,2026-09-30 09:45:00-04:00,175.28,175.91,175.15,175.64,51
FSLR,2026-09-30 09:50:00-04:00,175.43,175.58,175.02,175.21,57
FSLR,2026-09-30 09:55:00-04:00,175.31,176.18,175.13,176.17,43
FSLR,2026-09-30 10:00:00-04:00,176.23,177.79,176.17,177.79,104
FSLR,2026-09-30 10:05:00-04:00,177.78,178.25,177.28,178.15,63
FSLR,2026-09-30 10:10:00-04:00,178.01,178.68,177.82,178.32,152
FSLR,2026-09-30 10:15:00-04:00,178.25,178.47,177.5,177.78,193
FSLR,2026-09-30 10:20:00-04:00,177.85,178.01,177.09,177.61,63
FSLR,2026-09-30 10:25:00-04:00,177.32,177.6,177.22,177.6,67
FSLR,2026-09-30 10:30:00-04:00,177.44,177.64,177.35,177.53,43
FSLR,2026-09-30 10:35:00-04:00,177.63,178.16,177.52,178.16,28
FSLR,2026-09-30 10:40:00-04:00,177.92,178.04,177.58,177.8,22
FSLR,2026-09-30 10:45:00-04:00,177.67,177.67,176.92,177.36,57
FSLR,2026-09-30 10:50:00-04:00,176.94,177.46,176.68,177.26,35
FSLR,2026-09-30 10:55:00-04:00,177.2,177.32,176.84,176.85,23
FSLR,2026-09-30 11:00:00-04:00,176.85,176.88,176.39,176.87,40
FSLR,2026-09-30 11:05:00-04:00,176.97,177.38,176.31,177.31,77
FSLR,2026-09-30 11:10:00-04:00,177.38,177.86,177.11,177.75,54
FSLR,2026-09-30 11:15:00-04:00,177.92,177.97,177.67,177.87,47
FSLR,2026-09-30 11:20:00-04:00,177.9,177.9,175.3,175.3,289
FSLR,2026-09-30 11:25:00-04:00,175.62,175.77,175.6,175.63,32
FSLR,2026-09-30 11:30:00-04:00,175.65,176.1,175.51,175.51,159
FSLR,2026-09-30 11:35:00-04:00,175.59,176.06,175.59,175.81,105
FSLR,2026-09-30 11:40:00-04:00,175.97,176.11,175.77,175.78,48
FSLR,2026-09-30 11:45:00-04:00,175.74,176.13,175.43,176.13,66
FSLR,2026-09-30 11:50:00-04:00,176.03,176.12,175.88,175.95,22
FSLR,2026-09-30 11:55:00-04:00,175.94,176.0,175.74,175.86,19
FSLR,2026-09-30 12:00:00-04:00,175.76,176.28,175.75,176.03,48
FSLR,2026-09-30 12:05:00-04:00,176.04,176.26,176.02,176.18,33
FSLR,2026-09-30 12:10:00-04:00,176.04,177.31,175.97,176.92,90
FSLR,2026-09-30 12:15:00-04:00,176.79,176.79,176.24,176.7,83
FSLR,2026-09-30 12:20:00-04:00,176.79,177.35,176.36,176.92,89
FSLR,2026-09-30 12:25:00-04:00,176.92,177.5,176.65,177.44,79
FSLR,2026-09-30 12:30:00-04:00,177.64,177.84,177.13,177.58,454
FSLR,2026-09-30 12:35:00-04:00,177.58,177.99,177.0,177.06,150
FSLR,2026-09-30 12:40:00-04:00,177.1,177.38,176.58,177.38,84
FSLR,2026-09-30 12:45:00-04:00,177.16,177.5,176.9,177.26,59
FSLR,2026-09-30 12:50:00-04:00,177.22,177.33,176.94,177.06,42
FSLR,2026-09-30 12:55:00-04:00,177.06,177.06,176.51,176.87,78
FSLR,2026-09-30 13:00:00-04:00,176.69,176.81,176.35,176.62,61
FSLR,2026-09-30 13:05:00-04:00,176.43,177.27,176.27,176.79,99
FSLR,2026-09-30 13:10:00-04:00,176.74,177.02,176.11,176.14,62
FSLR,2026-09-30 13:15:00-04:00,176.14,176.39,175.54,176.15,135
FSLR,2026-09-30 13:20:00-04:00,176.11,176.19,175.7,175.7,99
FSLR,2026-09-30 13:25:00-04:00,175.93,176.0,175.37,176.0,54
FSLR,2026-09-30 13:30:00-04:00,175.97,176.33,175.97,176.33,15
FSLR,2026-09-30 13:35:00-04:00,176.24,176.63,176.2,176.43,16
FSLR,2026-09-30 13:40:00-04:00,176.58,176.91,176.2,176.79,100
FSLR,2026-09-30 13:45:00-04:00,176.8,177.44,176.61,177.16,100
FSLR,2026-09-30 13:50:00-04:00,177.17,177.43,176.9,176.99,108
FSLR,2026-09-30 13:55:00-04:00,176.83,177.97,176.64,177.21,167
FSLR,2026-09-30 14:00:00-04:00,177.27,177.58,176.57,176.76,431
FSLR,2026-09-30 14:05:00-04:00,176.68,177.32,176.61,177.32,180
FSLR,2026-09-30 14:10:00-04:00,177.11,177.92,176.97,177.37,361
FSLR,2026-09-30 14:15:00-04:00,177.25,177.43,175.67,176.04,355
FSLR,2026-09-30 14:20:00-04:00,176.31,176.4,175.85,176.27,155
FSLR,2026-09-30 14:25:00-04:00,176.18,176.4,175.49,175.51,277
FSLR,2026-09-30 14:30:00-04:00,175.51,175.88,175.38,175.88,39
FSLR,2026-09-30 14:35:00-04:00,175.88,176.26,175.6,176.25,250
FSLR,2026-09-30 14:40:00-04:00,176.25,177.22,176.16,177.0,166
FSLR,2026-09-30 14:45:00-04:00,177.19,177.31,176.86,177.09,141
FSLR,2026-09-30 14:50:00-04:00,176.98,177.26,176.69,176.93,95
FSLR,2026-09-30 14:55:00-04:00,176.85,177.0,175.53,176.09,489
FSLR,2026-09-30 15:00:00-04:00,176.28,176.54,175.75,175.82,341
FSLR,2026-09-30 15:05:00-04:00,176.13,176.26,175.67,175.84,45
FSLR,2026-09-30 15:10:00-04:00,175.88,176.0,175.68,175.84,86
FSLR,2026-09-30 15:15:00-04:00,175.93,175.96,175.64,175.68,97
FSLR,2026-09-30 15:20:00-04:00,175.68,175.68,175.28,175.42,57
FSLR,2026-09-30 15:25:00-04:00,175.39,175.71,175.27,175.57,82
FSLR,2026-09-30 15:30:00-04:00,175.57,175.84,175.32,175.65,91
FSLR,2026-09-30 15:35:00-04:00,175.76,175.9,175.55,175.81,85
FSLR,2026-09-30 15:40:00-04:00,175.81,176.26,175.79,176.11,125
FSLR,2026-09-30 15:45:00-04:00,176.11,176.25,175.78,175.79,72
FSLR,2026-09-30 15:50:00-04:00,175.56,175.83,175.3,175.4,239
FSLR,2026-09-30 15:55:00-04:00,175.53,175.77,175.05,175.16,1295
FSLR,2026-09-30 16:00:00-04:00,175.16,175.44,175.16,175.44,2734
FSLR,2026-09-30 16:05:00-04:00,175.44,175.44,175.44,175.44,0
FSLR,2026-09-30 16:10:00-04:00,175.44,175.44,175.44,175.44,0
FSLR,2026-09-30 16:15:00-04:00,175.44,175.44,175.44,175.44,0
FSLR,2026-09-30 16:20:00-04:00,175.44,175.44,175.44,175.44,0
FSLR,2026-09-30 16:25:00-04:00,175.16,175.16,175.16,175.16,132
FSLR,2026-09-30 16:30:00-04:00,175.16,175.16,175.16,175.16,0
FSLR,2026-09-30 16:35:00-04:00,175.16,175.16,175.16,175.16,0
FSLR,2026-09-30 16:40:00-04:00,175.24,175.24,175.23,175.24,1
FSLR,2026-09-30 16:45:00-04:00,175.24,175.24,175.24,175.24,0
FSLR,2026-09-30 16:50:00-04:00,175.24,175.24,175.24,175.24,0
FSLR,2026-09-30 16:55:00-04:00,175.51,175.6,175.51,175.6,2
FSLR,2026-09-30 17:00:00-04:00,175.15,175.15,175.15,175.15,1
FSLR,2026-09-30 17:05:00-04:00,175.15,175.15,175.15,175.15,0
FSLR,2026-09-30 17:10:00-04:00,175.15,175.15,175.15,175.15,0
FSLR,2026-09-30 17:15:00-04:00,175.15,175.15,175.15,175.15,0
FSLR,2026-09-30 17:20:00-04:00,175.15,175.15,175.15,175.15,0
FSLR,2026-09-30 17:25:00-04:00,175.15,175.15,175.15,175.15,0
FSLR,2026-09-30 17:30:00-04:00,175.15,175.15,175.15,175.15,0
FSLR,2026-09-30 17:35:00-04:00,175.15,175.15,175.15,175.15,0
FSLR,2026-09-30 17:40:00-04:00,175.15,175.15,175.15,175.15,0
FSLR,2026-09-30 17:45:00-04:00,175.4,175.4,175.4,175.4,3
FSLR,2026-09-30 17:50:00-04:00,175.35,175.35,175.35,175.35,1
FSLR,2026-09-30 17:55:00-04:00,175.35,175.35,175.35,175.35,0
FSLR,2026-09-30 18:00:00-04:00,175.3,175.3,175.3,175.3,1
FSLR,2026-09-30 18:05:00-04:00,175.4,175.4,175.4,175.4,1
FSLR,2026-09-30 18:10:00-04:00,175.4,175.4,175.4,175.4,0
FSLR,2026-09-30 18:15:00-04:00,175.4,175.4,175.4,175.4,0
FSLR,2026-09-30 18:20:00-04:00,175.4,175.4,175.4,175.4,0
FSLR,2026-09-30 18:25:00-04:00,175.4,175.4,175.4,175.4,0
FSLR,2026-09-30 18:30:00-04:00,175.4,175.4,175.4,175.4,0
FSLR,2026-09-30 18:35:00-04:00,175.4,175.4,175.4,175.4,0
FSLR,2026-09-30 18:40:00-04:00,175.4,175.4,175.4,175.4,0
FSLR,2026-09-30 18:45:00-04:00,175.4,175.4,175.4,175.4,0
FSLR,2026-09-30 18:50:00-04:00,175.4,175.4,175.4,175.4,0
FSLR,2026-09-30 18:55:00-04:00,175.4,175.4,175.4,175.4,0
FSLR,2026-09-30 19:00:00-04:00,175.4,175.4,175.4,175.4,0
FSLR,2026-09-30 19:05:00-04:00,175.4,175.4,175.4,175.4,0
FSLR,2026-09-30 19:10:00-04:00,175.4,175.4,175.4,175.4,0
FSLR,2026-09-30 19:15:00-04:00,175.4,175.4,175.4,175.4,0
FSLR,2026-09-30 19:20:00-04:00,175.4,175.4,175.4,175.4,0
FSLR,2026-09-30 19:25:00-04:00,175.4,175.4,175.4,175.4,0
FSLR,2026-09-30 19:30:00-04:00,175.4,175.4,175.4,175.4,0
FSLR,2026-09-30 19:35:00-04:00,175.4,175.4,175.4,175.4,0
FSLR,2026-09-30 19:40:00-04:00,175.4,175.4,175.4,175.4,0
FSLR,2026-09-30 19:45:00-04:00,175.11,175.12,175.11,175.11,2
FSLR,2026-09-30 19:50:00-04:00,175.11,175.11,175.11,175.11,0
FSLR,2026-09-30 19:55:00-04:00,175.11,175.12,175.11,175.11,0
FSLR,2026-10-01 04:00:00-04:00,177.11,177.11,177.1,177.11,12
FSLR,2026-10-01 04:05:00-04:00,177.11,177.11,177.11,177.11,0
FSLR,2026-10-01 04:10:00-04:00,176.04,176.04,176.04,176.04,1
FSLR,2026-10-01 04:15:00-04:00,175.99,175.99,175.99,175.99,1
FSLR,2026-10-01 04:20:00-04:00,175.99,175.99,175.99,175.99,0
FSLR,2026-10-01 04:25:00-04:00,175.99,175.99,175.99,175.99,0
FSLR,2026-10-01 04:30:00-04:00,175.99,175.99,175.99,175.99,0
FSLR,2026-10-01 04:35:00-04:00,175.99,175.99,175.99,175.99,0
FSLR,2026-10-01 04:40:00-04:00,175.98,175.99,175.98,175.99,3
FSLR,2026-10-01 04:45:00-04:00,175.99,175.99,175.99,175.99,0
FSLR,2026-10-01 04:50:00-04:00,175.99,175.99,175.99,175.99,0
FSLR,2026-10-01 04:55:00-04:00,175.99,175.99,175.99,175.99,0
FSLR,2026-10-01 05:00:00-04:00,176.0,176.0,176.0,176.0,3
FSLR,2026-10-01 05:05:00-04:00,176.0,176.0,176.0,176.0,0
FSLR,2026-10-01 05:10:00-04:00,176.0,176.0,176.0,176.0,0
FSLR,2026-10-01 05:15:00-04:00,176.0,176.0,176.0,176.0,0
FSLR,2026-10-01 05:20:00-04:00,176.0,176.0,176.0,176.0,0
FSLR,2026-10-01 05:25:00-04:00,176.28,176.28,176.28,176.28,1
FSLR,2026-10-01 05:30:00-04:00,176.28,176.28,176.28,176.28,0
FSLR,2026-10-01 05:35:00-04:00,176.28,176.28,176.28,176.28,0
FSLR,2026-10-01 05:40:00-04:00,176.28,176.28,176.28,176.28,0
FSLR,2026-10-01 05:45:00-04:00,176.28,176.28,176.28,176.28,0
FSLR,2026-10-01 05:50:00-04:00,176.28,176.28,176.28,176.28,0
FSLR,2026-10-01 05:55:00-04:00,176.28,176.28,176.28,176.28,0
FSLR,2026-10-01 06:00:00-04:00,176.28,176.28,176.28,176.28,0
FSLR,2026-10-01 06:05:00-04:00,176.28,176.28,176.28,176.28,0
FSLR,2026-10-01 06:10:00-04:00,176.28,176.28,176.28,176.28,0
FSLR,2026-10-01 06:15:00-04:00,176.28,176.28,176.28,176.28,0
FSLR,2026-10-01 06:20:00-04:00,176.28,176.28,176.28,176.28,0
FSLR,2026-10-01 06:25:00-04:00,176.28,176.28,176.28,176.28,0
FSLR,2026-10-01 06:30:00-04:00,176.28,176.28,176.28,176.28,0
FSLR,2026-10-01 06:35:00-04:00,176.28,176.28,176.28,176.28,0
FSLR,2026-10-01 06:40:00-04:00,176.28,176.28,176.28,176.28,0
FSLR,2026-10-01 06:45:00-04:00,176.28,176.28,176.28,176.28,0
FSLR,2026-10-01 06:50:00-04:00,176.28,176.28,176.28,176.28,0
FSLR,2026-10-01 06:55:00-04:00,176.28,176.28,176.28,176.28,0
FSLR,2026-10-01 07:00:00-04:00,176.28,176.28,176.28,176.28,0
FSLR,2026-10-01 07:05:00-04:00,176.28,176.28,176.28,176.28,0
FSLR,2026-10-01 07:10:00-04:00,176.28,176.28,176.28,176.28,0
FSLR,2026-10-01 07:15:00-04:00,176.15,176.15,176.15,176.15,1
FSLR,2026-10-01 07:20:00-04:00,176.15,176.15,176.15,176.15,0
FSLR,2026-10-01 07:25:00-04:00,176.15,176.15,176.15,176.15,0
FSLR,2026-10-01 07:30:00-04:00,175.62,175.62,175.62,175.62,4
FSLR,2026-10-01 07:35:00-04:00,175.62,175.62,175.62,175.62,0
FSLR,2026-10-01 07:40:00-04:00,175.62,175.62,175.62,175.62,0
FSLR,2026-10-01 07:45:00-04:00,175.62,175.62,175.62,175.62,0
FSLR,2026-10-01 07:50:00-04:00,175.62,175.62,175.62,175.62,0
FSLR,2026-10-01 07:55:00-04:00,175.62,175.62,175.62,175.62,0
FSLR,2026-10-01 08:00:00-04:00,175.62,175.62,175.62,175.62,0
FSLR,2026-10-01 08:05:00-04:00,175.62,175.62,175.62,175.62,0
FSLR,2026-10-01 08:10:00-04:00,175.62,175.62,175.62,175.62,0
FSLR,2026-10-01 08:15:00-04:00,176.0,176.0,176.0,176.0,1
FSLR,2026-10-01 08:20:00-04:00,176.0,176.0,176.0,176.0,0
FSLR,2026-10-01 08:25:00-04:00,176.0,176.0,176.0,176.0,0
FSLR,2026-10-01 08:30:00-04:00,176.0,176.0,176.0,176.0,0
FSLR,2026-10-01 08:35:00-04:00,176.0,176.0,176.0,176.0,0
FSLR,2026-10-01 08:40:00-04:00,176.0,176.0,176.0,176.0,0
FSLR,2026-10-01 08:45:00-04:00,176.0,176.0,176.0,176.0,0
FSLR,2026-10-01 08:50:00-04:00,176.0,176.0,176.0,176.0,0
FSLR,2026-10-01 08:55:00-04:00,176.0,176.0,176.0,176.0,0
FSLR,2026-10-01 09:00:00-04:00,175.6,175.6,175.6,175.6,1
FSLR,2026-10-01 09:05:00-04:00,175.6,175.6,175.6,175.6,0
FSLR,2026-10-01 09:10:00-04:00,175.6,175.6,175.6,175.6,0
FSLR,2026-10-01 09:15:00-04:00,175.6,175.6,175.5,175.5,6
FSLR,2026-10-01 09:20:00-04:00,176.0,176.0,176.0,176.0,1
FSLR,2026-10-01 09:25:00-04:00,175.5,175.72,175.0,175.72,9
FSLR,2026-10-01 09:30:00-04:00,174.5,174.58,172.8,172.9,431
FSLR,2026-10-01 09:35:00-04:00,172.55,173.8,172.39,172.95,134
FSLR,2026-10-01 09:40:00-04:00,172.92,172.92,171.29,171.43,207
FSLR,2026-10-01 09:45:00-04:00,171.56,171.95,170.87,170.87,341
FSLR,2026-10-01 09:50:00-04:00,170.88,171.16,169.84,170.02,373
FSLR,2026-10-01 09:55:00-04:00,170.21,170.52,169.35,169.47,304
FSLR,2026-10-01 10:00:00-04:00,169.65,169.65,168.6,169.65,409
FSLR,2026-10-01 10:05:00-04:00,169.55,170.2,168.94,169.83,441
FSLR,2026-10-01 10:10:00-04:00,169.9,170.25,169.77,170.06,111
FSLR,2026-10-01 10:15:00-04:00,170.06,170.31,169.5,169.59,78
FSLR,2026-10-01 10:20:00-04:00,169.59,169.82,168.81,168.85,162
FSLR,2026-10-01 10:25:00-04:00,168.87,170.39,168.76,170.24,149
FSLR,2026-10-01 10:30:00-04:00,170.09,170.45,169.85,170.33,206
FSLR,2026-10-01 10:35:00-04:00,170.34,170.61,170.03,170.48,103
FSLR,2026-10-01 10:40:00-04:00,170.42,170.51,170.05,170.51,126
FSLR,2026-10-01 10:45:00-04:00,170.38,170.58,169.92,170.11,114
FSLR,2026-10-01 10:50:00-04:00,169.94,169.96,169.23,169.52,161
FSLR,2026-10-01 10:55:00-04:00,169.52,169.93,169.35,169.93,197
FSLR,2026-10-01 11:00:00-04:00,169.85,170.08,169.7,169.76,117
FSLR,2026-10-01 11:05:00-04:00,169.82,169.92,169.53,169.84,62
FSLR,2026-10-01 11:10:00-04:00,169.67,170.28,169.41,170.2,89
FSLR,2026-10-01 11:15:00-04:00,170.05,170.87,170.05,170.71,76
FSLR,2026-10-01 11:20:00-04:00,170.69,170.97,170.39,170.4,129
FSLR,2026-10-01 11:25:00-04:00,170.1,170.44,170.0,170.25,59
FSLR,2026-10-01 11:30:00-04:00,170.22,170.43,170.02,170.19,97
FSLR,2026-10-01 11:35:00-04:00,170.19,171.25,170.0,171.25,165
FSLR,2026-10-01 11:40:00-04:00,171.36,171.48,170.71,170.71,228
FSLR,2026-10-01 11:45:00-04:00,170.72,171.39,170.66,171.19,218
FSLR,2026-10-01 11:50:00-04:00,171.07,172.02,171.02,171.86,171
FSLR,2026-10-01 11:55:00-04:00,171.85,172.55,171.84,172.23,202
FSLR,2026-10-01 12:00:00-04:00,172.06,172.49,171.85,172.49,127
FSLR,2026-10-01 12:05:00-04:00,172.45,172.74,172.31,172.5,57
FSLR,2026-10-01 12:10:00-04:00,172.36,172.38,171.34,171.67,75
FSLR,2026-10-01 12:15:00-04:00,171.67,172.0,171.56,171.8,214
FSLR,2026-10-01 12:20:00-04:00,171.81,173.58,171.78,173.42,251
FSLR,2026-10-01 12:25:00-04:00,173.55,173.55,172.88,173.5,126
FSLR,2026-10-01 12:30:00-04:00,173.43,173.58,172.99,173.48,168
FSLR,2026-10-01 12:35:00-04:00,173.64,173.64,172.86,173.07,52
FSLR,2026-10-01 12:40:00-04:00,173.01,173.2,172.79,173.19,41
FSLR,2026-10-01 12:45:00-04:00,173.12,173.29,173.04,173.29,47
FSLR,2026-10-01 12:50:00-04:00,173.26,173.41,172.84,173.04,116
FSLR,2026-10-01 12:55:00-04:00,172.99,173.1,172.12,172.87,282
FSLR,2026-10-01 13:00:00-04:00,172.96,173.21,172.84,172.92,36
FSLR,2026-10-01 13:05:00-04:00,172.87,173.0,172.26,172.45,35
FSLR,2026-10-01 13:10:00-04:00,172.34,172.64,172.34,172.4,48
FSLR,2026-10-01 13:15:00-04:00,172.41,172.89,172.03,172.73,96
FSLR,2026-10-01 13:20:00-04:00,172.73,173.05,172.7,173.04,56
FSLR,2026-10-01 13:25:00-04:00,173.14,173.6,173.07,173.49,94
FSLR,2026-10-01 13:30:00-04:00,173.49,174.73,173.37,174.55,405
FSLR,2026-10-01 13:35:00-04:00,174.32,174.55,173.36,173.79,249
FSLR,2026-10-01 13:40:00-04:00,173.69,174.39,173.68,174.38,42
FSLR,2026-10-01 13:45:00-04:00,174.36,174.75,174.27,174.56,78
FSLR,2026-10-01 13:50:00-04:00,174.52,174.52,173.95,173.97,57
FSLR,2026-10-01 13:55:00-04:00,173.78,173.97,173.67,173.81,34
FSLR,2026-10-01 14:00:00-04:00,173.74,173.9,173.39,173.39,81
FSLR,2026-10-01 14:05:00-04:00,173.54,173.76,173.21,173.73,105
FSLR,2026-10-01 14:10:00-04:00,173.67,174.12,173.6,173.99,65
FSLR,2026-10-01 14:15:00-04:00,174.15,174.3,173.97,174.08,54
FSLR,2026-10-01 14:20:00-04:00,174.06,174.57,173.86,174.35,104
FSLR,2026-10-01 14:25:00-04:00,174.38,174.54,173.72,173.73,43
FSLR,2026-10-01 14:30:00-04:00,173.66,174.19,173.62,174.19,44
FSLR,2026-10-01 14:35:00-04:00,174.1,174.3,173.7,173.73,106
FSLR,2026-10-01 14:40:00-04:00,173.66,173.82,173.5,173.81,69
FSLR,2026-10-01 14:45:00-04:00,173.81,173.93,173.6,173.65,47
FSLR,2026-10-01 14:50:00-04:00,173.71,173.96,173.5,173.9,47
FSLR,2026-10-01 14:55:00-04:00,173.88,173.89,173.73,173.76,22
FSLR,2026-10-01 15:00:00-04:00,173.86,173.92,173.17,173.23,108
FSLR,2026-10-01 15:05:00-04:00,173.27,173.27,172.76,173.01,356
FSLR,2026-10-01 15:10:00-04:00,173.01,173.05,172.55,172.99,299
FSLR,2026-10-01 15:15:00-04:00,173.1,173.11,171.1,171.67,879
FSLR,2026-10-01 15:20:00-04:00,171.61,171.69,171.05,171.41,256
FSLR,2026-10-01 15:25:00-04:00,171.33,172.05,171.33,172.01,137
FSLR,2026-10-01 15:30:00-04:00,172.06,172.26,171.26,171.46,432
FSLR,2026-10-01 15:35:00-04:00,171.46,172.11,171.44,172.08,120
FSLR,2026-10-01 15:40:00-04:00,171.92,172.19,171.24,171.24,324
FSLR,2026-10-01 15:45:00-04:00,171.28,171.72,171.11,171.56,355
FSLR,2026-10-01 15:50:00-04:00,171.62,171.92,171.43,171.9,529
FSLR,2026-10-01 15:55:00-04:00,171.81,172.29,171.77,172.07,832
FSLR,2026-10-01 16:00:00-04:00,172.11,172.4,172.11,172.4,2631
FSLR,2026-10-01 16:05:00-04:00,174.63,174.63,174.57,174.57,3
FSLR,2026-10-01 16:10:00-04:00,174.57,174.57,174.57,174.57,0
FSLR,2026-10-01 16:15:00-04:00,172.7,172.7,172.7,172.7,1
FSLR,2026-10-01 16:20:00-04:00,172.7,172.7,172.7,172.7,0
FSLR,2026-10-01 16:25:00-04:00,172.7,172.7,172.7,172.7,0
FSLR,2026-10-01 16:30:00-04:00,172.65,172.65,172.65,172.65,10
FSLR,2026-10-01 16:35:00-04:00,172.65,172.65,172.65,172.65,0
FSLR,2026-10-01 16:40:00-04:00,172.65,172.65,172.65,172.65,0
FSLR,2026-10-01 16:45:00-04:00,172.65,172.65,172.65,172.65,0
FSLR,2026-10-01 16:50:00-04:00,172.65,172.65,172.65,172.65,0
FSLR,2026-10-01 16:55:00-04:00,172.65,172.65,172.65,172.65,0
FSLR,2026-10-01 17:00:00-04:00,172.65,172.65,172.65,172.65,0
FSLR,2026-10-01 17:05:00-04:00,172.65,172.65,172.65,172.65,0
FSLR,2026-10-01 17:10:00-04:00,172.65,172.65,172.65,172.65,0
FSLR,2026-10-01 17:15:00-04:00,172.65,172.65,172.65,172.65,0
FSLR,2026-10-01 17:20:00-04:00,172.65,172.65,172.65,172.65,0
FSLR,2026-10-01 17:25:00-04:00,172.65,172.65,172.65,172.65,0
FSLR,2026-10-01 17:30:00-04:00,172.65,172.65,172.65,172.65,0
FSLR,2026-10-01 17:35:00-04:00,172.65,172.65,172.65,172.65,0
FSLR,2026-10-01 17:40:00-04:00,172.65,172.65,172.65,172.65,0
FSLR,2026-10-01 17:45:00-04:00,172.65,172.65,172.65,172.65,0
FSLR,2026-10-01 17:50:00-04:00,172.65,172.65,172.65,172.65,0
FSLR,2026-10-01 17:55:00-04:00,172.65,172.65,172.65,172.65,0
FSLR,2026-10-01 18:00:00-04:00,172.65,172.65,172.65,172.65,0
FSLR,2026-10-01 18:05:00-04:00,172.65,172.65,172.65,172.65,0
FSLR,2026-10-01 18:10:00-04:00,172.65,172.65,172.65,172.65,0
FSLR,2026-10-01 18:15:00-04:00,172.65,172.65,172.65,172.65,0
FSLR,2026-10-01 18:20:00-04:00,172.65,172.65,172.65,172.65,0
FSLR,2026-10-01 18:25:00-04:00,172.65,172.65,172.65,172.65,0
FSLR,2026-10-01 18:30:00-04:00,172.65,172.65,172.65,172.65,0
FSLR,2026-10-01 18:35:00-04:00,172.65,172.65,172.65,172.65,0
FSLR,2026-10-01 18:40:00-04:00,172.65,172.65,172.65,172.65,0
FSLR,2026-10-01 18:45:00-04:00,172.65,172.65,172.65,172.65,0
FSLR,2026-10-01 18:50:00-04:00,172.65,172.65,172.65,172.65,0
FSLR,2026-10-01 18:55:00-04:00,172.65,172.65,172.65,172.65,0
FSLR,2026-10-01 19:00:00-04:00,172.65,172.65,172.65,172.65,0
FSLR,2026-10-01 19:05:00-04:00,172.65,172.65,172.65,172.65,0
FSLR,2026-10-01 19:10:00-04:00,172.65,172.65,172.65,172.65,0
FSLR,2026-10-01 19:15:00-04:00,172.65,172.65,172.65,172.65,0
FSLR,2026-10-01 19:20:00-04:00,172.65,172.65,172.65,172.65,0
FSLR,2026-10-01 19:25:00-04:00,172.65,172.65,172.65,172.65,0
FSLR,2026-10-01 19:30:00-04:00,172.6,172.6,172.6,172.6,1
FSLR,2026-10-01 19:35:00-04:00,172.6,172.6,172.6,172.6,0
FSLR,2026-10-01 19:40:00-04:00,172.49,172.49,172.49,172.49,2
FSLR,2026-10-01 19:45:00-04:00,172.71,172.71,172.71,172.71,1
FSLR,2026-10-01 19:50:00-04:00,172.71,172.71,172.71,172.71,0
FSLR,2026-10-01 19:55:00-04:00,172.68,172.68,172.67,172.68,1
FSLR,2026-10-02 04:00:00-04:00,173.21,173.21,173.21,173.21,1
FSLR,2026-10-02 04:05:00-04:00,173.21,173.21,173.21,173.21,0
FSLR,2026-10-02 04:10:00-04:00,173.21,173.21,173.21,173.21,0
FSLR,2026-10-02 04:15:00-04:00,173.21,173.21,173.21,173.21,0
FSLR,2026-10-02 04:20:00-04:00,173.21,173.21,173.21,173.21,0
FSLR,2026-10-02 04:25:00-04:00,173.21,173.21,173.21,173.21,0
FSLR,2026-10-02 04:30:00-04:00,173.21,173.21,173.21,173.21,0
FSLR,2026-10-02 04:35:00-04:00,173.21,173.21,173.21,173.21,0
FSLR,2026-10-02 04:40:00-04:00,173.21,173.21,173.21,173.21,0
FSLR,2026-10-02 04:45:00-04:00,173.21,173.21,173.21,173.21,0
FSLR,2026-10-02 04:50:00-04:00,173.21,173.21,173.21,173.21,0
FSLR,2026-10-02 04:55:00-04:00,173.21,173.21,173.21,173.21,0
FSLR,2026-10-02 05:00:00-04:00,173.21,173.21,173.21,173.21,0
FSLR,2026-10-02 05:05:00-04:00,173.21,173.21,173.21,173.21,0
FSLR,2026-10-02 05:10:00-04:00,173.21,173.21,173.21,173.21,0
FSLR,2026-10-02 05:15:00-04:00,173.21,173.21,173.21,173.21,0
FSLR,2026-10-02 05:20:00-04:00,173.21,173.21,173.21,173.21,0
FSLR,2026-10-02 05:25:00-04:00,173.21,173.21,173.21,173.21,0
FSLR,2026-10-02 05:30:00-04:00,173.21,173.21,173.21,173.21,0
FSLR,2026-10-02 05:35:00-04:00,173.21,173.21,173.21,173.21,0
FSLR,2026-10-02 05:40:00-04:00,173.21,173.21,173.21,173.21,0
FSLR,2026-10-02 05:45:00-04:00,173.21,173.21,173.21,173.21,0
FSLR,2026-10-02 05:50:00-04:00,173.21,173.21,173.21,173.21,0
FSLR,2026-10-02 05:55:00-04:00,173.21,173.21,173.21,173.21,0
FSLR,2026-10-02 06:00:00-04:00,173.21,173.21,173.21,173.21,0
FSLR,2026-10-02 06:05:00-04:00,173.21,173.21,173.21,173.21,0
FSLR,2026-10-02 06:10:00-04:00,173.21,173.21,173.21,173.21,0
FSLR,2026-10-02 06:15:00-04:00,173.21,173.21,173.21,173.21,0
FSLR,2026-10-02 06:20:00-04:00,173.21,173.21,173.21,173.21,0
FSLR,2026-10-02 06:25:00-04:00,173.5,173.7,173.5,173.69,6
FSLR,2026-10-02 06:30:00-04:00,173.69,173.69,173.69,173.69,0
FSLR,2026-10-02 06:35:00-04:00,173.69,173.69,173.69,173.69,0
FSLR,2026-10-02 06:40:00-04:00,173.69,173.69,173.69,173.69,0
FSLR,2026-10-02 06:45:00-04:00,173.69,173.69,173.69,173.69,0
FSLR,2026-10-02 06:50:00-04:00,173.69,173.69,173.69,173.69,0
FSLR,2026-10-02 06:55:00-04:00,173.69,173.69,173.69,173.69,0
FSLR,2026-10-02 07:00:00-04:00,173.55,173.55,173.55,173.55,1
FSLR,2026-10-02 07:05:00-04:00,173.55,173.55,173.55,173.55,0
FSLR,2026-10-02 07:10:00-04:00,173.55,173.55,173.55,173.55,0
FSLR,2026-10-02 07:15:00-04:00,173.55,173.55,173.55,173.55,0
FSLR,2026-10-02 07:20:00-04:00,173.55,173.55,173.55,173.55,0
FSLR,2026-10-02 07:25:00-04:00,173.71,173.71,173.71,173.71,2
FSLR,2026-10-02 07:30:00-04:00,173.71,173.71,173.71,173.71,0
FSLR,2026-10-02 07:35:00-04:00,173.71,173.71,173.71,173.71,0
FSLR,2026-10-02 07:40:00-04:00,173.71,173.71,173.71,173.71,0
FSLR,2026-10-02 07:45:00-04:00,174.12,174.3,174.12,174.3,3
FSLR,2026-10-02 07:50:00-04:00,174.3,174.3,174.3,174.3,0
FSLR,2026-10-02 07:55:00-04:00,174.3,174.3,174.3,174.3,0
FSLR,2026-10-02 08:00:00-04:00,173.5,173.7,173.5,173.7,18
FSLR,2026-10-02 08:05:00-04:00,173.7,173.7,173.7,173.7,0
FSLR,2026-10-02 08:10:00-04:00,173.65,174.28,173.65,174.28,2
FSLR,2026-10-02 08:15:00-04:00,173.6,173.6,173.56,173.56,2
FSLR,2026-10-02 08:20:00-04:00,173.56,173.56,173.56,173.56,0
FSLR,2026-10-02 08:25:00-04:00,173.45,173.45,173.45,173.45,1
FSLR,2026-10-02 08:30:00-04:00,174.48,175.49,174.0,175.45,44
FSLR,2026-10-02 08:35:00-04:00,176.0,176.49,176.0,176.49,2
FSLR,2026-10-02 08:40:00-04:00,175.0,175.5,175.0,175.5,17
FSLR,2026-10-02 08:45:00-04:00,175.99,175.99,174.75,174.75,3
FSLR,2026-10-02 08:50:00-04:00,174.46,174.46,174.46,174.46,1
FSLR,2026-10-02 08:55:00-04:00,174.46,174.46,174.46,174.46,0
FSLR,2026-10-02 09:00:00-04:00,175.34,175.34,175.34,175.34,6
FSLR,2026-10-02 09:05:00-04:00,175.01,175.05,174.9,175.05,10
FSLR,2026-10-02 09:10:00-04:00,175.05,175.05,175.05,175.05,0
FSLR,2026-10-02 09:15:00-04:00,175.1,175.5,175.0,175.0,17
INTC,2026-09-30 04:00:00-04:00,116.5,116.59,115.5,116.49,2147
INTC,2026-09-30 04:05:00-04:00,116.45,116.5,115.85,116.2,152
INTC,2026-09-30 04:10:00-04:00,116.22,116.29,116.02,116.05,84
INTC,2026-09-30 04:15:00-04:00,116.1,116.21,116.05,116.15,58
INTC,2026-09-30 04:20:00-04:00,116.14,116.18,116.02,116.05,64
INTC,2026-09-30 04:25:00-04:00,116.1,116.27,116.1,116.2,100
INTC,2026-09-30 04:30:00-04:00,116.19,116.2,116.05,116.12,49
INTC,2026-09-30 04:35:00-04:00,116.23,116.23,116.14,116.14,41
INTC,2026-09-30 04:40:00-04:00,116.15,116.15,115.86,115.86,112
INTC,2026-09-30 04:45:00-04:00,115.92,116.0,115.9,116.0,24
INTC,2026-09-30 04:50:00-04:00,116.0,116.0,115.9,115.9,36
INTC,2026-09-30 04:55:00-04:00,115.9,115.95,115.79,115.79,55
INTC,2026-09-30 05:00:00-04:00,115.77,115.89,115.73,115.88,42
INTC,2026-09-30 05:05:00-04:00,115.87,115.89,115.58,115.62,176
INTC,2026-09-30 05:10:00-04:00,115.65,115.9,115.61,115.9,82
INTC,2026-09-30 05:15:00-04:00,115.88,115.93,115.82,115.9,54
INTC,2026-09-30 05:20:00-04:00,115.85,115.9,115.75,115.85,37
INTC,2026-09-30 05:25:00-04:00,115.88,116.02,115.88,116.02,46
INTC,2026-09-30 05:30:00-04:00,116.0,116.11,115.94,116.06,125
INTC,2026-09-30 05:35:00-04:00,116.07,116.12,115.91,115.97,77
INTC,2026-09-30 05:40:00-04:00,115.98,116.03,115.91,115.91,100
INTC,2026-09-30 05:45:00-04:00,115.91,116.05,115.9,116.05,41
INTC,2026-09-30 05:50:00-04:00,116.03,116.1,116.02,116.08,45
INTC,2026-09-30 05:55:00-04:00,116.07,116.15,116.06,116.13,81
INTC,2026-09-30 06:00:00-04:00,116.16,116.16,115.99,116.0,72
INTC,2026-09-30 06:05:00-04:00,116.02,116.11,115.98,116.1,40
INTC,2026-09-30 06:10:00-04:00,116.11,116.11,115.89,115.89,77
INTC,2026-09-30 06:15:00-04:00,115.91,115.91,115.65,115.78,105
INTC,2026-09-30 06:20:00-04:00,115.82,115.9,115.79,115.86,50
INTC,2026-09-30 06:25:00-04:00,115.93,115.95,115.85,115.85,44
INTC,2026-09-30 06:30:00-04:00,115.9,115.97,115.88,115.97,16
INTC,2026-09-30 06:35:00-04:00,115.97,116.02,115.82,115.91,434
INTC,2026-09-30 06:40:00-04:00,115.95,116.03,115.92,115.97,31
INTC,2026-09-30 06:45:00-04:00,115.96,116.0,115.93,116.0,29
INTC,2026-09-30 06:50:00-04:00,115.99,116.0,115.94,115.98,62
INTC,2026-09-30 06:55:00-04:00,115.98,116.0,115.92,115.97,93
INTC,2026-09-30 07:00:00-04:00,115.96,116.0,115.6,115.68,384
INTC,2026-09-30 07:05:00-04:00,115.68,115.78,115.55,115.66,297
INTC,2026-09-30 07:10:00-04:00,115.63,115.7,115.45,115.54,406
INTC,2026-09-30 07:15:00-04:00,115.58,115.59,115.35,115.47,330
INTC,2026-09-30 07:20:00-04:00,115.48,115.9,115.42,115.74,278
INTC,2026-09-30 07:25:00-04:00,115.84,115.97,115.79,115.88,137
INTC,2026-09-30 07:30:00-04:00,115.92,116.1,115.84,116.07,171
INTC,2026-09-30 07:35:00-04:00,116.1,116.12,116.0,116.05,198
INTC,2026-09-30 07:40:00-04:00,116.09,116.09,115.84,115.99,202
INTC,2026-09-30 07:45:00-04:00,115.99,115.99,115.7,115.71,179
INTC,2026-09-30 07:50:00-04:00,115.7,115.75,115.66,115.74,171
INTC,2026-09-30 07:55:00-04:00,115.75,115.94,115.7,115.86,178
INTC,2026-09-30 08:00:00-04:00,115.93,115.96,115.57,115.69,251
INTC,2026-09-30 08:05:00-04:00,115.61,115.74,115.4,115.49,480
INTC,2026-09-30 08:10:00-04:00,115.48,115.71,115.42,115.7,280
INTC,2026-09-30 08:15:00-04:00,115.7,115.7,115.13,115.33,572
INTC,2026-09-30 08:20:00-04:00,115.38,115.55,115.26,115.54,469
INTC,2026-09-30 08:25:00-04:00,115.54,115.76,115.5,115.75,372
INTC,2026-09-30 08:30:00-04:00,115.75,116.75,115.74,116.59,1701
INTC,2026-09-30 08:35:00-04:00,116.6,116.6,116.08,116.32,659
INTC,2026-09-30 08:40:00-04:00,116.35,116.51,116.33,116.34,547
INTC,2026-09-30 08:45:00-04:00,116.4,116.54,116.09,116.28,486
INTC,2026-09-30 08:50:00-04:00,116.24,116.71,116.2,116.7,422
INTC,2026-09-30 08:55:00-04:00,116.66,116.73,116.54,116.63,562
INTC,2026-09-30 09:00:00-04:00,116.63,117.06,116.62,117.01,1340
INTC,2026-09-30 09:05:00-04:00,117.07,117.37,116.98,117.21,999
INTC,2026-09-30 09:10:00-04:00,117.18,117.36,117.06,117.22,971
INTC,2026-09-30 09:15:00-04:00,117.27,117.27,116.85,116.9,1402
INTC,2026-09-30 09:20:00-04:00,116.89,117.2,116.84,117.16,1284
INTC,2026-09-30 09:25:00-04:00,117.18,117.84,116.12,116.3,2735
INTC,2026-09-30 09:30:00-04:00,116.22,120.08,115.99,119.52,54401
INTC,2026-09-30 09:35:00-04:00,119.52,120.41,118.65,119.56,33857
INTC,2026-09-30 09:40:00-04:00,119.56,119.95,118.51,119.28,22450
INTC,2026-09-30 09:45:00-04:00,119.29,119.32,117.15,117.72,19532
INTC,2026-09-30 09:50:00-04:00,117.72,118.3,117.51,117.7,15014
INTC,2026-09-30 09:55:00-04:00,117.7,118.84,117.68,118.8,11798
INTC,2026-09-30 10:00:00-04:00,118.81,119.24,118.63,118.74,16189
INTC,2026-09-30 10:05:00-04:00,118.73,119.18,118.4,118.72,11124
INTC,2026-09-30 10:10:00-04:00,118.72,118.87,117.92,118.35,9079
INTC,2026-09-30 10:15:00-04:00,118.35,118.95,118.01,118.94,10732
INTC,2026-09-30 10:20:00-04:00,118.92,119.29,118.23,118.55,12414
INTC,2026-09-30 10:25:00-04:00,118.55,118.85,118.23,118.83,6950
INTC,2026-09-30 10:30:00-04:00,118.83,118.95,118.2,118.37,9430
INTC,2026-09-30 10:35:00-04:00,118.38,118.97,118.31,118.65,9147
INTC,2026-09-30 10:40:00-04:00,118.65,118.74,118.05,118.27,7758
INTC,2026-09-30 10:45:00-04:00,118.26,118.83,118.18,118.68,6903
INTC,2026-09-30 10:50:00-04:00,118.66,118.84,118.31,118.56,6786
INTC,2026-09-30 10:55:00-04:00,118.55,119.14,118.51,118.78,8171
INTC,2026-09-30 11:00:00-04:00,118.78,118.93,118.41,118.55,4800
INTC,2026-09-30 11:05:00-04:00,118.6,118.97,118.5,118.74,5123
INTC,2026-09-30 11:10:00-04:00,118.73,118.74,118.2,118.28,6269
INTC,2026-09-30 11:15:00-04:00,118.26,118.43,118.1,118.25,5256
INTC,2026-09-30 11:20:00-04:00,118.24,118.58,118.21,118.58,5131
INTC,2026-09-30 11:25:00-04:00,118.6,119.13,118.6,119.01,9655
INTC,2026-09-30 11:30:00-04:00,119.02,119.65,118.96,119.05,10029
INTC,2026-09-30 11:35:00-04:00,119.06,119.15,118.93,118.97,4026
INTC,2026-09-30 11:40:00-04:00,118.99,119.06,118.63,118.7,4888
INTC,2026-09-30 11:45:00-04:00,118.69,119.3,118.61,119.3,6019
INTC,2026-09-30 11:50:00-04:00,119.29,119.53,119.12,119.18,6379
INTC,2026-09-30 11:55:00-04:00,119.19,119.54,119.07,119.35,5035
INTC,2026-09-30 12:00:00-04:00,119.34,119.67,119.3,119.56,6160
INTC,2026-09-30 12:05:00-04:00,119.56,119.59,119.38,119.53,6585
INTC,2026-09-30 12:10:00-04:00,119.53,119.72,119.33,119.67,5640
INTC,2026-09-30 12:15:00-04:00,119.67,119.7,119.1,119.2,6206
INTC,2026-09-30 12:20:00-04:00,119.19,119.28,119.05,119.14,3634
INTC,2026-09-30 12:25:00-04:00,119.15,119.28,119.02,119.05,3362
INTC,2026-09-30 12:30:00-04:00,119.06,119.15,118.76,118.82,5539
INTC,2026-09-30 12:35:00-04:00,118.83,119.33,118.81,119.29,6517
INTC,2026-09-30 12:40:00-04:00,119.28,119.71,119.18,119.62,5850
INTC,2026-09-30 12:45:00-04:00,119.61,119.74,119.47,119.69,4809
INTC,2026-09-30 12:50:00-04:00,119.69,119.77,119.48,119.5,4451
INTC,2026-09-30 12:55:00-04:00,119.5,119.68,119.4,119.57,3145
INTC,2026-09-30 13:00:00-04:00,119.58,119.63,119.33,119.39,3304
INTC,2026-09-30 13:05:00-04:00,119.4,119.59,119.23,119.36,4519
INTC,2026-09-30 13:10:00-04:00,119.37,119.7,119.35,119.39,5307
INTC,2026-09-30 13:15:00-04:00,119.39,119.58,119.03,119.29,6347
INTC,2026-09-30 13:20:00-04:00,119.29,119.47,119.24,119.27,3214
INTC,2026-09-30 13:25:00-04:00,119.27,119.37,119.0,119.31,4685
INTC,2026-09-30 13:30:00-04:00,119.32,119.52,119.24,119.24,3625
INTC,2026-09-30 13:35:00-04:00,119.26,119.38,119.03,119.36,4598
INTC,2026-09-30 13:40:00-04:00,119.37,119.41,119.11,119.21,2967
INTC,2026-09-30 13:45:00-04:00,119.21,119.49,119.13,119.44,2705
INTC,2026-09-30 13:50:00-04:00,119.44,119.66,119.31,119.54,3837
INTC,2026-09-30 13:55:00-04:00,119.55,119.73,119.48,119.55,4994
INTC,2026-09-30 14:00:00-04:00,119.56,119.59,118.9,119.11,7881
INTC,2026-09-30 14:05:00-04:00,119.12,119.4,118.93,119.36,5697
INTC,2026-09-30 14:10:00-04:00,119.36,119.64,119.35,119.39,5657
INTC,2026-09-30 14:15:00-04:00,119.38,119.46,119.24,119.33,3886
INTC,2026-09-30 14:20:00-04:00,119.35,119.41,119.11,119.25,4946
INTC,2026-09-30 14:25:00-04:00,119.25,119.42,119.06,119.35,4052
INTC,2026-09-30 14:30:00-04:00,119.35,119.38,119.17,119.28,3875
INTC,2026-09-30 14:35:00-04:00,119.28,119.54,119.26,119.52,4268
INTC,2026-09-30 14:40:00-04:00,119.52,119.56,119.25,119.27,5126
INTC,2026-09-30 14:45:00-04:00,119.27,119.48,118.9,118.92,7512
INTC,2026-09-30 14:50:00-04:00,118.92,118.99,118.72,118.75,5206
INTC,2026-09-30 14:55:00-04:00,118.74,119.09,118.66,119.03,5969
INTC,2026-09-30 15:00:00-04:00,119.03,119.77,119.03,119.74,7643
INTC,2026-09-30 15:05:00-04:00,119.75,119.76,119.42,119.7,5603
INTC,2026-09-30 15:10:00-04:00,119.71,119.93,119.68,119.8,5645
INTC,2026-09-30 15:15:00-04:00,119.8,119.88,119.57,119.63,4481
INTC,2026-09-30 15:20:00-04:00,119.64,119.75,119.44,119.54,3422
INTC,2026-09-30 15:25:00-04:00,119.54,119.79,119.51,119.77,3816
INTC,2026-09-30 15:30:00-04:00,119.77,120.14,119.74,120.05,8529
INTC,2026-09-30 15:35:00-04:00,120.05,120.18,119.98,120.15,6272
INTC,2026-09-30 15:40:00-04:00,120.14,120.2,119.86,120.16,8292
INTC,2026-09-30 15:45:00-04:00,120.16,120.48,120.09,120.41,9771
INTC,2026-09-30 15:50:00-04:00,120.4,120.45,120.12,120.22,12649
INTC,2026-09-30 15:55:00-04:00,120.21,120.55,120.1,120.16,36619
INTC,2026-09-30 16:00:00-04:00,120.16,120.23,119.63,119.9,123808
INTC,2026-09-30 16:05:00-04:00,119.92,120.45,119.82,119.95,781
INTC,2026-09-30 16:10:00-04:00,119.95,120.18,119.8,120.01,914
INTC,2026-09-30 16:15:00-04:00,119.99,120.09,119.82,120.05,481
INTC,2026-09-30 16:20:00-04:00,120.04,120.39,119.95,120.1,1072
INTC,2026-09-30 16:25:00-04:00,120.1,120.37,120.08,120.14,870
INTC,2026-09-30 16:30:00-04:00,120.14,120.25,120.07,120.16,276
INTC,2026-09-30 16:35:00-04:00,120.16,120.25,119.71,119.8,469
INTC,2026-09-30 16:40:00-04:00,119.86,119.88,119.52,119.69,755
INTC,2026-09-30 16:45:00-04:00,119.68,119.88,119.27,119.27,1159
INTC,2026-09-30 16:50:00-04:00,119.33,119.88,119.28,119.71,426
INTC,2026-09-30 16:55:00-04:00,119.76,119.95,119.75,119.89,335
INTC,2026-09-30 17:00:00-04:00,119.89,119.97,119.85,119.85,272
INTC,2026-09-30 17:05:00-04:00,119.88,119.89,119.45,119.52,238
INTC,2026-09-30 17:10:00-04:00,119.51,119.63,119.3,119.3,344
INTC,2026-09-30 17:15:00-04:00,119.35,119.45,119.22,119.41,462
INTC,2026-09-30 17:20:00-04:00,119.38,119.75,119.36,119.48,200
INTC,2026-09-30 17:25:00-04:00,119.53,119.6,119.48,119.5,117
INTC,2026-09-30 17:30:00-04:00,119.5,119.6,119.5,119.59,121
INTC,2026-09-30 17:35:00-04:00,119.52,119.58,119.52,119.56,93
INTC,2026-09-30 17:40:00-04:00,119.58,119.93,119.57,119.82,295
INTC,2026-09-30 17:45:00-04:00,119.85,119.92,119.75,119.78,242
INTC,2026-09-30 17:50:00-04:00,119.76,119.88,119.75,119.77,51
INTC,2026-09-30 17:55:00-04:00,119.88,119.88,119.7,119.75,16
INTC,2026-09-30 18:00:00-04:00,119.82,119.9,119.75,119.9,135
INTC,2026-09-30 18:05:00-04:00,119.9,119.9,119.75,119.77,86
INTC,2026-09-30 18:10:00-04:00,119.77,119.9,119.71,119.9,288
INTC,2026-09-30 18:15:00-04:00,119.9,120.0,119.88,120.0,239
INTC,2026-09-30 18:20:00-04:00,120.0,120.04,119.9,119.93,101
INTC,2026-09-30 18:25:00-04:00,119.94,119.95,119.85,119.9,102
INTC,2026-09-30 18:30:00-04:00,119.9,120.2,119.9,120.2,205
INTC,2026-09-30 18:35:00-04:00,120.15,120.3,120.02,120.26,204
INTC,2026-09-30 18:40:00-04:00,120.29,120.35,120.2,120.25,155
INTC,2026-09-30 18:45:00-04:00,120.22,120.27,120.14,120.18,140
INTC,2026-09-30 18:50:00-04:00,120.19,120.19,120.04,120.06,105
INTC,2026-09-30 18:55:00-04:00,120.12,120.14,120.04,120.12,119
INTC,2026-09-30 19:00:00-04:00,120.08,120.2,120.05,120.19,82
INTC,2026-09-30 19:05:00-04:00,120.17,120.17,120.0,120.05,117
INTC,2026-09-30 19:10:00-04:00,120.03,120.09,119.95,119.99,89
INTC,2026-09-30 19:15:00-04:00,120.02,120.15,120.02,120.05,122
INTC,2026-09-30 19:20:00-04:00,120.03,120.15,120.0,120.1,64
INTC,2026-09-30 19:25:00-04:00,120.1,120.14,120.05,120.1,17
INTC,2026-09-30 19:30:00-04:00,120.13,120.3,120.1,120.22,96
INTC,2026-09-30 19:35:00-04:00,120.2,120.4,120.18,120.37,141
INTC,2026-09-30 19:40:00-04:00,120.37,120.42,120.31,120.41,88
INTC,2026-09-30 19:45:00-04:00,120.4,120.63,120.4,120.5,292
INTC,2026-09-30 19:50:00-04:00,120.5,120.54,120.42,120.42,123
INTC,2026-09-30 19:55:00-04:00,120.5,120.53,120.45,120.45,230
INTC,2026-10-01 04:00:00-04:00,122.0,124.25,121.41,121.9,7183
INTC,2026-10-01 04:05:00-04:00,121.86,124.2,121.06,121.1,492
INTC,2026-10-01 04:10:00-04:00,121.2,121.53,121.06,121.46,162
INTC,2026-10-01 04:15:00-04:00,121.4,121.72,121.36,121.57,167
INTC,2026-10-01 04:20:00-04:00,121.47,121.55,121.01,121.05,194
INTC,2026-10-01 04:25:00-04:00,121.09,121.43,121.06,121.21,143
INTC,2026-10-01 04:30:00-04:00,121.08,121.26,120.39,120.71,540
INTC,2026-10-01 04:35:00-04:00,120.75,121.41,120.63,121.14,254
INTC,2026-10-01 04:40:00-04:00,121.2,121.38,120.99,121.11,133
INTC,2026-10-01 04:45:00-04:00,121.11,121.2,120.98,121.1,71
INTC,2026-10-01 04:50:00-04:00,121.18,121.36,121.18,121.26,129
INTC,2026-10-01 04:55:00-04:00,121.38,121.62,121.1,121.35,287
INTC,2026-10-01 05:00:00-04:00,121.4,121.78,121.31,121.75,120
INTC,2026-10-01 05:05:00-04:00,121.77,121.88,121.54,121.68,475
INTC,2026-10-01 05:10:00-04:00,121.81,121.9,121.72,121.87,72
INTC,2026-10-01 05:15:00-04:00,121.88,121.89,121.67,121.75,59
INTC,2026-10-01 05:20:00-04:00,121.75,122.0,121.75,121.79,149
INTC,2026-10-01 05:25:00-04:00,121.75,121.77,121.58,121.7,100
INTC,2026-10-01 05:30:00-04:00,121.67,121.73,121.6,121.7,53
INTC,2026-10-01 05:35:00-04:00,121.71,121.71,121.08,121.17,186
INTC,2026-10-01 05:40:00-04:00,121.23,121.23,120.91,120.93,238
INTC,2026-10-01 05:45:00-04:00,120.96,121.29,120.7,121.21,231
INTC,2026-10-01 05:50:00-04:00,121.2,121.34,120.74,120.79,125
INTC,2026-10-01 05:55:00-04:00,120.73,120.94,120.65,120.65,115
INTC,2026-10-01 06:00:00-04:00,120.65,120.73,119.85,119.88,603
INTC,2026-10-01 06:05:00-04:00,119.86,120.61,119.82,120.4,237
INTC,2026-10-01 06:10:00-04:00,120.39,120.55,120.34,120.5,78
INTC,2026-10-01 06:15:00-04:00,120.44,120.81,120.44,120.78,192
INTC,2026-10-01 06:20:00-04:00,120.76,120.77,120.2,120.2,356
INTC,2026-10-01 06:25:00-04:00,120.2,120.29,119.92,119.99,305
INTC,2026-10-01 06:30:00-04:00,120.0,120.12,119.98,120.09,231
INTC,2026-10-01 06:35:00-04:00,120.0,120.32,120.0,120.15,219
INTC,2026-10-01 06:40:00-04:00,120.1,120.85,120.1,120.79,191
INTC,2026-10-01 06:45:00-04:00,120.71,120.97,120.66,120.88,187
INTC,2026-10-01 06:50:00-04:00,120.87,120.98,120.78,120.97,83
INTC,2026-10-01 06:55:00-04:00,120.95,121.0,120.65,120.95,164
INTC,2026-10-01 07:00:00-04:00,120.93,120.98,120.41,120.41,710
INTC,2026-10-01 07:05:00-04:00,120.41,120.54,120.27,120.38,212
INTC,2026-10-01 07:10:00-04:00,120.38,120.5,120.12,120.13,372
INTC,2026-10-01 07:15:00-04:00,120.11,120.11,119.7,119.72,601
INTC,2026-10-01 07:20:00-04:00,119.82,119.82,119.35,119.4,582
INTC,2026-10-01 07:25:00-04:00,119.35,119.77,119.33,119.67,371
INTC,2026-10-01 07:30:00-04:00,119.69,119.8,119.6,119.77,428
INTC,2026-10-01 07:35:00-04:00,119.71,119.87,119.6,119.71,459
INTC,2026-10-01 07:40:00-04:00,119.67,119.95,119.66,119.84,574
INTC,2026-10-01 07:45:00-04:00,119.82,120.18,119.76,120.13,576
INTC,2026-10-01 07:50:00-04:00,120.11,120.34,120.0,120.13,328
INTC,2026-10-01 07:55:00-04:00,120.11,120.25,119.85,119.85,442
INTC,2026-10-01 08:00:00-04:00,119.85,119.85,119.14,119.26,1074
INTC,2026-10-01 08:05:00-04:00,119.29,119.64,119.29,119.57,403
INTC,2026-10-01 08:10:00-04:00,119.58,119.58,119.22,119.25,328
INTC,2026-10-01 08:15:00-04:00,119.25,119.5,119.19,119.4,265
INTC,2026-10-01 08:20:00-04:00,119.37,119.6,119.24,119.38,336
INTC,2026-10-01 08:25:00-04:00,119.45,119.8,119.4,119.55,492
INTC,2026-10-01 08:30:00-04:00,119.55,119.75,119.51,119.7,311
INTC,2026-10-01 08:35:00-04:00,119.57,120.23,119.52,119.6,176
INTC,2026-10-01 08:40:00-04:00,119.67,119.84,119.55,119.64,534
INTC,2026-10-01 08:45:00-04:00,119.56,119.6,119.43,119.48,187
INTC,2026-10-01 08:50:00-04:00,119.51,119.52,119.2,119.22,319
INTC,2026-10-01 08:55:00-04:00,119.23,119.28,118.9,118.9,1613
INTC,2026-10-01 09:00:00-04:00,118.95,119.05,118.66,118.73,707
INTC,2026-10-01 09:05:00-04:00,118.73,119.19,118.63,119.17,742
INTC,2026-10-01 09:10:00-04:00,119.19,119.33,118.93,118.93,696
INTC,2026-10-01 09:15:00-04:00,118.93,119.07,118.8,119.03,277
INTC,2026-10-01 09:20:00-04:00,119.03,119.21,118.94,119.19,371
INTC,2026-10-01 09:25:00-04:00,119.2,119.2,118.11,118.66,1122
INTC,2026-10-01 09:30:00-04:00,118.58,119.17,118.33,118.78,21356
INTC,2026-10-01 09:35:00-04:00,118.77,119.75,117.35,119.58,24596
INTC,2026-10-01 09:40:00-04:00,119.58,119.85,119.05,119.5,15798
INTC,2026-10-01 09:45:00-04:00,119.53,119.88,118.66,119.35,18448
INTC,2026-10-01 09:50:00-04:00,119.34,119.41,118.45,119.21,12918
INTC,2026-10-01 09:55:00-04:00,119.25,119.66,118.91,119.19,9340
INTC,2026-10-01 10:00:00-04:00,119.2,119.33,117.93,118.07,15723
INTC,2026-10-01 10:05:00-04:00,118.07,118.95,117.36,118.95,18210
INTC,2026-10-01 10:10:00-04:00,118.94,119.28,118.4,118.71,12385
INTC,2026-10-01 10:15:00-04:00,118.7,118.8,118.14,118.33,9189
INTC,2026-10-01 10:20:00-04:00,118.33,118.78,117.94,118.47,12180
INTC,2026-10-01 10:25:00-04:00,118.47,118.94,118.3,118.89,8456
INTC,2026-10-01 10:30:00-04:00,118.88,119.41,118.16,119.38,13017
INTC,2026-10-01 10:35:00-04:00,119.42,120.12,119.04,120.08,14714
INTC,2026-10-01 10:40:00-04:00,120.12,120.2,118.42,118.45,14860
INTC,2026-10-01 10:45:00-04:00,118.46,119.41,118.43,119.35,8664
INTC,2026-10-01 10:50:00-04:00,119.32,119.7,119.2,119.56,9475
INTC,2026-10-01 10:55:00-04:00,119.55,120.23,119.5,119.78,12558
INTC,2026-10-01 11:00:00-04:00,119.77,119.78,119.01,119.37,8788
INTC,2026-10-01 11:05:00-04:00,119.41,119.54,118.55,118.56,8749
INTC,2026-10-01 11:10:00-04:00,118.57,118.86,118.16,118.84,10685
INTC,2026-10-01 11:15:00-04:00,118.85,119.58,118.74,119.34,9186
INTC,2026-10-01 11:20:00-04:00,119.37,119.64,119.0,119.27,6900
INTC,2026-10-01 11:25:00-04:00,119.26,119.51,119.14,119.42,5851
INTC,2026-10-01 11:30:00-04:00,119.41,119.56,119.03,119.03,5511
INTC,2026-10-01 11:35:00-04:00,119.02,119.49,118.95,119.27,5407
INTC,2026-10-01 11:40:00-04:00,119.27,119.37,118.91,119.1,4623
INTC,2026-10-01 11:45:00-04:00,119.11,119.4,119.06,119.31,5140
INTC,2026-10-01 11:50:00-04:00,119.31,119.54,119.07,119.41,4017
INTC,2026-10-01 11:55:00-04:00,119.41,120.23,119.41,119.82,11278
INTC,2026-10-01 12:00:00-04:00,119.81,119.91,119.55,119.72,5741
INTC,2026-10-01 12:05:00-04:00,119.71,119.77,119.4,119.65,4542
INTC,2026-10-01 12:10:00-04:00,119.65,119.83,119.45,119.57,4117
INTC,2026-10-01 12:15:00-04:00,119.57,120.02,119.55,119.96,4807
INTC,2026-10-01 12:20:00-04:00,119.96,119.97,119.48,119.6,5073
INTC,2026-10-01 12:25:00-04:00,119.59,119.75,119.45,119.6,4385
INTC,2026-10-01 12:30:00-04:00,119.62,120.01,119.59,119.96,5298
INTC,2026-10-01 12:35:00-04:00,119.96,120.1,119.65,119.68,5272
INTC,2026-10-01 12:40:00-04:00,119.68,119.87,119.62,119.77,3561
INTC,2026-10-01 12:45:00-04:00,119.77,120.07,119.75,120.02,4170
INTC,2026-10-01 12:50:00-04:00,120.01,120.03,119.5,119.56,4686
INTC,2026-10-01 12:55:00-04:00,119.54,119.62,119.35,119.58,4552
INTC,2026-10-01 13:00:00-04:00,119.58,119.75,119.54,119.71,4361
INTC,2026-10-01 13:05:00-04:00,119.72,120.08,119.71,119.9,5553
INTC,2026-10-01 13:10:00-04:00,119.9,120.26,119.87,120.08,5335
INTC,2026-10-01 13:15:00-04:00,120.07,120.65,120.04,120.51,9667
INTC,2026-10-01 13:20:00-04:00,120.5,121.28,120.47,121.24,12085
INTC,2026-10-01 13:25:00-04:00,121.24,121.77,121.17,121.75,11896
INTC,2026-10-01 13:30:00-04:00,121.76,122.15,121.4,121.47,12522
INTC,2026-10-01 13:35:00-04:00,121.49,121.49,120.9,121.19,10332
INTC,2026-10-01 13:40:00-04:00,121.16,121.32,121.05,121.28,6693
INTC,2026-10-01 13:45:00-04:00,121.28,121.65,121.26,121.51,7108
INTC,2026-10-01 13:50:00-04:00,121.51,121.66,121.2,121.29,7511
INTC,2026-10-01 13:55:00-04:00,121.29,121.46,121.05,121.26,5422
INTC,2026-10-01 14:00:00-04:00,121.25,121.32,120.44,120.57,10398
INTC,2026-10-01 14:05:00-04:00,120.56,120.59,120.06,120.12,8356
INTC,2026-10-01 14:10:00-04:00,120.11,120.56,119.93,120.25,7311
INTC,2026-10-01 14:15:00-04:00,120.23,120.49,119.98,120.35,6108
INTC,2026-10-01 14:20:00-04:00,120.38,120.97,120.26,120.88,6795
INTC,2026-10-01 14:25:00-04:00,120.88,121.27,120.83,121.05,6089
INTC,2026-10-01 14:30:00-04:00,121.06,121.15,120.86,121.1,5877
INTC,2026-10-01 14:35:00-04:00,121.11,121.23,120.78,120.88,5435
INTC,2026-10-01 14:40:00-04:00,120.89,120.94,120.58,120.71,5680
INTC,2026-10-01 14:45:00-04:00,120.72,120.9,120.62,120.66,5155
INTC,2026-10-01 14:50:00-04:00,120.66,120.85,120.57,120.81,4246
INTC,2026-10-01 14:55:00-04:00,120.81,120.91,120.64,120.85,5179
INTC,2026-10-01 15:00:00-04:00,120.85,120.96,120.41,120.52,5935
INTC,2026-10-01 15:05:00-04:00,120.52,120.62,120.44,120.55,3651
INTC,2026-10-01 15:10:00-04:00,120.55,120.59,120.16,120.21,4942
INTC,2026-10-01 15:15:00-04:00,120.21,120.33,120.14,120.21,4774
INTC,2026-10-01 15:20:00-04:00,120.22,120.61,120.21,120.39,5857
INTC,2026-10-01 15:25:00-04:00,120.39,120.75,120.38,120.5,5001
INTC,2026-10-01 15:30:00-04:00,120.52,120.69,120.16,120.21,4965
INTC,2026-10-01 15:35:00-04:00,120.21,120.45,120.17,120.36,4942
INTC,2026-10-01 15:40:00-04:00,120.36,120.48,120.23,120.27,4035
INTC,2026-10-01 15:45:00-04:00,120.26,120.39,120.2,120.34,4220
INTC,2026-10-01 15:50:00-04:00,120.33,120.78,120.3,120.34,10401
INTC,2026-10-01 15:55:00-04:00,120.33,120.47,119.91,119.96,23769
INTC,2026-10-01 16:00:00-04:00,119.81,120.08,119.71,119.84,79909
INTC,2026-10-01 16:05:00-04:00,119.94,120.0,119.81,119.97,498
INTC,2026-10-01 16:10:00-04:00,119.94,120.03,119.8,119.99,227
INTC,2026-10-01 16:15:00-04:00,120.0,120.11,120.0,120.06,177
INTC,2026-10-01 16:20:00-04:00,120.05,120.06,119.88,119.95,12803
INTC,2026-10-01 16:25:00-04:00,119.94,119.99,119.8,119.84,140
INTC,2026-10-01 16:30:00-04:00,119.84,119.94,119.8,119.8,193
INTC,2026-10-01 16:35:00-04:00,119.86,119.86,119.73,119.83,110
INTC,2026-10-01 16:40:00-04:00,119.83,119.83,119.76,119.76,70
INTC,2026-10-01 16:45:00-04:00,119.77,119.87,119.76,119.87,67
INTC,2026-10-01 16:50:00-04:00,119.86,119.92,119.8,119.81,88
INTC,2026-10-01 16:55:00-04:00,119.86,119.86,119.76,119.82,90
INTC,2026-10-01 17:00:00-04:00,119.83,119.86,119.79,119.83,74
INTC,2026-10-01 17:05:00-04:00,119.83,119.85,119.79,119.79,110
INTC,2026-10-01 17:10:00-04:00,119.82,119.83,119.72,119.79,113
INTC,2026-10-01 17:15:00-04:00,119.79,119.79,119.61,119.77,147
INTC,2026-10-01 17:20:00-04:00,119.69,119.79,119.65,119.72,52
INTC,2026-10-01 17:25:00-04:00,119.75,119.78,119.7,119.71,10
INTC,2026-10-01 17:30:00-04:00,119.7,119.79,119.69,119.75,78
INTC,2026-10-01 17:35:00-04:00,119.76,119.79,119.72,119.72,83
INTC,2026-10-01 17:40:00-04:00,119.71,119.72,119.7,119.72,8
INTC,2026-10-01 17:45:00-04:00,119.7,119.75,119.68,119.75,44
INTC,2026-10-01 17:50:00-04:00,119.79,119.85,119.76,119.84,63
INTC,2026-10-01 17:55:00-04:00,119.85,119.85,119.79,119.85,18
INTC,2026-10-01 18:00:00-04:00,119.78,119.98,119.78,119.96,80
INTC,2026-10-01 18:05:00-04:00,119.94,120.05,119.91,120.0,350
INTC,2026-10-01 18:10:00-04:00,120.06,120.07,119.99,119.99,139
INTC,2026-10-01 18:15:00-04:00,119.95,120.03,119.94,119.98,19
INTC,2026-10-01 18:20:00-04:00,120.0,120.0,119.9,120.0,40
INTC,2026-10-01 18:25:00-04:00,119.91,119.94,119.84,119.84,28
INTC,2026-10-01 18:30:00-04:00,119.9,120.04,119.9,120.03,75
INTC,2026-10-01 18:35:00-04:00,120.02,120.05,120.0,120.01,71
INTC,2026-10-01 18:40:00-04:00,120.02,120.06,119.93,120.02,40
INTC,2026-10-01 18:45:00-04:00,120.02,120.03,119.97,119.97,35
INTC,2026-10-01 18:50:00-04:00,119.97,120.06,119.95,120.01,64
INTC,2026-10-01 18:55:00-04:00,120.09,120.3,120.09,120.21,170
INTC,2026-10-01 19:00:00-04:00,120.23,120.49,120.2,120.45,108
INTC,2026-10-01 19:05:00-04:00,120.48,120.48,120.3,120.3,75
INTC,2026-10-01 19:10:00-04:00,120.35,120.35,120.28,120.35,60
INTC,2026-10-01 19:15:00-04:00,120.36,120.5,120.35,120.45,142
INTC,2026-10-01 19:20:00-04:00,120.45,120.45,120.32,120.33,66
INTC,2026-10-01 19:25:00-04:00,120.39,120.39,120.34,120.35,10
INTC,2026-10-01 19:30:00-04:00,120.35,120.39,120.15,120.2,115
INTC,2026-10-01 19:35:00-04:00,120.24,120.26,120.15,120.24,53
INTC,2026-10-01 19:40:00-04:00,120.18,120.3,120.15,120.29,42
INTC,2026-10-01 19:45:00-04:00,120.2,120.23,120.16,120.2,147
INTC,2026-10-01 19:50:00-04:00,120.29,120.35,120.16,120.32,143
INTC,2026-10-01 19:55:00-04:00,120.28,120.28,120.19,120.23,273
INTC,2026-10-02 04:00:00-04:00,121.28,121.72,120.48,121.54,2194
INTC,2026-10-02 04:05:00-04:00,121.54,122.18,120.54,122.02,490
INTC,2026-10-02 04:10:00-04:00,122.02,122.19,121.91,121.95,383
INTC,2026-10-02 04:15:00-04:00,121.95,122.31,121.88,122.08,379
INTC,2026-10-02 04:20:00-04:00,122.08,122.7,122.0,122.61,396
INTC,2026-10-02 04:25:00-04:00,122.6,122.6,122.12,122.19,214
INTC,2026-10-02 04:30:00-04:00,122.2,122.3,122.02,122.05,217
INTC,2026-10-02 04:35:00-04:00,122.1,122.44,122.07,122.22,149
INTC,2026-10-02 04:40:00-04:00,122.2,122.21,122.05,122.1,148
INTC,2026-10-02 04:45:00-04:00,122.08,122.35,122.07,122.35,82
INTC,2026-10-02 04:50:00-04:00,122.3,122.35,122.15,122.26,180
INTC,2026-10-02 04:55:00-04:00,122.34,122.48,122.29,122.36,125
INTC,2026-10-02 05:00:00-04:00,122.31,122.31,122.03,122.04,240
INTC,2026-10-02 05:05:00-04:00,122.03,122.05,121.95,122.02,293
INTC,2026-10-02 05:10:00-04:00,122.05,122.22,122.02,122.16,220
INTC,2026-10-02 05:15:00-04:00,122.22,122.39,122.15,122.22,177
INTC,2026-10-02 05:20:00-04:00,122.18,122.4,122.18,122.2,166
INTC,2026-10-02 05:25:00-04:00,122.19,122.3,122.13,122.25,61
INTC,2026-10-02 05:30:00-04:00,122.21,122.42,122.21,122.21,95
INTC,2026-10-02 05:35:00-04:00,122.1,122.38,122.1,122.36,59
INTC,2026-10-02 05:40:00-04:00,122.3,122.37,122.21,122.26,89
INTC,2026-10-02 05:45:00-04:00,122.24,122.57,122.1,122.48,129
INTC,2026-10-02 05:50:00-04:00,122.39,122.43,122.32,122.41,26
INTC,2026-10-02 05:55:00-04:00,122.35,122.45,122.3,122.44,45
INTC,2026-10-02 06:00:00-04:00,122.38,122.47,122.11,122.37,148
INTC,2026-10-02 06:05:00-04:00,122.22,122.24,122.1,122.13,93
INTC,2026-10-02 06:10:00-04:00,122.12,122.12,121.98,122.06,145
INTC,2026-10-02 06:15:00-04:00,122.09,122.19,121.95,121.95,89
INTC,2026-10-02 06:20:00-04:00,121.94,121.96,121.7,121.71,110
INTC,2026-10-02 06:25:00-04:00,121.72,122.11,121.71,122.1,59
INTC,2026-10-02 06:30:00-04:00,122.1,122.25,122.0,122.21,113
INTC,2026-10-02 06:35:00-04:00,122.2,122.3,122.11,122.12,89
INTC,2026-10-02 06:40:00-04:00,122.16,122.3,122.14,122.21,76
INTC,2026-10-02 06:45:00-04:00,122.2,122.22,122.11,122.2,27
INTC,2026-10-02 06:50:00-04:00,122.1,122.2,122.05,122.2,22
INTC,2026-10-02 06:55:00-04:00,122.2,122.21,122.11,122.2,14
INTC,2026-10-02 07:00:00-04:00,122.22,122.38,121.94,122.16,599
INTC,2026-10-02 07:05:00-04:00,122.08,122.43,122.08,122.35,752
INTC,2026-10-02 07:10:00-04:00,122.33,122.33,121.65,121.8,507
INTC,2026-10-02 07:15:00-04:00,121.85,122.1,121.7,122.1,324
INTC,2026-10-02 07:20:00-04:00,122.15,122.29,122.12,122.24,368
INTC,2026-10-02 07:25:00-04:00,122.25,122.29,122.15,122.28,298
INTC,2026-10-02 07:30:00-04:00,122.26,122.78,122.2,122.54,718
INTC,2026-10-02 07:35:00-04:00,122.5,122.6,122.4,122.48,269
INTC,2026-10-02 07:40:00-04:00,122.44,122.5,122.28,122.45,294
INTC,2026-10-02 07:45:00-04:00,122.42,122.49,122.28,122.28,208
INTC,2026-10-02 07:50:00-04:00,122.32,122.34,122.0,122.0,475
INTC,2026-10-02 07:55:00-04:00,122.04,122.2,121.88,122.18,288
INTC,2026-10-02 08:00:00-04:00,122.18,122.28,121.99,121.99,286
INTC,2026-10-02 08:05:00-04:00,122.0,122.34,121.95,122.27,503
INTC,2026-10-02 08:10:00-04:00,122.22,122.49,122.1,122.34,320
INTC,2026-10-02 08:15:00-04:00,122.3,122.58,122.23,122.54,521
INTC,2026-10-02 08:20:00-04:00,122.55,122.7,122.41,122.41,347
INTC,2026-10-02 08:25:00-04:00,122.49,122.86,122.48,122.82,518
INTC,2026-10-02 08:30:00-04:00,122.77,123.8,122.75,123.78,2599
INTC,2026-10-02 08:35:00-04:00,123.82,123.88,123.31,123.68,1950
INTC,2026-10-02 08:40:00-04:00,123.71,123.71,123.22,123.4,707
INTC,2026-10-02 08:45:00-04:00,123.34,123.7,123.28,123.65,820
INTC,2026-10-02 08:50:00-04:00,123.65,123.99,123.5,123.85,1130
INTC,2026-10-02 08:55:00-04:00,123.88,123.99,123.75,123.85,831
INTC,2026-10-02 09:00:00-04:00,123.86,124.01,123.66,123.93,1383
INTC,2026-10-02 09:05:00-04:00,123.96,124.06,123.51,123.72,1180
INTC,2026-10-02 09:10:00-04:00,123.69,123.78,123.57,123.63,652
INTC,2026-10-02 09:15:00-04:00,123.62,124.4,123.59,124.23,1397
MU,2026-09-30 04:00:00-04:00,1073.0,1074.1,1068.0,1073.17,1540
MU,2026-09-30 04:05:00-04:00,1073.65,1073.85,1069.23,1073.09,103
MU,2026-09-30 04:10:00-04:00,1073.03,1073.69,1071.29,1071.39,70
MU,2026-09-30 04:15:00-04:00,1071.71,1072.51,1071.25,1071.3,63
MU,2026-09-30 04:20:00-04:00,1071.24,1071.9,1071.11,1071.47,17
MU,2026-09-30 04:25:00-04:00,1071.13,1071.8,1071.13,1071.78,5
MU,2026-09-30 04:30:00-04:00,1071.5,1072.0,1071.2,1072.0,36
MU,2026-09-30 04:35:00-04:00,1071.49,1071.55,1070.51,1070.51,78
MU,2026-09-30 04:40:00-04:00,1070.91,1070.91,1068.0,1069.5,373
MU,2026-09-30 04:45:00-04:00,1068.6,1070.64,1068.5,1070.64,124
MU,2026-09-30 04:50:00-04:00,1070.4,1071.25,1070.0,1070.01,23
MU,2026-09-30 04:55:00-04:00,1070.01,1070.64,1068.0,1068.01,101
MU,2026-09-30 05:00:00-04:00,1068.1,1068.96,1067.75,1068.96,65
MU,2026-09-30 05:05:00-04:00,1069.02,1069.6,1066.52,1068.82,313
MU,2026-09-30 05:10:00-04:00,1067.1,1068.88,1067.1,1068.88,65
MU,2026-09-30 05:15:00-04:00,1069.0,1069.33,1068.12,1068.99,46
MU,2026-09-30 05:20:00-04:00,1068.75,1069.06,1068.3,1068.8,9
MU,2026-09-30 05:25:00-04:00,1069.06,1069.23,1068.27,1069.1,16
MU,2026-09-30 05:30:00-04:00,1069.33,1071.0,1069.33,1070.07,41
MU,2026-09-30 05:35:00-04:00,1069.81,1070.6,1068.74,1068.74,40
MU,2026-09-30 05:40:00-04:00,1068.71,1069.6,1068.31,1068.31,44
MU,2026-09-30 05:45:00-04:00,1068.8,1068.9,1068.2,1068.86,24
MU,2026-09-30 05:50:00-04:00,1069.25,1069.25,1068.66,1069.0,11
MU,2026-09-30 05:55:00-04:00,1069.2,1069.42,1068.62,1069.0,42
MU,2026-09-30 06:00:00-04:00,1068.97,1069.0,1067.5,1067.54,90
MU,2026-09-30 06:05:00-04:00,1067.51,1069.0,1067.51,1068.98,22
MU,2026-09-30 06:10:00-04:00,1068.99,1069.07,1068.5,1068.74,31
MU,2026-09-30 06:15:00-04:00,1068.0,1068.83,1067.16,1068.82,37
MU,2026-09-30 06:20:00-04:00,1068.79,1068.84,1068.01,1068.55,48
MU,2026-09-30 06:25:00-04:00,1068.99,1069.1,1068.75,1068.75,47
MU,2026-09-30 06:30:00-04:00,1068.57,1069.37,1068.4,1068.99,15
MU,2026-09-30 06:35:00-04:00,1068.95,1069.01,1068.5,1068.5,56
MU,2026-09-30 06:40:00-04:00,1069.25,1069.62,1069.12,1069.62,19
MU,2026-09-30 06:45:00-04:00,1069.4,1069.87,1069.0,1069.51,73
MU,2026-09-30 06:50:00-04:00,1069.5,1069.9,1069.5,1069.9,9
MU,2026-09-30 06:55:00-04:00,1069.8,1070.45,1069.65,1070.01,59
MU,2026-09-30 07:00:00-04:00,1070.01,1070.45,1067.17,1067.17,329
MU,2026-09-30 07:05:00-04:00,1067.8,1068.0,1065.7,1067.0,308
MU,2026-09-30 07:10:00-04:00,1066.0,1066.5,1064.38,1064.5,427
MU,2026-09-30 07:15:00-04:00,1064.43,1065.79,1064.0,1065.0,248
MU,2026-09-30 07:20:00-04:00,1065.32,1067.69,1064.53,1067.34,187
MU,2026-09-30 07:25:00-04:00,1067.36,1067.9,1066.82,1066.87,145
MU,2026-09-30 07:30:00-04:00,1066.88,1067.68,1066.13,1067.59,103
MU,2026-09-30 07:35:00-04:00,1067.49,1068.9,1067.33,1068.1,106
MU,2026-09-30 07:40:00-04:00,1068.51,1068.77,1068.0,1068.75,205
MU,2026-09-30 07:45:00-04:00,1068.72,1069.37,1067.25,1068.08,315
MU,2026-09-30 07:50:00-04:00,1067.91,1068.52,1067.3,1068.25,132
MU,2026-09-30 07:55:00-04:00,1068.03,1069.0,1067.54,1068.85,88
MU,2026-09-30 08:00:00-04:00,1069.24,1069.37,1067.33,1068.34,137
MU,2026-09-30 08:05:00-04:00,1068.17,1068.17,1065.52,1065.95,158
MU,2026-09-30 08:10:00-04:00,1066.0,1067.1,1065.65,1067.05,280
MU,2026-09-30 08:15:00-04:00,1066.49,1067.16,1064.51,1066.35,409
MU,2026-09-30 08:20:00-04:00,1066.43,1069.83,1066.38,1069.83,246
MU,2026-09-30 08:25:00-04:00,1069.99,1071.0,1068.66,1070.95,412
MU,2026-09-30 08:30:00-04:00,1070.98,1078.5,1070.9,1078.01,2343
MU,2026-09-30 08:35:00-04:00,1078.42,1079.91,1077.5,1079.66,1753
MU,2026-09-30 08:40:00-04:00,1079.7,1082.49,1078.32,1078.33,1861
MU,2026-09-30 08:45:00-04:00,1078.29,1079.7,1077.63,1078.56,1202
MU,2026-09-30 08:50:00-04:00,1078.96,1081.44,1078.52,1081.01,773
MU,2026-09-30 08:55:00-04:00,1081.5,1081.5,1078.66,1078.7,483
MU,2026-09-30 09:00:00-04:00,1078.94,1080.19,1078.7,1079.5,410
MU,2026-09-30 09:05:00-04:00,1079.4,1079.73,1078.03,1078.59,462
MU,2026-09-30 09:10:00-04:00,1078.5,1079.74,1078.49,1079.0,397
MU,2026-09-30 09:15:00-04:00,1079.2,1079.75,1078.48,1078.5,520
MU,2026-09-30 09:20:00-04:00,1078.6,1080.0,1078.4,1080.0,418
MU,2026-09-30 09:25:00-04:00,1080.0,1081.5,1075.5,1076.56,1097
MU,2026-09-30 09:30:00-04:00,1076.76,1083.5,1071.03,1075.16,21545
MU,2026-09-30 09:35:00-04:00,1075.41,1076.12,1064.06,1073.36,14250
MU,2026-09-30 09:40:00-04:00,1073.18,1076.83,1070.55,1072.3,10198
MU,2026-09-30 09:45:00-04:00,1072.05,1072.99,1068.14,1070.2,6546
MU,2026-09-30 09:50:00-04:00,1070.66,1071.28,1065.45,1067.31,5938
MU,2026-09-30 09:55:00-04:00,1067.52,1071.5,1066.2,1069.31,7469
MU,2026-09-30 10:00:00-04:00,1069.31,1071.24,1066.54,1070.11,7180
MU,2026-09-30 10:05:00-04:00,1070.25,1074.77,1068.8,1069.67,8725
MU,2026-09-30 10:10:00-04:00,1069.36,1072.8,1068.85,1071.77,5533
MU,2026-09-30 10:15:00-04:00,1071.68,1073.5,1069.85,1073.21,5300
MU,2026-09-30 10:20:00-04:00,1073.0,1075.49,1072.34,1073.11,7596
MU,2026-09-30 10:25:00-04:00,1073.13,1075.96,1072.59,1074.66,4708
MU,2026-09-30 10:30:00-04:00,1074.65,1075.12,1068.87,1070.51,5411
MU,2026-09-30 10:35:00-04:00,1070.25,1072.34,1069.5,1071.25,3830
MU,2026-09-30 10:40:00-04:00,1071.28,1075.55,1069.67,1074.65,5189
MU,2026-09-30 10:45:00-04:00,1074.65,1077.25,1072.83,1077.09,5792
MU,2026-09-30 10:50:00-04:00,1077.04,1077.37,1074.71,1074.76,4660
MU,2026-09-30 10:55:00-04:00,1074.63,1077.3,1072.94,1076.34,4175
MU,2026-09-30 11:00:00-04:00,1076.38,1077.04,1073.12,1075.51,4162
MU,2026-09-30 11:05:00-04:00,1075.59,1077.35,1074.5,1077.26,3066
MU,2026-09-30 11:10:00-04:00,1077.26,1077.88,1075.54,1076.82,3923
MU,2026-09-30 11:15:00-04:00,1076.67,1077.3,1072.37,1073.74,3628
MU,2026-09-30 11:20:00-04:00,1073.88,1074.5,1072.12,1073.73,3961
MU,2026-09-30 11:25:00-04:00,1073.6,1075.28,1073.25,1075.12,2381
MU,2026-09-30 11:30:00-04:00,1075.27,1076.38,1073.66,1073.88,2713
MU,2026-09-30 11:35:00-04:00,1073.66,1074.99,1072.0,1074.58,2820
MU,2026-09-30 11:40:00-04:00,1074.59,1076.1,1071.65,1071.82,4283
MU,2026-09-30 11:45:00-04:00,1071.66,1075.25,1071.03,1074.96,4748
MU,2026-09-30 11:50:00-04:00,1074.96,1075.39,1072.78,1073.21,2494
MU,2026-09-30 11:55:00-04:00,1073.39,1075.38,1072.77,1074.14,2303
MU,2026-09-30 12:00:00-04:00,1074.27,1074.55,1072.45,1072.85,1893
MU,2026-09-30 12:05:00-04:00,1072.85,1074.47,1072.79,1074.34,1972
MU,2026-09-30 12:10:00-04:00,1074.26,1075.71,1073.67,1073.99,2734
MU,2026-09-30 12:15:00-04:00,1074.2,1074.23,1071.68,1072.9,2965
MU,2026-09-30 12:20:00-04:00,1073.03,1073.97,1071.7,1073.68,2240
MU,2026-09-30 12:25:00-04:00,1073.67,1074.62,1072.39,1072.54,2349
MU,2026-09-30 12:30:00-04:00,1072.44,1072.82,1070.5,1071.18,3292
MU,2026-09-30 12:35:00-04:00,1071.2,1072.35,1070.49,1072.23,2050
MU,2026-09-30 12:40:00-04:00,1072.3,1072.7,1071.3,1071.72,1760
MU,2026-09-30 12:45:00-04:00,1071.89,1073.0,1071.75,1072.54,1359
MU,2026-09-30 12:50:00-04:00,1072.35,1073.32,1072.09,1072.63,1750
MU,2026-09-30 12:55:00-04:00,1072.54,1073.86,1072.2,1073.36,1351
MU,2026-09-30 13:00:00-04:00,1073.34,1073.5,1071.53,1071.6,1628
MU,2026-09-30 13:05:00-04:00,1071.61,1072.26,1071.15,1071.92,1856
MU,2026-09-30 13:10:00-04:00,1071.75,1072.33,1069.78,1069.86,4366
MU,2026-09-30 13:15:00-04:00,1069.92,1071.15,1069.35,1070.18,3094
MU,2026-09-30 13:20:00-04:00,1070.22,1070.69,1069.0,1069.3,2616
MU,2026-09-30 13:25:00-04:00,1069.3,1069.98,1068.51,1069.2,2684
MU,2026-09-30 13:30:00-04:00,1069.09,1069.74,1068.26,1068.63,2453
MU,2026-09-30 13:35:00-04:00,1068.62,1069.08,1067.45,1068.0,3832
MU,2026-09-30 13:40:00-04:00,1067.93,1068.13,1066.23,1067.56,4223
MU,2026-09-30 13:45:00-04:00,1067.56,1070.0,1066.92,1069.53,3457
MU,2026-09-30 13:50:00-04:00,1069.45,1070.26,1068.75,1069.2,3084
MU,2026-09-30 13:55:00-04:00,1069.2,1070.0,1068.57,1069.56,1958
MU,2026-09-30 14:00:00-04:00,1069.57,1070.5,1068.67,1070.19,2304
MU,2026-09-30 14:05:00-04:00,1070.19,1070.59,1068.07,1069.96,3936
MU,2026-09-30 14:10:00-04:00,1070.03,1071.16,1069.77,1070.21,2585
MU,2026-09-30 14:15:00-04:00,1070.13,1070.5,1068.2,1070.13,2480
MU,2026-09-30 14:20:00-04:00,1070.29,1070.83,1068.74,1069.0,1846
MU,2026-09-30 14:25:00-04:00,1069.1,1069.91,1068.37,1069.25,2194
MU,2026-09-30 14:30:00-04:00,1069.15,1069.25,1066.7,1067.42,3009
MU,2026-09-30 14:35:00-04:00,1067.3,1069.04,1067.05,1068.47,2438
MU,2026-09-30 14:40:00-04:00,1068.55,1069.0,1065.25,1065.74,5283
MU,2026-09-30 14:45:00-04:00,1065.74,1065.94,1064.19,1064.68,5058
MU,2026-09-30 14:50:00-04:00,1064.62,1068.65,1064.59,1067.75,5520
MU,2026-09-30 14:55:00-04:00,1067.63,1070.09,1066.51,1068.82,4328
MU,2026-09-30 15:00:00-04:00,1068.81,1071.66,1068.0,1071.23,4062
MU,2026-09-30 15:05:00-04:00,1071.23,1073.41,1069.55,1072.81,5364
MU,2026-09-30 15:10:00-04:00,1072.9,1072.98,1070.6,1072.35,4240
MU,2026-09-30 15:15:00-04:00,1072.35,1072.35,1069.69,1070.13,4294
MU,2026-09-30 15:20:00-04:00,1070.56,1070.96,1069.26,1069.86,3584
MU,2026-09-30 15:25:00-04:00,1069.87,1071.12,1069.25,1069.37,4527
MU,2026-09-30 15:30:00-04:00,1069.28,1071.35,1068.58,1070.8,4278
MU,2026-09-30 15:35:00-04:00,1071.01,1072.14,1066.1,1068.98,7433
MU,2026-09-30 15:40:00-04:00,1069.19,1069.19,1066.25,1068.55,6163
MU,2026-09-30 15:45:00-04:00,1068.69,1071.49,1068.21,1069.23,8866
MU,2026-09-30 15:50:00-04:00,1069.22,1070.0,1065.07,1065.59,12971
MU,2026-09-30 15:55:00-04:00,1065.32,1070.0,1062.36,1068.95,32020
MU,2026-09-30 16:00:00-04:00,1069.99,1070.0,1040.0,1060.86,51349
MU,2026-09-30 16:05:00-04:00,1060.86,1078.8,1050.0,1066.5,10150
MU,2026-09-30 16:10:00-04:00,1066.5,1079.95,1066.5,1071.48,7717
MU,2026-09-30 16:15:00-04:00,1072.66,1077.0,1060.16,1073.66,6775
MU,2026-09-30 16:20:00-04:00,1074.88,1084.84,1069.99,1075.5,11642
MU,2026-09-30 16:25:00-04:00,1075.48,1086.19,1075.08,1083.6,7509
MU,2026-09-30 16:30:00-04:00,1083.6,1088.55,1080.04,1083.35,7469
MU,2026-09-30 16:35:00-04:00,1083.34,1086.5,1077.5,1081.91,4896
MU,2026-09-30 16:40:00-04:00,1081.5,1082.0,1073.91,1079.88,4477
MU,2026-09-30 16:45:00-04:00,1079.88,1080.45,1063.91,1071.0,5286
MU,2026-09-30 16:50:00-04:00,1071.0,1071.19,1064.27,1068.97,3378
MU,2026-09-30 16:55:00-04:00,1069.1,1076.0,1068.3,1074.58,2841
MU,2026-09-30 17:00:00-04:00,1075.0,1075.5,1067.37,1067.6,2406
MU,2026-09-30 17:05:00-04:00,1068.29,1069.93,1050.31,1052.56,6510
MU,2026-09-30 17:10:00-04:00,1052.56,1057.0,1046.27,1052.89,4471
MU,2026-09-30 17:15:00-04:00,1052.0,1053.0,1041.2,1050.99,4083
MU,2026-09-30 17:20:00-04:00,1050.15,1060.0,1050.0,1055.15,4024
MU,2026-09-30 17:25:00-04:00,1055.8,1057.96,1052.57,1052.57,1111
MU,2026-09-30 17:30:00-04:00,1052.81,1054.96,1048.62,1052.5,1960
MU,2026-09-30 17:35:00-04:00,1052.11,1055.0,1050.5,1054.56,1042
MU,2026-09-30 17:40:00-04:00,1054.59,1058.18,1054.16,1056.64,1194
MU,2026-09-30 17:45:00-04:00,1056.52,1060.0,1056.42,1058.0,1250
MU,2026-09-30 17:50:00-04:00,1057.75,1059.79,1056.34,1058.31,635
MU,2026-09-30 17:55:00-04:00,1058.46,1058.47,1056.01,1057.55,512
MU,2026-09-30 18:00:00-04:00,1057.76,1058.5,1055.2,1057.74,630
MU,2026-09-30 18:05:00-04:00,1057.85,1060.0,1057.0,1057.5,567
MU,2026-09-30 18:10:00-04:00,1057.54,1062.9,1057.18,1062.5,961
MU,2026-09-30 18:15:00-04:00,1062.8,1065.7,1061.6,1064.25,1344
MU,2026-09-30 18:20:00-04:00,1064.74,1065.0,1061.5,1064.31,760
MU,2026-09-30 18:25:00-04:00,1064.31,1064.31,1062.3,1063.5,384
MU,2026-09-30 18:30:00-04:00,1063.0,1067.88,1062.64,1067.63,732
MU,2026-09-30 18:35:00-04:00,1067.4,1068.98,1066.08,1068.49,709
MU,2026-09-30 18:40:00-04:00,1068.33,1069.0,1066.19,1067.0,524
MU,2026-09-30 18:45:00-04:00,1067.36,1067.95,1066.5,1066.69,412
MU,2026-09-30 18:50:00-04:00,1066.77,1066.9,1065.4,1065.66,335
MU,2026-09-30 18:55:00-04:00,1065.74,1066.98,1065.74,1065.93,284
MU,2026-09-30 19:00:00-04:00,1065.79,1067.92,1065.79,1066.3,285
MU,2026-09-30 19:05:00-04:00,1066.49,1066.5,1064.42,1065.48,327
MU,2026-09-30 19:10:00-04:00,1065.56,1066.0,1065.05,1065.98,222
MU,2026-09-30 19:15:00-04:00,1065.87,1066.38,1065.5,1066.27,301
MU,2026-09-30 19:20:00-04:00,1066.0,1066.38,1065.5,1065.86,162
MU,2026-09-30 19:25:00-04:00,1065.9,1066.1,1063.5,1063.89,284
MU,2026-09-30 19:30:00-04:00,1063.92,1064.91,1063.8,1064.63,303
MU,2026-09-30 19:35:00-04:00,1064.71,1067.7,1064.66,1067.36,389
MU,2026-09-30 19:40:00-04:00,1067.49,1068.0,1067.0,1067.8,326
MU,2026-09-30 19:45:00-04:00,1067.8,1069.0,1067.8,1068.2,543
MU,2026-09-30 19:50:00-04:00,1068.1,1068.5,1067.02,1068.0,439
MU,2026-09-30 19:55:00-04:00,1067.66,1069.0,1067.02,1069.0,758
MU,2026-10-01 04:00:00-04:00,1072.64,1086.41,1067.25,1072.6,6837
MU,2026-10-01 04:05:00-04:00,1073.0,1081.01,1064.5,1065.01,649
MU,2026-10-01 04:10:00-04:00,1064.99,1066.0,1064.2,1064.45,280
MU,2026-10-01 04:15:00-04:00,1064.5,1065.75,1063.46,1063.5,237
MU,2026-10-01 04:20:00-04:00,1063.5,1063.75,1058.0,1058.38,570
MU,2026-10-01 04:25:00-04:00,1058.47,1060.3,1054.16,1055.0,672
MU,2026-10-01 04:30:00-04:00,1054.99,1056.0,1053.33,1055.44,380
MU,2026-10-01 04:35:00-04:00,1054.73,1059.99,1052.37,1059.0,542
MU,2026-10-01 04:40:00-04:00,1059.0,1059.9,1058.03,1058.03,163
MU,2026-10-01 04:45:00-04:00,1058.0,1059.93,1057.0,1059.93,131
MU,2026-10-01 04:50:00-04:00,1059.88,1060.9,1058.99,1060.67,173
MU,2026-10-01 04:55:00-04:00,1059.57,1061.99,1059.45,1060.03,100
MU,2026-10-01 05:00:00-04:00,1060.3,1062.0,1059.11,1062.0,83
MU,2026-10-01 05:05:00-04:00,1062.0,1063.32,1061.85,1063.21,120
MU,2026-10-01 05:10:00-04:00,1063.35,1064.94,1063.26,1064.28,92
MU,2026-10-01 05:15:00-04:00,1064.02,1064.52,1062.48,1063.0,143
MU,2026-10-01 05:20:00-04:00,1063.06,1065.0,1062.7,1064.51,187
MU,2026-10-01 05:25:00-04:00,1063.9,1064.53,1063.0,1063.69,84
MU,2026-10-01 05:30:00-04:00,1063.52,1063.52,1062.74,1063.01,103
MU,2026-10-01 05:35:00-04:00,1063.0,1063.54,1060.5,1061.32,129
MU,2026-10-01 05:40:00-04:00,1061.0,1061.81,1060.3,1061.4,105
MU,2026-10-01 05:45:00-04:00,1061.4,1062.93,1061.2,1062.46,40
MU,2026-10-01 05:50:00-04:00,1061.61,1062.33,1060.4,1060.4,55
MU,2026-10-01 05:55:00-04:00,1060.1,1062.45,1060.04,1062.45,81
MU,2026-10-01 06:00:00-04:00,1062.99,1063.9,1056.0,1056.0,216
MU,2026-10-01 06:05:00-04:00,1056.44,1060.0,1056.0,1059.17,199
MU,2026-10-01 06:10:00-04:00,1059.7,1059.87,1058.59,1059.5,86
MU,2026-10-01 06:15:00-04:00,1059.54,1060.35,1058.8,1060.08,147
MU,2026-10-01 06:20:00-04:00,1060.17,1061.5,1059.31,1061.0,101
MU,2026-10-01 06:25:00-04:00,1061.25,1063.72,1061.0,1062.49,167
MU,2026-10-01 06:30:00-04:00,1062.36,1064.82,1062.36,1063.5,334
MU,2026-10-01 06:35:00-04:00,1064.0,1065.85,1063.5,1063.53,217
MU,2026-10-01 06:40:00-04:00,1064.0,1069.48,1063.41,1069.0,296
MU,2026-10-01 06:45:00-04:00,1069.2,1069.24,1067.23,1068.85,245
MU,2026-10-01 06:50:00-04:00,1068.0,1071.0,1067.99,1070.5,185
MU,2026-10-01 06:55:00-04:00,1070.86,1070.99,1069.17,1070.75,291
MU,2026-10-01 07:00:00-04:00,1070.13,1070.97,1061.13,1061.3,892
MU,2026-10-01 07:05:00-04:00,1061.31,1062.9,1058.0,1061.09,875
MU,2026-10-01 07:10:00-04:00,1060.74,1061.31,1058.7,1059.29,787
MU,2026-10-01 07:15:00-04:00,1059.0,1059.2,1056.8,1057.0,609
MU,2026-10-01 07:20:00-04:00,1057.0,1059.16,1053.0,1053.0,1271
MU,2026-10-01 07:25:00-04:00,1053.0,1055.0,1052.05,1053.01,730
MU,2026-10-01 07:30:00-04:00,1054.46,1056.3,1053.31,1056.0,512
MU,2026-10-01 07:35:00-04:00,1055.61,1056.5,1054.83,1055.92,416
MU,2026-10-01 07:40:00-04:00,1055.5,1056.0,1053.7,1055.11,415
MU,2026-10-01 07:45:00-04:00,1055.31,1057.0,1054.97,1056.99,455
MU,2026-10-01 07:50:00-04:00,1056.99,1058.71,1056.86,1058.5,597
MU,2026-10-01 07:55:00-04:00,1058.34,1060.24,1058.21,1058.83,580
MU,2026-10-01 08:00:00-04:00,1058.74,1059.0,1054.02,1055.22,778
MU,2026-10-01 08:05:00-04:00,1055.5,1061.0,1055.5,1061.0,531
MU,2026-10-01 08:10:00-04:00,1060.99,1061.0,1057.0,1057.0,557
MU,2026-10-01 08:15:00-04:00,1057.0,1057.28,1055.03,1055.79,395
MU,2026-10-01 08:20:00-04:00,1056.01,1057.21,1053.2,1054.85,526
MU,2026-10-01 08:25:00-04:00,1054.97,1057.06,1054.58,1057.0,406
MU,2026-10-01 08:30:00-04:00,1056.28,1059.0,1056.0,1057.3,488
MU,2026-10-01 08:35:00-04:00,1057.05,1058.26,1055.38,1056.5,414
MU,2026-10-01 08:40:00-04:00,1056.5,1056.89,1054.1,1054.88,678
MU,2026-10-01 08:45:00-04:00,1054.52,1056.18,1054.4,1055.55,222
MU,2026-10-01 08:50:00-04:00,1055.79,1055.97,1053.77,1054.0,648
MU,2026-10-01 08:55:00-04:00,1054.0,1054.7,1053.22,1053.47,605
MU,2026-10-01 09:00:00-04:00,1053.5,1054.7,1050.25,1050.58,1585
MU,2026-10-01 09:05:00-04:00,1050.99,1053.72,1050.5,1053.48,811
MU,2026-10-01 09:10:00-04:00,1053.5,1054.6,1051.5,1051.77,786
MU,2026-10-01 09:15:00-04:00,1052.0,1054.31,1051.24,1054.12,843
MU,2026-10-01 09:20:00-04:00,1054.37,1054.7,1051.61,1054.0,1253
MU,2026-10-01 09:25:00-04:00,1053.99,1056.14,1048.4,1053.92,2314
MU,2026-10-01 09:30:00-04:00,1054.08,1075.0,1044.01,1065.61,48287
MU,2026-10-01 09:35:00-04:00,1065.29,1065.61,1036.0,1057.72,32736
MU,2026-10-01 09:40:00-04:00,1057.84,1065.87,1046.83,1052.17,22596
MU,2026-10-01 09:45:00-04:00,1052.27,1057.5,1043.61,1046.67,17473
MU,2026-10-01 09:50:00-04:00,1046.81,1048.73,1042.05,1048.42,14040
MU,2026-10-01 09:55:00-04:00,1048.02,1052.8,1043.79,1044.52,12105
MU,2026-10-01 10:00:00-04:00,1044.53,1044.55,1033.3,1035.82,17287
MU,2026-10-01 10:05:00-04:00,1035.81,1037.06,1031.12,1036.33,13987
MU,2026-10-01 10:10:00-04:00,1036.33,1038.47,1031.11,1034.31,11114
MU,2026-10-01 10:15:00-04:00,1034.31,1035.7,1026.72,1027.7,11368
MU,2026-10-01 10:20:00-04:00,1027.71,1031.0,1022.9,1028.24,14382
MU,2026-10-01 10:25:00-04:00,1028.02,1035.03,1028.02,1033.01,11402
MU,2026-10-01 10:30:00-04:00,1032.94,1041.53,1032.0,1040.18,14297
MU,2026-10-01 10:35:00-04:00,1040.16,1046.64,1038.25,1045.88,12823
MU,2026-10-01 10:40:00-04:00,1046.01,1046.21,1042.24,1043.48,9258
MU,2026-10-01 10:45:00-04:00,1043.42,1051.26,1043.41,1051.08,13348
MU,2026-10-01 10:50:00-04:00,1050.83,1051.79,1040.46,1042.79,10295
MU,2026-10-01 10:55:00-04:00,1042.49,1046.72,1042.11,1043.19,6712
MU,2026-10-01 11:00:00-04:00,1043.38,1044.2,1040.12,1041.88,6896
MU,2026-10-01 11:05:00-04:00,1041.99,1042.7,1037.25,1041.1,6876
MU,2026-10-01 11:10:00-04:00,1041.1,1044.44,1039.22,1044.13,5819
MU,2026-10-01 11:15:00-04:00,1044.2,1056.21,1043.71,1053.5,13116
MU,2026-10-01 11:20:00-04:00,1053.49,1053.5,1045.03,1047.85,8551
MU,2026-10-01 11:25:00-04:00,1047.9,1053.16,1046.18,1049.79,7154
MU,2026-10-01 11:30:00-04:00,1049.83,1050.93,1046.0,1046.51,6000
MU,2026-10-01 11:35:00-04:00,1046.08,1047.64,1044.73,1046.36,4962
MU,2026-10-01 11:40:00-04:00,1046.33,1047.09,1044.56,1046.68,3623
MU,2026-10-01 11:45:00-04:00,1046.65,1048.5,1045.1,1048.39,3629
MU,2026-10-01 11:50:00-04:00,1048.32,1049.9,1045.8,1048.43,3800
MU,2026-10-01 11:55:00-04:00,1048.24,1052.6,1048.2,1049.77,4607
MU,2026-10-01 12:00:00-04:00,1049.77,1049.8,1046.67,1046.93,3622
MU,2026-10-01 12:05:00-04:00,1046.9,1049.96,1046.31,1047.05,3238
MU,2026-10-01 12:10:00-04:00,1047.03,1048.14,1043.35,1044.0,4268
MU,2026-10-01 12:15:00-04:00,1044.21,1046.8,1043.7,1045.67,3445
MU,2026-10-01 12:20:00-04:00,1045.58,1045.95,1042.89,1044.45,3534
MU,2026-10-01 12:25:00-04:00,1044.34,1050.96,1043.64,1047.45,7295
MU,2026-10-01 12:30:00-04:00,1047.51,1051.76,1046.99,1051.62,3657
MU,2026-10-01 12:35:00-04:00,1051.62,1054.73,1050.79,1051.83,6876
MU,2026-10-01 12:40:00-04:00,1051.91,1056.99,1051.76,1056.74,5569
MU,2026-10-01 12:45:00-04:00,1056.87,1062.5,1056.49,1061.69,10807
MU,2026-10-01 12:50:00-04:00,1061.85,1063.58,1058.66,1058.83,8732
MU,2026-10-01 12:55:00-04:00,1058.66,1061.49,1055.71,1061.35,6238
MU,2026-10-01 13:00:00-04:00,1061.18,1063.5,1059.25,1062.81,6113
MU,2026-10-01 13:05:00-04:00,1062.92,1065.65,1060.1,1061.11,6702
MU,2026-10-01 13:10:00-04:00,1061.11,1066.05,1060.56,1064.45,5797
MU,2026-10-01 13:15:00-04:00,1064.48,1071.5,1063.54,1068.3,12531
MU,2026-10-01 13:20:00-04:00,1068.22,1072.75,1068.02,1072.18,9113
MU,2026-10-01 13:25:00-04:00,1072.0,1074.0,1070.5,1073.88,9217
MU,2026-10-01 13:30:00-04:00,1073.76,1078.85,1073.72,1076.71,12741
MU,2026-10-01 13:35:00-04:00,1076.77,1078.48,1075.13,1076.8,8499
MU,2026-10-01 13:40:00-04:00,1076.99,1086.25,1076.5,1085.72,17476
MU,2026-10-01 13:45:00-04:00,1085.72,1093.47,1084.9,1090.81,20422
MU,2026-10-01 13:50:00-04:00,1090.89,1095.13,1088.76,1090.39,15910
MU,2026-10-01 13:55:00-04:00,1090.58,1093.6,1089.03,1092.1,10328
MU,2026-10-01 14:00:00-04:00,1092.15,1092.87,1082.02,1084.12,14554
MU,2026-10-01 14:05:00-04:00,1083.81,1084.5,1076.5,1076.8,10900
MU,2026-10-01 14:10:00-04:00,1076.57,1077.85,1071.47,1074.0,12191
MU,2026-10-01 14:15:00-04:00,1073.99,1076.27,1068.5,1071.19,9096
MU,2026-10-01 14:20:00-04:00,1071.03,1077.1,1069.43,1075.78,8133
MU,2026-10-01 14:25:00-04:00,1075.79,1079.28,1074.26,1079.09,6529
MU,2026-10-01 14:30:00-04:00,1078.97,1080.9,1077.0,1080.27,5606
MU,2026-10-01 14:35:00-04:00,1080.49,1083.49,1078.91,1082.53,7673
MU,2026-10-01 14:40:00-04:00,1082.34,1083.7,1079.53,1081.2,5980
MU,2026-10-01 14:45:00-04:00,1081.23,1086.39,1080.54,1086.33,6725
MU,2026-10-01 14:50:00-04:00,1086.27,1087.59,1084.05,1086.62,6217
MU,2026-10-01 14:55:00-04:00,1086.46,1092.37,1086.28,1090.33,9712
MU,2026-10-01 15:00:00-04:00,1090.68,1091.88,1083.25,1086.03,8354
MU,2026-10-01 15:05:00-04:00,1086.22,1088.0,1085.49,1087.3,6180
MU,2026-10-01 15:10:00-04:00,1087.17,1087.78,1083.33,1084.44,5788
MU,2026-10-01 15:15:00-04:00,1084.29,1088.44,1084.07,1088.0,4884
MU,2026-10-01 15:20:00-04:00,1088.0,1088.68,1086.73,1086.78,3806
MU,2026-10-01 15:25:00-04:00,1086.88,1089.5,1086.69,1089.1,4942
MU,2026-10-01 15:30:00-04:00,1089.18,1095.74,1085.0,1085.76,15715
MU,2026-10-01 15:35:00-04:00,1085.77,1088.88,1085.63,1088.5,5165
MU,2026-10-01 15:40:00-04:00,1088.6,1088.88,1086.62,1088.69,4730
MU,2026-10-01 15:45:00-04:00,1088.58,1094.56,1088.32,1094.17,11137
MU,2026-10-01 15:50:00-04:00,1094.1,1095.75,1093.0,1094.49,15296
MU,2026-10-01 15:55:00-04:00,1094.02,1098.9,1091.5,1097.68,30504
MU,2026-10-01 16:00:00-04:00,1097.39,1098.67,1092.89,1095.25,39061
MU,2026-10-01 16:05:00-04:00,1095.47,1096.0,1093.07,1094.19,842
MU,2026-10-01 16:10:00-04:00,1094.0,1094.06,1090.66,1092.01,825
MU,2026-10-01 16:15:00-04:00,1092.24,1093.88,1092.0,1093.01,397
MU,2026-10-01 16:20:00-04:00,1093.12,1093.54,1092.0,1092.1,265
MU,2026-10-01 16:25:00-04:00,1092.01,1097.39,1091.9,1092.5,383
MU,2026-10-01 16:30:00-04:00,1092.1,1097.39,1091.5,1091.88,637
MU,2026-10-01 16:35:00-04:00,1091.99,1092.75,1090.0,1091.18,445
MU,2026-10-01 16:40:00-04:00,1091.36,1092.5,1090.1,1091.08,302
MU,2026-10-01 16:45:00-04:00,1091.07,1092.0,1090.73,1091.5,168
MU,2026-10-01 16:50:00-04:00,1091.0,1091.9,1090.2,1090.94,108
MU,2026-10-01 16:55:00-04:00,1090.92,1090.92,1090.01,1090.57,170
MU,2026-10-01 17:00:00-04:00,1090.3,1091.8,1090.3,1091.8,130
MU,2026-10-01 17:05:00-04:00,1091.8,1091.86,1090.78,1091.2,161
MU,2026-10-01 17:10:00-04:00,1090.85,1090.86,1089.0,1089.3,268
MU,2026-10-01 17:15:00-04:00,1089.12,1090.0,1089.1,1089.4,198
MU,2026-10-01 17:20:00-04:00,1089.51,1089.83,1088.0,1088.59,258
MU,2026-10-01 17:25:00-04:00,1088.5,1088.75,1087.21,1087.51,325
MU,2026-10-01 17:30:00-04:00,1087.5,1088.75,1087.0,1088.75,439
MU,2026-10-01 17:35:00-04:00,1088.89,1088.95,1088.46,1088.75,129
MU,2026-10-01 17:40:00-04:00,1088.61,1088.61,1088.01,1088.33,90
MU,2026-10-01 17:45:00-04:00,1088.5,1089.24,1087.36,1088.99,117
MU,2026-10-01 17:50:00-04:00,1088.99,1089.5,1088.99,1089.07,81
MU,2026-10-01 17:55:00-04:00,1089.31,1089.31,1088.38,1089.0,96
MU,2026-10-01 18:00:00-04:00,1089.0,1091.0,1089.0,1090.0,265
MU,2026-10-01 18:05:00-04:00,1090.23,1091.01,1089.99,1089.99,157
MU,2026-10-01 18:10:00-04:00,1090.01,1090.66,1090.0,1090.13,47
MU,2026-10-01 18:15:00-04:00,1090.0,1090.12,1089.15,1089.27,47
MU,2026-10-01 18:20:00-04:00,1089.32,1089.58,1088.28,1088.94,131
MU,2026-10-01 18:25:00-04:00,1088.5,1089.0,1088.0,1088.3,84
MU,2026-10-01 18:30:00-04:00,1088.33,1089.5,1088.32,1088.55,52
MU,2026-10-01 18:35:00-04:00,1089.0,1089.99,1088.8,1089.79,75
MU,2026-10-01 18:40:00-04:00,1090.0,1090.0,1088.6,1088.6,100
MU,2026-10-01 18:45:00-04:00,1088.93,1089.55,1088.93,1089.03,36
MU,2026-10-01 18:50:00-04:00,1089.06,1089.65,1088.6,1089.01,184
MU,2026-10-01 18:55:00-04:00,1089.25,1090.93,1089.0,1090.5,203
MU,2026-10-01 19:00:00-04:00,1090.5,1093.33,1090.5,1092.85,485
MU,2026-10-01 19:05:00-04:00,1092.89,1092.97,1091.0,1092.0,123
MU,2026-10-01 19:10:00-04:00,1092.0,1092.26,1091.48,1092.26,142
MU,2026-10-01 19:15:00-04:00,1092.26,1092.5,1091.67,1092.3,99
MU,2026-10-01 19:20:00-04:00,1092.08,1092.08,1091.0,1091.02,118
MU,2026-10-01 19:25:00-04:00,1091.35,1092.1,1091.28,1091.5,131
MU,2026-10-01 19:30:00-04:00,1091.56,1091.7,1091.28,1091.48,132
MU,2026-10-01 19:35:00-04:00,1091.8,1091.8,1091.02,1091.12,117
MU,2026-10-01 19:40:00-04:00,1091.22,1092.08,1090.47,1091.9,134
MU,2026-10-01 19:45:00-04:00,1091.5,1091.5,1090.67,1091.15,119
MU,2026-10-01 19:50:00-04:00,1091.3,1092.47,1091.01,1092.0,284
MU,2026-10-01 19:55:00-04:00,1092.0,1092.55,1090.2,1090.2,411
MU,2026-10-02 04:00:00-04:00,1095.0,1097.45,1090.5,1094.96,1809
MU,2026-10-02 04:05:00-04:00,1094.5,1098.2,1090.66,1098.0,264
MU,2026-10-02 04:10:00-04:00,1098.0,1104.92,1097.5,1103.3,770
MU,2026-10-02 04:15:00-04:00,1103.16,1104.92,1102.03,1102.99,269
MU,2026-10-02 04:20:00-04:00,1103.34,1108.72,1103.0,1107.81,622
MU,2026-10-02 04:25:00-04:00,1107.5,1109.0,1105.15,1106.0,315
MU,2026-10-02 04:30:00-04:00,1106.0,1107.0,1105.16,1106.0,248
MU,2026-10-02 04:35:00-04:00,1106.3,1109.0,1106.3,1108.06,195
MU,2026-10-02 04:40:00-04:00,1108.3,1108.34,1106.0,1106.57,171
MU,2026-10-02 04:45:00-04:00,1106.55,1108.06,1106.0,1107.67,100
MU,2026-10-02 04:50:00-04:00,1107.7,1107.77,1106.59,1107.27,51
MU,2026-10-02 04:55:00-04:00,1107.86,1108.89,1107.65,1108.24,88
MU,2026-10-02 05:00:00-04:00,1108.62,1108.62,1105.5,1105.62,154
MU,2026-10-02 05:05:00-04:00,1105.62,1106.39,1105.5,1106.39,61
MU,2026-10-02 05:10:00-04:00,1106.65,1107.7,1106.5,1106.7,73
MU,2026-10-02 05:15:00-04:00,1107.01,1109.29,1107.01,1108.75,189
MU,2026-10-02 05:20:00-04:00,1108.59,1112.0,1108.25,1108.74,364
MU,2026-10-02 05:25:00-04:00,1108.89,1108.96,1107.6,1108.1,98
MU,2026-10-02 05:30:00-04:00,1108.2,1108.57,1107.72,1107.85,74
MU,2026-10-02 05:35:00-04:00,1107.68,1109.3,1106.99,1109.0,93
MU,2026-10-02 05:40:00-04:00,1109.1,1110.32,1109.09,1109.68,151
MU,2026-10-02 05:45:00-04:00,1109.62,1111.11,1108.99,1110.0,199
MU,2026-10-02 05:50:00-04:00,1110.8,1112.28,1110.08,1112.13,180
MU,2026-10-02 05:55:00-04:00,1111.95,1113.89,1110.01,1113.44,194
MU,2026-10-02 06:00:00-04:00,1113.23,1113.47,1109.42,1110.61,151
MU,2026-10-02 06:05:00-04:00,1110.61,1110.8,1108.91,1108.91,113
MU,2026-10-02 06:10:00-04:00,1108.68,1109.0,1107.71,1108.82,269
MU,2026-10-02 06:15:00-04:00,1109.25,1110.39,1108.4,1108.64,69
MU,2026-10-02 06:20:00-04:00,1108.47,1109.2,1106.08,1107.0,192
MU,2026-10-02 06:25:00-04:00,1107.61,1109.7,1107.61,1108.83,95
MU,2026-10-02 06:30:00-04:00,1109.0,1109.7,1108.23,1109.4,121
MU,2026-10-02 06:35:00-04:00,1109.0,1109.38,1107.3,1107.3,106
MU,2026-10-02 06:40:00-04:00,1107.05,1108.5,1107.05,1107.6,74
MU,2026-10-02 06:45:00-04:00,1107.5,1107.5,1105.67,1106.31,309
MU,2026-10-02 06:50:00-04:00,1106.35,1107.51,1104.8,1104.86,222
MU,2026-10-02 06:55:00-04:00,1104.92,1105.44,1102.9,1104.2,306
MU,2026-10-02 07:00:00-04:00,1104.21,1105.5,1100.7,1105.5,1128
MU,2026-10-02 07:05:00-04:00,1105.34,1106.35,1103.49,1103.49,539
MU,2026-10-02 07:10:00-04:00,1103.35,1104.2,1091.0,1096.16,2181
MU,2026-10-02 07:15:00-04:00,1095.71,1098.29,1093.83,1098.0,802
MU,2026-10-02 07:20:00-04:00,1098.11,1101.74,1098.0,1099.53,851
MU,2026-10-02 07:25:00-04:00,1100.04,1101.11,1098.54,1101.07,416
MU,2026-10-02 07:30:00-04:00,1101.1,1101.37,1098.35,1098.35,355
MU,2026-10-02 07:35:00-04:00,1098.01,1102.5,1096.0,1098.68,712
MU,2026-10-02 07:40:00-04:00,1098.0,1098.03,1094.01,1096.95,770
MU,2026-10-02 07:45:00-04:00,1096.17,1096.66,1094.01,1094.56,363
MU,2026-10-02 07:50:00-04:00,1095.31,1096.89,1092.0,1095.0,969
MU,2026-10-02 07:55:00-04:00,1094.7,1096.5,1093.05,1096.38,321
MU,2026-10-02 08:00:00-04:00,1096.0,1096.1,1092.6,1093.5,482
MU,2026-10-02 08:05:00-04:00,1094.0,1096.0,1093.5,1095.09,260
MU,2026-10-02 08:10:00-04:00,1095.0,1098.58,1094.98,1097.6,537
MU,2026-10-02 08:15:00-04:00,1098.0,1098.5,1096.1,1097.75,427
MU,2026-10-02 08:20:00-04:00,1098.0,1099.75,1097.0,1097.78,530
MU,2026-10-02 08:25:00-04:00,1097.94,1102.0,1097.0,1101.01,536
MU,2026-10-02 08:30:00-04:00,1101.0,1107.57,1100.26,1106.0,2037
MU,2026-10-02 08:35:00-04:00,1106.04,1107.58,1103.49,1107.0,1146
MU,2026-10-02 08:40:00-04:00,1106.96,1107.0,1102.0,1104.3,879
MU,2026-10-02 08:45:00-04:00,1103.93,1106.5,1103.07,1106.49,1017
MU,2026-10-02 08:50:00-04:00,1106.11,1108.3,1105.33,1108.08,1078
MU,2026-10-02 08:55:00-04:00,1108.3,1111.57,1108.05,1111.0,1920
MU,2026-10-02 09:00:00-04:00,1110.67,1111.57,1109.65,1111.2,1359
MU,2026-10-02 09:05:00-04:00,1111.22,1111.9,1108.0,1109.08,1029
MU,2026-10-02 09:10:00-04:00,1109.09,1109.2,1108.0,1109.0,370
MU,2026-10-02 09:15:00-04:00,1108.5,1112.45,1108.37,1112.3,624
TSLA,2026-09-30 04:00:00-04:00,354.2,355.0,353.31,355.0,1103
TSLA,2026-09-30 04:05:00-04:00,355.0,355.0,353.32,354.55,71
TSLA,2026-09-30 04:10:00-04:00,354.55,354.58,354.2,354.2,31
TSLA,2026-09-30 04:15:00-04:00,354.49,354.7,354.34,354.68,51
TSLA,2026-09-30 04:20:00-04:00,354.4,354.56,354.4,354.5,29
TSLA,2026-09-30 04:25:00-04:00,354.6,354.86,354.47,354.58,50
TSLA,2026-09-30 04:30:00-04:00,354.43,354.43,354.23,354.27,34
TSLA,2026-09-30 04:35:00-04:00,354.6,354.6,354.32,354.36,24
TSLA,2026-09-30 04:40:00-04:00,354.39,354.39,354.12,354.12,40
TSLA,2026-09-30 04:45:00-04:00,354.21,354.36,354.1,354.36,49
TSLA,2026-09-30 04:50:00-04:00,354.1,354.4,354.1,354.28,34
TSLA,2026-09-30 04:55:00-04:00,354.14,354.36,354.08,354.08,25
TSLA,2026-09-30 05:00:00-04:00,354.01,354.09,353.88,354.0,75
TSLA,2026-09-30 05:05:00-04:00,354.03,354.04,353.58,353.58,85
TSLA,2026-09-30 05:10:00-04:00,353.57,353.85,353.57,353.85,44
TSLA,2026-09-30 05:15:00-04:00,353.86,353.86,353.78,353.78,4
TSLA,2026-09-30 05:20:00-04:00,353.83,353.83,353.62,353.75,28
TSLA,2026-09-30 05:25:00-04:00,353.71,353.78,353.62,353.77,20
TSLA,2026-09-30 05:30:00-04:00,353.73,353.91,353.22,353.7,149
TSLA,2026-09-30 05:35:00-04:00,353.66,353.84,353.5,353.5,30
TSLA,2026-09-30 05:40:00-04:00,353.33,353.57,353.33,353.4,30
TSLA,2026-09-30 05:45:00-04:00,353.43,353.62,353.41,353.5,46
TSLA,2026-09-30 05:50:00-04:00,353.5,353.56,353.5,353.51,14
TSLA,2026-09-30 05:55:00-04:00,353.46,353.58,353.46,353.54,32
TSLA,2026-09-30 06:00:00-04:00,353.51,353.54,353.22,353.44,81
TSLA,2026-09-30 06:05:00-04:00,353.3,353.42,353.3,353.37,15
TSLA,2026-09-30 06:10:00-04:00,353.4,353.4,352.84,352.84,151
TSLA,2026-09-30 06:15:00-04:00,352.84,353.0,352.57,352.88,124
TSLA,2026-09-30 06:20:00-04:00,353.08,353.15,353.0,353.0,71
TSLA,2026-09-30 06:25:00-04:00,353.05,353.14,352.99,353.02,63
TSLA,2026-09-30 06:30:00-04:00,353.0,353.0,350.02,350.23,2228
TSLA,2026-09-30 06:35:00-04:00,350.23,350.94,349.31,350.8,1297
TSLA,2026-09-30 06:40:00-04:00,350.99,351.55,350.13,350.31,660
TSLA,2026-09-30 06:45:00-04:00,350.36,351.22,350.16,351.14,318
TSLA,2026-09-30 06:50:00-04:00,351.2,351.64,351.18,351.64,199
TSLA,2026-09-30 06:55:00-04:00,351.59,351.64,351.14,351.3,147
TSLA,2026-09-30 07:00:00-04:00,351.27,351.33,349.9,350.29,1329
TSLA,2026-09-30 07:05:00-04:00,350.17,350.49,349.8,350.07,644
TSLA,2026-09-30 07:10:00-04:00,349.88,350.18,349.8,349.89,321
TSLA,2026-09-30 07:15:00-04:00,349.85,349.99,349.5,349.53,550
TSLA,2026-09-30 07:20:00-04:00,349.49,350.19,349.45,350.1,264
TSLA,2026-09-30 07:25:00-04:00,350.05,350.67,350.05,350.6,382
TSLA,2026-09-30 07:30:00-04:00,350.52,350.99,350.52,350.92,373
TSLA,2026-09-30 07:35:00-04:00,350.92,350.96,350.34,350.86,379
TSLA,2026-09-30 07:40:00-04:00,350.89,350.9,350.34,350.59,132
TSLA,2026-09-30 07:45:00-04:00,350.64,350.72,349.75,349.85,497
TSLA,2026-09-30 07:50:00-04:00,349.8,349.87,349.54,349.6,585
TSLA,2026-09-30 07:55:00-04:00,349.77,350.22,349.73,350.22,209
TSLA,2026-09-30 08:00:00-04:00,350.13,350.22,349.5,349.75,483
TSLA,2026-09-30 08:05:00-04:00,349.86,349.86,349.16,349.73,790
TSLA,2026-09-30 08:10:00-04:00,349.72,350.1,349.59,350.1,532
TSLA,2026-09-30 08:15:00-04:00,350.1,350.19,349.5,349.8,235
TSLA,2026-09-30 08:20:00-04:00,349.82,350.12,349.63,350.1,309
TSLA,2026-09-30 08:25:00-04:00,350.1,350.69,350.0,350.61,306
TSLA,2026-09-30 08:30:00-04:00,350.53,352.49,350.46,352.18,1379
TSLA,2026-09-30 08:35:00-04:00,352.09,352.2,350.88,351.38,730
TSLA,2026-09-30 08:40:00-04:00,351.5,351.96,351.38,351.9,715
TSLA,2026-09-30 08:45:00-04:00,351.8,352.1,351.55,351.8,842
TSLA,2026-09-30 08:50:00-04:00,351.8,351.81,351.11,351.57,749
TSLA,2026-09-30 08:55:00-04:00,351.56,351.82,351.37,351.5,285
TSLA,2026-09-30 09:00:00-04:00,351.51,352.45,351.51,352.39,571
TSLA,2026-09-30 09:05:00-04:00,352.39,352.89,352.19,352.88,1317
TSLA,2026-09-30 09:10:00-04:00,352.81,353.49,352.6,353.29,831
TSLA,2026-09-30 09:15:00-04:00,353.21,353.49,352.85,352.95,680
TSLA,2026-09-30 09:20:00-04:00,352.96,353.35,352.86,353.33,663
TSLA,2026-09-30 09:25:00-04:00,353.31,353.39,351.92,352.01,735
TSLA,2026-09-30 09:30:00-04:00,352.01,352.5,346.6,347.23,40635
TSLA,2026-09-30 09:35:00-04:00,347.23,347.81,346.42,347.57,25433
TSLA,2026-09-30 09:40:00-04:00,347.56,347.68,346.54,347.02,15459
TSLA,2026-09-30 09:45:00-04:00,346.98,347.4,345.88,346.96,19029
TSLA,2026-09-30 09:50:00-04:00,346.98,347.04,346.22,346.92,9534
TSLA,2026-09-30 09:55:00-04:00,346.86,347.23,346.37,346.77,11065
TSLA,2026-09-30 10:00:00-04:00,346.78,348.72,346.7,348.53,19684
TSLA,2026-09-30 10:05:00-04:00,348.53,350.33,348.46,348.82,25893
TSLA,2026-09-30 10:10:00-04:00,348.84,349.82,347.94,349.53,15289
TSLA,2026-09-30 10:15:00-04:00,349.53,350.2,348.91,349.93,12571
TSLA,2026-09-30 10:20:00-04:00,349.93,350.66,349.38,350.37,14525
TSLA,2026-09-30 10:25:00-04:00,350.41,351.39,350.3,350.95,15290
TSLA,2026-09-30 10:30:00-04:00,350.95,351.4,350.57,350.91,10783
TSLA,2026-09-30 10:35:00-04:00,350.93,350.99,350.24,350.54,8183
TSLA,2026-09-30 10:40:00-04:00,350.54,350.89,349.73,349.73,7036
TSLA,2026-09-30 10:45:00-04:00,349.77,350.26,349.45,349.91,8719
TSLA,2026-09-30 10:50:00-04:00,349.91,349.99,348.45,348.8,9625
TSLA,2026-09-30 10:55:00-04:00,348.78,349.47,348.71,349.03,8386
TSLA,2026-09-30 11:00:00-04:00,349.05,349.15,348.3,348.67,7174
TSLA,2026-09-30 11:05:00-04:00,348.68,348.83,348.19,348.72,6182
TSLA,2026-09-30 11:10:00-04:00,348.7,348.91,348.02,348.11,6647
TSLA,2026-09-30 11:15:00-04:00,348.1,348.61,347.93,347.97,5895
TSLA,2026-09-30 11:20:00-04:00,348.0,348.15,347.14,347.57,8861
TSLA,2026-09-30 11:25:00-04:00,347.57,348.09,347.19,348.04,7411
TSLA,2026-09-30 11:30:00-04:00,348.09,348.69,347.72,348.54,8683
TSLA,2026-09-30 11:35:00-04:00,348.5,348.79,348.23,348.69,5531
TSLA,2026-09-30 11:40:00-04:00,348.69,349.6,348.63,349.04,9477
TSLA,2026-09-30 11:45:00-04:00,349.03,350.31,348.92,349.89,10089
TSLA,2026-09-30 11:50:00-04:00,349.91,350.04,349.58,349.79,5403
TSLA,2026-09-30 11:55:00-04:00,349.8,350.69,349.77,350.5,8139
TSLA,2026-09-30 12:00:00-04:00,350.5,350.79,350.22,350.51,6258
TSLA,2026-09-30 12:05:00-04:00,350.51,351.11,350.35,351.04,6456
TSLA,2026-09-30 12:10:00-04:00,351.06,351.55,350.74,351.07,8104
TSLA,2026-09-30 12:15:00-04:00,351.07,351.09,350.44,350.82,6776
TSLA,2026-09-30 12:20:00-04:00,350.86,351.73,350.7,350.71,6801
TSLA,2026-09-30 12:25:00-04:00,350.74,351.0,350.52,350.58,3835
TSLA,2026-09-30 12:30:00-04:00,350.61,350.99,350.15,350.95,6164
TSLA,2026-09-30 12:35:00-04:00,350.89,350.94,350.37,350.61,3197
TSLA,2026-09-30 12:40:00-04:00,350.61,350.82,350.35,350.7,2853
TSLA,2026-09-30 12:45:00-04:00,350.7,350.71,350.32,350.52,3368
TSLA,2026-09-30 12:50:00-04:00,350.55,351.24,350.39,351.06,4484
TSLA,2026-09-30 12:55:00-04:00,351.09,351.64,351.0,351.29,8063
TSLA,2026-09-30 13:00:00-04:00,351.29,351.88,351.24,351.78,5832
TSLA,2026-09-30 13:05:00-04:00,351.78,351.89,351.34,351.41,5076
TSLA,2026-09-30 13:10:00-04:00,351.43,351.71,351.34,351.45,4269
TSLA,2026-09-30 13:15:00-04:00,351.43,351.54,350.94,350.95,4418
TSLA,2026-09-30 13:20:00-04:00,350.97,351.25,350.86,351.24,3944
TSLA,2026-09-30 13:25:00-04:00,351.2,351.64,350.75,351.55,4457
TSLA,2026-09-30 13:30:00-04:00,351.57,352.71,351.45,352.59,9227
TSLA,2026-09-30 13:35:00-04:00,352.59,353.21,352.17,353.2,8981
TSLA,2026-09-30 13:40:00-04:00,353.2,353.71,352.8,353.6,11174
TSLA,2026-09-30 13:45:00-04:00,353.65,354.43,353.4,353.89,10952
TSLA,2026-09-30 13:50:00-04:00,353.89,354.14,353.41,353.61,7370
TSLA,2026-09-30 13:55:00-04:00,353.65,354.06,353.55,353.84,4483
TSLA,2026-09-30 14:00:00-04:00,353.88,353.88,353.11,353.28,5290
TSLA,2026-09-30 14:05:00-04:00,353.24,353.54,353.11,353.4,4636
TSLA,2026-09-30 14:10:00-04:00,353.36,353.5,353.11,353.3,2921
TSLA,2026-09-30 14:15:00-04:00,353.3,353.32,352.66,352.76,4567
TSLA,2026-09-30 14:20:00-04:00,352.75,352.81,352.37,352.53,5227
TSLA,2026-09-30 14:25:00-04:00,352.53,352.8,352.45,352.72,3884
TSLA,2026-09-30 14:30:00-04:00,352.75,352.85,351.45,351.7,6489
TSLA,2026-09-30 14:35:00-04:00,351.73,352.35,351.52,352.24,5320
TSLA,2026-09-30 14:40:00-04:00,352.22,352.3,351.92,352.04,3546
TSLA,2026-09-30 14:45:00-04:00,352.03,352.47,351.96,352.31,4495
TSLA,2026-09-30 14:50:00-04:00,352.31,352.44,352.01,352.39,3054
TSLA,2026-09-30 14:55:00-04:00,352.35,353.02,352.35,352.94,5412
TSLA,2026-09-30 15:00:00-04:00,352.91,353.21,352.65,352.8,4708
TSLA,2026-09-30 15:05:00-04:00,352.8,353.29,352.76,353.29,4766
TSLA,2026-09-30 15:10:00-04:00,353.3,353.4,352.93,353.18,5435
TSLA,2026-09-30 15:15:00-04:00,353.21,353.59,352.85,352.97,4903
TSLA,2026-09-30 15:20:00-04:00,352.94,353.13,352.67,352.76,3297
TSLA,2026-09-30 15:25:00-04:00,352.74,352.98,352.35,352.43,4903
TSLA,2026-09-30 15:30:00-04:00,352.41,352.71,352.04,352.18,7366
TSLA,2026-09-30 15:35:00-04:00,352.18,352.42,351.93,352.07,5385
TSLA,2026-09-30 15:40:00-04:00,352.06,352.15,351.7,351.77,4324
TSLA,2026-09-30 15:45:00-04:00,351.77,352.39,351.72,352.38,5508
TSLA,2026-09-30 15:50:00-04:00,352.36,353.76,351.94,353.74,13423
TSLA,2026-09-30 15:55:00-04:00,353.71,355.22,353.55,354.9,39012
TSLA,2026-09-30 16:00:00-04:00,354.9,355.7,354.37,354.98,83954
TSLA,2026-09-30 16:05:00-04:00,354.83,354.98,354.62,354.82,841
TSLA,2026-09-30 16:10:00-04:00,354.82,355.2,354.73,355.08,463
TSLA,2026-09-30 16:15:00-04:00,355.1,355.2,354.81,355.19,678
TSLA,2026-09-30 16:20:00-04:00,355.19,355.25,354.85,354.9,625
TSLA,2026-09-30 16:25:00-04:00,354.9,354.9,354.75,354.8,286
TSLA,2026-09-30 16:30:00-04:00,354.84,354.85,354.0,354.12,520
TSLA,2026-09-30 16:35:00-04:00,354.11,354.7,354.1,354.6,291
TSLA,2026-09-30 16:40:00-04:00,354.6,354.65,354.06,354.29,413
TSLA,2026-09-30 16:45:00-04:00,354.62,354.64,354.45,354.6,126
TSLA,2026-09-30 16:50:00-04:00,354.52,354.79,354.45,354.65,307
TSLA,2026-09-30 16:55:00-04:00,354.68,354.7,354.55,354.56,94
TSLA,2026-09-30 17:00:00-04:00,354.55,354.56,354.4,354.4,153
TSLA,2026-09-30 17:05:00-04:00,354.4,354.41,354.12,354.12,120
TSLA,2026-09-30 17:10:00-04:00,354.13,354.13,353.69,353.84,215
TSLA,2026-09-30 17:15:00-04:00,353.86,353.86,353.5,353.5,146
TSLA,2026-09-30 17:20:00-04:00,353.68,353.91,353.57,353.6,187
TSLA,2026-09-30 17:25:00-04:00,353.64,353.8,353.64,353.77,48
TSLA,2026-09-30 17:30:00-04:00,353.76,353.78,353.61,353.66,51
TSLA,2026-09-30 17:35:00-04:00,353.66,353.75,353.61,353.69,53
TSLA,2026-09-30 17:40:00-04:00,353.79,353.79,353.76,353.79,37
TSLA,2026-09-30 17:45:00-04:00,353.79,353.85,353.78,353.83,36
TSLA,2026-09-30 17:50:00-04:00,353.83,353.83,353.7,353.71,64
TSLA,2026-09-30 17:55:00-04:00,353.72,353.75,353.72,353.74,67
TSLA,2026-09-30 18:00:00-04:00,353.73,354.12,353.73,353.97,182
TSLA,2026-09-30 18:05:00-04:00,354.02,354.19,354.02,354.1,22
TSLA,2026-09-30 18:10:00-04:00,354.1,354.15,353.98,353.99,84
TSLA,2026-09-30 18:15:00-04:00,354.0,354.15,354.0,354.11,37
TSLA,2026-09-30 18:20:00-04:00,354.11,354.15,354.0,354.07,105
TSLA,2026-09-30 18:25:00-04:00,354.08,354.34,354.02,354.34,92
TSLA,2026-09-30 18:30:00-04:00,354.3,354.37,354.15,354.17,86
TSLA,2026-09-30 18:35:00-04:00,354.16,354.3,354.16,354.3,21
TSLA,2026-09-30 18:40:00-04:00,354.37,354.58,354.3,354.44,125
TSLA,2026-09-30 18:45:00-04:00,354.57,354.6,354.44,354.45,29
TSLA,2026-09-30 18:50:00-04:00,354.46,354.46,354.25,354.3,33
TSLA,2026-09-30 18:55:00-04:00,354.31,354.43,354.25,354.4,17
TSLA,2026-09-30 19:00:00-04:00,354.39,354.51,354.35,354.4,67
TSLA,2026-09-30 19:05:00-04:00,354.49,354.51,354.38,354.51,55
TSLA,2026-09-30 19:10:00-04:00,354.51,354.6,354.5,354.51,73
TSLA,2026-09-30 19:15:00-04:00,354.5,354.55,354.42,354.55,64
TSLA,2026-09-30 19:20:00-04:00,354.53,354.65,354.5,354.55,39
TSLA,2026-09-30 19:25:00-04:00,354.62,354.65,354.5,354.51,74
TSLA,2026-09-30 19:30:00-04:00,354.56,354.65,354.51,354.62,77
TSLA,2026-09-30 19:35:00-04:00,354.65,354.96,354.53,354.95,113
TSLA,2026-09-30 19:40:00-04:00,354.95,354.98,354.8,354.8,49
TSLA,2026-09-30 19:45:00-04:00,354.88,354.99,354.85,354.9,96
TSLA,2026-09-30 19:50:00-04:00,354.88,355.0,354.8,355.0,75
TSLA,2026-09-30 19:55:00-04:00,354.99,355.0,354.99,355.0,158
TSLA,2026-10-01 04:00:00-04:00,355.4,358.31,355.4,356.3,3625
TSLA,2026-10-01 04:05:00-04:00,356.3,358.03,356.0,356.0,311
TSLA,2026-10-01 04:10:00-04:00,355.9,356.53,355.68,356.12,173
TSLA,2026-10-01 04:15:00-04:00,356.02,356.39,355.88,356.12,51
TSLA,2026-10-01 04:20:00-04:00,355.94,355.99,355.5,355.5,100
TSLA,2026-10-01 04:25:00-04:00,355.4,355.75,355.4,355.4,107
TSLA,2026-10-01 04:30:00-04:00,355.37,355.61,354.7,355.1,186
TSLA,2026-10-01 04:35:00-04:00,355.25,355.8,355.2,355.67,124
TSLA,2026-10-01 04:40:00-04:00,355.7,355.9,355.7,355.79,77
TSLA,2026-10-01 04:45:00-04:00,355.71,355.92,355.65,355.92,73
TSLA,2026-10-01 04:50:00-04:00,355.92,356.15,355.85,355.9,103
TSLA,2026-10-01 04:55:00-04:00,355.84,356.47,355.84,356.4,108
TSLA,2026-10-01 05:00:00-04:00,356.32,356.69,356.32,356.62,22
TSLA,2026-10-01 05:05:00-04:00,356.69,356.76,356.47,356.5,101
TSLA,2026-10-01 05:10:00-04:00,356.55,356.7,356.5,356.53,106
TSLA,2026-10-01 05:15:00-04:00,356.72,356.72,356.53,356.55,25
TSLA,2026-10-01 05:20:00-04:00,356.5,356.88,356.5,356.88,35
TSLA,2026-10-01 05:25:00-04:00,356.75,356.85,356.64,356.7,27
TSLA,2026-10-01 05:30:00-04:00,356.62,356.76,356.5,356.76,28
TSLA,2026-10-01 05:35:00-04:00,356.76,356.76,356.7,356.7,11
TSLA,2026-10-01 05:40:00-04:00,356.5,356.6,356.3,356.37,53
TSLA,2026-10-01 05:45:00-04:00,356.44,356.58,356.44,356.58,13
TSLA,2026-10-01 05:50:00-04:00,356.5,356.69,356.3,356.3,71
TSLA,2026-10-01 05:55:00-04:00,356.16,356.4,356.11,356.38,13
TSLA,2026-10-01 06:00:00-04:00,356.4,356.4,355.52,355.52,100
TSLA,2026-10-01 06:05:00-04:00,355.52,355.93,355.52,355.93,11
TSLA,2026-10-01 06:10:00-04:00,355.94,356.28,355.82,356.14,69
TSLA,2026-10-01 06:15:00-04:00,356.17,356.3,356.0,356.28,32
TSLA,2026-10-01 06:20:00-04:00,356.3,356.6,356.3,356.38,79
TSLA,2026-10-01 06:25:00-04:00,356.4,356.4,356.21,356.31,79
TSLA,2026-10-01 06:30:00-04:00,356.33,356.56,356.33,356.55,35
TSLA,2026-10-01 06:35:00-04:00,356.55,356.56,356.43,356.44,62
TSLA,2026-10-01 06:40:00-04:00,356.45,356.95,356.38,356.95,125
TSLA,2026-10-01 06:45:00-04:00,356.93,356.97,356.81,356.85,43
TSLA,2026-10-01 06:50:00-04:00,356.76,356.94,356.7,356.81,61
TSLA,2026-10-01 06:55:00-04:00,356.83,356.96,356.6,356.65,83
TSLA,2026-10-01 07:00:00-04:00,356.68,356.81,356.5,356.6,287
TSLA,2026-10-01 07:05:00-04:00,356.65,356.7,356.21,356.21,181
TSLA,2026-10-01 07:10:00-04:00,356.26,356.35,356.03,356.1,111
TSLA,2026-10-01 07:15:00-04:00,356.03,356.22,355.98,356.05,175
TSLA,2026-10-01 07:20:00-04:00,356.05,356.1,355.63,355.63,190
TSLA,2026-10-01 07:25:00-04:00,355.62,355.96,355.61,355.65,169
TSLA,2026-10-01 07:30:00-04:00,355.65,356.15,355.65,355.91,136
TSLA,2026-10-01 07:35:00-04:00,355.93,356.23,355.7,356.23,125
TSLA,2026-10-01 07:40:00-04:00,356.29,356.29,356.01,356.28,55
TSLA,2026-10-01 07:45:00-04:00,356.28,356.66,356.13,356.55,165
TSLA,2026-10-01 07:50:00-04:00,356.61,356.7,356.42,356.6,159
TSLA,2026-10-01 07:55:00-04:00,356.56,356.61,356.34,356.49,85
TSLA,2026-10-01 08:00:00-04:00,356.54,356.61,356.35,356.46,159
TSLA,2026-10-01 08:05:00-04:00,356.35,356.57,356.26,356.42,109
TSLA,2026-10-01 08:10:00-04:00,356.46,356.64,356.32,356.32,149
TSLA,2026-10-01 08:15:00-04:00,356.4,356.57,356.25,356.38,115
TSLA,2026-10-01 08:20:00-04:00,356.35,356.5,356.2,356.26,70
TSLA,2026-10-01 08:25:00-04:00,356.26,356.45,356.17,356.31,110
TSLA,2026-10-01 08:30:00-04:00,356.4,356.6,356.3,356.55,143
TSLA,2026-10-01 08:35:00-04:00,356.6,356.89,356.47,356.71,178
TSLA,2026-10-01 08:40:00-04:00,356.8,356.89,356.66,356.66,212
TSLA,2026-10-01 08:45:00-04:00,356.64,356.98,356.63,356.94,141
TSLA,2026-10-01 08:50:00-04:00,356.91,356.99,356.51,356.66,82
TSLA,2026-10-01 08:55:00-04:00,356.57,356.65,356.35,356.5,214
TSLA,2026-10-01 09:00:00-04:00,356.44,356.75,356.15,356.7,159
TSLA,2026-10-01 09:05:00-04:00,356.7,357.5,356.63,357.12,340
TSLA,2026-10-01 09:10:00-04:00,357.04,357.12,356.68,356.75,275
TSLA,2026-10-01 09:15:00-04:00,356.63,356.7,356.28,356.36,230
TSLA,2026-10-01 09:20:00-04:00,356.35,356.61,355.71,355.81,359
TSLA,2026-10-01 09:25:00-04:00,355.8,357.19,355.6,356.85,608
TSLA,2026-10-01 09:30:00-04:00,356.61,358.4,355.32,356.86,27885
TSLA,2026-10-01 09:35:00-04:00,356.8,357.2,355.37,355.62,14504
TSLA,2026-10-01 09:40:00-04:00,355.66,357.8,355.33,357.43,13566
TSLA,2026-10-01 09:45:00-04:00,357.39,357.64,355.61,356.29,16073
TSLA,2026-10-01 09:50:00-04:00,356.29,357.43,355.96,356.26,8816
TSLA,2026-10-01 09:55:00-04:00,356.27,356.65,355.75,355.91,7183
TSLA,2026-10-01 10:00:00-04:00,356.02,356.1,353.8,354.58,14939
TSLA,2026-10-01 10:05:00-04:00,354.58,356.57,354.52,356.49,13017
TSLA,2026-10-01 10:10:00-04:00,356.51,356.58,355.15,355.71,8227
TSLA,2026-10-01 10:15:00-04:00,355.75,356.3,355.17,355.41,5483
TSLA,2026-10-01 10:20:00-04:00,355.42,355.62,353.99,354.62,9602
TSLA,2026-10-01 10:25:00-04:00,354.58,355.68,354.32,355.13,8226
TSLA,2026-10-01 10:30:00-04:00,355.08,356.47,354.79,356.14,9471
TSLA,2026-10-01 10:35:00-04:00,356.2,357.77,355.8,357.7,12848
TSLA,2026-10-01 10:40:00-04:00,357.76,359.0,357.01,358.25,18973
TSLA,2026-10-01 10:45:00-04:00,358.25,359.26,357.55,358.66,15505
TSLA,2026-10-01 10:50:00-04:00,358.64,359.01,357.87,358.45,8981
TSLA,2026-10-01 10:55:00-04:00,358.45,359.5,358.36,358.92,11087
TSLA,2026-10-01 11:00:00-04:00,358.92,359.48,358.32,359.22,10678
TSLA,2026-10-01 11:05:00-04:00,359.22,359.79,356.85,356.97,14944
TSLA,2026-10-01 11:10:00-04:00,356.88,358.15,356.34,358.14,10508
TSLA,2026-10-01 11:15:00-04:00,358.07,358.59,357.8,357.89,6861
TSLA,2026-10-01 11:20:00-04:00,357.89,358.88,357.81,358.35,5746
TSLA,2026-10-01 11:25:00-04:00,358.37,358.6,357.32,357.33,4411
TSLA,2026-10-01 11:30:00-04:00,357.34,357.35,356.4,356.48,6309
TSLA,2026-10-01 11:35:00-04:00,356.43,357.05,356.11,356.83,5585
TSLA,2026-10-01 11:40:00-04:00,356.82,357.4,356.21,356.47,5304
TSLA,2026-10-01 11:45:00-04:00,356.4,356.67,356.24,356.51,2711
TSLA,2026-10-01 11:50:00-04:00,356.5,357.0,355.9,356.83,5146
TSLA,2026-10-01 11:55:00-04:00,356.84,357.5,356.71,357.4,4127
TSLA,2026-10-01 12:00:00-04:00,357.39,358.4,357.09,358.2,6397
TSLA,2026-10-01 12:05:00-04:00,358.2,358.25,357.24,357.49,4968
TSLA,2026-10-01 12:10:00-04:00,357.45,357.88,356.2,356.44,5110
TSLA,2026-10-01 12:15:00-04:00,356.46,356.61,355.82,355.99,5023
TSLA,2026-10-01 12:20:00-04:00,355.93,356.22,355.6,356.02,4058
TSLA,2026-10-01 12:25:00-04:00,356.02,356.52,356.0,356.2,4142
TSLA,2026-10-01 12:30:00-04:00,356.2,356.56,356.05,356.12,2567
TSLA,2026-10-01 12:35:00-04:00,356.11,356.28,355.51,355.63,2688
TSLA,2026-10-01 12:40:00-04:00,355.63,355.88,355.17,355.65,4004
TSLA,2026-10-01 12:45:00-04:00,355.64,355.94,355.55,355.65,2445
TSLA,2026-10-01 12:50:00-04:00,355.62,355.83,355.21,355.25,2710
TSLA,2026-10-01 12:55:00-04:00,355.22,355.43,354.75,355.35,4746
TSLA,2026-10-01 13:00:00-04:00,355.41,356.15,355.28,355.89,4214
TSLA,2026-10-01 13:05:00-04:00,355.92,356.15,355.75,355.88,3347
TSLA,2026-10-01 13:10:00-04:00,355.88,356.12,355.84,355.98,2226
TSLA,2026-10-01 13:15:00-04:00,355.97,356.17,355.78,356.08,2138
TSLA,2026-10-01 13:20:00-04:00,356.08,357.13,356.05,357.1,4552
TSLA,2026-10-01 13:25:00-04:00,357.1,357.61,356.82,357.43,8290
TSLA,2026-10-01 13:30:00-04:00,357.49,358.27,357.43,357.67,7477
TSLA,2026-10-01 13:35:00-04:00,357.68,357.8,357.11,357.28,3361
TSLA,2026-10-01 13:40:00-04:00,357.34,357.35,356.61,356.8,3111
TSLA,2026-10-01 13:45:00-04:00,356.9,357.2,356.6,356.64,2695
TSLA,2026-10-01 13:50:00-04:00,356.68,356.72,356.1,356.17,3350
TSLA,2026-10-01 13:55:00-04:00,356.13,356.31,355.53,355.93,4096
TSLA,2026-10-01 14:00:00-04:00,355.95,356.68,355.77,356.08,4182
TSLA,2026-10-01 14:05:00-04:00,356.01,356.32,355.53,356.17,5690
TSLA,2026-10-01 14:10:00-04:00,356.19,357.26,356.12,357.17,5468
TSLA,2026-10-01 14:15:00-04:00,357.18,357.75,357.02,357.47,5516
TSLA,2026-10-01 14:20:00-04:00,357.46,357.74,356.94,357.43,4482
TSLA,2026-10-01 14:25:00-04:00,357.42,357.55,357.23,357.47,2371
TSLA,2026-10-01 14:30:00-04:00,357.47,357.55,356.95,357.46,2645
TSLA,2026-10-01 14:35:00-04:00,357.5,357.7,356.85,356.92,3092
TSLA,2026-10-01 14:40:00-04:00,356.92,357.57,356.85,357.32,2739
TSLA,2026-10-01 14:45:00-04:00,357.32,357.43,356.9,356.91,4212
TSLA,2026-10-01 14:50:00-04:00,356.9,357.27,356.72,356.91,3039
TSLA,2026-10-01 14:55:00-04:00,356.91,357.26,356.55,357.1,4425
TSLA,2026-10-01 15:00:00-04:00,357.2,357.35,357.0,357.23,2876
TSLA,2026-10-01 15:05:00-04:00,357.2,357.28,356.8,356.93,2361
TSLA,2026-10-01 15:10:00-04:00,356.97,357.26,356.68,357.2,2218
TSLA,2026-10-01 15:15:00-04:00,357.22,357.3,356.8,356.97,3013
TSLA,2026-10-01 15:20:00-04:00,356.97,357.14,356.7,356.89,2453
TSLA,2026-10-01 15:25:00-04:00,356.91,357.15,356.85,357.13,2844
TSLA,2026-10-01 15:30:00-04:00,357.13,358.18,356.96,357.85,6794
TSLA,2026-10-01 15:35:00-04:00,357.85,357.93,357.17,357.44,4292
TSLA,2026-10-01 15:40:00-04:00,357.44,357.65,357.19,357.3,4424
TSLA,2026-10-01 15:45:00-04:00,357.3,357.66,357.19,357.43,4010
TSLA,2026-10-01 15:50:00-04:00,357.41,357.78,355.55,355.59,9385
TSLA,2026-10-01 15:55:00-04:00,355.58,355.61,353.92,354.12,36742
TSLA,2026-10-01 16:00:00-04:00,354.23,354.97,353.11,354.41,54557
TSLA,2026-10-01 16:05:00-04:00,354.4,354.63,354.26,354.57,464
TSLA,2026-10-01 16:10:00-04:00,354.61,354.65,354.17,354.54,530
TSLA,2026-10-01 16:15:00-04:00,354.55,354.65,354.4,354.6,101
TSLA,2026-10-01 16:20:00-04:00,354.59,354.66,354.3,354.37,100
TSLA,2026-10-01 16:25:00-04:00,354.43,354.88,354.2,354.75,365
TSLA,2026-10-01 16:30:00-04:00,354.74,354.94,354.65,354.9,182
TSLA,2026-10-01 16:35:00-04:00,354.94,354.94,354.11,354.74,547
TSLA,2026-10-01 16:40:00-04:00,354.7,354.94,354.59,354.85,242
TSLA,2026-10-01 16:45:00-04:00,354.85,355.3,354.85,355.1,283
TSLA,2026-10-01 16:50:00-04:00,355.13,355.13,355.0,355.05,103
TSLA,2026-10-01 16:55:00-04:00,355.07,355.3,355.0,355.05,189
TSLA,2026-10-01 17:00:00-04:00,355.06,355.25,355.0,355.1,97
TSLA,2026-10-01 17:05:00-04:00,355.08,355.15,355.08,355.14,39
TSLA,2026-10-01 17:10:00-04:00,355.14,355.28,355.1,355.25,138
TSLA,2026-10-01 17:15:00-04:00,355.23,355.3,355.14,355.25,91
TSLA,2026-10-01 17:20:00-04:00,355.13,355.28,355.1,355.14,79
TSLA,2026-10-01 17:25:00-04:00,355.27,355.27,355.0,355.01,92
TSLA,2026-10-01 17:30:00-04:00,355.05,355.05,355.0,355.0,72
TSLA,2026-10-01 17:35:00-04:00,355.0,355.03,354.65,354.75,100
TSLA,2026-10-01 17:40:00-04:00,354.81,355.0,354.79,354.81,50
TSLA,2026-10-01 17:45:00-04:00,354.78,354.8,354.7,354.7,56
TSLA,2026-10-01 17:50:00-04:00,354.73,354.98,354.73,354.81,19
TSLA,2026-10-01 17:55:00-04:00,354.96,354.97,354.8,354.92,41
TSLA,2026-10-01 18:00:00-04:00,354.91,354.93,354.8,354.8,24
TSLA,2026-10-01 18:05:00-04:00,354.95,355.14,354.95,355.1,62
TSLA,2026-10-01 18:10:00-04:00,355.15,355.15,355.07,355.14,71
TSLA,2026-10-01 18:15:00-04:00,355.07,355.1,354.92,355.0,89
TSLA,2026-10-01 18:20:00-04:00,355.15,355.15,355.0,355.09,55
TSLA,2026-10-01 18:25:00-04:00,355.0,355.05,354.99,355.0,62
TSLA,2026-10-01 18:30:00-04:00,354.99,355.11,354.92,355.11,111
TSLA,2026-10-01 18:35:00-04:00,355.16,355.7,355.13,355.13,267
TSLA,2026-10-01 18:40:00-04:00,355.18,355.46,355.15,355.46,5
TSLA,2026-10-01 18:45:00-04:00,355.31,355.5,355.25,355.25,30
TSLA,2026-10-01 18:50:00-04:00,355.23,355.49,355.23,355.49,16
TSLA,2026-10-01 18:55:00-04:00,355.37,355.68,355.3,355.68,57
TSLA,2026-10-01 19:00:00-04:00,355.6,355.68,355.35,355.6,86
TSLA,2026-10-01 19:05:00-04:00,355.66,355.66,355.3,355.53,145
TSLA,2026-10-01 19:10:00-04:00,355.36,355.47,355.35,355.35,18
TSLA,2026-10-01 19:15:00-04:00,355.59,355.61,355.59,355.59,10
TSLA,2026-10-01 19:20:00-04:00,355.35,355.5,355.35,355.48,12
TSLA,2026-10-01 19:25:00-04:00,355.42,355.53,355.35,355.5,18
TSLA,2026-10-01 19:30:00-04:00,355.53,355.53,355.2,355.32,29
TSLA,2026-10-01 19:35:00-04:00,355.3,355.4,355.2,355.22,42
TSLA,2026-10-01 19:40:00-04:00,355.25,355.34,355.2,355.33,32
TSLA,2026-10-01 19:45:00-04:00,355.2,355.25,355.2,355.25,74
TSLA,2026-10-01 19:50:00-04:00,355.24,355.63,355.22,355.45,126
TSLA,2026-10-01 19:55:00-04:00,355.3,355.6,355.25,355.6,187
TSLA,2026-10-02 04:00:00-04:00,357.75,358.06,355.38,357.71,1361
TSLA,2026-10-02 04:05:00-04:00,357.72,358.15,355.9,357.66,171
TSLA,2026-10-02 04:10:00-04:00,357.77,358.06,357.77,357.8,169
TSLA,2026-10-02 04:15:00-04:00,357.82,357.86,357.4,357.48,141
TSLA,2026-10-02 04:20:00-04:00,357.48,357.9,357.4,357.5,121
TSLA,2026-10-02 04:25:00-04:00,357.52,357.62,357.46,357.46,17
TSLA,2026-10-02 04:30:00-04:00,357.48,357.57,357.42,357.47,18
TSLA,2026-10-02 04:35:00-04:00,357.5,357.65,357.46,357.54,39
TSLA,2026-10-02 04:40:00-04:00,357.54,357.54,357.4,357.41,42
TSLA,2026-10-02 04:45:00-04:00,357.7,357.7,357.54,357.64,27
TSLA,2026-10-02 04:50:00-04:00,357.75,357.77,357.54,357.72,26
TSLA,2026-10-02 04:55:00-04:00,357.75,357.75,357.5,357.6,39
TSLA,2026-10-02 05:00:00-04:00,357.55,357.58,357.42,357.42,19
TSLA,2026-10-02 05:05:00-04:00,357.42,357.5,357.27,357.29,236
TSLA,2026-10-02 05:10:00-04:00,357.48,357.83,357.48,357.82,21
TSLA,2026-10-02 05:15:00-04:00,357.73,357.91,357.68,357.8,93
TSLA,2026-10-02 05:20:00-04:00,357.62,357.8,357.62,357.7,64
TSLA,2026-10-02 05:25:00-04:00,357.7,357.75,357.55,357.63,37
TSLA,2026-10-02 05:30:00-04:00,357.54,357.65,357.45,357.45,37
TSLA,2026-10-02 05:35:00-04:00,357.35,357.57,357.35,357.57,35
TSLA,2026-10-02 05:40:00-04:00,357.44,357.44,357.33,357.37,17
TSLA,2026-10-02 05:45:00-04:00,357.39,357.56,357.28,357.5,96
TSLA,2026-10-02 05:50:00-04:00,357.36,357.6,356.81,356.82,186
TSLA,2026-10-02 05:55:00-04:00,356.79,357.0,356.6,356.64,86
TSLA,2026-10-02 06:00:00-04:00,356.75,357.0,356.51,357.0,63
TSLA,2026-10-02 06:05:00-04:00,356.74,356.81,356.7,356.81,7
TSLA,2026-10-02 06:10:00-04:00,356.8,356.81,356.55,356.81,7
TSLA,2026-10-02 06:15:00-04:00,356.79,356.8,356.6,356.6,25
TSLA,2026-10-02 06:20:00-04:00,356.68,356.77,356.62,356.64,20
TSLA,2026-10-02 06:25:00-04:00,356.78,357.09,356.72,357.02,44
TSLA,2026-10-02 06:30:00-04:00,357.01,357.1,356.93,357.1,64
TSLA,2026-10-02 06:35:00-04:00,357.13,357.18,357.1,357.1,20
TSLA,2026-10-02 06:40:00-04:00,357.21,357.28,357.21,357.25,19
TSLA,2026-10-02 06:45:00-04:00,357.13,357.31,356.96,357.07,107
TSLA,2026-10-02 06:50:00-04:00,356.96,357.0,356.88,356.95,26
TSLA,2026-10-02 06:55:00-04:00,356.91,357.0,356.81,356.99,48
TSLA,2026-10-02 07:00:00-04:00,356.81,357.23,356.81,356.95,270
TSLA,2026-10-02 07:05:00-04:00,356.99,357.1,356.6,356.7,135
TSLA,2026-10-02 07:10:00-04:00,356.6,356.83,356.28,356.5,251
TSLA,2026-10-02 07:15:00-04:00,356.55,356.57,356.3,356.47,83
TSLA,2026-10-02 07:20:00-04:00,356.45,356.7,356.39,356.61,104
TSLA,2026-10-02 07:25:00-04:00,356.68,356.97,356.54,356.59,199
TSLA,2026-10-02 07:30:00-04:00,356.7,356.74,356.5,356.5,160
TSLA,2026-10-02 07:35:00-04:00,356.52,356.68,356.45,356.45,205
TSLA,2026-10-02 07:40:00-04:00,356.41,356.55,356.2,356.33,170
TSLA,2026-10-02 07:45:00-04:00,356.44,356.44,356.1,356.22,117
TSLA,2026-10-02 07:50:00-04:00,356.22,356.3,356.05,356.13,108
TSLA,2026-10-02 07:55:00-04:00,356.14,356.14,355.84,356.0,257
TSLA,2026-10-02 08:00:00-04:00,355.92,356.13,355.83,356.0,177
TSLA,2026-10-02 08:05:00-04:00,356.11,356.24,356.06,356.24,90
TSLA,2026-10-02 08:10:00-04:00,356.22,356.24,356.03,356.04,140
TSLA,2026-10-02 08:15:00-04:00,356.0,356.2,355.86,356.2,210
TSLA,2026-10-02 08:20:00-04:00,356.04,356.4,356.0,356.24,148
TSLA,2026-10-02 08:25:00-04:00,356.24,356.36,355.85,355.9,392
TSLA,2026-10-02 08:30:00-04:00,356.3,357.68,355.95,356.81,1240
TSLA,2026-10-02 08:35:00-04:00,356.82,357.48,356.7,357.09,941
TSLA,2026-10-02 08:40:00-04:00,357.15,357.18,356.5,356.6,386
TSLA,2026-10-02 08:45:00-04:00,356.52,356.9,356.48,356.84,388
TSLA,2026-10-02 08:50:00-04:00,356.78,357.37,356.59,357.31,485
TSLA,2026-10-02 08:55:00-04:00,357.26,357.37,356.97,357.09,556
TSLA,2026-10-02 09:00:00-04:00,357.03,361.26,356.88,360.7,8746
TSLA,2026-10-02 09:05:00-04:00,360.6,362.0,360.0,362.0,5294
TSLA,2026-10-02 09:10:00-04:00,362.0,362.08,360.76,361.06,4152
TSLA,2026-10-02 09:15:00-04:00,360.95,361.35,360.18,360.59,1412
