ticker,date,open,high,low,close,adj_close,volume,ema20,dist_ema20_pct,atr14
AKAM,2026-08-17,124.55999755859375,125.58000183105469,121.56999969482422,122.97000122070312,122.97000122070312,2492200.0,122.97000122070312,0.0,
AKAM,2026-08-18,121.48999786376953,123.79000091552734,115.11000061035156,115.19999694824219,115.19999694824219,3407000.0,122.23000081380209,-5.751455304552433,
AKAM,2026-08-19,115.80000305175781,116.80000305175781,110.36000061035156,112.83999633789062,112.83999633789062,3874300.0,121.3357146732391,-7.001828240125096,6.376668294270833
AKAM,2026-08-20,112.19000244140625,112.72000122070312,109.48999786376953,110.08999633789062,110.08999633789062,2118900.0,120.26469387939638,-8.460253141049956,5.620000839233398
AKAM,2026-08-21,110.26000213623047,112.51000213623047,109.58999633789062,110.41999816894531,110.41999816894531,3011500.0,119.32710381173437,-7.464444672052084,5.0800018310546875
AKAM,2026-08-24,110.0,110.0,105.19999694824219,105.66000366210938,105.66000366210938,2759300.0,118.0254752260558,-10.476951302473193,5.103335062662761
AKAM,2026-08-25,106.0,107.2699966430664,104.06999969482422,105.73999786376953,105.73999786376953,2978100.0,116.85542976298092,-9.512122732984619,4.831429617745536
AKAM,2026-08-26,105.55999755859375,109.52999877929688,105.41999816894531,108.05999755859375,108.05999755859375,3374800.0,116.01776955303929,-6.859097554713389,4.741250991821289
AKAM,2026-08-27,109.75,111.8499984741211,108.81999969482422,111.23999786376953,111.23999786376953,3042400.0,115.56274367787074,-3.740605039761602,4.635556538899739
AKAM,2026-08-28,110.91000366210938,112.4000015258789,106.87999725341797,107.47000122070312,107.47000122070312,2583100.0,114.79200630099763,-6.378497350325407,4.72400131225586
AKAM,2026-08-31,107.05999755859375,109.69000244140625,107.02999877929688,108.62000274658203,108.62000274658203,2403400.0,114.20419643867233,-4.889657180932938,4.536365162242543
AKAM,2026-09-01,108.91999816894531,109.98999786376953,105.77999877929688,106.45999908447266,106.45999908447266,2700900.0,113.46665383351046,-6.175078326817207,4.509167989095052
AKAM,2026-09-02,106.0,106.33999633789062,104.01000213623047,105.08999633789062,105.08999633789062,2172400.0,112.66887692916572,-6.726685130659371,4.350770216721755
AKAM,2026-09-03,105.41999816894531,106.55999755859375,102.55000305175781,106.5,106.5,3350700.0,112.08136484067374,-4.979743821470928,4.326429094587054
AKAM,2026-09-04,105.0,106.5,104.0,105.22000122070312,105.22000122070312,1758400.0,111.42790163877177,-5.571226171155486,4.21857179914202
AKAM,2026-09-08,102.69000244140625,108.11000061035156,100.7699966430664,105.61000061035156,105.61000061035156,3766700.0,110.87381582654127,-4.747572884498529,4.122857775006976
AKAM,2026-09-09,108.76000213623047,112.76000213623047,107.93000030517578,110.75,110.75,4566500.0,110.86202384306115,-0.1010479866574876,4.1735719953264505
AKAM,2026-09-10,109.08000183105469,111.18000030517578,106.62999725341797,107.12999725341797,107.12999725341797,2929400.0,110.50659273928561,-3.0555602178721775,4.259286608014788
AKAM,2026-09-11,107.62999725341797,110.73999786376953,106.30999755859375,106.79000091552734,106.79000091552734,3688400.0,110.15263161321339,-3.0527011914644797,4.3671433585030695
AKAM,2026-09-14,105.43000030517578,107.86000061035156,102.5,105.56999969482422,105.56999969482422,4585200.0,109.71619047812871,-3.779014533074776,4.377143314906529
AKAM,2026-09-15,105.62999725341797,107.41999816894531,103.93000030517578,105.4000015258789,105.4000015258789,2826400.0,109.30512486362873,-3.572680917406146,4.397857666015625
AKAM,2026-09-16,105.38999938964844,107.26000213623047,103.75,104.4800033569336,104.4800033569336,2502600.0,108.84558948203872,-4.010806635233955,4.3550006321498325
AKAM,2026-09-17,105.05999755859375,109.8499984741211,104.30999755859375,107.08000183105469,107.08000183105469,2859700.0,108.67743827718309,-1.4698878363824885,4.4800006321498325
AKAM,2026-09-18,107.25,107.25,102.61000061035156,104.5199966430664,104.5199966430664,4817000.0,108.28149145488626,-3.4738114162262246,4.417143140520368
AKAM,2026-09-21,106.04000091552734,117.58000183105469,105.4000015258789,117.41000366210938,117.41000366210938,4703100.0,109.1508735698599,7.5667100245087715,5.160000392368862
AKAM,2026-09-22,117.87000274658203,122.79000091552734,116.0999984741211,118.33999633789062,118.33999633789062,4670700.0,110.02602811919616,7.556364944563465,5.33714348929269
AKAM,2026-09-23,117.33000183105469,119.4800033569336,113.76000213623047,118.44000244140625,118.44000244140625,3919400.0,110.82735900702569,6.8689207273250785,5.570715223039899
AKAM,2026-09-24,116.73999786376953,118.0,110.30999755859375,110.41000366210938,110.41000366210938,7058400.0,110.78761087893842,-0.3408388481647817,5.865001678466797
AKAM,2026-09-25,125.2300033569336,128.4600067138672,113.83999633789062,113.94000244140625,113.94000244140625,31872400.0,111.0878386467925,2.567485180517637,6.975716182163784
AKAM,2026-09-28,112.75,115.08000183105469,111.97000122070312,112.28500366210938,112.28500366210938,1475271.0,111.20185436253698,0.9740388825182134,6.673573085239956
AMAT,2026-08-17,518.0,539.8099975585938,515.1199951171875,535.3099975585938,534.7382202148438,9624100.0,535.3099975585938,0.0,
AMAT,2026-08-18,507.3699951171875,516.8300170898438,497.7300109863281,514.3300170898438,513.7806396484375,8611900.0,533.3119041806176,-3.5592468388527143,
AMAT,2026-08-19,508.4100036621094,513.47998046875,488.54998779296875,496.1700134277344,495.6400146484375,6571200.0,529.7745812517716,-6.3431823672315595,29.350006103515625
AMAT,2026-08-20,489.5799865722656,499.8900146484375,487.4700012207031,496.2099914550781,496.2099914550781,6604500.0,526.5779536520864,-5.767040185862515,25.117507934570312
AMAT,2026-08-21,503.0,503.5,483.1300048828125,492.32000732421875,492.32000732421875,5526800.0,523.3152920970514,-5.922870063404229,24.16800537109375
AMAT,2026-08-24,481.8800048828125,489.739990234375,473.6700134277344,484.19000244140625,484.19000244140625,9264700.0,519.589074034609,-6.812897607397506,23.248336791992188
AMAT,2026-08-25,490.05999755859375,492.29998779296875,475.8800048828125,480.0400085449219,480.0400085449219,5185200.0,515.8224963689245,-6.936976978687337,22.272857666015625
AMAT,2026-08-26,479.739990234375,480.6700134277344,472.3999938964844,479.760009765625,479.760009765625,5193000.0,512.387973835277,-6.367823941188211,20.522502899169922
AMAT,2026-08-27,481.5,484.9800109863281,471.0,482.3599853515625,482.3599853515625,6285600.0,509.52816540825654,-5.332027138269324,19.79555935329861
AMAT,2026-08-28,476.260009765625,477.9700012207031,460.510009765625,461.6700134277344,461.6700134277344,6524800.0,504.97024617201635,-8.574808728340777,20.0010009765625
AMAT,2026-08-31,462.4100036621094,465.8999938964844,453.9100036621094,458.3900146484375,458.3900146484375,6174000.0,500.53403364596124,-8.419810874905087,19.272727272727273
AMAT,2026-09-01,450.7200012207031,451.45001220703125,438.8299865722656,441.8500061035156,441.8500061035156,7142500.0,494.94507864191877,-10.72746751702045,19.296669006347656
AMAT,2026-09-02,443.5,443.5,433.57000732421875,438.4599914550781,438.4599914550781,6518400.0,489.56554652888633,-10.438960714485813,18.57615544245793
AMAT,2026-09-03,432.4200134277344,437.1400146484375,426.1300048828125,435.9100036621094,435.9100036621094,5999200.0,484.45549482728853,-10.020629693236515,18.130000523158483
AMAT,2026-09-04,452.5,460.20001220703125,443.3599853515625,454.7099914550781,454.7099914550781,6009400.0,481.6225897442209,-5.58790199260285,18.101429530552455
AMAT,2026-09-08,464.0199890136719,472.8900146484375,458.1499938964844,472.7900085449219,472.7900085449219,6304600.0,480.7813915347639,-1.662165618417899,16.71571786063058
AMAT,2026-09-09,466.6600036621094,474.0400085449219,463.7799987792969,468.8500061035156,468.8500061035156,3936600.0,479.64506911274026,-2.250635668827705,15.607145036969866
AMAT,2026-09-10,455.3999938964844,460.8599853515625,450.55999755859375,454.010009765625,454.010009765625,4837400.0,477.20363488920543,-4.8603202967985375,16.02643040248326
AMAT,2026-09-11,461.19000244140625,464.57000732421875,452.70001220703125,456.489990234375,456.489990234375,4313100.0,475.2309068268406,-3.943539092943349,15.419287545340401
AMAT,2026-09-14,422.20001220703125,432.510009765625,419.6000061035156,424.2099914550781,424.2099914550781,8056600.0,470.3717720295299,-9.81389260994041,16.722143990652903
AMAT,2026-09-15,429.8500061035156,429.989990234375,416.760009765625,421.1700134277344,421.1700134277344,5630600.0,465.68589025793034,-9.559206701654599,16.494286673409597
AMAT,2026-09-16,429.7300109863281,430.739990234375,411.510009765625,415.3800048828125,415.3800048828125,5511000.0,460.8948535555382,-9.875321523250879,17.27714102608817
AMAT,2026-09-17,427.5799865722656,428.5400085449219,413.55999755859375,417.3999938964844,417.3999938964844,6929300.0,456.75248596896165,-8.615714918112449,17.34856959751674
AMAT,2026-09-18,421.69000244140625,445.0,420.0,444.57000732421875,444.57000732421875,14302900.0,455.5922499075575,-2.4193217917063414,17.759286063058035
AMAT,2026-09-21,455.95001220703125,468.510009765625,452.6600036621094,464.239990234375,464.239990234375,9491100.0,456.4158442243973,1.714258194360796,18.612858363560267
AMAT,2026-09-22,457.8999938964844,472.489990234375,453.3399963378906,472.4599914550781,472.4599914550781,5807700.0,457.94385824636686,3.1698499602765384,18.583570207868302
AMAT,2026-09-23,471.2300109863281,474.8999938964844,461.0,474.3800048828125,474.3800048828125,4585600.0,459.50920554507593,3.236235348124672,18.867141723632812
AMAT,2026-09-24,463.7900085449219,474.79998779296875,460.54998779296875,474.25,474.25,4159900.0,460.9130907312592,2.893584395179838,19.004285539899552
AMAT,2026-09-25,478.8900146484375,487.67999267578125,476.3599853515625,485.0,485.0,5201600.0,463.20708209018693,4.704789445678204,18.228570120675222
AMAT,2026-09-28,480.80999755859375,486.5252990722656,479.94000244140625,482.32000732421875,482.32000732421875,689648.0,465.02736068390425,3.7186299349962093,17.400375366210938
AMPX,2026-08-17,12.25,12.449999809265137,11.449999809265137,11.579999923706055,11.579999923706055,6540900.0,11.579999923706055,0.0,
AMPX,2026-08-18,10.850000381469727,11.359999656677246,10.65999984741211,10.710000038146973,10.710000038146973,5261900.0,11.497142791748047,-6.846420609527771,
AMPX,2026-08-19,10.824999809265137,10.824999809265137,10.244999885559082,10.630000114440918,10.630000114440918,4053200.0,11.414557774861654,-6.873307541958152,0.8333333333333334
AMPX,2026-08-20,10.664999961853027,10.720000267028809,9.9399995803833,10.199999809265137,10.199999809265137,5360200.0,11.298885587661985,-9.72561205148228,0.820000171661377
AMPX,2026-08-21,10.279999732971191,10.489999771118164,10.079999923706055,10.34000015258789,10.34000015258789,3527700.0,11.207563165273976,-7.740871051917708,0.7380001068115234
AMPX,2026-08-24,10.199999809265137,10.199999809265137,9.829999923706055,9.859999656677246,9.859999656677246,3845800.0,11.079223783502858,-11.004598793654264,0.7000001271565756
AMPX,2026-08-25,10.0600004196167,10.34000015258789,10.024999618530273,10.180000305175781,10.180000305175781,4115200.0,10.993583452233613,-7.400527322076522,0.6685716084071568
AMPX,2026-08-26,10.140000343322754,10.439000129699707,9.951000213623047,10.199999809265137,10.199999809265137,4522500.0,10.918004057665186,-6.576332492713821,0.6460001468658447
AMPX,2026-08-27,10.5600004196167,10.640000343322754,10.35099983215332,10.510000228881836,10.510000228881836,3531400.0,10.879146550162009,-3.393155148504512,0.6231113009982638
AMPX,2026-08-28,10.550000190734863,10.550000190734863,9.880000114440918,9.890000343322754,9.890000343322754,3648000.0,10.78494214951065,-8.298067748360637,0.627800178527832
AMPX,2026-08-31,9.75,9.946000099182129,9.609999656677246,9.880000114440918,9.880000114440918,3814600.0,10.698757193789723,-7.652824197413011,0.601272929798473
AMPX,2026-09-01,9.640000343322754,9.6899995803833,9.395000457763672,9.479999542236328,9.479999542236328,4029500.0,10.582685036498923,-10.419713810431963,0.5915834903717041
AMPX,2026-09-02,9.569999694824219,9.649999618530273,9.369999885559082,9.520000457763672,9.520000457763672,5401400.0,10.48147698138128,-9.173101513513037,0.5676155090332031
AMPX,2026-09-03,9.539999961853027,9.710000038146973,9.395000457763672,9.630000114440918,9.630000114440918,4102700.0,10.400383946434578,-7.407263385288387,0.5495715141296387
AMPX,2026-09-04,9.619999885559082,9.944999694824219,9.609999656677246,9.890000343322754,9.890000343322754,4186400.0,10.351775984233452,-4.460834948650527,0.5020715168544224
AMPX,2026-09-08,10.140000343322754,10.600000381469727,10.0,10.390000343322754,10.390000343322754,5674800.0,10.355416399384813,0.33396961169032124,0.48707151412963867
AMPX,2026-09-09,10.319999694824219,10.399999618530273,9.835000038146973,9.869999885559082,9.869999885559082,5646400.0,10.309186255210935,-4.2601458425475585,0.48600006103515625
AMPX,2026-09-10,9.609999656677246,9.9399995803833,9.529999732971191,9.550000190734863,9.550000190734863,3795700.0,10.236882820498927,-6.709880749915498,0.45957142966134207
AMPX,2026-09-11,9.550000190734863,9.779999732971191,9.420000076293945,9.4399995803833,9.4399995803833,3548500.0,10.160989178583154,-7.0956634785077854,0.4559999874659947
AMPX,2026-09-14,8.930000305175781,9.319999694824219,8.850000381469727,9.170000076293945,9.170000076293945,4456600.0,10.06660926407942,-8.906764574491188,0.46171419961111887
AMPX,2026-09-15,9.170000076293945,9.279999732971191,8.930000305175781,9.15999984741211,9.15999984741211,3768400.0,9.980265510111105,-8.218876159837397,0.45242840903145926
AMPX,2026-09-16,9.260000228881836,9.289999961853027,8.755000114440918,9.100000381469727,9.100000381469727,5003200.0,9.896430735954784,-8.047652489412583,0.4557855469839914
AMPX,2026-09-17,9.489999771118164,9.774999618530273,9.395000457763672,9.539999961853027,9.539999961853027,4656200.0,9.862484947945093,-3.2698147352737683,0.4725711686270578
AMPX,2026-09-18,9.699999809265137,9.850000381469727,9.199999809265137,9.5,9.5,4844800.0,9.827962571950323,-3.337035215074491,0.47114263262067524
AMPX,2026-09-21,9.800000190734863,9.930000305175781,9.484999656677246,9.609999656677246,9.609999656677246,4086200.0,9.807204199067172,-2.010813055250582,0.47892836162022184
AMPX,2026-09-22,9.800000190734863,10.050000190734863,9.619999885559082,9.979999542236328,9.979999542236328,4587500.0,9.823660898416616,1.5914499231636903,0.4757141385759626
AMPX,2026-09-23,9.930000305175781,10.164999961853027,9.694999694824219,9.729999542236328,9.729999542236328,5335200.0,9.814740769256588,-0.863407694737095,0.4892856052943638
AMPX,2026-09-24,9.510000228881836,9.859999656677246,9.369999885559082,9.6899995803833,9.6899995803833,4707600.0,9.80286065603056,-1.1513075581445653,0.5017856189182827
AMPX,2026-09-25,9.84000015258789,10.015000343322754,9.649999618530273,9.75,9.75,4019900.0,9.797826307837173,-0.48813181959469487,0.5039285251072475
AMPX,2026-09-28,10.880000114440918,11.229999542236328,10.031900405883789,10.088000297546387,10.088000297546387,5819360.0,9.825461925904717,2.672020650240281,0.5589284896850586
CAT,2026-08-17,864.030029296875,887.9099731445312,859.6199951171875,881.6500244140625,881.6500244140625,2140600.0,881.6500244140625,0.0,
CAT,2026-08-18,862.1900024414062,863.9199829101562,834.8099975585938,840.8699951171875,840.8699951171875,2685700.0,877.7662121000744,-4.203421876380043,
CAT,2026-08-19,845.0,848.9400024414062,805.6799926757812,816.1500244140625,816.1500244140625,4143900.0,871.8980037490257,-6.393864774922708,39.463338216145836
CAT,2026-08-20,811.5399780273438,818.9299926757812,801.0,815.3900146484375,815.3900146484375,2937800.0,866.5162905013506,-5.900209426337765,34.08000183105469
CAT,2026-08-21,829.52001953125,832.0,812.3400268554688,827.9000244140625,827.9000244140625,2465200.0,862.8385508739898,-4.049254223114762,31.19599609375
CAT,2026-08-24,822.989990234375,825.969970703125,804.489990234375,811.02001953125,811.02001953125,2536200.0,857.9034526508717,-5.464884536220782,29.898335774739582
CAT,2026-08-25,833.5700073242188,834.4500122070312,804.75,811.2899780273438,811.2899780273438,1655500.0,853.4640741152976,-4.941519785899795,29.870003836495535
CAT,2026-08-26,816.2000122070312,824.6199951171875,812.260009765625,821.9299926757812,821.9299926757812,1848200.0,850.4608282639151,-3.3547501119334577,27.802505493164062
CAT,2026-08-27,827.4199829101562,832.989990234375,807.3099975585938,817.0,817.0,1835400.0,847.2740827149709,-3.5731156343130177,27.566670735677082
CAT,2026-08-28,819.010009765625,821.22998046875,799.1699829101562,800.25,800.25,1787500.0,842.7955986468784,-5.0481514990332155,27.01600341796875
CAT,2026-08-31,800.0,802.9000244140625,789.0499877929688,797.469970703125,797.469970703125,3071400.0,838.4788721760447,-4.890868790347946,25.819097345525567
CAT,2026-09-01,788.8800048828125,790.219970703125,774.5499877929688,779.1599731445312,779.1599731445312,2946600.0,832.8294532206625,-6.444234154854178,25.577504475911457
CAT,2026-09-02,778.510009765625,793.9400024414062,771.3900146484375,792.280029296875,792.280029296875,2507600.0,828.9676033231589,-4.425694548159786,25.344618577223557
CAT,2026-09-03,796.9000244140625,803.9199829101562,781.489990234375,800.1400146484375,800.1400146484375,2351900.0,826.2221186874712,-3.156790825264688,25.136431012834823
CAT,2026-09-04,802.3800048828125,821.0,801.0,813.9400024414062,813.9400024414062,2149500.0,825.052393330703,-1.346870935606459,24.605717250279017
CAT,2026-09-08,823.3400268554688,830.5,817.0900268554688,822.47998046875,822.47998046875,2443200.0,824.8074016295647,-0.28217753092617537,22.442858014787948
CAT,2026-09-09,815.6799926757812,827.9600219726562,813.5,815.5599975585938,815.5599975585938,1929000.0,823.9266964799484,-1.0154664191729168,20.385716029575892
CAT,2026-09-10,809.75,811.9500122070312,797.5,805.0,805.0,1781900.0,822.1241539580485,-2.082915807254382,20.395002092633927
CAT,2026-09-11,817.75,826.0,813.510009765625,818.5700073242188,818.5700073242188,1824600.0,821.7856638024457,-0.3913011165646241,20.490718296595983
CAT,2026-09-14,783.0499877929688,794.5599975585938,772.8599853515625,784.0,784.0,2428000.0,818.1870291545937,-4.1783880624358005,22.083574567522323
CAT,2026-09-15,789.489990234375,791.2000122070312,776.5,783.5399780273438,783.5399780273438,2261600.0,814.8873099996175,-3.846830302497717,21.01214599609375
CAT,2026-09-16,797.0,798.3900146484375,774.47998046875,782.719970703125,782.719970703125,2645300.0,811.8237538761421,-3.584987878718482,21.76786150251116
CAT,2026-09-17,813.9500122070312,813.9500122070312,795.0,798.5700073242188,798.5700073242188,2429600.0,810.5614922997685,-1.479404719995625,22.164293561662948
CAT,2026-09-18,800.7899780273438,809.489990234375,799.5700073242188,808.989990234375,808.989990234375,4786800.0,810.4118254363976,-0.1754460087322829,21.368578229631698
CAT,2026-09-21,827.0,827.8099975585938,805.239990234375,816.5,816.5,1867300.0,810.9916515853122,0.6792114818839678,21.99143327985491
CAT,2026-09-22,806.0599975585938,812.4600219726562,802.6099853515625,808.010009765625,808.010009765625,2062600.0,810.7076856977229,-0.3327556873691462,21.346435546875
CAT,2026-09-23,803.969970703125,816.760009765625,798.530029296875,812.02001953125,812.02001953125,2788700.0,810.8326698723445,0.14643584342655114,21.03786359514509
CAT,2026-09-24,798.8699951171875,809.1400146484375,794.2000122070312,805.25,805.25,2197800.0,810.3009870273593,-0.6233470165066812,20.70857892717634
CAT,2026-09-25,816.3400268554688,823.0,809.0499877929688,821.5800170898438,821.5800170898438,1978200.0,811.3751803666436,1.2577210851567822,20.486437116350448
CAT,2026-09-28,821.0499877929688,823.4949951171875,817.0050048828125,820.6799926757812,820.6799926757812,169058.0,812.2613529675139,1.0364446957264128,19.76715087890625
CRDO,2026-08-17,274.44000244140625,286.239990234375,272.30499267578125,282.82000732421875,282.82000732421875,5762800.0,282.82000732421875,0.0,
CRDO,2026-08-18,266.9150085449219,269.3299865722656,240.0,245.97000122070312,245.97000122070312,7742700.0,279.31048293340774,-11.936709772777675,
CRDO,2026-08-19,246.00999450683594,250.0,229.17999267578125,234.82000732421875,234.82000732421875,4903100.0,275.0732947801516,-14.633658817408913,25.85833740234375
CRDO,2026-08-20,235.41000366210938,236.5,226.5800018310547,231.35000610351562,231.35000610351562,3278400.0,270.90917204904343,-14.602372317747259,21.87375259399414
CRDO,2026-08-21,233.0500030517578,236.36000061035156,223.0449981689453,230.57000732421875,230.57000732421875,2714400.0,267.06734683715536,-13.665968507632986,20.162002563476562
CRDO,2026-08-24,222.77999877929688,223.58999633789062,211.5,222.61000061035156,222.61000061035156,4256100.0,262.83331386317406,-15.303734774565891,19.980003356933594
CRDO,2026-08-25,229.05999755859375,232.0,223.00999450683594,226.50999450683594,226.50999450683594,2639100.0,259.37395011495136,-12.6704920033606,18.467145647321427
CRDO,2026-08-26,223.0,226.72000122070312,219.73899841308594,226.49000549316406,226.49000549316406,2283300.0,256.2421458652573,-11.610947243525727,17.0313777923584
CRDO,2026-08-27,239.14999389648438,244.4600067138672,233.77999877929688,240.24000549316406,240.24000549316406,4227700.0,254.71813249648653,-5.683979723556654,17.135669284396702
CRDO,2026-08-28,238.57000732421875,240.49000549316406,228.60000610351562,232.75,232.75,3518200.0,252.62592940158305,-7.867731332514005,16.611102294921874
CRDO,2026-08-31,232.0,238.39500427246094,222.91000366210938,226.19000244140625,226.19000244140625,4270300.0,250.1082220720424,-9.563148077453699,16.50872941450639
CRDO,2026-09-01,220.0,221.74000549316406,206.11500549316406,206.6300048828125,206.6300048828125,9513700.0,245.96743948259194,-15.992943896366207,16.805918375651043
CRDO,2026-09-02,188.63499450683594,190.57000732421875,161.9499969482422,165.22000122070312,165.22000122070312,30111800.0,238.27720726717396,-30.660593551675174,18.950079110952522
CRDO,2026-09-03,168.5,171.1300048828125,164.11000061035156,164.1699981689453,164.1699981689453,13770300.0,231.2193778292474,-28.99816628250649,18.097930908203125
CRDO,2026-09-04,162.10000610351562,172.0500030517578,160.75,170.57000732421875,170.57000732421875,10756500.0,225.44324730495896,-24.340156840676052,17.9097170148577
CRDO,2026-09-08,170.5449981689453,178.0,167.22000122070312,167.75,167.75,10394700.0,219.9486523235343,-23.732199207455253,15.62114497593471
CRDO,2026-09-09,165.02000427246094,173.24000549316406,164.18800354003906,167.9199981689453,167.9199981689453,6972200.0,214.99354240404963,-21.895329370700967,14.780573163713727
CRDO,2026-09-10,162.35000610351562,165.67999267578125,159.1999969482422,160.30999755859375,160.30999755859375,6901300.0,209.78558575210144,-23.583883523805017,14.694859095982142
CRDO,2026-09-11,162.8800048828125,164.8000030517578,160.44000244140625,162.9499969482422,162.9499969482422,5889800.0,205.32505348506723,-20.63803506565597,14.064502171107701
CRDO,2026-09-14,153.6909942626953,154.11000061035156,149.13999938964844,150.08999633789062,150.08999633789062,10698800.0,200.06457185200279,-24.979222983607873,13.688787187848773
CRDO,2026-09-15,153.0,154.74000549316406,149.6999969482422,150.38999938964844,150.38999938964844,6494300.0,195.3336601889214,-23.008661566984767,13.378073556082589
CRDO,2026-09-16,153.10000610351562,164.5500030517578,152.72000122070312,161.49000549316406,161.49000549316406,8978500.0,192.11045497980166,-15.938981295868048,13.89085933140346
CRDO,2026-09-17,168.64999389648438,169.8000030517578,163.52000427246094,168.25,168.25,8903300.0,189.83803069601103,-11.371815550794507,13.200859069824219
CRDO,2026-09-18,171.11000061035156,175.97999572753906,170.1929931640625,175.88999938964844,175.88999938964844,13345500.0,188.50964676207175,-6.694430544634811,12.90371595110212
CRDO,2026-09-21,180.91000366210938,188.75999450683594,176.49000549316406,187.27000427246094,187.27000427246094,11146500.0,188.391585572585,-0.5953457510935012,12.716929844447545
CRDO,2026-09-22,183.67999267578125,194.0,183.1699981689453,192.55999755859375,192.55999755859375,8199200.0,188.78857719030012,1.9976952125085434,12.056573050362724
CRDO,2026-09-23,191.5,196.14999389648438,189.25999450683594,193.8699951171875,193.8699951171875,7813400.0,189.2725217547656,2.429023145989828,9.357286725725446
CRDO,2026-09-24,188.91000366210938,196.4250030517578,187.0,195.97000122070312,195.97000122070312,5788700.0,189.91037694199775,3.1907810285459526,9.52907235281808
CRDO,2026-09-25,201.58999633789062,214.8699951171875,198.0,210.97000122070312,210.97000122070312,11728000.0,191.9160554447316,9.92827084311283,10.07192884172712
CRDO,2026-09-28,206.25,208.00999450683594,198.33999633789062,199.27999877929688,199.27999877929688,1406729.0,192.61738338135686,3.45898967215692,10.20407213483538
FSLR,2026-08-17,225.36000061035156,226.38999938964844,216.89999389648438,217.85000610351562,217.85000610351562,1902100.0,217.85000610351562,0.0,
FSLR,2026-08-18,219.5,221.5,217.0,220.00999450683594,220.00999450683594,1902100.0,218.05571928478423,0.8962274543688586,
FSLR,2026-08-19,222.0,224.0,218.66000366210938,222.39999389648438,222.39999389648438,1657600.0,218.46945972399377,1.7991229426100652,6.4433339436848955
FSLR,2026-08-20,220.25,225.0,213.02000427246094,214.05999755859375,214.05999755859375,1619800.0,218.04951094633662,-1.829636475875751,7.8274993896484375
FSLR,2026-08-21,214.99000549316406,221.39999389648438,211.52999877929688,214.27999877929688,214.27999877929688,1502400.0,217.69050978757093,-1.5666787732740994,8.23599853515625
FSLR,2026-08-24,212.82000732421875,212.8800048828125,208.1199951171875,208.30999755859375,208.30999755859375,1611100.0,216.7971276705255,-3.914779777354771,7.8899993896484375
FSLR,2026-08-25,211.60000610351562,211.99000549316406,205.39999389648438,206.82000732421875,206.82000732421875,1523300.0,215.846925732782,-4.182092646405611,7.704286847795759
FSLR,2026-08-26,207.4199981689453,209.89999389648438,204.2100067138672,205.92999267578125,205.92999267578125,1465400.0,214.90245591782957,-4.1751329475169126,7.4524993896484375
FSLR,2026-08-27,212.92999267578125,213.1999969482422,207.00999450683594,210.10000610351562,210.10000610351562,1467200.0,214.44507974503776,-2.0261941410305018,7.432222154405382
FSLR,2026-08-28,209.6199951171875,211.14999389648438,202.10000610351562,204.4600067138672,204.4600067138672,1447600.0,213.4941204087358,-4.2315515188768416,7.593998718261719
FSLR,2026-08-31,203.41000366210938,205.24000549316406,200.35000610351562,201.89999389648438,201.89999389648438,2790200.0,212.38991788375947,-4.938993381510793,7.348180597478693
FSLR,2026-09-01,199.0,202.61000061035156,198.1999969482422,199.64999389648438,199.64999389648438,1690700.0,211.17659178973327,-5.458274421213227,7.10333251953125
FSLR,2026-09-02,199.35000610351562,204.35000610351562,197.80999755859375,202.60000610351562,202.60000610351562,1729600.0,210.35977410533158,-3.688807917206871,7.05999990609976
FSLR,2026-09-03,202.1699981689453,207.6999969482422,201.75,207.4199981689453,207.4199981689453,1873700.0,210.07979544472335,-1.2660890449495366,6.980713980538504
FSLR,2026-09-04,208.24000549316406,209.67999267578125,203.47999572753906,204.4499969482422,204.4499969482422,1520700.0,209.5436241593442,-2.4308194685172757,6.745713370186942
FSLR,2026-09-08,206.4499969482422,215.5,205.9499969482422,213.25,213.25,2886500.0,209.89661233464474,1.59763782180955,7.213570731026786
FSLR,2026-09-09,214.82000732421875,220.97999572753906,202.49000549316406,203.10000610351562,203.10000610351562,3463700.0,209.24931650310864,-2.938748141383618,8.152856009347099
FSLR,2026-09-10,197.55999755859375,208.75,197.10000610351562,207.1699981689453,207.1699981689453,2189100.0,209.05128618556927,-0.8999169777668792,8.129284449986049
FSLR,2026-09-11,209.83999633789062,214.17999267578125,207.0800018310547,209.02999877929688,209.02999877929688,2068300.0,209.04925881354333,-0.009213155959397756,7.931427001953125
FSLR,2026-09-14,203.7100067138672,211.6699981689453,203.7100067138672,207.0399932861328,207.0399932861328,1351000.0,208.85790019188516,-0.8704037070573656,8.05999755859375
FSLR,2026-09-15,209.47999572753906,210.3000030517578,202.19000244140625,202.33999633789062,202.33999633789062,1446100.0,208.23714744388568,-2.8319400156901264,8.168568202427455
FSLR,2026-09-16,205.52000427246094,205.72999572753906,189.39999389648438,191.07000732421875,191.07000732421875,3090200.0,206.6021817182031,-7.517914024339589,8.92856924874442
FSLR,2026-09-17,193.14999389648438,203.52000427246094,192.72000122070312,201.16000366210938,201.16000366210938,2660000.0,206.08387904619417,-2.389257911328957,9.298568725585938
FSLR,2026-09-18,202.11000061035156,202.41000366210938,192.4199981689453,195.9600067138672,195.9600067138672,2760900.0,205.11970072882968,-4.465535968713075,9.36571284702846
FSLR,2026-09-21,198.22000122070312,201.16000366210938,193.72999572753906,199.83999633789062,199.83999633789062,1835500.0,204.61687173921644,-2.3345461988168448,9.547142028808594
FSLR,2026-09-22,200.88999938964844,202.4600067138672,198.52999877929688,200.77999877929688,200.77999877929688,2043000.0,204.25145526684315,-1.6995993898848871,9.512856619698661
FSLR,2026-09-23,200.38999938964844,201.49000549316406,191.14999389648438,191.97000122070312,191.97000122070312,2116500.0,203.0817929767346,-5.471584425741427,9.784285409109932
FSLR,2026-09-24,190.0,190.0,170.8000030517578,172.16000366210938,172.16000366210938,6370100.0,200.13686066105598,-13.978862717511653,10.87142835344587
FSLR,2026-09-25,174.08999633789062,180.9199981689453,173.44000244140625,177.7100067138672,177.7100067138672,3153300.0,198.00096980894278,-10.247910964605357,11.054285321916852
FSLR,2026-09-28,178.1300048828125,178.22999572753906,173.5500030517578,174.35499572753906,174.35499572753906,298319.0,195.74897227738052,-10.929291888963654,10.59928458077567
LRCX,2026-08-17,337.8699951171875,345.2799987792969,333.3999938964844,343.8399963378906,343.4751281738281,8505600.0,343.8399963378906,0.0,
LRCX,2026-08-18,324.17999267578125,329.07000732421875,317.4100036621094,327.9200134277344,327.572021484375,10210000.0,342.32380748930433,-4.20765186248987,
LRCX,2026-08-19,328.5199890136719,328.57000732421875,305.0799865722656,307.1700134277344,306.84405517578125,10861500.0,338.97582710248815,-9.382914984417868,20.600006103515625
LRCX,2026-08-20,305.2300109863281,312.5400085449219,302.95001220703125,310.5299987792969,310.2004699707031,6802600.0,336.26670059551753,-7.653657579130435,17.847503662109375
LRCX,2026-08-21,317.8599853515625,319.1000061035156,303.8500061035156,314.0,313.6667785644531,5940400.0,334.1460624435635,-6.029118612452933,17.3280029296875
LRCX,2026-08-24,307.94000244140625,311.44000244140625,297.7799987792969,310.1700134277344,309.8408508300781,8608400.0,331.8626292039607,-6.536625057259515,17.143335978190105
LRCX,2026-08-25,316.20001220703125,318.6099853515625,307.8599853515625,314.6600036621094,314.3260803222656,5018300.0,330.2242839142605,-4.713245212515094,16.23000226702009
LRCX,2026-08-26,314.6099853515625,315.7200012207031,308.04998779296875,312.8800048828125,312.5479736328125,4113500.0,328.57244781602736,-4.775946077499871,15.160003662109375
LRCX,2026-08-27,318.8800048828125,321.4100036621094,310.44000244140625,318.5799865722656,318.2419128417969,6555900.0,327.620784840431,-2.7595313504204966,14.694447835286459
LRCX,2026-08-28,318.0299987792969,318.2900085449219,301.04998779296875,301.8999938964844,301.5796203613281,8057600.0,325.1711857029123,-7.156597149320998,14.9780029296875
LRCX,2026-08-31,303.19000244140625,303.3999938964844,298.7699890136719,301.489990234375,301.1700439453125,6949300.0,322.91583375352775,-6.6351170427605854,14.037275834517045
LRCX,2026-09-01,294.55999755859375,296.3399963378906,286.5899963378906,290.20001220703125,289.8920593261719,8249700.0,319.80004122529,-9.255792746257452,14.109169006347656
LRCX,2026-09-02,291.5,292.19000244140625,284.3999938964844,288.32000732421875,288.0140380859375,4840600.0,316.8019427585213,-8.99045478897602,13.623079740084135
LRCX,2026-09-03,283.7300109863281,292.7799987792969,278.0400085449219,292.6600036621094,292.34942626953125,7207100.0,314.5027104636249,-6.945156933406416,13.702859061104911
LRCX,2026-09-04,303.4700012207031,310.29998779296875,297.3800048828125,307.6499938964844,307.3235168457031,8355500.0,313.8500707905639,-1.9754900416182886,14.114286150251116
LRCX,2026-09-08,314.489990234375,321.7699890136719,312.0299987792969,320.4200134277344,320.0799865722656,8937400.0,314.47577961315153,1.8902040156781208,13.235000610351562
LRCX,2026-09-09,319.260009765625,322.2099914550781,312.760009765625,315.8399963378906,315.50482177734375,5580100.0,314.6057050155077,0.39232960582265,12.232140677315849
LRCX,2026-09-10,302.1499938964844,307.0299987792969,297.010009765625,298.010009765625,297.6937561035156,10597400.0,313.0251626107569,-4.7967878108901685,12.892139979771205
LRCX,2026-09-11,303.45001220703125,303.69000244140625,294.5400085449219,298.2200012207031,297.9035339355469,9364200.0,311.61514724027563,-4.298618388163256,12.456425258091517
LRCX,2026-09-14,275.0,280.20001220703125,273.239990234375,273.489990234375,273.19976806640625,13682900.0,307.98417990638035,-11.19998750666048,13.082140241350446
LRCX,2026-09-15,278.6099853515625,278.6099853515625,265.3699951171875,270.8699951171875,270.5825500488281,8930500.0,304.4494956407429,-11.029579948189483,13.259996686662946
LRCX,2026-09-16,277.1300048828125,277.7799987792969,265.75,269.2300109863281,268.9443054199219,7603200.0,301.09525900698907,-10.583111844986338,13.571424211774554
LRCX,2026-09-17,280.4599914550781,281.3999938964844,266.8999938964844,269.30999755859375,269.0242004394531,11273200.0,298.06809124999904,-9.648162462074804,13.82356698172433
LRCX,2026-09-18,274.4100036621094,288.2699890136719,272.6400146484375,288.1099853515625,287.8042297363281,19636000.0,297.1197002120527,-3.032351895232799,13.925709315708705
LRCX,2026-09-21,292.489990234375,305.69000244140625,290.0400085449219,302.2799987792969,301.959228515625,11336000.0,297.6111572184569,1.568772355336412,14.850710187639509
LRCX,2026-09-22,296.82000732421875,311.3900146484375,296.0799865722656,310.9599914550781,310.6300048828125,9294800.0,298.8824747648018,4.040891557720272,14.879998343331474
LRCX,2026-09-23,307.5,309.75,298.55999755859375,307.2799987792969,307.2799987792969,9644600.0,299.6822389566585,2.535271976440745,15.209283011300224
LRCX,2026-09-24,301.8599853515625,307.2200012207031,298.8599853515625,307.1600036621094,307.1600036621094,7900100.0,300.39440702384434,2.252237884618147,14.757856096540179
LRCX,2026-09-25,309.17999267578125,317.1300048828125,307.5,315.2099914550781,315.2099914550781,8138100.0,301.80541506491426,4.441463181593597,14.210000174386161
LRCX,2026-09-28,313.8800048828125,316.2900085449219,312.298095703125,314.7799987792969,314.7799987792969,1019411.0,303.04108970437926,3.8737021063279142,13.486565726143974
MCHP,2026-08-17,80.05999755859375,81.41000366210938,79.37000274658203,80.26000213623047,79.7800064086914,8530600.0,80.26000213623047,0.0,
MCHP,2026-08-18,78.01000213623047,78.47000122070312,75.6500015258789,78.19000244140625,77.72238159179688,12743300.0,80.06285930815197,-2.3392330512920223,
MCHP,2026-08-19,79.2699966430664,79.75,76.97000122070312,77.08000183105469,76.6190185546875,8833000.0,79.77877764366652,-3.3828242200776293,3.1433334350585938
MCHP,2026-08-20,76.69000244140625,77.41999816894531,75.68000030517578,75.80999755859375,75.35661315917969,6824800.0,79.4007985879453,-4.5223739473783,2.792499542236328
MCHP,2026-08-21,76.81999969482422,77.0,75.05999755859375,76.08000183105469,75.625,4628800.0,79.0845322301462,-3.7991378520744523,2.6220001220703124
MCHP,2026-08-24,74.79000091552734,75.2300033569336,72.7699966430664,74.20999908447266,74.20999908447266,11782200.0,78.62029097817728,-5.609610240349772,2.7366676330566406
MCHP,2026-08-25,75.31999969482422,75.31999969482422,73.12999725341797,73.5,73.5,6001700.0,78.13264421835088,-5.929204450580738,2.6585726056780135
MCHP,2026-08-26,73.41000366210938,74.41000366210938,72.91000366210938,74.05000305175781,74.05000305175781,6224900.0,77.74382125010392,-4.751269154191684,2.5137510299682617
MCHP,2026-08-27,74.58999633789062,75.56999969482422,73.70999908447266,75.48999786376953,75.48999786376953,7520800.0,77.52917140378636,-2.6302016429357145,2.441112094455295
MCHP,2026-08-28,75.38999938964844,75.58000183105469,72.66999816894531,72.93000030517578,72.93000030517578,11147800.0,77.0911551086806,-5.397707165807219,2.488001251220703
MCHP,2026-08-31,73.51000213623047,74.05999755859375,72.75,73.44999694824219,73.44999694824219,7193300.0,76.7443781410198,-4.292667779161741,2.3809100064364346
MCHP,2026-09-01,71.91999816894531,72.37000274658203,70.44999694824219,71.41000366210938,71.41000366210938,10116500.0,76.23634247636166,-6.330758608663278,2.4325008392333984
MCHP,2026-09-02,71.45999908447266,73.19000244140625,70.66999816894531,72.76000213623047,72.76000213623047,5837700.0,75.90526244396821,-4.143665678067466,2.4392318725585938
MCHP,2026-09-03,71.63999938964844,73.29000091552734,70.8499984741211,73.11000061035156,73.11000061035156,5814700.0,75.63904703124282,-3.3435725596154486,2.439286913190569
MCHP,2026-09-04,73.77999877929688,74.86000061035156,73.20999908447266,74.16999816894531,74.16999816894531,7673200.0,75.49913761578593,-1.7604697070906727,2.418572562081473
MCHP,2026-09-08,74.6500015258789,74.83999633789062,72.83000183105469,73.37999725341797,73.37999725341797,8727500.0,75.29731472413184,-2.546329145651982,2.2328578404017856
MCHP,2026-09-09,73.05000305175781,74.2699966430664,72.55000305175781,73.01000213623047,73.01000213623047,5104200.0,75.079475430046,-2.756376868594046,2.1571431841169084
MCHP,2026-09-10,71.43000030517578,72.5999984741211,70.94000244140625,71.58000183105469,71.58000183105469,7593600.0,74.74619223014207,-4.235921997656744,2.1807147434779575
MCHP,2026-09-11,72.81999969482422,75.16000366210938,72.44999694824219,74.19999694824219,74.19999694824219,8766900.0,74.6941736318659,-0.6616000413355971,2.2978575570242747
MCHP,2026-09-14,71.05000305175781,72.37999725341797,70.69000244140625,71.4800033569336,71.4800033569336,10437000.0,74.38806217711044,-3.9093084764771135,2.3121425083705356
MCHP,2026-09-15,71.87999725341797,72.4000015258789,70.43000030517578,71.48999786376953,71.48999786376953,6744900.0,74.11205605203037,-3.537964439173058,2.2964281354631697
MCHP,2026-09-16,72.5999984741211,72.91000366210938,68.75,69.58999633789062,69.58999633789062,7330800.0,73.68138369830278,-5.55281016052146,2.4864283970424106
MCHP,2026-09-17,71.47000122070312,71.80000305175781,70.0999984741211,70.81999969482422,70.81999969482422,8555800.0,73.40887093606673,-3.5266463143088234,2.5114288330078125
MCHP,2026-09-18,71.48999786376953,73.4000015258789,71.05999755859375,73.2699966430664,73.2699966430664,15928500.0,73.39564481292383,-0.17119295045051608,2.4878572736467635
MCHP,2026-09-21,74.69999694824219,75.16999816894531,72.73999786376953,74.77999877929688,74.77999877929688,9676200.0,73.5274880478165,1.7034591616482686,2.567857469831194
MCHP,2026-09-22,74.66999816894531,76.55000305175781,74.44000244140625,75.81999969482422,75.81999969482422,7456800.0,73.74582249038866,2.8126029846719636,2.504286084856306
MCHP,2026-09-23,75.05000305175781,75.7699966430664,73.7699966430664,75.52999877929688,75.52999877929688,7724400.0,73.91574404171325,2.183911910123837,2.470714569091797
MCHP,2026-09-24,73.91999816894531,74.75,73.12999725341797,74.69000244140625,74.69000244140625,8726300.0,73.9894829369221,0.9467825381093142,2.4678573608398438
MCHP,2026-09-25,75.19999694824219,78.95999908447266,74.93000030517578,78.69000244140625,78.69000244140625,9747400.0,74.43715146115869,5.713344609199211,2.647857121058873
MCHP,2026-09-28,77.64600372314453,78.25070190429688,77.0,77.58499908447266,77.58499908447266,614199.0,74.73694647290289,3.810769299495509,2.625000544956752
MRVL,2026-08-17,227.75,240.17999267578125,226.88999938964844,234.3300018310547,234.3300018310547,21113500.0,234.3300018310547,0.0,
MRVL,2026-08-18,220.52000427246094,225.00999450683594,211.10000610351562,216.0,216.0,25860700.0,232.58428737095426,-7.130441853324154,
MRVL,2026-08-19,240.1300048828125,245.49000549316406,228.10000610351562,237.27000427246094,237.27000427246094,44011800.0,233.0305461234787,1.8192714300793167,22.003331502278645
MRVL,2026-08-20,237.57000732421875,251.72999572753906,234.52999877929688,251.00999450683594,251.00999450683594,29226500.0,234.74287454094127,6.929760912959049,20.80249786376953
MRVL,2026-08-21,252.38999938964844,252.52000427246094,233.27999877929688,237.0399932861328,237.0399932861328,25526600.0,234.96164775476902,0.8845467127184037,20.48999938964844
MRVL,2026-08-24,229.22000122070312,231.6999969482422,220.4199981689453,229.2899932861328,229.2899932861328,18791400.0,234.42149018632747,-2.1890044705866973,19.844998677571613
MRVL,2026-08-25,237.3800048828125,246.6999969482422,235.92999267578125,240.3800048828125,240.3800048828125,21347000.0,234.9889677764689,2.294166044199897,19.497142246791295
MRVL,2026-08-26,240.0,245.1699981689453,236.7899932861328,245.11000061035156,245.11000061035156,17107000.0,235.95287566541012,3.8809126267766114,18.107500076293945
MRVL,2026-08-27,253.44000244140625,254.60000610351562,240.3800048828125,241.4499969482422,241.4499969482422,41014700.0,236.47641102567985,2.1032059396496106,17.675555759006077
MRVL,2026-08-28,225.25999450683594,228.8800048828125,215.5500030517578,216.6199951171875,216.6199951171875,48979900.0,234.5853237962996,-7.658334455190452,18.497999572753905
MRVL,2026-08-31,216.3000030517578,218.22000122070312,209.52999877929688,211.66000366210938,211.66000366210938,23650800.0,232.40195997399576,-8.925035018726724,17.60636346990412
MRVL,2026-09-01,205.11000061035156,210.4499969482422,200.6199951171875,210.38999938964844,210.38999938964844,22284200.0,230.3055827754865,-8.647460103150328,17.059167226155598
MRVL,2026-09-02,205.25,208.49000549316406,203.5,206.47999572753906,206.47999572753906,15224800.0,228.03647924711055,-9.453085572423658,16.27692354642428
MRVL,2026-09-03,204.35000610351562,212.77000427246094,201.10000610351562,208.8300018310547,208.8300018310547,18768900.0,226.20729092177191,-7.6820198941893185,15.947857448032924
MRVL,2026-09-04,211.66000366210938,223.6699981689453,210.8699951171875,223.5500030517578,223.5500030517578,21218100.0,225.95421588653247,-1.064026544201313,16.05857195172991
MRVL,2026-09-08,227.0,231.88999938964844,222.52999877929688,225.41000366210938,225.41000366210938,20618200.0,225.90238615087313,-0.21796250015477803,15.067858014787946
MRVL,2026-09-09,223.8000030517578,241.8800048828125,223.60000610351562,235.00999450683594,235.00999450683594,20477900.0,226.76977742286957,3.6337369016332444,14.267143249511719
MRVL,2026-09-10,228.02999877929688,234.49000549316406,226.14999389648438,226.9600067138672,226.9600067138672,16467600.0,226.78789449820266,0.07589127102456406,13.671429225376674
MRVL,2026-09-11,234.6300048828125,240.1999969482422,229.27999877929688,236.10000610351562,236.10000610351562,17310200.0,227.67476227013722,3.700561164254923,13.242856706891741
MRVL,2026-09-14,215.80999755859375,224.10000610351562,213.6300048828125,218.82000732421875,218.82000732421875,22196800.0,226.83145227528783,-3.5318933378543194,13.660714285714286
MRVL,2026-09-15,221.6199951171875,227.6199951171875,220.9199981689453,221.6999969482422,221.6999969482422,12742900.0,226.34274224414062,-2.05120131083798,13.045713152204241
MRVL,2026-09-16,226.72999572753906,233.77000427246094,224.5800018310547,229.7100067138672,229.7100067138672,16377400.0,226.6634340984003,1.3440953224701735,13.30928475516183
MRVL,2026-09-17,240.07000732421875,247.88999938964844,240.0,240.75999450683594,240.75999450683594,20969900.0,228.00596366110847,5.593726866146431,13.592141287667411
MRVL,2026-09-18,242.05999755859375,244.44000244140625,235.9600067138672,244.25,244.25,23635600.0,229.5530147410029,6.402436176052495,12.347855704171318
MRVL,2026-09-21,251.39999389648438,261.17999267578125,244.99000549316406,257.3800048828125,257.3800048828125,21466200.0,232.2032042783181,10.84257242820712,12.936426435198102
MRVL,2026-09-22,255.4600067138672,266.0,254.0,262.3599853515625,262.3599853515625,19926600.0,235.07527866624613,11.606795423203353,13.004997253417969
MRVL,2026-09-23,262.3599853515625,264.9700012207031,256.2200012207031,260.8999938964844,260.8999938964844,13683600.0,237.53477535484026,9.836546462192786,13.137854439871651
MRVL,2026-09-24,254.10000610351562,261.9800109863281,252.19000244140625,258.95001220703125,258.95001220703125,13424700.0,239.5743217217156,8.087548926809474,13.00356946672712
MRVL,2026-09-25,263.55999755859375,267.4800109863281,257.42999267578125,261.94000244140625,261.94000244140625,12399000.0,241.7043865521623,8.372051570059892,12.66142817905971
MRVL,2026-09-28,259.0299987792969,261.7814025878906,252.8300018310547,254.73500061035156,254.73500061035156,2905123.0,242.94539741484698,4.8527789869478255,12.643571036202568
MSFT,2026-08-17,490.1400146484375,492.6600036621094,478.4100036621094,480.3500061035156,479.44744873046875,29635800.0,480.3500061035156,0.0,
MSFT,2026-08-18,481.5400085449219,484.2699890136719,477.1499938964844,481.6300048828125,480.72503662109375,24087600.0,480.47191074916293,0.24103264056454243,
MSFT,2026-08-19,480.07000732421875,489.29998779296875,479.3599853515625,484.30999755859375,483.3999938964844,19961900.0,480.83744282625156,0.7221889193843367,10.436665852864584
MSFT,2026-08-20,483.29998779296875,484.1600036621094,479.5,481.1499938964844,481.1499938964844,20020800.0,480.8672095948451,0.058807150081530146,9.029998779296875
MSFT,2026-08-21,479.8800048828125,486.3599853515625,478.5299987792969,483.239990234375,483.239990234375,22510800.0,481.09318870337177,0.44623403145431784,8.789996337890624
MSFT,2026-08-24,483.2099914550781,490.6099853515625,481.8599853515625,487.30999755859375,487.30999755859375,17230800.0,481.6852657372024,1.1677193016861098,8.783330281575521
MSFT,2026-08-25,485.44000244140625,492.44000244140625,484.29998779296875,491.7099914550781,491.7099914550781,19519000.0,482.64000151985726,1.879245380958694,8.691428048270089
MSFT,2026-08-26,487.8500061035156,497.3999938964844,487.30999755859375,496.3699951171875,496.3699951171875,20758900.0,483.94761995769824,2.5668842344084952,8.866249084472656
MSFT,2026-08-27,494.8800048828125,506.4800109863281,490.0799865722656,505.05999755859375,505.05999755859375,28688800.0,485.95832258635494,3.930722879809201,9.70333523220486
MSFT,2026-08-28,505.3299865722656,517.780029296875,504.8699951171875,513.530029296875,513.530029296875,29207300.0,488.58419941592825,5.105738153376205,10.024005126953124
MSFT,2026-08-31,510.3800048828125,512.1900024414062,506.3900146484375,507.2900085449219,507.2900085449219,27208900.0,490.365705047261,3.451363609539082,9.761824174360795
MSFT,2026-09-01,497.5199890136719,505.9700012207031,496.7799987792969,501.0199890136719,501.0199890136719,21046900.0,491.3803987583477,1.961736829487326,9.824172973632812
MSFT,2026-09-02,499.8500061035156,500.2699890136719,493.80999755859375,496.82000732421875,496.82000732421875,15336100.0,491.8984567170021,1.000521660519893,9.623082087590145
MSFT,2026-09-03,501.6600036621094,515.6500244140625,500.79998779296875,510.1199951171875,510.1199951171875,24125900.0,493.6338413265436,3.3397535603192585,10.28072030203683
MSFT,2026-09-04,510.0,511.0,499.3599853515625,499.70001220703125,499.70001220703125,18101800.0,494.21157188659,1.1105446801842112,10.094292776925224
MSFT,2026-09-08,493.010009765625,495.19000244140625,490.1499938964844,493.95001220703125,493.95001220703125,18882300.0,494.1866614409177,-0.047886608917457885,10.267865862165179
MSFT,2026-09-09,493.07000732421875,494.3900146484375,489.79998779296875,491.6499938964844,491.6499938964844,12889600.0,493.9450740557336,-0.4646427871837111,9.885724748883929
MSFT,2026-09-10,488.32000732421875,494.5199890136719,486.0,492.44000244140625,492.44000244140625,16038800.0,493.80173390198814,-0.2757648195808482,10.150724138532366
MSFT,2026-09-11,495.6499938964844,498.9700012207031,492.5799865722656,495.6300048828125,495.6300048828125,14510500.0,493.975854947781,0.3348645320339294,10.057867867606026
MSFT,2026-09-14,497.05999755859375,509.95001220703125,495.3399963378906,505.4100036621094,505.4100036621094,23091900.0,495.06482149200275,2.089662145439619,10.4764404296875
MSFT,2026-09-15,500.05999755859375,505.8999938964844,495.5400085449219,497.1199951171875,497.1199951171875,17794600.0,495.2605523134489,0.3754473872495723,10.635009765625
MSFT,2026-09-16,493.0299987792969,495.9700012207031,487.2300109863281,490.29998779296875,490.29998779296875,16670300.0,494.7881175972127,-0.9070811615362162,10.620723179408483
MSFT,2026-09-17,497.79998779296875,501.4700012207031,493.1700134277344,497.75,497.75,17841600.0,495.0702016355734,0.5412966394610752,10.24715096609933
MSFT,2026-09-18,497.9700012207031,498.6499938964844,491.1000061035156,493.7799987792969,493.7799987792969,39622300.0,494.9473251730709,-0.23584861143877145,9.864290509905134
MSFT,2026-09-21,494.95001220703125,501.8699951171875,491.3299865722656,501.6099853515625,501.6099853515625,27959900.0,495.58186423768916,1.2163724197506554,10.107147216796875
MSFT,2026-09-22,507.32000732421875,508.5,493.6499938964844,498.0,498.0,21652800.0,495.8121628817188,0.44126330132066016,10.417146955217634
MSFT,2026-09-23,500.760009765625,509.44000244140625,495.8800048828125,500.5899963378906,500.5899963378906,19445600.0,496.26719463944943,0.8710633596447526,10.870718819754464
MSFT,2026-09-24,495.07000732421875,498.8999938964844,491.2200012207031,497.92999267578125,497.92999267578125,16657600.0,496.4255563571953,0.3030537608952999,10.195002964564733
MSFT,2026-09-25,499.0400085449219,519.4000244140625,497.25,516.1699829101562,516.1699829101562,38154200.0,498.3059779336678,3.584946953790391,10.945717947823661
MSFT,2026-09-28,505.42498779296875,508.2898864746094,502.2200012207031,508.0899963378906,508.0899963378906,3819580.0,499.2377892102605,1.7731444451817957,11.260001046316964
NVDL,2026-08-17,36.95000076293945,37.57500076293945,36.59000015258789,36.66999816894531,36.66999816894531,10909400.0,36.66999816894531,0.0,
NVDL,2026-08-18,35.099998474121094,35.52000045776367,34.560001373291016,34.91999816894531,34.91999816894531,9375600.0,36.50333150227865,-4.337503641919637,
NVDL,2026-08-19,35.5099983215332,35.88999938964844,33.970001220703125,34.22999954223633,34.22999954223633,10810600.0,36.28682369656033,-5.6682397211827995,1.6716651916503906
NVDL,2026-08-20,34.4900016784668,34.91999816894531,33.61000061035156,34.040000915527344,34.040000915527344,7018000.0,36.07284057455719,-5.63537449962741,1.5812482833862305
NVDL,2026-08-21,34.400001525878906,34.540000915527344,33.22999954223633,33.290000915527344,33.290000915527344,7552200.0,35.80780822607816,-7.031447707310779,1.5269989013671874
NVDL,2026-08-24,33.56999969482422,33.56999969482422,31.010000228881836,31.34000015258789,31.34000015258789,15830700.0,35.382302695269566,-11.424645189138893,1.69916566212972
NVDL,2026-08-25,32.099998474121094,33.209999084472656,31.809999465942383,32.689998626708984,32.689998626708984,13925900.0,35.12589278397808,-6.934753722132225,1.7235704149518694
NVDL,2026-08-26,32.54999923706055,32.8650016784668,31.530000686645508,31.75,31.75,27289500.0,34.804379185503976,-8.775847341578569,1.6749992370605469
NVDL,2026-08-27,35.650001525878906,37.93000030517578,35.060001373291016,37.06999969482422,37.06999969482422,50757200.0,35.020152567344,5.853335800117798,2.1755549112955728
NVDL,2026-08-28,36.939998626708984,37.560001373291016,33.52000045776367,33.75,33.75,24747000.0,34.89918565616838,-3.292872411093817,2.36199951171875
NVDL,2026-08-31,34.20000076293945,34.900001525878906,33.31999969482422,34.7599983215332,34.7599983215332,17728800.0,34.885929719536456,-0.36098048415412753,2.2909088134765625
NVDL,2026-09-01,33.41999816894531,34.61000061035156,32.95000076293945,33.720001220703125,33.720001220703125,11176100.0,34.77488891012376,-3.0334753682377147,2.2508328755696616
NVDL,2026-09-02,34.099998474121094,36.91999816894531,33.994998931884766,35.83000183105469,35.83000183105469,20254500.0,34.87537585497432,2.7372492845670893,2.3238454965444713
NVDL,2026-09-03,36.314998626708984,37.720001220703125,35.93000030517578,37.08000183105469,37.08000183105469,16862900.0,35.085340233648644,5.685171026197033,2.2928564889090404
NVDL,2026-09-04,37.900001525878906,39.119998931884766,37.45500183105469,37.689998626708984,37.689998626708984,17803700.0,35.333402937749625,6.669597301769126,2.368213381086077
NVDL,2026-09-08,38.61000061035156,38.77000045776367,35.869998931884766,36.18000030517578,36.18000030517578,13200600.0,35.41403125845688,2.1628970763840627,2.4246422903878346
NVDL,2026-09-09,35.994998931884766,36.290000915527344,35.41999816894531,35.529998779296875,35.529998779296875,6614200.0,35.42507578425117,0.2961828386330412,2.3496426173618863
NVDL,2026-09-10,34.58000183105469,34.70000076293945,33.5099983215332,33.86000061035156,33.86000061035156,9648900.0,35.27602100578454,-4.014115977538346,2.400357110159738
NVDL,2026-09-11,34.7599983215332,34.97999954223633,33.78499984741211,33.79999923706055,33.79999923706055,8854000.0,35.135447504001306,-3.8008574297756503,2.3921427045549666
NVDL,2026-09-14,31.6200008392334,32.099998474121094,30.93000030517578,31.549999237060547,31.549999237060547,13255700.0,34.79397624048314,-9.323386844324489,2.414285523550851
NVDL,2026-09-15,32.25,32.40999984741211,31.59000015258789,31.8700008392334,31.8700008392334,8219200.0,34.51550239274507,-7.664676363128176,2.342142786298479
NVDL,2026-09-16,32.48500061035156,33.255001068115234,31.989999771118164,32.38999938964844,32.38999938964844,11097600.0,34.313073535307296,-5.60449399462879,2.3457141603742326
NVDL,2026-09-17,33.779998779296875,34.20500183105469,33.380001068115234,34.040000915527344,34.040000915527344,8567400.0,34.287066619137775,-0.7205798803229468,2.033928598676409
NVDL,2026-09-18,33.95000076293945,35.040000915527344,33.619998931884766,34.869998931884766,34.869998931884766,8337200.0,34.342583982256535,1.5357462615530837,1.8467858178274972
NVDL,2026-09-21,35.11000061035156,36.86000061035156,34.709999084472656,36.5,36.5,13111800.0,34.54805217442258,5.649950439239326,1.8875000817435128
NVDL,2026-09-22,36.349998474121094,37.345001220703125,36.2400016784668,36.959999084472656,36.959999084472656,9591400.0,34.77776140395116,6.274807786430925,1.8371430805751257
NVDL,2026-09-23,36.689998626708984,36.99599838256836,35.40999984741211,35.93000030517578,35.93000030517578,7055200.0,34.88749844216303,2.9881817543927047,1.7218574796404158
NVDL,2026-09-24,34.810001373291016,35.66999816894531,34.4900016784668,35.560001373291016,35.560001373291016,6671600.0,34.951546340365695,1.7408529711391063,1.6897145680018835
NVDL,2026-09-25,35.7400016784668,36.29999923706055,35.11000061035156,35.720001220703125,35.720001220703125,5888900.0,35.02473251944545,1.9850792604102496,1.6290003912789481
NVDL,2026-09-28,37.17499923706055,38.279998779296875,37.151100158691406,38.000999450683594,38.000999450683594,7155900.0,35.308186512896704,7.626596559422016,1.6047143936157227
NVDX,2026-08-17,20.899999618530273,21.309999465942383,20.694000244140625,20.739999771118164,20.739999771118164,4481600.0,20.739999771118164,0.0,
NVDX,2026-08-18,19.8799991607666,20.09000015258789,19.559999465942383,19.75,19.75,4031900.0,20.645714078630718,-4.338498902093313,
NVDX,2026-08-19,20.075000762939453,20.280000686645508,19.200000762939453,19.31999969482422,19.31999969482422,3652100.0,20.51945556588724,-5.845456606836441,0.9586664835611979
NVDX,2026-08-20,19.450000762939453,19.739999771118164,19.0,19.239999771118164,19.239999771118164,3151400.0,20.39760263305209,-5.675190770008232,0.9039998054504395
NVDX,2026-08-21,19.440000534057617,19.520000457763672,18.780000686645508,18.809999465942383,18.809999465942383,2770400.0,20.246402331422594,-7.094607930668751,0.8711997985839843
NVDX,2026-08-24,18.950000762939453,18.950000762939453,17.540000915527344,17.719999313354492,17.719999313354492,6896000.0,20.005792520178012,-11.425656866720225,0.9609998067220052
NVDX,2026-08-25,18.1299991607666,18.760000228881836,17.985000610351562,18.459999084472656,18.459999084472656,4307500.0,19.858574097729882,-7.042675906006279,0.9722856794084821
NVDX,2026-08-26,18.34000015258789,18.56599998474121,17.81999969482422,17.920000076293945,17.920000076293945,9916200.0,19.673948000450267,-8.915078580649805,0.9440000057220459
NVDX,2026-08-27,20.09000015258789,21.420000076293945,19.799999237060547,20.920000076293945,20.920000076293945,19778900.0,19.792619626721095,5.6959638028451165,1.228000005086263
NVDX,2026-08-28,20.860000610351562,21.209999084472656,18.93000030517578,19.040000915527344,19.040000915527344,8562800.0,19.72094165422645,-3.452881462955759,1.3331998825073241
NVDX,2026-08-31,19.280000686645508,19.690000534057617,18.829999923706055,19.540000915527344,19.540000915527344,3920900.0,19.70370920292177,-0.8308500988745471,1.2901817668568005
NVDX,2026-09-01,18.889999389648438,19.530000686645508,18.600000381469727,19.030000686645508,19.030000686645508,3671700.0,19.639546487085937,-3.1036653562302896,1.2609999974568684
NVDX,2026-09-02,19.209999084472656,20.84000015258789,19.19099998474121,20.209999084472656,20.209999084472656,6671100.0,19.693875305884674,2.6207324387484077,1.303230725801908
NVDX,2026-09-03,20.510000228881836,21.299999237060547,20.290000915527344,20.950000762939453,20.950000762939453,5442600.0,19.813506301794654,5.735958309619638,1.2879999705723353
NVDX,2026-09-04,21.405000686645508,22.084999084472656,21.149999618530273,21.25,21.25,5213600.0,19.950315225433258,6.514607713615805,1.3250713348388672
NVDX,2026-09-08,21.739999771118164,21.8700008392334,20.25,20.420000076293945,20.420000076293945,6892000.0,19.99504711599142,2.1252911175321243,1.3564999444144112
NVDX,2026-09-09,20.309999465942383,20.479999542236328,19.9950008392334,20.030000686645508,20.030000686645508,4907000.0,19.998376027482283,0.1581361362530842,1.313999857221331
NVDX,2026-09-10,19.540000915527344,19.56999969482422,18.90999984741211,19.139999389648438,19.139999389648438,4760100.0,19.91662587149811,-3.8993878122753234,1.3411427906581335
NVDX,2026-09-11,19.579999923706055,19.729999542236328,19.06999969482422,19.079999923706055,19.079999923706055,3340500.0,19.83694720980363,-3.815845644452198,1.3354285103934151
NVDX,2026-09-14,17.889999389648438,18.104999542236328,17.44499969482422,17.790000915527344,17.790000915527344,5057800.0,19.64199994368208,-9.428770153063958,1.3514999662126814
NVDX,2026-09-15,18.190000534057617,18.280000686645508,17.825000762939453,17.989999771118164,17.989999771118164,3523400.0,19.48466659391409,-7.670989983799748,1.3122141701834542
NVDX,2026-09-16,18.309999465942383,18.75,18.040000915527344,18.260000228881836,18.260000228881836,3893000.0,19.368031702006256,-5.720929675108099,1.3132141658238001
NVDX,2026-09-17,19.040000915527344,19.290000915527344,18.829999923706055,19.209999084472656,19.209999084472656,3583500.0,19.352980976526865,-0.738810688790692,1.1367856434413366
NVDX,2026-09-18,19.15999984741211,19.760000228881836,18.959999084472656,19.670000076293945,19.670000076293945,4219700.0,19.383173271742777,1.4797721741945713,1.0310715266636439
NVDX,2026-09-21,19.809999465942383,20.780000686645508,19.56999969482422,20.56999969482422,20.56999969482422,4614400.0,19.496204359655298,5.507714811355746,1.0560715539114816
NVDX,2026-09-22,20.459999084472656,21.049999237060547,20.434999465942383,20.850000381469727,20.850000381469727,4493600.0,19.625137314113815,6.241296800889273,1.0328572137015206
NVDX,2026-09-23,20.65999984741211,20.850000381469727,19.959999084472656,20.219999313354492,20.219999313354492,3549700.0,19.681790837851022,2.734550325920626,0.9671430587768555
NVDX,2026-09-24,19.610000610351562,20.110000610351562,19.440000534057617,20.030000686645508,20.030000686645508,3783000.0,19.714953680593354,1.598010379107695,0.9450001035417829
NVDX,2026-09-25,20.1299991607666,20.44499969482422,19.780000686645508,20.110000610351562,20.110000610351562,3702000.0,19.752577197713183,1.8095026743131015,0.911428724016462
NVDX,2026-09-28,20.93000030517578,21.565000534057617,20.915000915527344,21.450000762939453,21.450000762939453,3248666.0,19.914236584877592,7.7118907948903415,0.8996429443359375
NXPI,2026-08-17,235.36000061035156,238.17999267578125,232.24000549316406,232.72000122070312,231.67747497558594,3330400.0,232.72000122070312,0.0,
NXPI,2026-08-18,229.55999755859375,230.3800048828125,223.50999450683594,228.55999755859375,227.53610229492188,4995200.0,232.3238103957403,-1.620071929233291,
NXPI,2026-08-19,230.75,231.66000366210938,225.02000427246094,226.02000427246094,225.0074920654297,3337100.0,231.72344790780895,-2.4613148504579185,7.2633310953776045
NXPI,2026-08-20,226.6199951171875,227.75,222.60000610351562,222.97000122070312,221.9711456298828,2124500.0,230.88978631856077,-3.4301149583683355,6.734996795654297
NXPI,2026-08-21,225.25999450683594,226.0800018310547,222.91000366210938,225.55999755859375,224.54954528808594,2172500.0,230.3821873890401,-2.09312615923003,6.0219970703125
NXPI,2026-08-24,223.14999389648438,224.0800018310547,217.97999572753906,222.44000244140625,221.4435272216797,2971400.0,229.62578882259876,-3.129346410974776,6.281664530436198
NXPI,2026-08-25,224.9600067138672,225.30999755859375,221.25999450683594,224.75,223.74317932128906,2025200.0,229.16142798235126,-1.9250307615865436,5.962855747767857
NXPI,2026-08-26,224.75,226.19000244140625,222.25999450683594,223.14999389648438,222.15032958984375,1815700.0,228.58891045036393,-2.379344012429929,5.708749771118164
NXPI,2026-08-27,225.57000732421875,228.0800018310547,223.0,225.86000061035156,224.84820556640625,2564200.0,228.32901427512465,-1.0813403073680616,5.638888888888889
NXPI,2026-08-28,225.66000366210938,225.83999633789062,220.5500030517578,223.5800018310547,222.5784149169922,3328900.0,227.87672737568943,-1.8855482058731443,5.605999755859375
NXPI,2026-08-31,226.22000122070312,227.24000549316406,223.24000549316406,224.63999938964844,223.6336669921875,2990600.0,227.56846756749505,-1.2868514733826442,5.4599997780539775
NXPI,2026-09-01,221.6999969482422,223.16000366210938,217.3000030517578,222.39999389648438,221.4036865234375,3181500.0,227.07623197977975,-2.059325206572815,5.616666158040364
NXPI,2026-09-02,223.10000610351562,229.99000549316406,222.22000122070312,228.5,227.47637939453125,2745500.0,227.21182893408644,0.5669471840250351,5.782307551457332
NXPI,2026-09-03,225.22000122070312,227.1199951171875,222.80999755859375,224.99000549316406,223.9821014404297,2332300.0,227.00022670161763,-0.8855591193289492,5.7757143293108255
NXPI,2026-09-04,228.08999633789062,228.6199951171875,225.00999450683594,227.83999633789062,226.81932067871094,2905900.0,227.08020476221506,0.3345917256289077,5.610714503696987
NXPI,2026-09-08,230.22000122070312,231.3000030517578,222.32000732421875,223.8699951171875,222.8671112060547,5537500.0,226.77447051030768,-1.2807770586275802,5.594285147530692
NXPI,2026-09-09,221.97000122070312,227.22000122070312,221.97000122070312,223.32000732421875,222.319580078125,3831700.0,226.44547401639443,-1.3802292608194877,5.494999476841518
NXPI,2026-09-10,219.75,226.92999267578125,218.4499969482422,226.47000122070312,225.45547485351562,3078600.0,226.44780994061432,0.009799732704252051,5.732856750488281
NXPI,2026-09-11,229.83999633789062,238.60000610351562,228.0,236.6199951171875,235.55999755859375,3124500.0,227.41658948124035,4.046936794251033,6.372857230050223
NXPI,2026-09-14,226.75999450683594,230.8699951171875,223.9600067138672,224.22999572753906,223.22549438476562,4657900.0,227.11310436184021,-1.2694593922276454,6.735713413783482
NXPI,2026-09-15,226.0399932861328,228.97999572753906,224.3000030517578,226.35000610351562,225.3360137939453,2373300.0,227.04042833723787,-0.30409660463497357,6.785713195800781
NXPI,2026-09-16,227.99000549316406,228.17999267578125,216.66000366210938,218.97999572753906,218.97999572753906,3342500.0,226.2727680886951,-3.223000462122505,7.327854701450893
NXPI,2026-09-17,222.16000366210938,228.27999877929688,220.6699981689453,227.9499969482422,227.9499969482422,5053500.0,226.43250417055674,0.6701744448060376,7.629283360072544
NXPI,2026-09-18,231.36000061035156,231.36000061035156,224.86000061035156,227.99000549316406,227.99000549316406,5216500.0,226.58083762985268,0.6219272018110455,7.714283534458706
NXPI,2026-09-21,229.13999938964844,233.05999755859375,226.14999389648438,232.41000366210938,232.41000366210938,4856200.0,227.1359962995914,2.321960168550996,7.922140938895089
NXPI,2026-09-22,231.8699951171875,238.94000244140625,231.0800018310547,237.57000732421875,237.57000732421875,4153700.0,228.12971163527018,4.138126341053527,7.959284101213727
NXPI,2026-09-23,236.5,236.89999389648438,231.72999572753906,235.44000244140625,235.44000244140625,4018700.0,228.82592980728313,2.890438439250964,7.821427481515067
NXPI,2026-09-24,232.33999633789062,233.25,229.36000061035156,230.16000366210938,230.16000366210938,2943500.0,228.95298446012373,0.5271908574731254,7.849284580775669
NXPI,2026-09-25,231.1999969482422,239.24000549316406,230.22000122070312,238.0800018310547,238.0800018310547,2929000.0,229.8222242097362,3.5931153524049186,8.238571166992188
NXPI,2026-09-28,238.2949981689453,239.38999938964844,234.6699981689453,236.4949951171875,236.4949951171875,322216.0,230.45772620092202,2.6196860551344514,7.934285845075335
ONDS,2026-08-17,9.069999694824219,9.130000114440918,8.520000457763672,9.0,9.0,69737300.0,9.0,0.0,
ONDS,2026-08-18,8.585000038146973,9.3149995803833,8.5649995803833,9.0600004196167,9.0600004196167,79491800.0,9.005714325677781,0.6027960911899388,
ONDS,2026-08-19,8.930000305175781,9.0,8.619999885559082,8.899999618530273,8.899999618530273,72041100.0,8.995646258330398,-1.0632547907444834,0.6000000635782877
ONDS,2026-08-20,8.890000343322754,8.9399995803833,8.170000076293945,8.380000114440918,8.380000114440918,68546000.0,8.937013292245686,-6.23265468663975,0.6424999237060547
ONDS,2026-08-21,8.390000343322754,8.829999923706055,8.380000114440918,8.710000038146973,8.710000038146973,58792200.0,8.915392982331522,-2.303801353362611,0.6039999008178711
ONDS,2026-08-24,8.524999618530273,8.539999961853027,8.1850004196167,8.239999771118164,8.239999771118164,49325200.0,8.85106981935882,-6.903911738489965,0.5908331871032715
ONDS,2026-08-25,8.300000190734863,8.329999923706055,8.164999961853027,8.239999771118164,8.239999771118164,41611100.0,8.792872671907329,-6.287739188531171,0.5299998692103794
ONDS,2026-08-26,8.100000381469727,8.265000343322754,7.960000038146973,8.220000267028809,8.220000267028809,55499100.0,8.738313395252232,-5.931500791732169,0.5018749237060547
ONDS,2026-08-27,8.350000381469727,8.84000015258789,8.300000190734863,8.75,8.75,85768400.0,8.73942640522821,0.12098728545233417,0.5149999194675021
ONDS,2026-08-28,8.5600004196167,8.710000038146973,7.869999885559082,7.900000095367432,7.900000095367432,69966700.0,8.659481042384327,-8.770513421064985,0.5514999389648437
ONDS,2026-08-31,7.889999866485596,7.929999828338623,7.650000095367432,7.65500020980835,7.65500020980835,29699800.0,8.563816201186615,-10.612278101582074,0.52681810205633
ONDS,2026-09-01,7.434999942779541,7.445000171661377,7.0,7.039999961853027,7.039999961853027,68793600.0,8.418690845059606,-16.37654723971299,0.5374999443689982
ONDS,2026-09-02,7.059999942779541,7.630000114440918,7.039999961853027,7.610000133514404,7.610000133514404,79858600.0,8.3416726820553,-8.771292958004429,0.5415384219242976
ONDS,2026-09-03,7.690000057220459,7.949999809265137,7.53000020980835,7.630000114440918,7.630000114440918,73062000.0,8.273894342282501,-7.78223894582577,0.5328570774623326
ONDS,2026-09-04,7.610000133514404,7.685999870300293,7.460000038146973,7.619999885559082,7.619999885559082,43240300.0,8.211618679737414,-7.2046549803655875,0.5054285185677665
ONDS,2026-09-08,7.610000133514404,7.880000114440918,7.579999923706055,7.619999885559082,7.619999885559082,43007500.0,8.15527403267281,-6.563533548587552,0.4732856750488281
ONDS,2026-09-09,7.579999923706055,7.64900016784668,7.260000228881836,7.289999961853027,7.289999961853027,63851200.0,8.072866978309023,-9.697509181799724,0.4696427753993443
ONDS,2026-09-10,7.170000076293945,7.539999961853027,7.144999980926514,7.25,7.25,52336300.0,7.994498694660544,-9.312637641154264,0.44285709517342703
ONDS,2026-09-11,7.25,7.320000171661377,7.179999828338623,7.230000019073486,7.230000019073486,42170100.0,7.921689296985586,-8.731588073964303,0.42071427617754253
ONDS,2026-09-14,6.994999885559082,7.46999979019165,6.989999771118164,7.230000019073486,7.230000019073486,84277100.0,7.855814127660624,-7.966254017946051,0.41750001907348633
ONDS,2026-09-15,7.140999794006348,7.429999828338623,7.130000114440918,7.239999771118164,7.239999771118164,67788600.0,7.797165141323247,-7.145742845078784,0.427142858505249
ONDS,2026-09-16,7.264999866485596,7.28000020980835,6.980000019073486,7.199999809265137,7.199999809265137,65246400.0,7.7402922525558076,-6.980258957434959,0.4267857074737549
ONDS,2026-09-17,7.46999979019165,7.53000020980835,7.300000190734863,7.389999866485596,7.389999866485596,67049500.0,7.7069310729300735,-4.1122880618158275,0.40607145854404997
ONDS,2026-09-18,7.510000228881836,7.519999980926514,7.210000038146973,7.389999866485596,7.389999866485596,63908700.0,7.67674714850679,-3.735270635779242,0.3653571605682373
ONDS,2026-09-21,7.505000114440918,7.670000076293945,7.340000152587891,7.380000114440918,7.380000114440918,51627500.0,7.6484855262148015,-3.5103081630168953,0.3689286027635847
ONDS,2026-09-22,7.46999979019165,7.744999885559082,7.389999866485596,7.71999979019165,7.71999979019165,70109500.0,7.655296408498311,0.845210665148266,0.3482142857142857
ONDS,2026-09-23,7.739999771118164,7.980000019073486,7.380000114440918,7.400000095367432,7.400000095367432,67796400.0,7.630982473914417,-3.0269022283378466,0.348928553717477
ONDS,2026-09-24,7.260000228881836,7.730000019073486,7.179999828338623,7.599999904632568,7.599999904632568,114567800.0,7.628031753030432,-0.3674846841942858,0.3582143102373396
ONDS,2026-09-25,7.724999904632568,7.880000114440918,7.590000152587891,7.639999866485596,7.639999866485596,70849800.0,7.629171573359495,0.14193275143938866,0.36278574807303293
ONDS,2026-09-28,7.535999774932861,7.619999885559082,7.440000057220459,7.59499979019165,7.59499979019165,4814283.0,7.625917117819701,-0.405424385688713,0.35564286368233816
OPRX,2026-08-17,8.710000038146973,8.819999694824219,8.430000305175781,8.479999542236328,8.479999542236328,139500.0,8.479999542236328,0.0,
OPRX,2026-08-18,8.399999618530273,8.710000038146973,8.180000305175781,8.229999542236328,8.229999542236328,217000.0,8.456190018426804,-2.6748509162824674,
OPRX,2026-08-19,8.3100004196167,8.890000343322754,8.010000228881836,8.010000228881836,8.010000228881836,208000.0,8.413695752755855,-4.7980760861455085,0.599999745686849
OPRX,2026-08-20,7.980000019073486,8.239999771118164,7.860000133514404,7.960000038146973,7.960000038146973,194900.0,8.370486637078818,-4.903975321022669,0.5449997186660767
OPRX,2026-08-21,8.210000038146973,8.220000267028809,7.590000152587891,7.710000038146973,7.710000038146973,131500.0,8.307583151466261,-7.193224580771329,0.5619997978210449
OPRX,2026-08-24,7.710000038146973,8.100000381469727,7.599999904632568,7.650000095367432,7.650000095367432,150300.0,8.244956193742563,-7.216000720860938,0.5516665776570638
OPRX,2026-08-25,7.659999847412109,7.940000057220459,7.590000152587891,7.860000133514404,7.860000133514404,131500.0,8.208293711816072,-4.243190978903321,0.5228570529392788
OPRX,2026-08-26,7.78000020980835,7.849999904632568,7.619999885559082,7.75,7.75,112900.0,8.164646691643112,-5.0785625796584855,0.4874999523162842
OPRX,2026-08-27,7.75,8.0,7.650000095367432,7.829999923706055,7.829999923706055,333700.0,8.132775570887201,-3.722906706844198,0.47222216924031574
OPRX,2026-08-28,7.829999923706055,8.09000015258789,7.599999904632568,7.949999809265137,7.949999809265137,271600.0,8.115368355494624,-2.0377207661500973,0.4739999771118164
OPRX,2026-08-31,7.889999866485596,8.039999961853027,7.710000038146973,7.980000019073486,7.980000019073486,170900.0,8.102476132978325,-1.5115887031908914,0.4609090631658381
OPRX,2026-09-01,8.0,8.029999732971191,7.699999809265137,7.860000133514404,7.860000133514404,115500.0,8.079383180648428,-2.715344008679832,0.44999996821085614
OPRX,2026-09-02,7.929999828338623,8.350000381469727,7.480000019073486,8.039999961853027,8.039999961853027,171300.0,8.07563239790601,-0.4412340024568362,0.48230769084050107
OPRX,2026-09-03,8.09000015258789,8.34000015258789,7.900000095367432,7.949999809265137,7.949999809265137,157700.0,8.06366738946402,-1.409626348767834,0.47928571701049805
OPRX,2026-09-04,7.840000152587891,7.900000095367432,7.659999847412109,7.869999885559082,7.869999885559082,82200.0,8.045222865282598,-2.1779754601908285,0.4721429007393973
OPRX,2026-09-08,7.840000152587891,7.840000152587891,7.559999942779541,7.599999904632568,7.599999904632568,99700.0,8.002820678554023,-5.033484943639122,0.4564286300114223
OPRX,2026-09-09,7.599999904632568,7.599999904632568,7.159999847412109,7.170000076293945,7.170000076293945,78500.0,7.92350443071973,-9.509736014085124,0.42500005449567524
OPRX,2026-09-10,7.070000171661377,7.260000228881836,6.860000133514404,7.179999828338623,7.179999828338623,108200.0,7.852694468588196,-8.56641809942358,0.4264286586216518
OPRX,2026-09-11,7.239999771118164,7.320000171661377,7.059999942779541,7.289999961853027,7.289999961853027,115200.0,7.799104515565799,-6.527730878547377,0.40000009536743164
OPRX,2026-09-14,7.269999980926514,7.809999942779541,7.269999980926514,7.809999942779541,7.809999942779541,96400.0,7.800142175300441,0.1263793307552108,0.4028572014399937
OPRX,2026-09-15,7.769999980926514,7.769999980926514,7.420000076293945,7.559999942779541,7.559999942779541,74500.0,7.777271486488927,-2.793673129282437,0.4057143415723528
OPRX,2026-09-16,7.619999885559082,7.679999828338623,7.5,7.53000020980835,7.53000020980835,58300.0,7.753721841090777,-2.8853450751459397,0.40142859731401714
OPRX,2026-09-17,7.690000057220459,7.71999979019165,7.539999961853027,7.590000152587891,7.590000152587891,72200.0,7.738129299328598,-1.914275931697862,0.39000000272478375
OPRX,2026-09-18,7.53000020980835,7.53000020980835,7.25,7.289999961853027,7.289999961853027,233700.0,7.695450314807115,-5.268702107970791,0.37928571019853863
OPRX,2026-09-21,7.309999942779541,7.630000114440918,7.130000114440918,7.559999942779541,7.559999942779541,286300.0,7.682550279375918,-1.5951778008582385,0.3914285727909633
OPRX,2026-09-22,7.599999904632568,7.670000076293945,7.289999961853027,7.619999885559082,7.619999885559082,118300.0,7.676593099012409,-0.7372178350915637,0.3950000149863107
OPRX,2026-09-23,7.619999885559082,7.829999923706055,7.550000190734863,7.599999904632568,7.599999904632568,143100.0,7.669298509071472,-0.9035846545408899,0.3528571128845215
OPRX,2026-09-24,7.510000228881836,7.909999847412109,7.349999904632568,7.889999866485596,7.889999866485596,185000.0,7.690317685968055,2.5965400737850697,0.3614285332815988
OPRX,2026-09-25,7.949999809265137,8.59000015258789,7.880000114440918,8.039999961853027,8.039999961853027,488000.0,7.723620759861863,4.096255005622829,0.3914285387311663
OPRX,2026-09-28,7.909999847412109,7.909999847412109,7.690000057220459,7.800000190734863,7.800000190734863,18171.0,7.730894991373577,0.89388355990343,0.3942856788635254
ORCL,2026-08-17,148.4499969482422,150.39999389648438,145.5,146.64999389648438,146.64999389648438,20668000.0,146.64999389648438,0.0,
ORCL,2026-08-18,143.25,146.0,142.35000610351562,142.7899932861328,142.7899932861328,19152300.0,146.2823747907366,-2.387424670675331,
ORCL,2026-08-19,142.6999969482422,146.0800018310547,137.42999267578125,143.80999755859375,143.80999755859375,26552900.0,146.0469102924373,-1.5316398884197335,5.9499969482421875
ORCL,2026-08-20,144.3000030517578,145.9199981689453,141.02000427246094,142.07000732421875,142.07000732421875,15184400.0,145.66815762879745,-2.4701007846531398,5.687496185302734
ORCL,2026-08-21,143.72000122070312,148.35000610351562,142.60000610351562,146.47000122070312,146.47000122070312,19635000.0,145.7445236851694,0.49777344437369475,5.805996704101562
ORCL,2026-08-24,145.1199951171875,145.1199951171875,141.25,142.4499969482422,142.4499969482422,14158600.0,145.43075923403347,-2.0496092446265157,5.708330790201823
ORCL,2026-08-25,143.3000030517578,146.33999633789062,142.50999450683594,144.75999450683594,144.75999450683594,13329400.0,145.36687687906226,-0.4174832570223108,5.448569161551339
ORCL,2026-08-26,147.0,151.6300048828125,146.8300018310547,148.8699951171875,148.8699951171875,18426100.0,145.70050718745514,2.1753444726548166,5.626249313354492
ORCL,2026-08-27,152.11000061035156,153.8300018310547,147.52000427246094,151.94000244140625,151.94000244140625,30251400.0,146.2947448306886,3.858824605935851,5.702221340603298
ORCL,2026-08-28,153.60000610351562,153.99000549316406,149.7100067138672,150.85000610351562,150.85000610351562,17800000.0,146.7285792376245,2.808878057230113,5.559999084472656
ORCL,2026-08-31,149.30999755859375,151.25999450683594,147.75,149.1199951171875,149.1199951171875,16118900.0,146.95633313091622,1.4723162589691086,5.3736350319602275
ORCL,2026-09-01,146.75,146.7899932861328,139.9499969482422,141.32000732421875,141.32000732421875,25443300.0,146.41954019694504,-3.482822624539761,5.689998626708984
ORCL,2026-09-02,140.25999450683594,146.69000244140625,139.72000122070312,145.75,145.75,21906700.0,146.35577446390266,-0.4139054069588921,5.788460364708533
ORCL,2026-09-03,147.27000427246094,156.77000427246094,146.9199981689453,154.0399932861328,154.0399932861328,25101700.0,147.08760482792457,4.726699075929441,6.162142072405134
ORCL,2026-09-04,159.4600067138672,159.6999969482422,156.7100067138672,158.77999877929688,158.77999877929688,26511300.0,148.2011661566267,7.1381574767704015,6.216428484235491
ORCL,2026-09-08,167.60000610351562,170.6999969482422,161.16000366210938,162.52000427246094,162.52000427246094,37662800.0,149.56486502480138,8.661886764322158,6.760714939662388
ORCL,2026-09-09,163.5399932861328,165.14999389648438,160.36000061035156,161.6300048828125,161.6300048828125,27464600.0,150.7139259636596,7.2429132539384655,6.484999520438058
ORCL,2026-09-10,158.3800048828125,159.24000549316406,152.52000427246094,152.94000244140625,152.94000244140625,56824700.0,150.9259332472545,1.3344752295499696,6.785714285714286
ORCL,2026-09-11,164.42999267578125,166.0,149.83999633789062,150.27999877929688,150.27999877929688,80438600.0,150.86441567887758,-0.38737889047650853,7.491428920200893
ORCL,2026-09-14,141.4199981689453,145.3300018310547,141.00999450683594,144.7899932861328,144.7899932861328,42159700.0,150.28589926052092,-3.6569671548898564,7.780714852469308
ORCL,2026-09-15,143.4600067138672,144.8800048828125,140.02000427246094,140.35000610351562,140.35000610351562,31552700.0,149.33962372175853,-6.0195796629244676,7.850000653948102
ORCL,2026-09-16,140.02999877929688,146.52000427246094,139.0,143.16000366210938,143.16000366210938,34366400.0,148.75108847798242,-3.758684977085469,7.896428789411273
ORCL,2026-09-17,146.75,152.0,146.14999389648438,150.58999633789062,150.58999633789062,27742400.0,148.92622255987845,1.1171798689402879,8.077142987932477
ORCL,2026-09-18,150.47000122070312,150.89999389648438,144.39999389648438,147.61000061035156,147.61000061035156,39324900.0,148.80086808849495,-0.800309496470919,8.235714503696986
ORCL,2026-09-21,148.92999267578125,149.97999572753906,146.16000366210938,148.55999755859375,148.55999755859375,22418300.0,148.77792803802816,-0.14648038341998904,8.257857186453682
ORCL,2026-09-22,151.25,153.60000610351562,148.60000610351562,149.1999969482422,149.1999969482422,31260000.0,148.81812507709617,0.2566030656199869,7.962857927594866
ORCL,2026-09-23,148.3000030517578,148.66000366210938,144.22999572753906,144.55999755859375,144.55999755859375,22682300.0,148.41258912295308,-2.59586574638061,7.820000784737723
ORCL,2026-09-24,137.32000732421875,140.33999633789062,133.47999572753906,139.5399932861328,139.5399932861328,56629400.0,147.56757999563686,-5.439939253419624,7.824286324637277
ORCL,2026-09-25,138.57000732421875,140.8800048828125,136.9199981689453,137.10000610351562,137.10000610351562,23549400.0,146.5706681963872,-6.461498886108663,7.702857971191406
ORCL,2026-09-28,132.72500610351562,135.69000244140625,132.5,133.82000732421875,133.82000732421875,6439364.0,145.35631954189495,-7.936574243234862,7.180001395089286
QCOM,2026-08-17,166.25,166.33999633789062,161.4499969482422,162.17999267578125,161.30210876464844,8967700.0,162.17999267578125,0.0,
QCOM,2026-08-18,157.88999938964844,161.80999755859375,156.72999572753906,160.19000244140625,159.32289123535156,11069500.0,161.99046979631697,-1.1114649875233917,
QCOM,2026-08-19,163.02999877929688,166.5,160.19000244140625,161.91000366210938,161.0335693359375,8099500.0,161.98280635496388,-0.04494470400455697,5.549997965494792
QCOM,2026-08-20,163.14999389648438,165.11000061035156,159.41000366210938,160.74000549316406,159.86990356445312,8509900.0,161.8644443681258,-0.6946793530544837,5.587497711181641
QCOM,2026-08-21,162.9199981689453,163.3300018310547,159.1699981689453,160.75,159.87985229492188,8517400.0,161.75830680925665,-0.6233415947198506,5.301998901367187
QCOM,2026-08-24,159.39999389648438,160.24000549316406,156.22999572753906,158.52999877929688,157.67185974121094,10514800.0,161.45084890164142,-1.8091265188230565,5.1716664632161455
QCOM,2026-08-25,160.33999633789062,161.7899932861328,159.0800018310547,160.55999755859375,159.6908721923828,11420600.0,161.36600591658924,-0.49949080254990674,4.898570469447544
QCOM,2026-08-26,160.10000610351562,163.8699951171875,159.88999938964844,163.72000122070312,162.83377075195312,10480300.0,161.59019594555247,1.3180287719115613,4.783748626708984
QCOM,2026-08-27,165.16000366210938,166.9499969482422,161.9199981689453,164.77999877929688,163.88803100585938,15065100.0,161.89398669162335,1.782655518373777,4.811109754774305
QCOM,2026-08-28,164.58999633789062,165.49000549316406,161.89999389648438,164.19000244140625,163.30123901367188,7752100.0,162.11265485826934,1.2814222214503124,4.688999938964844
QCOM,2026-08-31,164.7899932861328,171.3800048828125,164.19000244140625,170.47999572753906,169.5571746826172,12734600.0,162.90954446486643,4.647027457808228,4.916363802823153
QCOM,2026-09-01,165.47000122070312,167.2899932861328,162.2100067138672,166.61000061035156,165.7081298828125,8900900.0,163.26196885967454,2.050711365336211,5.19583257039388
QCOM,2026-09-02,166.0399932861328,170.60000610351562,165.0800018310547,169.9600067138672,169.04000854492188,7525300.0,163.89987722674053,3.697458222462857,5.220768855168269
QCOM,2026-09-03,168.5,170.02999877929688,164.8800048828125,168.57000732421875,168.57000732421875,6992000.0,164.34465152173846,2.571033351773777,5.2157135009765625
QCOM,2026-09-04,169.97999572753906,170.6300048828125,167.0399932861328,168.74000549316406,168.74000549316406,8531400.0,164.7632566618742,2.413613879610854,5.122857230050223
QCOM,2026-09-08,180.39999389648438,183.49000549316406,172.0399932861328,174.08999633789062,174.08999633789062,26129200.0,165.65151758339957,5.094114969542973,5.787143162318638
QCOM,2026-09-09,174.72000122070312,180.86000061035156,173.32000732421875,176.39999389648438,176.39999389648438,14802000.0,166.67518199416955,5.834589040769744,5.875
QCOM,2026-09-10,172.1300048828125,182.39999389648438,171.0,176.8800048828125,176.8800048828125,15597700.0,167.647069888326,5.507364370064316,6.282142639160156
QCOM,2026-09-11,178.25,185.4600067138672,175.74000549316406,181.97000122070312,181.97000122070312,11546600.0,169.01115858664764,7.667447961675156,6.679285321916852
QCOM,2026-09-14,170.77999877929688,181.7100067138672,170.50999450683594,180.14999389648438,180.14999389648438,13784800.0,170.07200004472733,5.9257219584097465,7.1749997820172995
QCOM,2026-09-15,180.5399932861328,190.05999755859375,180.5399932861328,187.8000030517578,187.8000030517578,13852600.0,171.76038128349214,9.338371077432651,7.650000435965402
QCOM,2026-09-16,189.1699981689453,191.27999877929688,183.3699951171875,184.83999633789062,184.83999633789062,9718600.0,173.0060589077206,6.840186699173412,7.93071528843471
QCOM,2026-09-17,190.35000610351562,191.91000366210938,187.75999450683594,188.7100067138672,188.7100067138672,12318000.0,174.50167298449645,8.142233530696895,8.076430184500557
QCOM,2026-09-18,191.33999633789062,192.1199951171875,175.97000122070312,177.72000122070312,177.72000122070312,54480300.0,174.80818043556377,1.6657234105887264,8.97357177734375
QCOM,2026-09-21,180.61000061035156,195.30999755859375,179.22999572753906,194.22999572753906,194.22999572753906,18444600.0,176.6578771300376,9.946977107942168,9.716428484235491
QCOM,2026-09-22,192.0,199.14999389648438,191.66000366210938,198.27000427246094,198.27000427246094,11533800.0,178.71617495312552,10.94127564248959,9.660714285714286
QCOM,2026-09-23,199.61000061035156,199.61000061035156,193.22000122070312,197.24000549316406,197.24000549316406,9739300.0,180.48034929027204,9.286139055469667,9.722856794084821
QCOM,2026-09-24,196.5800018310547,196.77000427246094,191.75,194.25999450683594,194.25999450683594,9089000.0,181.7926964537543,6.857975208180678,9.747143336704799
QCOM,2026-09-25,195.02999877929688,205.85000610351562,194.52999877929688,201.97000122070312,201.97000122070312,17805500.0,183.71434452679705,9.93697946718759,10.31857190813337
QCOM,2026-09-28,198.97999572753906,199.0865020751953,186.7100067138672,190.22999572753906,190.22999572753906,2788308.0,184.33488273639153,3.198045266113758,10.35500008719308
SG,2026-08-17,6.210000038146973,6.21999979019165,5.670000076293945,5.880000114440918,5.880000114440918,5702600.0,5.880000114440918,0.0,
SG,2026-08-18,5.769999980926514,5.980000019073486,5.760000228881836,5.820000171661377,5.820000171661377,3943300.0,5.8742858341762,-0.9241236134440833,
SG,2026-08-19,5.949999809265137,6.650000095367432,5.949999809265137,6.420000076293945,6.420000076293945,8358000.0,5.926258619139794,8.331419347099267,0.5333331425984701
SG,2026-08-20,6.429999828338623,6.644999980926514,6.380000114440918,6.579999923706055,6.579999923706055,4007100.0,5.988519695765153,9.876902105860541,0.46624982357025146
SG,2026-08-21,6.610000133514404,7.0,6.5,6.989999771118164,6.989999771118164,5641700.0,6.083898750560678,14.893427022827787,0.47299985885620116
SG,2026-08-24,6.949999809265137,7.159999847412109,6.815000057220459,7.010000228881836,7.010000228881836,4560100.0,6.172098891353169,13.575630466688215,0.45166651407877606
SG,2026-08-25,7.010000228881836,7.144999980926514,6.849999904632568,6.900000095367432,6.900000095367432,4938700.0,6.241422815545003,10.551717121009062,0.4292855943952288
SG,2026-08-26,6.949999809265137,6.968999862670898,6.760000228881836,6.849999904632568,6.849999904632568,3070900.0,6.299382538315247,8.740814880954705,0.401749849319458
SG,2026-08-27,6.869999885559082,6.869999885559082,6.644999980926514,6.789999961853027,6.789999961853027,2718000.0,6.346108007223607,6.994711626782113,0.38211096657647026
SG,2026-08-28,6.829999923706055,7.119999885559082,6.804999828338623,6.96999979019165,6.96999979019165,4239900.0,6.405526272268182,8.812289481463464,0.37689986228942873
SG,2026-08-31,6.929999828338623,7.074999809265137,6.840000152587891,6.960000038146973,6.960000038146973,5223500.0,6.458333297589972,7.767743122582504,0.3639998435974121
SG,2026-09-01,6.889999866485596,6.909999847412109,6.389999866485596,6.46999979019165,6.46999979019165,7253600.0,6.459444392123466,0.16341030942315093,0.3811665376027425
SG,2026-09-02,6.434999942779541,6.829999923706055,6.380000114440918,6.730000019073486,6.730000019073486,3820000.0,6.485211594690134,3.7745634172333897,0.38646140465369594
SG,2026-09-03,6.75,6.849999904632568,6.565000057220459,6.679999828338623,6.679999828338623,2626100.0,6.50376285503761,2.709769363200354,0.3792141505650112
SG,2026-09-04,6.650000095367432,7.0,6.46999979019165,6.840000152587891,6.840000152587891,3106400.0,6.535785454804302,4.654600428475919,0.37778561455862864
SG,2026-09-08,7.289999961853027,7.360000133514404,6.610000133514404,6.949999809265137,6.949999809265137,5756000.0,6.575234440943429,5.699650281487689,0.4156427724020822
SG,2026-09-09,6.909999847412109,7.005000114440918,6.684999942779541,6.71999979019165,6.71999979019165,3612200.0,6.589021617062308,1.987824304448682,0.3792142186846052
SG,2026-09-10,6.710000038146973,7.025000095367432,6.579999923706055,6.760000228881836,6.760000228881836,8529900.0,6.605305294378453,2.341980084327644,0.3920713833400181
SG,2026-09-11,6.909999847412109,7.284999847412109,6.835000038146973,7.099999904632568,7.099999904632568,6410100.0,6.652419066783606,6.728091440958539,0.3938570703778948
SG,2026-09-14,7.099999904632568,7.400000095367432,7.03000020980835,7.25,7.25,4170700.0,6.709331536613739,8.05845501054403,0.3956427914755685
SG,2026-09-15,7.199999809265137,7.25,6.679999828338623,6.829999923706055,6.829999923706055,5510000.0,6.720823763955864,1.6244461034033986,0.41528565543038504
SG,2026-09-16,6.849999904632568,6.960000038146973,6.610000133514404,6.619999885559082,6.619999885559082,4351400.0,6.7112214898228375,-1.3592399595526272,0.4253571033477783
SG,2026-09-17,6.909999847412109,7.03000020980835,6.735000133514404,6.840000152587891,6.840000152587891,3958800.0,6.72348612437189,1.732940710528874,0.4385714190346854
SG,2026-09-18,6.949999809265137,7.260000228881836,6.920000076293945,7.21999979019165,7.21999979019165,5876000.0,6.770773140164248,6.63479104568705,0.4450000013623919
SG,2026-09-21,7.289999961853027,7.619999885559082,7.230000019073486,7.480000019073486,7.480000019073486,5617200.0,6.838318557203223,9.38361464887214,0.4567857469831194
SG,2026-09-22,7.590000152587891,7.96999979019165,7.550000190734863,7.670000076293945,7.670000076293945,5879900.0,6.917526320926149,10.87778666040624,0.4510714326586042
SG,2026-09-23,7.650000095367432,7.78000020980835,7.400000095367432,7.710000038146973,7.710000038146973,3882200.0,6.9930000082805135,10.253110668060184,0.4460714544568743
SG,2026-09-24,7.699999809265137,8.260000228881836,7.699999809265137,8.260000228881836,8.260000228881836,5917000.0,7.11366669595683,16.11452408329088,0.46571435247148785
SG,2026-09-25,8.234999656677246,8.4350004196167,8.0,8.239999771118164,8.239999771118164,4314600.0,7.220936512638862,14.11261900302858,0.45892865317208426
SG,2026-09-28,8.569999694824219,8.79990005493164,8.545000076293945,8.79010009765625,8.79010009765625,1152366.0,7.370380663592899,19.26249808339302,0.445350102015904
SMCI,2026-08-17,39.310001373291016,39.5099983215332,37.68000030517578,38.279998779296875,38.279998779296875,55467000.0,38.279998779296875,0.0,
SMCI,2026-08-18,37.099998474121094,38.15999984741211,36.220001220703125,37.40999984741211,37.40999984741211,52260100.0,38.197141738164994,-2.0607350574778915,
SMCI,2026-08-19,37.150001525878906,37.689998626708984,35.720001220703125,36.58000183105469,36.58000183105469,35466200.0,38.043128413678296,-3.8459680989262335,1.9533309936523438
SMCI,2026-08-20,36.900001525878906,38.7400016784668,35.58000183105469,36.5,36.5,51286600.0,37.89616380285179,-3.6841824151781943,2.254998207092285
SMCI,2026-08-21,37.15999984741211,37.66999816894531,36.41999816894531,37.2400016784668,37.2400016784668,36474300.0,37.83367217195798,-1.5691590570243497,2.053998565673828
SMCI,2026-08-24,36.4900016784668,36.70000076293945,34.09000015258789,35.16999816894531,35.16999816894531,39934900.0,37.57998893357582,-6.412962943896194,2.236665725708008
SMCI,2026-08-25,36.130001068115234,38.599998474121094,36.0099983215332,38.459999084472656,38.459999084472656,48106900.0,37.66379942413742,2.1139653261454505,2.407142094203404
SMCI,2026-08-26,38.029998779296875,38.27000045776367,37.22999954223633,37.38999938964844,37.38999938964844,33723200.0,37.637723230376565,-0.6581796651509375,2.2599992752075195
SMCI,2026-08-27,38.689998626708984,39.470001220703125,37.47999954223633,38.459999084472656,38.459999084472656,41662100.0,37.716035216480954,1.972539965353004,2.2399995591905384
SMCI,2026-08-28,38.02000045776367,38.970001220703125,36.869998931884766,37.08000183105469,37.08000183105469,29132900.0,37.655460608345116,-1.5282213203439032,2.2259998321533203
SMCI,2026-08-31,36.540000915527344,37.59000015258789,36.119998931884766,37.279998779296875,37.279998779296875,22915000.0,37.61970233891195,-0.9029937466137339,2.157272685657848
SMCI,2026-09-01,36.43000030517578,37.150001525878906,35.720001220703125,36.709999084472656,36.709999084472656,26862900.0,37.533063933727256,-2.1929061019582585,2.1074997584025064
SMCI,2026-09-02,37.650001525878906,37.880001068115234,35.630001068115234,37.0,37.0,33258800.0,37.482295940038945,-1.286729982630952,2.1184613154484677
SMCI,2026-09-03,36.5,38.220001220703125,35.75,37.869998931884766,37.869998931884766,34436400.0,37.51922003450045,0.9349312087558292,2.143571308680943
SMCI,2026-09-04,38.15999984741211,40.90999984741211,37.91999816894531,39.59000015258789,39.59000015258789,53633200.0,37.71643718860402,4.967497207159233,2.2300000871930803
SMCI,2026-09-08,39.66999816894531,41.529998779296875,39.66999816894531,40.2599983215332,40.2599983215332,42400700.0,37.95868110602584,6.06269013688685,2.2214287349155972
SMCI,2026-09-09,40.0099983215332,40.18000030517578,38.84000015258789,38.93000030517578,38.93000030517578,31197000.0,38.051187696421074,2.30955368795851,2.182143075125558
SMCI,2026-09-10,37.90999984741211,39.2599983215332,37.369998931884766,37.380001068115234,37.380001068115234,26771400.0,37.98726516039194,-1.5985991350329742,2.091428756713867
SMCI,2026-09-11,37.7599983215332,40.45000076293945,37.560001373291016,40.099998474121094,40.099998474121094,46492700.0,38.188477856937574,5.00549046323473,2.2214287349155972
SMCI,2026-09-14,37.43000030517578,38.099998474121094,36.380001068115234,36.7400016784668,36.7400016784668,39892500.0,38.05052774470226,-3.4441731663443886,2.2621427263532365
SMCI,2026-09-15,36.7400016784668,37.54999923706055,35.56999969482422,35.63999938964844,35.63999938964844,26725900.0,37.820953615649515,-5.766523626465736,2.158571243286133
SMCI,2026-09-16,35.95000076293945,37.119998931884766,35.36000061035156,36.849998474121094,36.849998474121094,31390500.0,37.72848169740871,-2.3284351337889975,2.1964282989501953
SMCI,2026-09-17,38.040000915527344,41.0099983215332,37.81999969482422,40.349998474121094,40.349998474121094,62517100.0,37.97814996185751,6.245297663645255,2.3449995858328685
SMCI,2026-09-18,40.20000076293945,40.40999984741211,38.31999969482422,39.09000015258789,39.09000015258789,48079300.0,38.08404045621278,2.641420616942458,2.344285147530692
SMCI,2026-09-21,40.630001068115234,41.720001220703125,40.0,41.20000076293945,41.20000076293945,48218400.0,38.38079858066295,7.345345293823247,2.4271422794886996
SMCI,2026-09-22,41.2599983215332,41.7400016784668,40.45000076293945,41.540000915527344,41.540000915527344,30249800.0,38.68167499350718,7.389354061063647,2.4078568049839566
SMCI,2026-09-23,42.27000045776367,42.70000076293945,40.790000915527344,41.439998626708984,41.439998626708984,40871500.0,38.94437248238354,6.40818168389885,2.383571079799107
SMCI,2026-09-24,40.439998626708984,42.279998779296875,39.849998474121094,41.5099983215332,41.5099983215332,34885600.0,39.1887178003978,5.923338785817189,2.380713871547154
SMCI,2026-09-25,42.0,43.7599983215332,41.900001525878906,43.2599983215332,43.2599983215332,49236100.0,39.5764588024107,9.307400486518858,2.324285234723772
SMCI,2026-09-28,42.79249954223633,43.060001373291016,42.02000045776367,42.2599983215332,42.2599983215332,5210218.0,39.832033994708084,6.095506765101888,2.2742851802280972
WDC,2026-08-17,525.530029296875,548.5999755859375,519.0700073242188,536.010009765625,535.8380126953125,9305300.0,536.010009765625,0.0,
WDC,2026-08-18,496.07000732421875,520.0,490.2300109863281,496.1600036621094,496.00079345703125,9440100.0,532.2147710890997,-6.774477031745951,
WDC,2026-08-19,494.2799987792969,500.0,460.2799987792969,462.0899963378906,461.94171142578125,6981500.0,525.5362211127941,-12.072664495048425,38.34332275390625
WDC,2026-08-20,463.3900146484375,477.2799987792969,453.70001220703125,469.04998779296875,468.89947509765625,5365500.0,520.1565798442393,-9.825232253444616,34.652488708496094
WDC,2026-08-21,477.2699890136719,478.79998779296875,454.3299865722656,459.44000244140625,459.2925720214844,4341800.0,514.3740486630171,-10.679785724882073,32.6159912109375
WDC,2026-08-24,446.3500061035156,446.989990234375,419.5400085449219,435.3800048828125,435.24029541015625,7763000.0,506.85080639823576,-14.100954484674965,33.82999165852865
WDC,2026-08-25,446.7200012207031,452.0,430.3399963378906,450.75,450.6053466796875,4746400.0,501.50787245554665,-10.121051980105412,32.091421944754465
WDC,2026-08-26,449.8800048828125,470.0,448.010009765625,468.8800048828125,468.7295227050781,5158500.0,498.40045649623863,-5.923038638639156,30.82874298095703
WDC,2026-08-27,477.7900085449219,479.8500061035156,443.0199890136719,462.0,461.85174560546875,7618200.0,494.9337463537397,-6.654172724403651,31.49555121527778
WDC,2026-08-28,462.25,475.010009765625,455.07000732421875,459.45001220703125,459.3025817871094,4317400.0,491.55434310167226,-6.531186499556696,30.339996337890625
WDC,2026-08-31,456.8999938964844,459.45001220703125,444.5199890136719,450.54998779296875,450.4053955078125,5854800.0,487.6491664056053,-7.607760080077542,28.939089688387785
WDC,2026-09-01,443.07000732421875,457.67999267578125,439.2799987792969,450.44000244140625,450.2954406738281,5497900.0,484.105436504253,-6.9541532741186245,28.060831705729168
WDC,2026-09-02,444.92999267578125,456.9800109863281,437.3999938964844,448.8999938964844,448.7559509277344,4042700.0,480.75253720827504,-6.625559065534636,27.408461350661057
WDC,2026-09-03,442.9100036621094,449.4700012207031,420.8800048828125,441.57000732421875,441.4283142089844,5514300.0,477.0208676955078,-7.4317210780636245,27.49285670689174
WDC,2026-09-04,452.2200012207031,468.19000244140625,442.1499938964844,467.4599914550781,467.3099670410156,5805000.0,476.1103080535621,-1.8168723617533633,27.285001482282365
WDC,2026-09-08,480.010009765625,489.20001220703125,464.5400085449219,477.29998779296875,477.29998779296875,6407800.0,476.22361088588656,0.22602342313096102,25.77643040248326
WDC,2026-09-09,474.6400146484375,495.489990234375,471.7200012207031,482.2799987792969,482.2799987792969,4027100.0,476.80040973287805,1.149241681543156,24.63714381626674
WDC,2026-09-10,466.6099853515625,471.2300109863281,456.75,460.92999267578125,460.92999267578125,4518300.0,475.28894144172597,-3.0210988546017448,24.77643040248326
WDC,2026-09-11,464.1600036621094,472.42999267578125,442.7799987792969,447.17999267578125,447.17999267578125,5122100.0,472.61189870211217,-5.3811395980871595,25.146429879324778
WDC,2026-09-14,417.32000732421875,436.2799987792969,416.0,426.94000244140625,426.94000244140625,7296100.0,468.2621942963307,-8.82458425178234,24.523572649274552
WDC,2026-09-15,430.25,430.25,407.1199951171875,411.9599914550781,411.9599914550781,7860800.0,462.90007974002094,-11.004553793456317,24.628572736467635
WDC,2026-09-16,421.45001220703125,428.1400146484375,414.6000061035156,416.9700012207031,416.9700012207031,7624200.0,458.52578654770497,-9.062911300993626,24.213575090680802
WDC,2026-09-17,427.2799987792969,433.20001220703125,416.30999755859375,423.8699951171875,423.8699951171875,7143000.0,455.2252349828938,-6.887851871147821,22.789289202008927
WDC,2026-09-18,427.5,448.8500061035156,424.54998779296875,441.3599853515625,441.3599853515625,13518900.0,453.90473501800517,-2.7637406483422278,23.14928981236049
WDC,2026-09-21,455.6400146484375,460.489990234375,437.20001220703125,448.1700134277344,448.1700134277344,7636000.0,453.358571057027,-1.144471056805052,23.746429443359375
WDC,2026-09-22,440.04998779296875,474.5400085449219,438.0,464.6000061035156,464.6000061035156,8419900.0,454.42918391859735,2.23815338997686,25.042144775390625
WDC,2026-09-23,462.94000244140625,475.6600036621094,445.0199890136719,473.69000244140625,473.69000244140625,5037700.0,456.2635475874363,3.8193835440317514,25.832144601004465
WDC,2026-09-24,465.739990234375,468.0,449.2099914550781,450.30999755859375,450.30999755859375,7212500.0,455.6965428227846,-1.1820465502819455,25.53857421875
WDC,2026-09-25,455.239990234375,461.9800109863281,447.69000244140625,456.80999755859375,456.80999755859375,5935300.0,455.8025861309569,0.22101924348174595,24.657860892159597
WDC,2026-09-28,449.25,456.5400085449219,443.67999267578125,444.42999267578125,444.42999267578125,816722.0,454.71948199236874,-2.2628213050172707,23.83428955078125
WTTR,2026-08-17,21.059999465942383,21.3700008392334,20.809999465942383,21.31999969482422,21.31999969482422,1041600.0,21.31999969482422,0.0,
WTTR,2026-08-18,21.450000762939453,21.610000610351562,21.031999588012695,21.09000015258789,21.09000015258789,1027200.0,21.298094976515998,-0.9770583902342422,
WTTR,2026-08-19,21.200000762939453,21.260000228881836,20.280000686645508,20.450000762939453,20.450000762939453,1084600.0,21.217324099032517,-3.616494391618652,0.7060006459554037
WTTR,2026-08-20,20.610000610351562,20.790000915527344,19.90999984741211,19.959999084472656,19.959999084472656,1020700.0,21.097578859550623,-5.391992051083139,0.7495007514953613
WTTR,2026-08-21,20.510000228881836,20.610000610351562,19.459999084472656,19.719999313354492,19.719999313354492,1319500.0,20.966380807531944,-5.944666872261061,0.8296009063720703
WTTR,2026-08-24,19.639999389648438,19.639999389648438,18.94499969482422,19.209999084472656,19.209999084472656,1257400.0,20.799106357716777,-7.640267066832607,0.8205006917317709
WTTR,2026-08-25,19.229999542236328,19.65999984741211,18.950000762939453,18.969999313354492,18.969999313354492,1200300.0,20.62490568682513,-8.02382516846012,0.8047147478376117
WTTR,2026-08-26,18.8700008392334,19.239999771118164,18.389999389648438,19.229999542236328,19.229999542236328,889500.0,20.492057482578577,-6.158766348450828,0.810375452041626
WTTR,2026-08-27,19.399999618530273,19.84000015258789,18.959999084472656,19.540000915527344,19.540000915527344,1519600.0,20.401385428573697,-4.2221863611278,0.8181116316053603
WTTR,2026-08-28,19.540000915527344,19.756999969482422,19.045000076293945,19.280000686645508,19.280000686645508,1354500.0,20.294586881723394,-4.999294644384145,0.8075004577636719
WTTR,2026-08-31,19.65999984741211,19.829999923706055,19.110000610351562,19.5,19.5,1507700.0,20.21891194060688,-3.5556410884951983,0.7995458082719282
WTTR,2026-09-01,19.729999542236328,20.31999969482422,19.3700008392334,20.06999969482422,20.06999969482422,1657400.0,20.20472982196091,-0.6668246906734177,0.8120835622151693
WTTR,2026-09-02,19.760000228881836,20.049999237060547,19.469999313354492,19.770000457763672,19.770000457763672,1472500.0,20.163327025370698,-1.95070271444846,0.7957694713885968
WTTR,2026-09-03,19.670000076293945,20.31999969482422,19.420000076293945,20.170000076293945,20.170000076293945,1002900.0,20.163962554030054,0.02994214181717414,0.8032144818987165
WTTR,2026-09-04,20.1200008392334,20.219999313354492,19.854000091552734,20.059999465942383,20.059999465942383,1097800.0,20.154061307545515,-0.46671407895299,0.7893571853637695
WTTR,2026-09-08,20.440000534057617,20.969999313354492,20.437999725341797,20.799999237060547,20.799999237060547,1037600.0,20.215579205594565,2.890938842376811,0.8130713871547154
WTTR,2026-09-09,20.8799991607666,21.18000030517578,20.270000457763672,20.5,20.5,1373600.0,20.242666900299845,1.271241091737485,0.8080714089529855
WTTR,2026-09-10,20.709999084472656,20.709999084472656,20.149999618530273,20.360000610351562,20.360000610351562,1564000.0,20.25384153935239,0.5241428930551795,0.7852141516549247
WTTR,2026-09-11,20.520000457763672,20.899999618530273,20.43000030517578,20.639999389648438,20.639999389648438,1590900.0,20.29061847747582,1.7218839956034682,0.7416425432477679
WTTR,2026-09-14,20.399999618530273,20.700000762939453,19.889999389648438,20.049999237060547,20.049999237060547,1757400.0,20.267702359341033,-1.074138145610526,0.7441426685878209
WTTR,2026-09-15,20.329999923706055,20.860000610351562,20.315000534057617,20.670000076293945,20.670000076293945,1247000.0,20.30601642762226,1.7924916488128106,0.7512856892177037
WTTR,2026-09-16,20.6299991607666,20.799999237060547,19.739999771118164,20.309999465942383,20.309999465942383,2057000.0,20.306395764605128,0.017746632041593102,0.7662856238228934
WTTR,2026-09-17,20.399999618530273,20.739999771118164,20.139999389648438,20.360000610351562,20.360000610351562,1474500.0,20.311500988009552,0.23877911519507578,0.7462855747767857
WTTR,2026-09-18,20.360000610351562,20.8700008392334,20.15999984741211,20.780000686645508,20.780000686645508,3040700.0,20.35612000692726,2.0823255098417537,0.7461427961077008
WTTR,2026-09-21,20.770000457763672,20.92799949645996,20.260000228881836,20.600000381469727,20.600000381469727,1575200.0,20.379346709264638,1.0827318233158856,0.7424285071236747
WTTR,2026-09-22,20.34000015258789,21.020000457763672,20.0,20.270000457763672,20.270000457763672,2172100.0,20.36893278055026,-0.48570204365864234,0.7474286215645927
WTTR,2026-09-23,20.31999969482422,20.420000076293945,19.184999465942383,19.290000915527344,19.290000915527344,1238400.0,20.26617736483379,-4.816776404021439,0.792785780770438
WTTR,2026-09-24,19.459999084472656,19.8799991607666,19.030000686645508,19.530000686645508,19.530000686645508,2085300.0,20.19606530024443,-3.2979919786200185,0.7892142704554966
WTTR,2026-09-25,20.450000762939453,21.059999465942383,19.649999618530273,19.84000015258789,19.84000015258789,4765700.0,20.16215433380095,-1.5978162644702198,0.8723570959908622
WTTR,2026-09-28,20.020000457763672,20.15999984741211,19.640100479125977,20.094999313354492,20.094999313354492,95884.0,20.155758617567955,-0.30144885819630707,0.8444927760532924
