Ticker,Date,Open,High,Low,Close,Volume
AKAM,2026-09-28 04:00:00-04:00,113.35,113.35,112.52,113.02,141
AKAM,2026-09-28 04:05:00-04:00,113.03,113.18,113.03,113.18,24
AKAM,2026-09-28 04:10:00-04:00,113.22,113.45,113.03,113.03,21
AKAM,2026-09-28 04:15:00-04:00,113.03,113.03,113.03,113.03,0
AKAM,2026-09-28 04:20:00-04:00,113.03,113.03,113.03,113.03,0
AKAM,2026-09-28 04:25:00-04:00,113.37,113.45,113.22,113.45,8
AKAM,2026-09-28 04:30:00-04:00,113.45,113.45,113.45,113.45,0
AKAM,2026-09-28 04:35:00-04:00,113.44,113.44,113.44,113.44,2
AKAM,2026-09-28 04:40:00-04:00,113.28,113.28,113.28,113.28,1
AKAM,2026-09-28 04:45:00-04:00,113.28,113.28,113.28,113.28,2
AKAM,2026-09-28 04:50:00-04:00,113.2,113.22,113.2,113.22,4
AKAM,2026-09-28 04:55:00-04:00,113.03,113.07,113.03,113.07,8
AKAM,2026-09-28 05:00:00-04:00,113.0,113.0,112.99,112.99,21
AKAM,2026-09-28 05:05:00-04:00,112.68,112.68,112.68,112.68,2
AKAM,2026-09-28 05:10:00-04:00,112.5,112.61,112.5,112.5,22
AKAM,2026-09-28 05:15:00-04:00,112.5,112.5,112.5,112.5,3
AKAM,2026-09-28 05:20:00-04:00,112.5,112.9,112.5,112.5,34
AKAM,2026-09-28 05:25:00-04:00,112.7,112.7,112.53,112.53,4
AKAM,2026-09-28 05:30:00-04:00,112.53,112.53,112.53,112.53,0
AKAM,2026-09-28 05:35:00-04:00,112.53,112.53,112.53,112.53,0
AKAM,2026-09-28 05:40:00-04:00,112.53,112.53,112.53,112.53,0
AKAM,2026-09-28 05:45:00-04:00,112.53,112.53,112.53,112.53,0
AKAM,2026-09-28 05:50:00-04:00,112.63,112.76,112.6,112.6,114
AKAM,2026-09-28 05:55:00-04:00,112.85,112.85,112.85,112.85,1
AKAM,2026-09-28 06:00:00-04:00,113.0,113.04,113.0,113.04,2
AKAM,2026-09-28 06:05:00-04:00,112.9,112.9,112.9,112.9,2
AKAM,2026-09-28 06:10:00-04:00,112.62,112.9,112.62,112.9,44
AKAM,2026-09-28 06:15:00-04:00,112.65,113.06,112.64,113.06,9
AKAM,2026-09-28 06:20:00-04:00,113.06,113.06,112.62,113.06,9
AKAM,2026-09-28 06:25:00-04:00,112.98,112.98,112.97,112.98,1
AKAM,2026-09-28 06:30:00-04:00,112.98,112.98,112.98,112.98,0
AKAM,2026-09-28 06:35:00-04:00,112.98,112.98,112.98,112.98,0
AKAM,2026-09-28 06:40:00-04:00,112.98,112.98,112.98,112.98,0
AKAM,2026-09-28 06:45:00-04:00,112.97,113.1,112.97,113.06,7
AKAM,2026-09-28 06:50:00-04:00,112.81,112.83,112.81,112.83,8
AKAM,2026-09-28 06:55:00-04:00,112.8,113.04,112.8,113.04,11
AKAM,2026-09-28 07:00:00-04:00,113.0,113.17,112.8,112.8,87
AKAM,2026-09-28 07:05:00-04:00,112.8,113.0,112.49,113.0,14
AKAM,2026-09-28 07:10:00-04:00,112.53,112.9,112.43,112.8,25
AKAM,2026-09-28 07:15:00-04:00,112.4,112.82,112.4,112.63,5
AKAM,2026-09-28 07:20:00-04:00,112.8,112.81,112.14,112.29,14
AKAM,2026-09-28 07:25:00-04:00,112.32,112.41,112.32,112.35,21
AKAM,2026-09-28 07:30:00-04:00,112.5,112.5,112.35,112.35,6
AKAM,2026-09-28 07:35:00-04:00,112.5,112.5,112.34,112.5,21
AKAM,2026-09-28 07:40:00-04:00,112.55,112.68,112.36,112.68,12
AKAM,2026-09-28 07:45:00-04:00,112.7,112.92,112.5,112.83,8
AKAM,2026-09-28 07:50:00-04:00,112.75,112.75,112.75,112.75,1
AKAM,2026-09-28 07:55:00-04:00,112.6,112.6,112.55,112.59,6
AKAM,2026-09-28 08:00:00-04:00,112.45,112.45,112.32,112.32,20
AKAM,2026-09-28 08:05:00-04:00,112.41,112.42,112.26,112.37,8
AKAM,2026-09-28 08:10:00-04:00,112.35,112.7,112.35,112.7,9
AKAM,2026-09-28 08:15:00-04:00,112.65,112.65,112.62,112.62,36
AKAM,2026-09-28 08:20:00-04:00,112.61,112.78,112.6,112.78,15
AKAM,2026-09-28 08:25:00-04:00,112.64,112.65,112.41,112.42,60
AKAM,2026-09-28 08:30:00-04:00,112.98,112.98,112.25,112.5,11
AKAM,2026-09-28 08:35:00-04:00,112.2,112.25,111.5,111.66,350
AKAM,2026-09-28 08:40:00-04:00,111.66,111.75,111.12,111.25,79
AKAM,2026-09-28 08:45:00-04:00,111.25,111.5,111.0,111.01,53
AKAM,2026-09-28 08:50:00-04:00,111.0,111.29,110.99,111.29,51
AKAM,2026-09-28 08:55:00-04:00,111.34,111.64,111.2,111.64,50
AKAM,2026-09-28 09:00:00-04:00,111.45,111.51,111.17,111.5,69
AKAM,2026-09-28 09:05:00-04:00,111.4,111.97,111.4,111.96,29
AKAM,2026-09-28 09:10:00-04:00,111.72,112.43,111.3,111.45,140
AKAM,2026-09-28 09:15:00-04:00,111.45,112.18,111.45,111.96,62
AKAM,2026-09-28 09:20:00-04:00,112.0,112.4,111.95,112.0,123
AKAM,2026-09-28 09:25:00-04:00,112.4,113.18,112.25,113.0,295
AKAM,2026-09-28 09:30:00-04:00,112.85,115.1,112.52,113.5,3561
AKAM,2026-09-28 09:35:00-04:00,113.56,114.43,112.6,113.87,1343
AKAM,2026-09-28 09:40:00-04:00,113.87,113.87,112.78,113.22,1805
AKAM,2026-09-28 09:45:00-04:00,113.15,113.67,112.05,112.54,1299
AKAM,2026-09-28 09:50:00-04:00,112.58,112.85,111.97,112.68,1410
AKAM,2026-09-28 09:55:00-04:00,112.57,112.86,112.19,112.78,465
AKAM,2026-09-28 10:00:00-04:00,112.83,113.42,112.83,113.08,811
AKAM,2026-09-28 10:05:00-04:00,113.15,113.6,112.82,112.85,399
AKAM,2026-09-28 10:10:00-04:00,112.99,113.16,112.3,112.43,351
AKAM,2026-09-28 10:15:00-04:00,112.54,112.54,111.75,111.98,1869
AKAM,2026-09-28 10:20:00-04:00,111.9,112.37,111.81,112.35,278
AKAM,2026-09-28 10:25:00-04:00,112.28,112.3,111.47,111.53,561
AKAM,2026-09-28 10:30:00-04:00,111.5,111.66,111.0,111.12,850
AKAM,2026-09-28 10:35:00-04:00,111.1,111.38,110.86,111.17,1204
AKAM,2026-09-28 10:40:00-04:00,111.15,111.28,110.55,110.63,886
AKAM,2026-09-28 10:45:00-04:00,110.57,110.75,110.13,110.38,922
AKAM,2026-09-28 10:50:00-04:00,110.42,110.64,110.05,110.51,1305
AKAM,2026-09-28 10:55:00-04:00,110.51,111.48,110.45,111.47,700
AKAM,2026-09-28 11:00:00-04:00,111.38,111.73,111.18,111.68,611
AKAM,2026-09-28 11:05:00-04:00,111.61,111.61,111.14,111.3,339
AKAM,2026-09-28 11:10:00-04:00,111.3,111.42,110.62,110.7,416
AKAM,2026-09-28 11:15:00-04:00,110.71,110.77,110.07,110.38,605
AKAM,2026-09-28 11:20:00-04:00,110.37,110.62,110.18,110.53,355
AKAM,2026-09-28 11:25:00-04:00,110.53,111.06,110.44,110.76,986
AKAM,2026-09-28 11:30:00-04:00,110.76,110.92,110.54,110.88,591
AKAM,2026-09-28 11:35:00-04:00,110.88,111.0,110.72,110.82,289
AKAM,2026-09-28 11:40:00-04:00,110.82,110.82,110.4,110.64,178
AKAM,2026-09-28 11:45:00-04:00,110.59,110.87,110.58,110.59,247
AKAM,2026-09-28 11:50:00-04:00,110.68,110.82,110.38,110.49,361
AKAM,2026-09-28 11:55:00-04:00,110.56,110.64,110.36,110.48,180
AKAM,2026-09-28 12:00:00-04:00,110.54,110.69,110.29,110.36,446
AKAM,2026-09-28 12:05:00-04:00,110.35,110.5,110.13,110.33,517
AKAM,2026-09-28 12:10:00-04:00,110.37,110.51,110.11,110.38,446
AKAM,2026-09-28 12:15:00-04:00,110.4,110.86,110.18,110.73,461
AKAM,2026-09-28 12:20:00-04:00,110.69,111.44,110.44,111.3,565
AKAM,2026-09-28 12:25:00-04:00,111.3,111.77,110.69,110.69,713
AKAM,2026-09-28 12:30:00-04:00,110.78,111.09,110.48,110.97,309
AKAM,2026-09-28 12:35:00-04:00,111.06,111.06,110.05,110.17,311
AKAM,2026-09-28 12:40:00-04:00,110.17,110.23,109.64,109.66,1154
AKAM,2026-09-28 12:45:00-04:00,109.65,109.96,109.65,109.91,258
AKAM,2026-09-28 12:50:00-04:00,109.95,110.07,109.75,110.06,460
AKAM,2026-09-28 12:55:00-04:00,110.08,110.14,109.76,109.82,370
AKAM,2026-09-28 13:00:00-04:00,109.85,110.49,109.85,110.11,278
AKAM,2026-09-28 13:05:00-04:00,110.11,110.3,109.98,110.16,253
AKAM,2026-09-28 13:10:00-04:00,110.16,111.42,110.11,111.09,608
AKAM,2026-09-28 13:15:00-04:00,111.14,111.14,110.71,110.89,210
AKAM,2026-09-28 13:20:00-04:00,110.9,110.96,110.55,110.83,246
AKAM,2026-09-28 13:25:00-04:00,110.79,110.86,110.48,110.7,221
AKAM,2026-09-28 13:30:00-04:00,110.7,111.04,110.58,111.02,634
AKAM,2026-09-28 13:35:00-04:00,111.24,111.24,110.5,110.59,144
AKAM,2026-09-28 13:40:00-04:00,110.54,110.6,110.3,110.57,184
AKAM,2026-09-28 13:45:00-04:00,110.57,110.72,110.44,110.49,136
AKAM,2026-09-28 13:50:00-04:00,110.48,110.58,110.33,110.52,84
AKAM,2026-09-28 13:55:00-04:00,110.55,110.57,110.34,110.52,245
AKAM,2026-09-28 14:00:00-04:00,110.45,111.01,110.39,110.91,400
AKAM,2026-09-28 14:05:00-04:00,110.9,111.45,110.72,111.42,532
AKAM,2026-09-28 14:10:00-04:00,111.42,111.69,111.13,111.64,478
AKAM,2026-09-28 14:15:00-04:00,111.62,111.72,111.19,111.19,367
AKAM,2026-09-28 14:20:00-04:00,111.27,111.31,110.89,111.0,219
AKAM,2026-09-28 14:25:00-04:00,111.04,111.18,110.87,110.87,163
AKAM,2026-09-28 14:30:00-04:00,110.87,110.93,110.42,110.53,213
AKAM,2026-09-28 14:35:00-04:00,110.46,110.77,110.24,110.56,233
AKAM,2026-09-28 14:40:00-04:00,110.6,110.6,110.15,110.29,288
AKAM,2026-09-28 14:45:00-04:00,110.4,110.53,110.21,110.4,142
AKAM,2026-09-28 14:50:00-04:00,110.41,110.66,110.38,110.52,167
AKAM,2026-09-28 14:55:00-04:00,110.58,110.65,110.37,110.38,293
AKAM,2026-09-28 15:00:00-04:00,110.31,110.39,109.67,109.84,1021
AKAM,2026-09-28 15:05:00-04:00,109.83,110.28,109.68,110.14,889
AKAM,2026-09-28 15:10:00-04:00,110.23,110.23,109.8,109.88,250
AKAM,2026-09-28 15:15:00-04:00,109.8,110.17,109.76,109.96,498
AKAM,2026-09-28 15:20:00-04:00,109.96,110.34,109.67,109.82,521
AKAM,2026-09-28 15:25:00-04:00,109.81,109.88,109.19,109.3,942
AKAM,2026-09-28 15:30:00-04:00,109.33,109.42,109.05,109.05,945
AKAM,2026-09-28 15:35:00-04:00,109.09,109.58,108.98,109.49,926
AKAM,2026-09-28 15:40:00-04:00,109.52,109.52,108.8,109.09,784
AKAM,2026-09-28 15:45:00-04:00,109.08,109.46,108.96,109.38,1092
AKAM,2026-09-28 15:50:00-04:00,109.43,109.66,109.08,109.08,990
AKAM,2026-09-28 15:55:00-04:00,109.19,109.41,108.88,108.95,3173
AKAM,2026-09-28 16:00:00-04:00,108.99,109.33,108.91,108.93,3906
AKAM,2026-09-28 16:05:00-04:00,108.89,108.97,108.8,108.86,6
AKAM,2026-09-28 16:10:00-04:00,108.86,108.97,108.6,108.84,253
AKAM,2026-09-28 16:15:00-04:00,108.8,108.84,108.74,108.74,229
AKAM,2026-09-28 16:20:00-04:00,108.73,108.88,108.64,108.87,3
AKAM,2026-09-28 16:25:00-04:00,108.89,108.89,108.89,108.89,1
AKAM,2026-09-28 16:30:00-04:00,108.9,108.98,108.89,108.98,7
AKAM,2026-09-28 16:35:00-04:00,108.98,108.98,108.98,108.98,0
AKAM,2026-09-28 16:40:00-04:00,108.91,108.91,108.91,108.91,1
AKAM,2026-09-28 16:45:00-04:00,108.88,108.88,108.88,108.88,11
AKAM,2026-09-28 16:50:00-04:00,108.9,108.9,108.7,108.9,47
AKAM,2026-09-28 16:55:00-04:00,108.73,108.74,108.7,108.7,2
AKAM,2026-09-28 17:00:00-04:00,108.8,108.8,108.8,108.8,1
AKAM,2026-09-28 17:05:00-04:00,108.74,108.75,108.74,108.74,1
AKAM,2026-09-28 17:10:00-04:00,108.8,108.8,108.8,108.8,2
AKAM,2026-09-28 17:15:00-04:00,108.97,108.97,108.96,108.97,4
AKAM,2026-09-28 17:20:00-04:00,108.9,108.9,108.9,108.9,2
AKAM,2026-09-28 17:25:00-04:00,108.9,108.9,108.85,108.85,6
AKAM,2026-09-28 17:30:00-04:00,108.9,108.9,108.9,108.9,1
AKAM,2026-09-28 17:35:00-04:00,108.81,108.81,108.8,108.81,1
AKAM,2026-09-28 17:40:00-04:00,108.89,108.89,108.89,108.89,1
AKAM,2026-09-28 17:45:00-04:00,108.8,108.8,108.8,108.8,2
AKAM,2026-09-28 17:50:00-04:00,108.89,108.9,108.8,108.8,38
AKAM,2026-09-28 17:55:00-04:00,108.86,108.86,108.81,108.82,6
AKAM,2026-09-28 18:00:00-04:00,108.82,108.82,108.82,108.82,0
AKAM,2026-09-28 18:05:00-04:00,108.73,108.75,108.7,108.75,19
AKAM,2026-09-28 18:10:00-04:00,108.87,108.9,108.87,108.9,2
AKAM,2026-09-28 18:15:00-04:00,108.75,108.91,108.75,108.9,12
AKAM,2026-09-28 18:20:00-04:00,108.9,108.9,108.86,108.86,9
AKAM,2026-09-28 18:25:00-04:00,108.75,108.75,108.74,108.75,1
AKAM,2026-09-28 18:30:00-04:00,108.75,108.75,108.75,108.75,0
AKAM,2026-09-28 18:35:00-04:00,108.75,108.79,108.75,108.79,6
AKAM,2026-09-28 18:40:00-04:00,108.74,108.74,108.7,108.7,17
AKAM,2026-09-28 18:45:00-04:00,108.69,108.7,108.69,108.7,6
AKAM,2026-09-28 18:50:00-04:00,108.64,108.65,108.63,108.64,3
AKAM,2026-09-28 18:55:00-04:00,108.64,108.75,108.61,108.62,9
AKAM,2026-09-28 19:00:00-04:00,108.6,108.66,108.6,108.65,4
AKAM,2026-09-28 19:05:00-04:00,108.66,108.66,108.6,108.61,4
AKAM,2026-09-28 19:10:00-04:00,108.79,108.79,108.79,108.79,1
AKAM,2026-09-28 19:15:00-04:00,108.77,108.77,108.73,108.74,5
AKAM,2026-09-28 19:20:00-04:00,108.63,108.77,108.63,108.77,6
AKAM,2026-09-28 19:25:00-04:00,108.73,108.73,108.61,108.61,7
AKAM,2026-09-28 19:30:00-04:00,108.7,108.7,108.6,108.6,7
AKAM,2026-09-28 19:35:00-04:00,108.63,108.65,108.6,108.6,5
AKAM,2026-09-28 19:40:00-04:00,108.58,108.6,108.54,108.58,13
AKAM,2026-09-28 19:45:00-04:00,108.51,108.51,108.28,108.34,10
AKAM,2026-09-28 19:50:00-04:00,108.34,108.55,108.34,108.55,6
AKAM,2026-09-28 19:55:00-04:00,108.55,108.55,108.49,108.5,3
AKAM,2026-09-29 04:00:00-04:00,108.02,108.65,107.4,108.65,68
AKAM,2026-09-29 04:05:00-04:00,108.5,109.0,108.32,108.5,119
AKAM,2026-09-29 04:10:00-04:00,108.5,108.5,108.5,108.5,0
AKAM,2026-09-29 04:15:00-04:00,108.5,108.5,108.5,108.5,0
AKAM,2026-09-29 04:20:00-04:00,108.5,108.5,108.5,108.5,0
AKAM,2026-09-29 04:25:00-04:00,108.5,108.5,108.5,108.5,0
AKAM,2026-09-29 04:30:00-04:00,108.5,108.5,108.5,108.5,0
AKAM,2026-09-29 04:35:00-04:00,108.5,108.5,108.5,108.5,0
AKAM,2026-09-29 04:40:00-04:00,108.5,108.5,108.5,108.5,0
AKAM,2026-09-29 04:45:00-04:00,108.5,108.5,108.5,108.5,0
AKAM,2026-09-29 04:50:00-04:00,109.47,109.47,109.47,109.47,1
AKAM,2026-09-29 04:55:00-04:00,109.44,109.44,109.43,109.44,1
AKAM,2026-09-29 05:00:00-04:00,108.99,108.99,108.5,108.5,22
AKAM,2026-09-29 05:05:00-04:00,108.5,108.5,108.5,108.5,0
AKAM,2026-09-29 05:10:00-04:00,108.5,108.5,108.5,108.5,0
AKAM,2026-09-29 05:15:00-04:00,108.59,108.59,108.58,108.59,1
AKAM,2026-09-29 05:20:00-04:00,108.99,108.99,108.99,108.99,1
AKAM,2026-09-29 05:25:00-04:00,108.99,108.99,108.99,108.99,0
AKAM,2026-09-29 05:30:00-04:00,108.57,108.99,108.57,108.99,2
AKAM,2026-09-29 05:35:00-04:00,108.99,108.99,108.99,108.99,0
AKAM,2026-09-29 05:40:00-04:00,108.99,108.99,108.99,108.99,0
AKAM,2026-09-29 05:45:00-04:00,108.99,108.99,108.99,108.99,0
AKAM,2026-09-29 05:50:00-04:00,108.99,108.99,108.99,108.99,2
AKAM,2026-09-29 05:55:00-04:00,108.99,108.99,108.99,108.99,0
AKAM,2026-09-29 06:00:00-04:00,108.99,108.99,108.99,108.99,0
AKAM,2026-09-29 06:05:00-04:00,108.99,108.99,108.99,108.99,0
AKAM,2026-09-29 06:10:00-04:00,108.99,108.99,108.99,108.99,0
AKAM,2026-09-29 06:15:00-04:00,108.99,109.47,108.99,109.47,9
AKAM,2026-09-29 06:20:00-04:00,109.47,109.47,109.47,109.47,0
AKAM,2026-09-29 06:25:00-04:00,109.47,109.47,109.47,109.47,0
AKAM,2026-09-29 06:30:00-04:00,109.47,109.47,109.47,109.47,0
AKAM,2026-09-29 06:35:00-04:00,109.47,109.47,109.47,109.47,0
AKAM,2026-09-29 06:40:00-04:00,109.44,109.47,109.44,109.47,2
AKAM,2026-09-29 06:45:00-04:00,109.47,109.47,109.47,109.47,0
AKAM,2026-09-29 06:50:00-04:00,109.47,109.47,109.47,109.47,0
AKAM,2026-09-29 06:55:00-04:00,109.47,109.47,109.47,109.47,0
AKAM,2026-09-29 07:00:00-04:00,109.48,109.54,109.07,109.08,49
AKAM,2026-09-29 07:05:00-04:00,109.78,109.79,109.4,109.7,26
AKAM,2026-09-29 07:10:00-04:00,109.8,109.8,109.23,109.5,9
AKAM,2026-09-29 07:15:00-04:00,109.5,109.5,109.5,109.5,5
AKAM,2026-09-29 07:20:00-04:00,109.32,109.32,109.31,109.32,9
AKAM,2026-09-29 07:25:00-04:00,109.49,109.5,109.48,109.5,21
AKAM,2026-09-29 07:30:00-04:00,109.62,109.63,109.28,109.5,3
AKAM,2026-09-29 07:35:00-04:00,109.3,109.3,109.29,109.3,3
AKAM,2026-09-29 07:40:00-04:00,109.56,109.76,109.56,109.75,4
AKAM,2026-09-29 07:45:00-04:00,109.8,109.81,109.8,109.81,4
AKAM,2026-09-29 07:50:00-04:00,109.6,109.81,109.6,109.81,10
AKAM,2026-09-29 07:55:00-04:00,109.81,109.85,109.81,109.85,13
AKAM,2026-09-29 08:00:00-04:00,110.1,110.15,110.09,110.15,7
AKAM,2026-09-29 08:05:00-04:00,110.15,110.15,110.15,110.15,0
AKAM,2026-09-29 08:10:00-04:00,110.28,110.71,110.2,110.67,55
AKAM,2026-09-29 08:15:00-04:00,110.35,110.35,110.08,110.11,18
AKAM,2026-09-29 08:20:00-04:00,110.1,110.1,109.99,109.99,8
AKAM,2026-09-29 08:25:00-04:00,109.9,109.9,109.9,109.9,1
AKAM,2026-09-29 08:30:00-04:00,110.43,110.49,110.43,110.48,2
AKAM,2026-09-29 08:35:00-04:00,110.2,110.5,110.19,110.24,13
AKAM,2026-09-29 08:40:00-04:00,110.09,110.1,110.02,110.05,5
AKAM,2026-09-29 08:45:00-04:00,110.29,110.3,110.04,110.05,16
AKAM,2026-09-29 08:50:00-04:00,110.3,110.3,110.01,110.01,11
AKAM,2026-09-29 08:55:00-04:00,109.75,109.75,109.56,109.56,5
AKAM,2026-09-29 09:00:00-04:00,109.65,110.1,109.65,109.8,16
AKAM,2026-09-29 09:05:00-04:00,109.99,110.0,109.8,110.0,42
AKAM,2026-09-29 09:10:00-04:00,110.0,110.01,110.0,110.0,1
AKAM,2026-09-29 09:15:00-04:00,110.09,110.09,109.72,109.72,23
AKAM,2026-09-29 09:20:00-04:00,109.94,109.94,109.6,109.6,18
AKAM,2026-09-29 09:25:00-04:00,110.36,110.95,110.36,110.95,32
AKAM,2026-09-29 09:30:00-04:00,110.78,111.43,110.13,110.41,1467
AKAM,2026-09-29 09:35:00-04:00,110.41,110.58,109.52,109.68,1004
AKAM,2026-09-29 09:40:00-04:00,109.68,109.68,107.83,107.84,1355
AKAM,2026-09-29 09:45:00-04:00,107.88,108.28,107.67,108.12,1019
AKAM,2026-09-29 09:50:00-04:00,108.27,108.56,108.0,108.11,439
AKAM,2026-09-29 09:55:00-04:00,108.14,108.2,107.34,107.96,1025
AKAM,2026-09-29 10:00:00-04:00,107.87,108.25,107.57,107.88,444
AKAM,2026-09-29 10:05:00-04:00,107.95,108.0,107.47,107.83,596
AKAM,2026-09-29 10:10:00-04:00,107.77,107.8,107.11,107.25,523
AKAM,2026-09-29 10:15:00-04:00,107.23,107.4,107.0,107.13,517
AKAM,2026-09-29 10:20:00-04:00,107.18,107.72,107.03,107.67,574
AKAM,2026-09-29 10:25:00-04:00,107.69,107.9,107.52,107.72,799
AKAM,2026-09-29 10:30:00-04:00,107.69,107.98,107.65,107.74,256
AKAM,2026-09-29 10:35:00-04:00,107.75,107.78,107.31,107.65,781
AKAM,2026-09-29 10:40:00-04:00,107.65,107.65,106.79,107.13,683
AKAM,2026-09-29 10:45:00-04:00,107.19,107.71,107.04,107.63,380
AKAM,2026-09-29 10:50:00-04:00,107.63,107.98,107.46,107.78,396
AKAM,2026-09-29 10:55:00-04:00,107.77,108.07,107.74,107.79,264
AKAM,2026-09-29 11:00:00-04:00,107.74,107.95,107.55,107.56,164
AKAM,2026-09-29 11:05:00-04:00,107.55,107.76,107.4,107.44,179
AKAM,2026-09-29 11:10:00-04:00,107.39,107.44,107.19,107.25,191
AKAM,2026-09-29 11:15:00-04:00,107.25,107.26,106.9,107.1,412
AKAM,2026-09-29 11:20:00-04:00,107.17,107.54,107.07,107.1,283
AKAM,2026-09-29 11:25:00-04:00,107.1,107.25,107.01,107.06,225
AKAM,2026-09-29 11:30:00-04:00,107.1,107.19,106.92,107.16,214
AKAM,2026-09-29 11:35:00-04:00,107.13,107.17,106.4,106.62,904
AKAM,2026-09-29 11:40:00-04:00,106.62,106.94,105.84,106.18,1204
AKAM,2026-09-29 11:45:00-04:00,106.15,106.51,105.75,106.46,1649
AKAM,2026-09-29 11:50:00-04:00,106.46,106.65,106.28,106.33,451
AKAM,2026-09-29 11:55:00-04:00,106.3,106.4,106.1,106.4,382
AKAM,2026-09-29 12:00:00-04:00,106.35,106.42,106.1,106.11,492
AKAM,2026-09-29 12:05:00-04:00,106.09,106.49,106.09,106.48,125
AKAM,2026-09-29 12:10:00-04:00,106.53,106.54,106.09,106.1,244
AKAM,2026-09-29 12:15:00-04:00,106.1,106.23,106.05,106.23,184
AKAM,2026-09-29 12:20:00-04:00,106.23,106.32,106.07,106.22,132
AKAM,2026-09-29 12:25:00-04:00,106.22,106.72,106.14,106.42,145
AKAM,2026-09-29 12:30:00-04:00,106.46,106.48,106.27,106.37,110
AKAM,2026-09-29 12:35:00-04:00,106.33,106.63,106.3,106.55,255
AKAM,2026-09-29 12:40:00-04:00,106.46,106.58,106.14,106.2,249
AKAM,2026-09-29 12:45:00-04:00,106.18,106.44,106.05,106.39,378
AKAM,2026-09-29 12:50:00-04:00,106.46,106.63,106.42,106.48,72
AKAM,2026-09-29 12:55:00-04:00,106.47,106.53,106.3,106.39,139
AKAM,2026-09-29 13:00:00-04:00,106.42,106.43,106.19,106.24,128
AKAM,2026-09-29 13:05:00-04:00,106.24,106.53,106.16,106.48,397
AKAM,2026-09-29 13:10:00-04:00,106.49,106.52,106.32,106.39,68
AKAM,2026-09-29 13:15:00-04:00,106.37,106.5,106.31,106.47,100
AKAM,2026-09-29 13:20:00-04:00,106.49,106.5,105.89,106.49,637
AKAM,2026-09-29 13:25:00-04:00,106.45,107.01,106.45,106.73,251
AKAM,2026-09-29 13:30:00-04:00,106.82,106.88,106.6,106.75,175
AKAM,2026-09-29 13:35:00-04:00,106.68,106.86,106.6,106.86,213
AKAM,2026-09-29 13:40:00-04:00,106.89,107.11,106.64,106.83,502
AKAM,2026-09-29 13:45:00-04:00,106.83,106.96,106.64,106.67,213
AKAM,2026-09-29 13:50:00-04:00,106.65,106.83,106.61,106.71,136
AKAM,2026-09-29 13:55:00-04:00,106.73,107.05,106.64,107.05,190
AKAM,2026-09-29 14:00:00-04:00,107.04,107.75,106.96,107.61,713
AKAM,2026-09-29 14:05:00-04:00,107.62,108.2,107.4,107.95,903
AKAM,2026-09-29 14:10:00-04:00,107.89,108.4,107.89,108.03,682
AKAM,2026-09-29 14:15:00-04:00,108.05,108.15,107.82,107.95,268
AKAM,2026-09-29 14:20:00-04:00,107.88,108.14,107.83,107.88,155
AKAM,2026-09-29 14:25:00-04:00,107.91,108.13,107.81,107.94,215
AKAM,2026-09-29 14:30:00-04:00,107.94,108.07,107.51,107.52,327
AKAM,2026-09-29 14:35:00-04:00,107.51,107.64,107.44,107.6,157
AKAM,2026-09-29 14:40:00-04:00,107.6,107.63,107.48,107.6,93
AKAM,2026-09-29 14:45:00-04:00,107.67,107.73,107.53,107.56,144
AKAM,2026-09-29 14:50:00-04:00,107.47,107.47,107.12,107.12,288
AKAM,2026-09-29 14:55:00-04:00,107.12,107.39,107.05,107.27,252
AKAM,2026-09-29 15:00:00-04:00,107.28,107.94,107.27,107.92,204
AKAM,2026-09-29 15:05:00-04:00,107.89,108.05,107.73,107.8,270
AKAM,2026-09-29 15:10:00-04:00,107.73,107.78,107.45,107.51,229
AKAM,2026-09-29 15:15:00-04:00,107.51,107.99,107.49,107.95,462
AKAM,2026-09-29 15:20:00-04:00,107.95,108.4,107.85,108.1,389
AKAM,2026-09-29 15:25:00-04:00,108.09,108.35,107.96,108.28,298
AKAM,2026-09-29 15:30:00-04:00,108.25,108.37,108.03,108.2,426
AKAM,2026-09-29 15:35:00-04:00,108.3,108.3,108.11,108.13,186
AKAM,2026-09-29 15:40:00-04:00,108.09,108.17,107.74,107.77,477
AKAM,2026-09-29 15:45:00-04:00,107.77,108.38,107.74,108.34,388
AKAM,2026-09-29 15:50:00-04:00,108.3,108.51,108.14,108.25,724
AKAM,2026-09-29 15:55:00-04:00,108.28,108.52,108.12,108.44,2330
AKAM,2026-09-29 16:00:00-04:00,108.45,108.51,108.42,108.45,3978
AKAM,2026-09-29 16:05:00-04:00,108.45,108.45,108.45,108.45,1
AKAM,2026-09-29 16:10:00-04:00,108.49,108.49,108.49,108.49,4
AKAM,2026-09-29 16:15:00-04:00,108.45,108.45,108.4,108.4,50
AKAM,2026-09-29 16:20:00-04:00,108.48,108.52,108.3,108.52,5
AKAM,2026-09-29 16:25:00-04:00,108.52,108.52,108.26,108.45,17
AKAM,2026-09-29 16:30:00-04:00,108.4,108.4,108.39,108.4,5
AKAM,2026-09-29 16:35:00-04:00,108.4,108.4,108.4,108.4,3
AKAM,2026-09-29 16:40:00-04:00,108.4,108.4,108.4,108.4,0
AKAM,2026-09-29 16:45:00-04:00,108.5,108.5,108.4,108.45,11
AKAM,2026-09-29 16:50:00-04:00,108.45,108.5,108.45,108.5,3
AKAM,2026-09-29 16:55:00-04:00,108.44,108.44,108.44,108.44,5
AKAM,2026-09-29 17:00:00-04:00,108.45,108.45,108.45,108.45,2
AKAM,2026-09-29 17:05:00-04:00,108.45,108.45,108.45,108.45,0
AKAM,2026-09-29 17:10:00-04:00,108.45,108.45,108.45,108.45,0
AKAM,2026-09-29 17:15:00-04:00,108.45,108.45,108.45,108.45,0
AKAM,2026-09-29 17:20:00-04:00,108.33,108.33,108.3,108.3,5
AKAM,2026-09-29 17:25:00-04:00,108.3,108.3,108.3,108.3,11
AKAM,2026-09-29 17:30:00-04:00,108.42,108.43,108.42,108.42,1
AKAM,2026-09-29 17:35:00-04:00,108.4,108.4,108.4,108.4,1
AKAM,2026-09-29 17:40:00-04:00,108.4,108.4,108.4,108.4,0
AKAM,2026-09-29 17:45:00-04:00,108.57,108.63,108.57,108.63,49
AKAM,2026-09-29 17:50:00-04:00,108.44,108.44,108.43,108.44,5
AKAM,2026-09-29 17:55:00-04:00,108.44,108.44,108.44,108.44,0
AKAM,2026-09-29 18:00:00-04:00,108.44,108.44,108.44,108.44,0
AKAM,2026-09-29 18:05:00-04:00,108.4,108.42,108.4,108.41,26
AKAM,2026-09-29 18:10:00-04:00,108.41,108.41,108.41,108.41,0
AKAM,2026-09-29 18:15:00-04:00,108.41,108.42,108.41,108.41,4
AKAM,2026-09-29 18:20:00-04:00,108.5,108.62,108.45,108.62,11
AKAM,2026-09-29 18:25:00-04:00,108.6,108.6,108.59,108.6,1
AKAM,2026-09-29 18:30:00-04:00,108.42,108.43,108.42,108.42,4
AKAM,2026-09-29 18:35:00-04:00,108.43,108.43,108.36,108.36,3
AKAM,2026-09-29 18:40:00-04:00,108.52,108.58,108.51,108.57,10
AKAM,2026-09-29 18:45:00-04:00,108.57,108.57,108.57,108.57,0
AKAM,2026-09-29 18:50:00-04:00,108.57,108.57,108.57,108.57,0
AKAM,2026-09-29 18:55:00-04:00,108.55,108.55,108.55,108.55,1
AKAM,2026-09-29 19:00:00-04:00,108.55,108.55,108.55,108.55,0
AKAM,2026-09-29 19:05:00-04:00,108.45,108.45,108.44,108.45,2
AKAM,2026-09-29 19:10:00-04:00,108.45,108.45,108.45,108.45,0
AKAM,2026-09-29 19:15:00-04:00,108.54,108.54,108.42,108.42,9
AKAM,2026-09-29 19:20:00-04:00,108.42,108.42,108.42,108.42,0
AKAM,2026-09-29 19:25:00-04:00,108.42,108.43,108.42,108.42,1
AKAM,2026-09-29 19:30:00-04:00,108.58,108.58,108.58,108.58,2
AKAM,2026-09-29 19:35:00-04:00,108.58,108.58,108.58,108.58,0
AKAM,2026-09-29 19:40:00-04:00,108.42,108.42,108.42,108.42,1
AKAM,2026-09-29 19:45:00-04:00,108.42,108.42,108.42,108.42,0
AKAM,2026-09-29 19:50:00-04:00,108.45,108.45,108.43,108.43,5
AKAM,2026-09-29 19:55:00-04:00,108.45,108.58,108.45,108.47,7
AKAM,2026-09-30 04:00:00-04:00,108.27,108.59,107.83,108.19,48
AKAM,2026-09-30 04:05:00-04:00,108.19,108.19,108.19,108.19,0
AKAM,2026-09-30 04:10:00-04:00,108.19,108.19,108.19,108.19,0
AKAM,2026-09-30 04:15:00-04:00,108.19,108.19,108.19,108.19,0
AKAM,2026-09-30 04:20:00-04:00,108.86,108.86,108.86,108.86,2
AKAM,2026-09-30 04:25:00-04:00,108.86,108.86,108.86,108.86,0
AKAM,2026-09-30 04:30:00-04:00,108.86,108.86,108.86,108.86,1
AKAM,2026-09-30 04:35:00-04:00,108.86,108.86,108.86,108.86,0
AKAM,2026-09-30 04:40:00-04:00,108.78,108.78,108.78,108.78,1
AKAM,2026-09-30 04:45:00-04:00,108.78,108.78,108.78,108.78,0
AKAM,2026-09-30 04:50:00-04:00,108.78,108.78,108.78,108.78,0
AKAM,2026-09-30 04:55:00-04:00,108.74,108.74,108.74,108.74,1
AKAM,2026-09-30 05:00:00-04:00,108.74,108.74,108.74,108.74,0
AKAM,2026-09-30 05:05:00-04:00,108.74,108.74,108.74,108.74,0
AKAM,2026-09-30 05:10:00-04:00,108.74,108.74,108.74,108.74,0
AKAM,2026-09-30 05:15:00-04:00,108.74,108.74,108.74,108.74,0
AKAM,2026-09-30 05:20:00-04:00,108.74,108.74,108.74,108.74,0
AKAM,2026-09-30 05:25:00-04:00,108.74,108.74,108.74,108.74,0
AKAM,2026-09-30 05:30:00-04:00,108.74,108.74,108.74,108.74,0
AKAM,2026-09-30 05:35:00-04:00,108.74,108.74,108.74,108.74,0
AKAM,2026-09-30 05:40:00-04:00,108.74,108.74,108.74,108.74,0
AKAM,2026-09-30 05:45:00-04:00,108.74,108.74,108.74,108.74,0
AKAM,2026-09-30 05:50:00-04:00,108.45,108.45,107.83,107.83,7
AKAM,2026-09-30 05:55:00-04:00,107.83,107.83,107.83,107.83,0
AKAM,2026-09-30 06:00:00-04:00,107.83,107.83,107.83,107.83,0
AKAM,2026-09-30 06:05:00-04:00,107.83,107.83,107.83,107.83,0
AKAM,2026-09-30 06:10:00-04:00,107.83,107.83,107.83,107.83,0
AKAM,2026-09-30 06:15:00-04:00,107.83,107.83,107.83,107.83,0
AKAM,2026-09-30 06:20:00-04:00,107.83,107.83,107.83,107.83,0
AKAM,2026-09-30 06:25:00-04:00,107.83,107.83,107.83,107.83,0
AKAM,2026-09-30 06:30:00-04:00,107.83,107.83,107.83,107.83,0
AKAM,2026-09-30 06:35:00-04:00,107.83,107.83,107.83,107.83,0
AKAM,2026-09-30 06:40:00-04:00,107.83,107.83,107.83,107.83,0
AKAM,2026-09-30 06:45:00-04:00,107.83,107.83,107.83,107.83,0
AKAM,2026-09-30 06:50:00-04:00,107.83,107.83,107.83,107.83,0
AKAM,2026-09-30 06:55:00-04:00,107.83,107.83,107.83,107.83,0
AKAM,2026-09-30 07:00:00-04:00,108.0,108.0,108.0,108.0,2
AKAM,2026-09-30 07:05:00-04:00,108.0,108.0,108.0,108.0,0
AKAM,2026-09-30 07:10:00-04:00,108.37,108.37,108.37,108.37,2
AKAM,2026-09-30 07:15:00-04:00,108.37,108.37,108.37,108.37,0
AKAM,2026-09-30 07:20:00-04:00,108.3,108.3,107.92,107.92,2
AKAM,2026-09-30 07:25:00-04:00,107.92,107.92,107.92,107.92,0
AKAM,2026-09-30 07:30:00-04:00,107.83,107.83,107.83,107.83,1
AKAM,2026-09-30 07:35:00-04:00,107.83,107.83,107.83,107.83,0
AKAM,2026-09-30 07:40:00-04:00,107.83,107.83,107.83,107.83,0
AKAM,2026-09-30 07:45:00-04:00,107.83,107.83,107.83,107.83,0
AKAM,2026-09-30 07:50:00-04:00,107.89,107.95,107.84,107.95,9
AKAM,2026-09-30 07:55:00-04:00,107.72,107.72,107.72,107.72,9
AKAM,2026-09-30 08:00:00-04:00,108.03,108.03,108.03,108.03,1
AKAM,2026-09-30 08:05:00-04:00,108.03,108.03,108.03,108.03,3
AKAM,2026-09-30 08:10:00-04:00,108.03,108.03,108.03,108.03,0
AKAM,2026-09-30 08:15:00-04:00,108.03,108.03,108.03,108.03,0
AKAM,2026-09-30 08:20:00-04:00,108.01,108.01,107.91,107.91,4
AKAM,2026-09-30 08:25:00-04:00,107.95,107.95,107.95,107.95,6
AKAM,2026-09-30 08:30:00-04:00,108.2,108.59,108.01,108.59,50
AKAM,2026-09-30 08:35:00-04:00,108.5,108.5,108.29,108.29,4
AKAM,2026-09-30 08:40:00-04:00,108.49,108.8,108.49,108.78,24
AKAM,2026-09-30 08:45:00-04:00,108.6,108.78,108.6,108.74,10
AKAM,2026-09-30 08:50:00-04:00,108.52,108.78,108.52,108.78,2
AKAM,2026-09-30 08:55:00-04:00,108.84,108.84,108.84,108.84,2
AKAM,2026-09-30 09:00:00-04:00,108.7,108.8,108.7,108.8,3
AKAM,2026-09-30 09:05:00-04:00,108.61,109.0,108.61,109.0,18
AKAM,2026-09-30 09:10:00-04:00,109.2,109.2,108.9,108.9,4
AKAM,2026-09-30 09:15:00-04:00,108.91,109.02,108.87,109.02,57
AKAM,2026-09-30 09:20:00-04:00,109.02,109.02,108.86,108.9,40
AKAM,2026-09-30 09:25:00-04:00,108.8,108.9,108.8,108.9,4
AKAM,2026-09-30 09:30:00-04:00,108.84,110.56,108.77,110.17,1552
AKAM,2026-09-30 09:35:00-04:00,110.07,110.25,109.63,109.79,756
AKAM,2026-09-30 09:40:00-04:00,109.79,110.1,108.88,109.33,693
AKAM,2026-09-30 09:45:00-04:00,109.12,109.39,108.73,108.93,301
AKAM,2026-09-30 09:50:00-04:00,109.06,109.86,109.0,109.29,253
CAT,2026-09-28 04:00:00-04:00,809.0,814.9,809.0,809.69,59
CAT,2026-09-28 04:05:00-04:00,808.0,808.0,808.0,808.0,3
CAT,2026-09-28 04:10:00-04:00,808.0,808.0,808.0,808.0,0
CAT,2026-09-28 04:15:00-04:00,808.0,808.0,808.0,808.0,0
CAT,2026-09-28 04:20:00-04:00,808.26,808.26,808.26,808.26,2
CAT,2026-09-28 04:25:00-04:00,808.26,808.26,808.26,808.26,0
CAT,2026-09-28 04:30:00-04:00,808.26,808.26,808.26,808.26,0
CAT,2026-09-28 04:35:00-04:00,808.26,808.26,808.26,808.26,0
CAT,2026-09-28 04:40:00-04:00,808.26,808.26,808.26,808.26,0
CAT,2026-09-28 04:45:00-04:00,808.01,808.01,808.01,808.01,2
CAT,2026-09-28 04:50:00-04:00,808.01,808.01,808.01,808.01,0
CAT,2026-09-28 04:55:00-04:00,808.01,808.01,808.01,808.01,0
CAT,2026-09-28 05:00:00-04:00,808.01,808.01,808.01,808.01,0
CAT,2026-09-28 05:05:00-04:00,808.33,808.33,808.29,808.29,2
CAT,2026-09-28 05:10:00-04:00,807.74,807.74,807.0,807.0,12
CAT,2026-09-28 05:15:00-04:00,807.0,807.0,807.0,807.0,0
CAT,2026-09-28 05:20:00-04:00,807.0,807.0,807.0,807.0,0
CAT,2026-09-28 05:25:00-04:00,810.08,810.08,810.08,810.08,1
CAT,2026-09-28 05:30:00-04:00,810.19,810.2,810.19,810.2,2
CAT,2026-09-28 05:35:00-04:00,810.2,810.2,810.2,810.2,0
CAT,2026-09-28 05:40:00-04:00,810.2,810.2,810.2,810.2,0
CAT,2026-09-28 05:45:00-04:00,810.2,810.2,810.2,810.2,0
CAT,2026-09-28 05:50:00-04:00,810.2,810.2,810.2,810.2,0
CAT,2026-09-28 05:55:00-04:00,810.2,810.2,810.2,810.2,0
CAT,2026-09-28 06:00:00-04:00,808.7,808.7,808.7,808.7,1
CAT,2026-09-28 06:05:00-04:00,808.7,808.7,808.7,808.7,0
CAT,2026-09-28 06:10:00-04:00,808.7,808.7,808.7,808.7,0
CAT,2026-09-28 06:15:00-04:00,808.7,808.7,808.7,808.7,0
CAT,2026-09-28 06:20:00-04:00,808.7,808.7,808.7,808.7,0
CAT,2026-09-28 06:25:00-04:00,808.7,808.7,808.7,808.7,0
CAT,2026-09-28 06:30:00-04:00,808.7,808.7,808.7,808.7,0
CAT,2026-09-28 06:35:00-04:00,808.7,808.7,808.7,808.7,0
CAT,2026-09-28 06:40:00-04:00,807.13,807.13,807.13,807.13,1
CAT,2026-09-28 06:45:00-04:00,807.13,807.13,807.13,807.13,0
CAT,2026-09-28 06:50:00-04:00,807.13,807.13,807.13,807.13,0
CAT,2026-09-28 06:55:00-04:00,807.13,807.13,807.13,807.13,0
CAT,2026-09-28 07:00:00-04:00,810.2,810.26,807.51,810.26,10
CAT,2026-09-28 07:05:00-04:00,810.0,810.0,810.0,810.0,1
CAT,2026-09-28 07:10:00-04:00,812.93,812.94,812.93,812.94,2
CAT,2026-09-28 07:15:00-04:00,812.94,812.94,812.94,812.94,0
CAT,2026-09-28 07:20:00-04:00,812.0,812.0,812.0,812.0,1
CAT,2026-09-28 07:25:00-04:00,813.66,813.67,813.66,813.66,2
CAT,2026-09-28 07:30:00-04:00,813.66,813.66,813.66,813.66,0
CAT,2026-09-28 07:35:00-04:00,813.66,813.66,813.66,813.66,0
CAT,2026-09-28 07:40:00-04:00,813.66,813.66,813.66,813.66,0
CAT,2026-09-28 07:45:00-04:00,813.69,813.69,812.85,812.85,3
CAT,2026-09-28 07:50:00-04:00,811.75,811.76,811.75,811.75,5
CAT,2026-09-28 07:55:00-04:00,811.75,811.75,811.75,811.75,0
CAT,2026-09-28 08:00:00-04:00,811.75,811.75,811.75,811.75,0
CAT,2026-09-28 08:05:00-04:00,813.88,814.0,813.88,814.0,3
CAT,2026-09-28 08:10:00-04:00,814.0,814.0,814.0,814.0,0
CAT,2026-09-28 08:15:00-04:00,814.0,814.0,814.0,814.0,0
CAT,2026-09-28 08:20:00-04:00,814.23,814.23,814.23,814.23,1
CAT,2026-09-28 08:25:00-04:00,814.23,814.23,814.23,814.23,0
CAT,2026-09-28 08:30:00-04:00,814.23,814.23,814.23,814.23,0
CAT,2026-09-28 08:35:00-04:00,814.89,815.0,814.89,815.0,11
CAT,2026-09-28 08:40:00-04:00,816.36,816.36,816.36,816.36,1
CAT,2026-09-28 08:45:00-04:00,816.36,816.36,816.36,816.36,0
CAT,2026-09-28 08:50:00-04:00,816.36,816.36,816.36,816.36,0
CAT,2026-09-28 08:55:00-04:00,817.3,817.31,817.3,817.3,1
CAT,2026-09-28 09:00:00-04:00,817.3,817.3,817.3,817.3,0
CAT,2026-09-28 09:05:00-04:00,816.24,816.24,816.0,816.0,6
CAT,2026-09-28 09:10:00-04:00,815.48,815.98,815.48,815.48,6
CAT,2026-09-28 09:15:00-04:00,815.0,816.0,815.0,815.98,6
CAT,2026-09-28 09:20:00-04:00,815.98,815.98,815.98,815.98,0
CAT,2026-09-28 09:25:00-04:00,816.2,817.2,816.2,817.0,4
CAT,2026-09-28 09:30:00-04:00,821.05,824.09,817.0,820.66,1137
CAT,2026-09-28 09:35:00-04:00,820.87,821.64,817.08,821.64,521
CAT,2026-09-28 09:40:00-04:00,821.23,823.39,819.86,821.04,428
CAT,2026-09-28 09:45:00-04:00,820.03,821.4,819.64,821.06,192
CAT,2026-09-28 09:50:00-04:00,821.16,821.6,819.65,821.1,120
CAT,2026-09-28 09:55:00-04:00,820.96,821.11,817.81,821.08,694
CAT,2026-09-28 10:00:00-04:00,821.04,823.23,820.19,820.31,480
CAT,2026-09-28 10:05:00-04:00,820.54,822.74,819.13,820.51,287
CAT,2026-09-28 10:10:00-04:00,820.5,820.7,816.96,817.19,314
CAT,2026-09-28 10:15:00-04:00,817.19,821.15,817.19,820.98,423
CAT,2026-09-28 10:20:00-04:00,821.04,824.4,820.8,824.15,239
CAT,2026-09-28 10:25:00-04:00,824.14,824.64,823.5,824.41,387
CAT,2026-09-28 10:30:00-04:00,824.31,824.68,823.05,823.05,293
CAT,2026-09-28 10:35:00-04:00,823.12,823.4,820.31,820.43,140
CAT,2026-09-28 10:40:00-04:00,820.59,821.73,818.77,819.16,644
CAT,2026-09-28 10:45:00-04:00,819.16,819.16,816.73,818.1,385
CAT,2026-09-28 10:50:00-04:00,818.26,818.97,814.38,814.6,343
CAT,2026-09-28 10:55:00-04:00,815.0,816.99,814.39,814.99,324
CAT,2026-09-28 11:00:00-04:00,814.99,815.81,813.34,813.65,302
CAT,2026-09-28 11:05:00-04:00,814.19,814.59,812.53,813.38,968
CAT,2026-09-28 11:10:00-04:00,813.78,814.26,811.05,811.21,743
CAT,2026-09-28 11:15:00-04:00,811.56,811.64,808.33,810.44,603
CAT,2026-09-28 11:20:00-04:00,809.97,810.55,808.2,809.8,124
CAT,2026-09-28 11:25:00-04:00,809.97,812.75,809.96,812.53,271
CAT,2026-09-28 11:30:00-04:00,812.79,813.79,812.4,812.87,110
CAT,2026-09-28 11:35:00-04:00,812.98,814.85,812.84,814.33,203
CAT,2026-09-28 11:40:00-04:00,814.35,814.35,812.07,812.08,118
CAT,2026-09-28 11:45:00-04:00,812.84,812.84,811.77,811.97,118
CAT,2026-09-28 11:50:00-04:00,812.13,813.91,812.06,813.8,116
CAT,2026-09-28 11:55:00-04:00,814.49,815.9,814.48,815.63,173
CAT,2026-09-28 12:00:00-04:00,815.12,816.75,814.86,815.79,154
CAT,2026-09-28 12:05:00-04:00,815.87,818.69,815.87,818.42,268
CAT,2026-09-28 12:10:00-04:00,818.7,818.84,816.78,817.05,88
CAT,2026-09-28 12:15:00-04:00,817.09,819.67,817.03,818.37,275
CAT,2026-09-28 12:20:00-04:00,818.35,822.91,818.34,822.15,281
CAT,2026-09-28 12:25:00-04:00,822.59,827.57,822.43,826.48,1029
CAT,2026-09-28 12:30:00-04:00,825.75,826.29,823.19,824.36,233
CAT,2026-09-28 12:35:00-04:00,824.26,825.09,821.52,821.77,119
CAT,2026-09-28 12:40:00-04:00,821.8,822.56,820.51,821.63,199
CAT,2026-09-28 12:45:00-04:00,821.63,822.35,818.43,818.69,220
CAT,2026-09-28 12:50:00-04:00,818.62,818.96,817.85,818.86,158
CAT,2026-09-28 12:55:00-04:00,818.77,819.57,818.54,819.03,266
CAT,2026-09-28 13:00:00-04:00,819.03,819.03,817.94,818.29,226
CAT,2026-09-28 13:05:00-04:00,818.33,818.92,817.93,818.3,164
CAT,2026-09-28 13:10:00-04:00,818.3,825.41,818.3,823.79,589
CAT,2026-09-28 13:15:00-04:00,823.53,823.73,821.52,821.74,270
CAT,2026-09-28 13:20:00-04:00,821.46,821.97,820.92,821.94,205
CAT,2026-09-28 13:25:00-04:00,821.69,822.62,820.67,821.02,194
CAT,2026-09-28 13:30:00-04:00,821.24,822.34,821.12,822.01,259
CAT,2026-09-28 13:35:00-04:00,821.9,822.39,820.85,821.61,196
CAT,2026-09-28 13:40:00-04:00,821.63,822.31,821.63,822.29,191
CAT,2026-09-28 13:45:00-04:00,822.18,823.01,822.04,822.91,163
CAT,2026-09-28 13:50:00-04:00,822.83,823.13,822.57,822.64,190
CAT,2026-09-28 13:55:00-04:00,822.88,823.41,821.99,823.09,196
CAT,2026-09-28 14:00:00-04:00,823.2,823.4,822.47,822.68,216
CAT,2026-09-28 14:05:00-04:00,822.65,823.0,822.05,822.8,243
CAT,2026-09-28 14:10:00-04:00,822.9,823.29,822.1,823.0,208
CAT,2026-09-28 14:15:00-04:00,823.17,823.25,821.93,821.93,156
CAT,2026-09-28 14:20:00-04:00,821.86,822.15,821.18,821.28,453
CAT,2026-09-28 14:25:00-04:00,821.27,822.04,821.15,822.0,258
CAT,2026-09-28 14:30:00-04:00,821.95,822.14,821.06,821.48,301
CAT,2026-09-28 14:35:00-04:00,821.42,822.38,820.72,821.13,327
CAT,2026-09-28 14:40:00-04:00,821.05,821.5,820.93,821.19,232
CAT,2026-09-28 14:45:00-04:00,821.24,822.05,821.04,821.66,278
CAT,2026-09-28 14:50:00-04:00,821.83,821.85,821.06,821.59,236
CAT,2026-09-28 14:55:00-04:00,821.62,823.43,821.32,822.3,353
CAT,2026-09-28 15:00:00-04:00,822.07,822.07,819.63,819.8,247
CAT,2026-09-28 15:05:00-04:00,819.63,820.13,819.17,820.0,231
CAT,2026-09-28 15:10:00-04:00,819.99,819.99,818.61,818.81,292
CAT,2026-09-28 15:15:00-04:00,818.64,818.72,817.57,817.78,292
CAT,2026-09-28 15:20:00-04:00,817.78,818.65,817.27,818.19,318
CAT,2026-09-28 15:25:00-04:00,818.3,819.3,817.75,818.27,307
CAT,2026-09-28 15:30:00-04:00,817.92,819.0,817.92,818.97,363
CAT,2026-09-28 15:35:00-04:00,818.91,819.14,818.0,818.27,297
CAT,2026-09-28 15:40:00-04:00,818.37,818.7,818.06,818.47,384
CAT,2026-09-28 15:45:00-04:00,818.33,819.3,817.58,817.8,502
CAT,2026-09-28 15:50:00-04:00,817.56,818.24,817.16,817.63,646
CAT,2026-09-28 15:55:00-04:00,817.65,820.1,817.32,819.36,2276
CAT,2026-09-28 16:00:00-04:00,819.36,819.95,819.36,819.95,6564
CAT,2026-09-28 16:05:00-04:00,819.95,819.95,819.95,819.95,0
CAT,2026-09-28 16:10:00-04:00,819.95,819.95,819.95,819.95,0
CAT,2026-09-28 16:15:00-04:00,819.95,819.95,819.95,819.95,0
CAT,2026-09-28 16:20:00-04:00,819.0,819.0,819.0,819.0,1
CAT,2026-09-28 16:25:00-04:00,819.0,819.0,819.0,819.0,1
CAT,2026-09-28 16:30:00-04:00,819.0,819.0,819.0,819.0,0
CAT,2026-09-28 16:35:00-04:00,819.0,819.0,819.0,819.0,0
CAT,2026-09-28 16:40:00-04:00,819.0,819.0,819.0,819.0,0
CAT,2026-09-28 16:45:00-04:00,819.0,819.0,819.0,819.0,0
CAT,2026-09-28 16:50:00-04:00,819.0,819.0,819.0,819.0,0
CAT,2026-09-28 16:55:00-04:00,819.0,819.0,819.0,819.0,0
CAT,2026-09-28 17:00:00-04:00,819.0,819.0,819.0,819.0,0
CAT,2026-09-28 17:05:00-04:00,819.0,819.0,819.0,819.0,0
CAT,2026-09-28 17:10:00-04:00,819.0,819.0,819.0,819.0,0
CAT,2026-09-28 17:15:00-04:00,819.0,819.0,819.0,819.0,0
CAT,2026-09-28 17:20:00-04:00,819.95,819.95,819.95,819.95,1
CAT,2026-09-28 17:25:00-04:00,819.95,819.95,819.95,819.95,0
CAT,2026-09-28 17:30:00-04:00,819.95,819.95,819.95,819.95,0
CAT,2026-09-28 17:35:00-04:00,819.95,819.95,819.95,819.95,0
CAT,2026-09-28 17:40:00-04:00,819.95,819.95,819.95,819.95,0
CAT,2026-09-28 17:45:00-04:00,819.95,819.95,819.95,819.95,0
CAT,2026-09-28 17:50:00-04:00,819.95,819.95,819.95,819.95,0
CAT,2026-09-28 17:55:00-04:00,819.95,819.95,819.95,819.95,0
CAT,2026-09-28 18:00:00-04:00,819.95,819.95,819.95,819.95,0
CAT,2026-09-28 18:05:00-04:00,819.95,819.95,819.95,819.95,0
CAT,2026-09-28 18:10:00-04:00,819.95,819.95,819.95,819.95,0
CAT,2026-09-28 18:15:00-04:00,819.89,819.89,819.89,819.89,1
CAT,2026-09-28 18:20:00-04:00,819.89,819.89,819.89,819.89,0
CAT,2026-09-28 18:25:00-04:00,819.89,819.89,819.89,819.89,0
CAT,2026-09-28 18:30:00-04:00,819.89,819.89,819.89,819.89,0
CAT,2026-09-28 18:35:00-04:00,819.89,819.89,819.89,819.89,0
CAT,2026-09-28 18:40:00-04:00,819.89,819.89,819.89,819.89,0
CAT,2026-09-28 18:45:00-04:00,819.89,819.89,819.89,819.89,0
CAT,2026-09-28 18:50:00-04:00,819.89,819.89,819.89,819.89,0
CAT,2026-09-28 18:55:00-04:00,819.89,819.89,819.89,819.89,0
CAT,2026-09-28 19:00:00-04:00,819.89,819.89,819.89,819.89,0
CAT,2026-09-28 19:05:00-04:00,819.89,819.89,819.89,819.89,0
CAT,2026-09-28 19:10:00-04:00,819.89,819.89,819.89,819.89,0
CAT,2026-09-28 19:15:00-04:00,819.89,819.89,819.89,819.89,0
CAT,2026-09-28 19:20:00-04:00,819.89,819.89,819.89,819.89,0
CAT,2026-09-28 19:25:00-04:00,819.89,819.89,819.89,819.89,0
CAT,2026-09-28 19:30:00-04:00,819.89,819.89,819.89,819.89,0
CAT,2026-09-28 19:35:00-04:00,819.89,819.89,819.89,819.89,0
CAT,2026-09-28 19:40:00-04:00,819.87,819.9,819.87,819.9,2
CAT,2026-09-28 19:45:00-04:00,819.9,819.9,819.9,819.9,0
CAT,2026-09-28 19:50:00-04:00,819.9,819.9,819.9,819.9,0
CAT,2026-09-28 19:55:00-04:00,819.9,819.9,819.9,819.9,0
CAT,2026-09-29 04:00:00-04:00,817.9,819.16,816.45,819.16,8
CAT,2026-09-29 04:05:00-04:00,819.16,819.16,819.16,819.16,0
CAT,2026-09-29 04:10:00-04:00,819.16,819.16,819.16,819.16,0
CAT,2026-09-29 04:15:00-04:00,819.16,819.16,819.16,819.16,0
CAT,2026-09-29 04:20:00-04:00,819.16,819.16,819.16,819.16,0
CAT,2026-09-29 04:25:00-04:00,823.6,823.61,823.6,823.6,2
CAT,2026-09-29 04:30:00-04:00,823.6,823.6,823.6,823.6,0
CAT,2026-09-29 04:35:00-04:00,823.6,823.6,823.6,823.6,0
CAT,2026-09-29 04:40:00-04:00,823.6,823.6,823.6,823.6,0
CAT,2026-09-29 04:45:00-04:00,823.6,823.6,823.6,823.6,0
CAT,2026-09-29 04:50:00-04:00,823.6,823.6,823.6,823.6,0
CAT,2026-09-29 04:55:00-04:00,823.6,823.6,823.6,823.6,0
CAT,2026-09-29 05:00:00-04:00,823.6,823.6,823.6,823.6,0
CAT,2026-09-29 05:05:00-04:00,823.6,823.6,823.6,823.6,0
CAT,2026-09-29 05:10:00-04:00,823.6,823.6,823.6,823.6,0
CAT,2026-09-29 05:15:00-04:00,823.6,823.6,823.6,823.6,0
CAT,2026-09-29 05:20:00-04:00,823.6,823.6,823.6,823.6,0
CAT,2026-09-29 05:25:00-04:00,823.6,823.6,823.6,823.6,0
CAT,2026-09-29 05:30:00-04:00,823.6,823.6,823.6,823.6,0
CAT,2026-09-29 05:35:00-04:00,823.6,823.6,823.6,823.6,0
CAT,2026-09-29 05:40:00-04:00,823.6,823.6,823.6,823.6,0
CAT,2026-09-29 05:45:00-04:00,823.6,823.6,823.6,823.6,0
CAT,2026-09-29 05:50:00-04:00,823.6,823.6,823.6,823.6,0
CAT,2026-09-29 05:55:00-04:00,823.6,823.6,823.6,823.6,0
CAT,2026-09-29 06:00:00-04:00,823.6,823.6,823.6,823.6,0
CAT,2026-09-29 06:05:00-04:00,821.98,821.98,821.98,821.98,2
CAT,2026-09-29 06:10:00-04:00,821.98,821.98,821.98,821.98,0
CAT,2026-09-29 06:15:00-04:00,821.98,821.98,821.98,821.98,0
CAT,2026-09-29 06:20:00-04:00,821.98,821.98,821.98,821.98,0
CAT,2026-09-29 06:25:00-04:00,821.98,821.98,821.98,821.98,0
CAT,2026-09-29 06:30:00-04:00,821.98,821.98,821.98,821.98,0
CAT,2026-09-29 06:35:00-04:00,821.98,821.98,821.98,821.98,0
CAT,2026-09-29 06:40:00-04:00,821.98,821.98,821.98,821.98,0
CAT,2026-09-29 06:45:00-04:00,823.24,823.3,823.24,823.3,23
CAT,2026-09-29 06:50:00-04:00,823.3,823.3,823.3,823.3,0
CAT,2026-09-29 06:55:00-04:00,823.3,823.3,823.3,823.3,0
CAT,2026-09-29 07:00:00-04:00,824.0,826.0,823.6,826.0,12
CAT,2026-09-29 07:05:00-04:00,826.0,826.0,826.0,826.0,2
CAT,2026-09-29 07:10:00-04:00,826.0,826.0,826.0,826.0,0
CAT,2026-09-29 07:15:00-04:00,825.99,826.3,825.99,826.3,6
CAT,2026-09-29 07:20:00-04:00,826.3,826.3,826.3,826.3,0
CAT,2026-09-29 07:25:00-04:00,826.3,826.3,826.3,826.3,0
CAT,2026-09-29 07:30:00-04:00,827.0,827.0,827.0,827.0,21
CAT,2026-09-29 07:35:00-04:00,826.8,826.8,826.8,826.8,2
CAT,2026-09-29 07:40:00-04:00,827.84,827.84,827.84,827.84,1
CAT,2026-09-29 07:45:00-04:00,827.84,827.84,827.84,827.84,0
CAT,2026-09-29 07:50:00-04:00,827.84,827.84,827.84,827.84,0
CAT,2026-09-29 07:55:00-04:00,827.84,827.84,827.84,827.84,0
CAT,2026-09-29 08:00:00-04:00,827.54,827.54,827.54,827.54,1
CAT,2026-09-29 08:05:00-04:00,827.54,827.54,827.54,827.54,0
CAT,2026-09-29 08:10:00-04:00,827.54,827.54,827.54,827.54,0
CAT,2026-09-29 08:15:00-04:00,828.12,828.12,828.11,828.12,2
CAT,2026-09-29 08:20:00-04:00,828.12,828.12,828.12,828.12,0
CAT,2026-09-29 08:25:00-04:00,828.12,828.12,828.12,828.12,0
CAT,2026-09-29 08:30:00-04:00,828.12,828.12,828.12,828.12,0
CAT,2026-09-29 08:35:00-04:00,828.12,828.12,828.12,828.12,0
CAT,2026-09-29 08:40:00-04:00,827.05,827.05,827.0,827.0,2
CAT,2026-09-29 08:45:00-04:00,827.0,827.0,827.0,827.0,0
CAT,2026-09-29 08:50:00-04:00,826.0,826.0,826.0,826.0,10
CAT,2026-09-29 08:55:00-04:00,826.0,826.0,826.0,826.0,0
CAT,2026-09-29 09:00:00-04:00,825.58,825.58,824.57,824.57,64
CAT,2026-09-29 09:05:00-04:00,824.5,825.0,824.5,825.0,4
CAT,2026-09-29 09:10:00-04:00,825.0,825.0,825.0,825.0,17
CAT,2026-09-29 09:15:00-04:00,824.88,824.88,824.88,824.88,2
CAT,2026-09-29 09:20:00-04:00,824.88,824.88,824.88,824.88,0
CAT,2026-09-29 09:25:00-04:00,826.93,827.31,826.93,827.3,8
CAT,2026-09-29 09:30:00-04:00,826.53,828.5,821.72,822.7,1029
CAT,2026-09-29 09:35:00-04:00,822.3,827.7,822.05,827.7,712
CAT,2026-09-29 09:40:00-04:00,827.36,829.74,826.81,828.07,600
CAT,2026-09-29 09:45:00-04:00,828.07,828.73,826.64,827.26,508
CAT,2026-09-29 09:50:00-04:00,827.77,829.61,826.25,826.45,497
CAT,2026-09-29 09:55:00-04:00,826.81,829.0,826.81,827.79,1449
CAT,2026-09-29 10:00:00-04:00,827.73,829.2,824.18,824.59,1080
CAT,2026-09-29 10:05:00-04:00,824.42,826.82,823.73,826.22,580
CAT,2026-09-29 10:10:00-04:00,826.8,827.08,822.85,823.9,247
CAT,2026-09-29 10:15:00-04:00,824.15,825.57,823.43,824.04,420
CAT,2026-09-29 10:20:00-04:00,824.41,825.2,823.43,823.61,242
CAT,2026-09-29 10:25:00-04:00,823.7,827.32,823.69,825.46,290
CAT,2026-09-29 10:30:00-04:00,826.16,826.86,823.01,824.3,192
CAT,2026-09-29 10:35:00-04:00,823.86,824.26,823.1,824.26,100
CAT,2026-09-29 10:40:00-04:00,824.26,824.97,821.35,823.66,302
CAT,2026-09-29 10:45:00-04:00,823.7,823.8,821.64,821.64,320
CAT,2026-09-29 10:50:00-04:00,822.25,824.1,821.96,823.53,147
CAT,2026-09-29 10:55:00-04:00,823.61,825.84,823.37,824.41,307
CAT,2026-09-29 11:00:00-04:00,824.45,824.63,823.52,824.18,173
CAT,2026-09-29 11:05:00-04:00,824.2,824.83,822.42,822.42,257
CAT,2026-09-29 11:10:00-04:00,822.51,822.99,820.34,820.35,252
CAT,2026-09-29 11:15:00-04:00,820.62,820.97,819.67,820.9,540
CAT,2026-09-29 11:20:00-04:00,820.54,820.59,816.71,817.43,501
CAT,2026-09-29 11:25:00-04:00,817.27,817.27,815.5,815.5,104
CAT,2026-09-29 11:30:00-04:00,815.84,818.79,815.64,818.79,255
CAT,2026-09-29 11:35:00-04:00,818.82,819.59,818.29,819.39,142
CAT,2026-09-29 11:40:00-04:00,819.39,820.31,817.41,820.07,298
CAT,2026-09-29 11:45:00-04:00,820.1,820.6,817.96,819.2,358
CAT,2026-09-29 11:50:00-04:00,818.64,818.64,816.15,818.1,302
CAT,2026-09-29 11:55:00-04:00,817.9,818.16,817.37,817.41,91
CAT,2026-09-29 12:00:00-04:00,817.72,817.81,817.14,817.17,133
CAT,2026-09-29 12:05:00-04:00,817.2,817.65,817.07,817.6,118
CAT,2026-09-29 12:10:00-04:00,817.73,818.38,817.25,817.64,147
CAT,2026-09-29 12:15:00-04:00,817.47,817.86,817.2,817.65,108
CAT,2026-09-29 12:20:00-04:00,817.52,818.47,817.43,818.35,123
CAT,2026-09-29 12:25:00-04:00,818.52,819.57,818.52,819.28,111
CAT,2026-09-29 12:30:00-04:00,819.29,819.48,818.73,819.31,161
CAT,2026-09-29 12:35:00-04:00,819.38,820.28,819.38,820.02,113
CAT,2026-09-29 12:40:00-04:00,819.74,819.93,818.0,818.0,149
CAT,2026-09-29 12:45:00-04:00,818.07,819.44,818.02,818.76,138
CAT,2026-09-29 12:50:00-04:00,818.89,819.44,818.21,818.27,51
CAT,2026-09-29 12:55:00-04:00,818.06,818.66,817.7,818.61,79
CAT,2026-09-29 13:00:00-04:00,818.61,819.04,818.11,818.99,99
CAT,2026-09-29 13:05:00-04:00,819.27,819.89,818.83,819.01,136
CAT,2026-09-29 13:10:00-04:00,819.01,820.65,818.91,820.65,108
CAT,2026-09-29 13:15:00-04:00,820.35,820.88,820.14,820.67,92
CAT,2026-09-29 13:20:00-04:00,820.3,820.88,820.06,820.76,164
CAT,2026-09-29 13:25:00-04:00,820.76,821.39,820.2,821.39,150
CAT,2026-09-29 13:30:00-04:00,821.5,822.12,821.03,821.83,128
CAT,2026-09-29 13:35:00-04:00,822.14,822.8,821.85,822.36,155
CAT,2026-09-29 13:40:00-04:00,822.76,823.32,822.21,823.23,137
CAT,2026-09-29 13:45:00-04:00,823.34,824.0,822.06,822.81,156
CAT,2026-09-29 13:50:00-04:00,822.55,823.04,821.72,822.43,202
CAT,2026-09-29 13:55:00-04:00,822.23,822.63,821.75,822.56,210
CAT,2026-09-29 14:00:00-04:00,822.78,825.0,822.61,824.1,267
CAT,2026-09-29 14:05:00-04:00,823.87,824.75,823.62,823.69,109
CAT,2026-09-29 14:10:00-04:00,823.91,824.01,822.92,823.44,80
CAT,2026-09-29 14:15:00-04:00,823.43,824.03,823.15,823.46,150
CAT,2026-09-29 14:20:00-04:00,823.57,825.0,823.29,824.15,198
CAT,2026-09-29 14:25:00-04:00,824.17,824.46,822.62,823.47,93
CAT,2026-09-29 14:30:00-04:00,823.31,824.66,823.25,823.29,227
CAT,2026-09-29 14:35:00-04:00,823.49,826.42,823.04,826.42,275
CAT,2026-09-29 14:40:00-04:00,826.5,828.1,826.38,827.14,244
CAT,2026-09-29 14:45:00-04:00,827.16,827.41,825.57,826.05,313
CAT,2026-09-29 14:50:00-04:00,825.85,826.04,825.26,825.7,92
CAT,2026-09-29 14:55:00-04:00,825.83,826.5,825.68,826.44,210
CAT,2026-09-29 15:00:00-04:00,826.3,826.3,825.25,825.49,179
CAT,2026-09-29 15:05:00-04:00,825.49,826.35,825.48,825.96,128
CAT,2026-09-29 15:10:00-04:00,826.05,826.55,825.49,825.82,241
CAT,2026-09-29 15:15:00-04:00,825.77,825.9,825.3,825.44,198
CAT,2026-09-29 15:20:00-04:00,825.44,826.16,825.43,825.83,260
CAT,2026-09-29 15:25:00-04:00,825.88,826.46,825.63,825.98,196
CAT,2026-09-29 15:30:00-04:00,825.98,827.5,825.82,825.98,360
CAT,2026-09-29 15:35:00-04:00,825.98,826.12,825.37,825.85,415
CAT,2026-09-29 15:40:00-04:00,825.88,826.21,825.08,825.29,349
CAT,2026-09-29 15:45:00-04:00,825.17,826.02,824.71,825.65,214
CAT,2026-09-29 15:50:00-04:00,825.49,828.16,825.32,827.77,361
CAT,2026-09-29 15:55:00-04:00,827.65,828.23,826.54,826.92,2269
CAT,2026-09-29 16:00:00-04:00,826.94,826.94,826.64,826.64,10576
CAT,2026-09-29 16:05:00-04:00,828.11,828.59,828.11,828.59,5
CAT,2026-09-29 16:10:00-04:00,828.59,828.59,828.59,828.59,0
CAT,2026-09-29 16:15:00-04:00,828.59,828.59,828.59,828.59,0
CAT,2026-09-29 16:20:00-04:00,828.59,828.59,828.59,828.59,0
CAT,2026-09-29 16:25:00-04:00,828.59,828.59,828.59,828.59,0
CAT,2026-09-29 16:30:00-04:00,828.59,828.59,828.59,828.59,0
CAT,2026-09-29 16:35:00-04:00,828.59,828.59,828.59,828.59,0
CAT,2026-09-29 16:40:00-04:00,827.0,827.0,827.0,827.0,1
CAT,2026-09-29 16:45:00-04:00,827.0,827.0,827.0,827.0,0
CAT,2026-09-29 16:50:00-04:00,828.16,828.16,828.15,828.16,1
CAT,2026-09-29 16:55:00-04:00,826.86,826.87,826.0,826.0,38
CAT,2026-09-29 17:00:00-04:00,826.0,826.0,826.0,826.0,0
CAT,2026-09-29 17:05:00-04:00,826.0,826.0,826.0,826.0,0
CAT,2026-09-29 17:10:00-04:00,826.0,826.0,826.0,826.0,0
CAT,2026-09-29 17:15:00-04:00,826.0,826.0,826.0,826.0,0
CAT,2026-09-29 17:20:00-04:00,826.0,826.0,826.0,826.0,0
CAT,2026-09-29 17:25:00-04:00,826.0,826.0,826.0,826.0,0
CAT,2026-09-29 17:30:00-04:00,826.0,826.0,826.0,826.0,0
CAT,2026-09-29 17:35:00-04:00,826.0,826.0,826.0,826.0,0
CAT,2026-09-29 17:40:00-04:00,826.0,826.0,826.0,826.0,0
CAT,2026-09-29 17:45:00-04:00,826.0,826.0,826.0,826.0,0
CAT,2026-09-29 17:50:00-04:00,826.0,826.0,826.0,826.0,0
CAT,2026-09-29 17:55:00-04:00,826.0,826.0,826.0,826.0,0
CAT,2026-09-29 18:00:00-04:00,826.64,827.55,826.64,827.55,555
CAT,2026-09-29 18:05:00-04:00,828.52,828.52,828.52,828.52,2
CAT,2026-09-29 18:10:00-04:00,828.52,828.52,828.52,828.52,0
CAT,2026-09-29 18:15:00-04:00,828.52,828.52,828.52,828.52,0
CAT,2026-09-29 18:20:00-04:00,828.52,828.52,828.52,828.52,0
CAT,2026-09-29 18:25:00-04:00,828.52,828.52,828.52,828.52,0
CAT,2026-09-29 18:30:00-04:00,828.52,828.52,828.52,828.52,0
CAT,2026-09-29 18:35:00-04:00,828.52,828.52,828.52,828.52,0
CAT,2026-09-29 18:40:00-04:00,828.52,828.52,828.52,828.52,0
CAT,2026-09-29 18:45:00-04:00,828.52,828.52,828.52,828.52,0
CAT,2026-09-29 18:50:00-04:00,828.52,828.52,828.52,828.52,0
CAT,2026-09-29 18:55:00-04:00,828.01,828.01,828.01,828.01,1
CAT,2026-09-29 19:00:00-04:00,828.01,828.01,828.01,828.01,0
CAT,2026-09-29 19:05:00-04:00,828.01,828.01,828.01,828.01,0
CAT,2026-09-29 19:10:00-04:00,828.01,828.01,828.01,828.01,0
CAT,2026-09-29 19:15:00-04:00,828.01,828.01,828.01,828.01,0
CAT,2026-09-29 19:20:00-04:00,828.01,828.01,828.01,828.01,0
CAT,2026-09-29 19:25:00-04:00,828.01,828.01,828.01,828.01,0
CAT,2026-09-29 19:30:00-04:00,828.01,828.01,828.01,828.01,0
CAT,2026-09-29 19:35:00-04:00,828.01,828.01,828.01,828.01,0
CAT,2026-09-29 19:40:00-04:00,828.01,828.01,828.01,828.01,0
CAT,2026-09-29 19:45:00-04:00,828.01,828.01,828.01,828.01,0
CAT,2026-09-29 19:50:00-04:00,828.01,828.01,828.01,828.01,0
CAT,2026-09-29 19:55:00-04:00,828.01,828.01,828.01,828.01,0
CAT,2026-09-30 04:00:00-04:00,830.25,830.57,828.5,829.49,12
CAT,2026-09-30 04:05:00-04:00,829.49,829.49,829.49,829.49,0
CAT,2026-09-30 04:10:00-04:00,829.49,829.49,829.49,829.49,0
CAT,2026-09-30 04:15:00-04:00,829.49,829.49,829.49,829.49,0
CAT,2026-09-30 04:20:00-04:00,829.49,829.49,829.49,829.49,0
CAT,2026-09-30 04:25:00-04:00,829.49,829.49,829.49,829.49,0
CAT,2026-09-30 04:30:00-04:00,829.49,829.49,829.49,829.49,0
CAT,2026-09-30 04:35:00-04:00,829.49,829.49,829.49,829.49,0
CAT,2026-09-30 04:40:00-04:00,829.49,829.49,829.49,829.49,0
CAT,2026-09-30 04:45:00-04:00,829.49,829.49,829.49,829.49,0
CAT,2026-09-30 04:50:00-04:00,829.49,829.49,829.49,829.49,0
CAT,2026-09-30 04:55:00-04:00,829.49,829.49,829.49,829.49,0
CAT,2026-09-30 05:00:00-04:00,829.0,829.0,829.0,829.0,25
CAT,2026-09-30 05:05:00-04:00,830.22,830.22,830.22,830.22,1
CAT,2026-09-30 05:10:00-04:00,830.22,830.22,830.22,830.22,0
CAT,2026-09-30 05:15:00-04:00,830.22,830.22,830.22,830.22,0
CAT,2026-09-30 05:20:00-04:00,830.22,830.22,830.22,830.22,0
CAT,2026-09-30 05:25:00-04:00,830.22,830.22,830.22,830.22,0
CAT,2026-09-30 05:30:00-04:00,830.22,830.22,830.22,830.22,0
CAT,2026-09-30 05:35:00-04:00,830.22,830.22,830.22,830.22,0
CAT,2026-09-30 05:40:00-04:00,830.22,830.22,830.22,830.22,0
CAT,2026-09-30 05:45:00-04:00,830.22,830.22,830.22,830.22,0
CAT,2026-09-30 05:50:00-04:00,828.25,828.25,827.94,827.94,5
CAT,2026-09-30 05:55:00-04:00,827.67,828.0,827.67,828.0,2
CAT,2026-09-30 06:00:00-04:00,828.0,828.0,828.0,828.0,0
CAT,2026-09-30 06:05:00-04:00,828.0,828.0,828.0,828.0,0
CAT,2026-09-30 06:10:00-04:00,827.7,827.7,827.7,827.7,1
CAT,2026-09-30 06:15:00-04:00,827.7,827.7,827.7,827.7,0
CAT,2026-09-30 06:20:00-04:00,827.7,827.7,827.7,827.7,0
CAT,2026-09-30 06:25:00-04:00,827.7,827.7,827.7,827.7,0
CAT,2026-09-30 06:30:00-04:00,827.7,827.7,827.7,827.7,0
CAT,2026-09-30 06:35:00-04:00,827.7,827.7,827.7,827.7,0
CAT,2026-09-30 06:40:00-04:00,826.46,826.47,826.46,826.47,2
CAT,2026-09-30 06:45:00-04:00,826.47,826.47,826.47,826.47,0
CAT,2026-09-30 06:50:00-04:00,826.47,826.47,826.47,826.47,0
CAT,2026-09-30 06:55:00-04:00,826.47,826.47,826.47,826.47,0
CAT,2026-09-30 07:00:00-04:00,826.1,826.15,826.1,826.15,2
CAT,2026-09-30 07:05:00-04:00,826.15,826.15,826.15,826.15,0
CAT,2026-09-30 07:10:00-04:00,823.01,823.01,823.0,823.0,5
CAT,2026-09-30 07:15:00-04:00,823.18,823.18,823.0,823.0,18
CAT,2026-09-30 07:20:00-04:00,823.55,824.25,823.55,824.25,8
CAT,2026-09-30 07:25:00-04:00,824.25,824.25,824.25,824.25,0
CAT,2026-09-30 07:30:00-04:00,824.25,824.25,824.25,824.25,0
CAT,2026-09-30 07:35:00-04:00,824.25,824.25,824.25,824.25,0
CAT,2026-09-30 07:40:00-04:00,824.25,824.25,824.25,824.25,0
CAT,2026-09-30 07:45:00-04:00,825.0,825.0,825.0,825.0,1
CAT,2026-09-30 07:50:00-04:00,823.25,825.0,823.25,825.0,4
CAT,2026-09-30 07:55:00-04:00,824.89,824.89,824.89,824.89,2
CAT,2026-09-30 08:00:00-04:00,824.89,824.89,824.89,824.89,0
CAT,2026-09-30 08:05:00-04:00,824.89,824.89,824.89,824.89,0
CAT,2026-09-30 08:10:00-04:00,824.89,824.89,824.89,824.89,0
CAT,2026-09-30 08:15:00-04:00,824.89,824.89,824.89,824.89,0
CAT,2026-09-30 08:20:00-04:00,824.89,824.89,824.89,824.89,0
CAT,2026-09-30 08:25:00-04:00,825.49,826.0,825.49,826.0,5
CAT,2026-09-30 08:30:00-04:00,826.94,832.99,826.94,831.14,89
CAT,2026-09-30 08:35:00-04:00,831.14,831.14,831.14,831.14,0
CAT,2026-09-30 08:40:00-04:00,831.14,831.14,831.14,831.14,0
CAT,2026-09-30 08:45:00-04:00,829.5,829.5,829.5,829.5,1
CAT,2026-09-30 08:50:00-04:00,829.5,829.5,829.5,829.5,0
CAT,2026-09-30 08:55:00-04:00,829.4,831.0,829.4,831.0,8
CAT,2026-09-30 09:00:00-04:00,832.34,833.0,832.19,833.0,19
CAT,2026-09-30 09:05:00-04:00,832.66,832.66,832.66,832.66,1
CAT,2026-09-30 09:10:00-04:00,832.66,832.66,832.66,832.66,0
CAT,2026-09-30 09:15:00-04:00,832.66,832.66,832.66,832.66,0
CAT,2026-09-30 09:20:00-04:00,832.0,833.0,832.0,833.0,30
CAT,2026-09-30 09:25:00-04:00,834.0,834.0,830.0,830.0,14
CAT,2026-09-30 09:30:00-04:00,828.5,831.96,820.77,822.9,1134
CAT,2026-09-30 09:35:00-04:00,824.02,824.61,821.0,823.43,249
CAT,2026-09-30 09:40:00-04:00,823.31,823.92,818.77,820.07,550
CAT,2026-09-30 09:45:00-04:00,820.4,821.35,817.15,819.92,373
CAT,2026-09-30 09:50:00-04:00,819.67,822.0,818.87,821.74,197
FSLR,2026-09-28 04:00:00-04:00,179.81,179.81,178.32,179.6,15
FSLR,2026-09-28 04:05:00-04:00,179.6,179.6,179.6,179.6,0
FSLR,2026-09-28 04:10:00-04:00,179.6,179.6,179.6,179.6,0
FSLR,2026-09-28 04:15:00-04:00,179.6,179.6,179.6,179.6,0
FSLR,2026-09-28 04:20:00-04:00,179.6,179.6,179.6,179.6,0
FSLR,2026-09-28 04:25:00-04:00,179.6,179.6,179.6,179.6,0
FSLR,2026-09-28 04:30:00-04:00,179.6,179.6,179.6,179.6,0
FSLR,2026-09-28 04:35:00-04:00,179.6,179.6,179.6,179.6,0
FSLR,2026-09-28 04:40:00-04:00,179.6,179.6,179.6,179.6,0
FSLR,2026-09-28 04:45:00-04:00,179.6,179.6,179.6,179.6,0
FSLR,2026-09-28 04:50:00-04:00,179.6,179.6,179.6,179.6,0
FSLR,2026-09-28 04:55:00-04:00,179.5,179.5,179.5,179.5,2
FSLR,2026-09-28 05:00:00-04:00,179.5,179.5,179.5,179.5,0
FSLR,2026-09-28 05:05:00-04:00,179.5,179.5,179.5,179.5,0
FSLR,2026-09-28 05:10:00-04:00,179.0,179.0,178.96,179.0,4
FSLR,2026-09-28 05:15:00-04:00,179.0,179.0,179.0,179.0,0
FSLR,2026-09-28 05:20:00-04:00,179.3,179.3,179.3,179.3,1
FSLR,2026-09-28 05:25:00-04:00,179.3,179.3,179.3,179.3,0
FSLR,2026-09-28 05:30:00-04:00,179.3,179.3,179.3,179.3,0
FSLR,2026-09-28 05:35:00-04:00,179.3,179.3,179.3,179.3,0
FSLR,2026-09-28 05:40:00-04:00,179.3,179.3,179.3,179.3,0
FSLR,2026-09-28 05:45:00-04:00,179.3,179.3,179.3,179.3,0
FSLR,2026-09-28 05:50:00-04:00,179.3,179.3,179.3,179.3,0
FSLR,2026-09-28 05:55:00-04:00,179.3,179.3,179.3,179.3,0
FSLR,2026-09-28 06:00:00-04:00,179.3,179.3,179.3,179.3,0
FSLR,2026-09-28 06:05:00-04:00,179.3,179.3,179.3,179.3,0
FSLR,2026-09-28 06:10:00-04:00,179.3,179.3,179.3,179.3,0
FSLR,2026-09-28 06:15:00-04:00,179.3,179.3,179.3,179.3,0
FSLR,2026-09-28 06:20:00-04:00,179.03,179.05,179.03,179.05,4
FSLR,2026-09-28 06:25:00-04:00,179.2,179.2,179.2,179.2,2
FSLR,2026-09-28 06:30:00-04:00,179.3,179.3,178.63,178.71,10
FSLR,2026-09-28 06:35:00-04:00,179.2,179.2,178.88,178.88,23
FSLR,2026-09-28 06:40:00-04:00,178.88,178.88,178.88,178.88,0
FSLR,2026-09-28 06:45:00-04:00,179.0,179.0,179.0,179.0,2
FSLR,2026-09-28 06:50:00-04:00,179.0,179.0,179.0,179.0,0
FSLR,2026-09-28 06:55:00-04:00,179.0,179.0,179.0,179.0,0
FSLR,2026-09-28 07:00:00-04:00,179.0,179.0,179.0,179.0,1
FSLR,2026-09-28 07:05:00-04:00,179.0,179.0,179.0,179.0,0
FSLR,2026-09-28 07:10:00-04:00,178.73,178.73,178.72,178.73,2
FSLR,2026-09-28 07:15:00-04:00,179.37,179.37,179.04,179.04,4
FSLR,2026-09-28 07:20:00-04:00,179.47,179.58,179.47,179.58,3
FSLR,2026-09-28 07:25:00-04:00,179.81,179.81,179.81,179.81,2
FSLR,2026-09-28 07:30:00-04:00,179.8,179.8,179.8,179.8,3
FSLR,2026-09-28 07:35:00-04:00,179.8,179.8,179.8,179.8,0
FSLR,2026-09-28 07:40:00-04:00,180.11,180.11,180.11,180.11,1
FSLR,2026-09-28 07:45:00-04:00,180.11,180.11,180.11,180.11,0
FSLR,2026-09-28 07:50:00-04:00,180.01,180.01,180.01,180.01,5
FSLR,2026-09-28 07:55:00-04:00,180.01,180.01,180.01,180.01,0
FSLR,2026-09-28 08:00:00-04:00,179.9,179.9,179.86,179.86,2
FSLR,2026-09-28 08:05:00-04:00,179.84,179.84,179.84,179.84,1
FSLR,2026-09-28 08:10:00-04:00,179.95,179.95,179.95,179.95,1
FSLR,2026-09-28 08:15:00-04:00,179.7,180.4,179.7,180.4,17
FSLR,2026-09-28 08:20:00-04:00,180.35,180.36,180.35,180.35,3
FSLR,2026-09-28 08:25:00-04:00,180.6,180.6,180.4,180.4,3
FSLR,2026-09-28 08:30:00-04:00,180.99,181.15,180.99,181.15,21
FSLR,2026-09-28 08:35:00-04:00,182.0,182.0,181.5,181.5,2
FSLR,2026-09-28 08:40:00-04:00,181.04,181.04,181.03,181.04,1
FSLR,2026-09-28 08:45:00-04:00,181.0,181.0,180.92,180.92,11
FSLR,2026-09-28 08:50:00-04:00,180.96,180.96,180.8,180.81,3
FSLR,2026-09-28 08:55:00-04:00,180.3,180.3,180.3,180.3,1
FSLR,2026-09-28 09:00:00-04:00,180.13,180.14,180.13,180.13,1
FSLR,2026-09-28 09:05:00-04:00,180.3,180.3,180.3,180.3,20
FSLR,2026-09-28 09:10:00-04:00,180.0,180.0,180.0,180.0,6
FSLR,2026-09-28 09:15:00-04:00,180.79,180.8,179.85,179.85,6
FSLR,2026-09-28 09:20:00-04:00,179.68,179.68,179.5,179.5,7
FSLR,2026-09-28 09:25:00-04:00,179.11,179.33,178.45,178.49,29
FSLR,2026-09-28 09:30:00-04:00,178.13,178.23,176.0,176.23,901
FSLR,2026-09-28 09:35:00-04:00,176.36,176.36,175.0,175.69,433
FSLR,2026-09-28 09:40:00-04:00,175.7,175.73,173.55,174.0,257
FSLR,2026-09-28 09:45:00-04:00,174.37,176.0,174.37,174.83,183
FSLR,2026-09-28 09:50:00-04:00,174.71,175.0,174.34,174.89,114
FSLR,2026-09-28 09:55:00-04:00,174.9,175.12,174.25,174.43,134
FSLR,2026-09-28 10:00:00-04:00,174.43,175.0,174.06,174.63,102
FSLR,2026-09-28 10:05:00-04:00,174.6,175.06,174.0,174.67,118
FSLR,2026-09-28 10:10:00-04:00,174.9,175.26,174.7,174.75,123
FSLR,2026-09-28 10:15:00-04:00,174.75,175.13,174.11,174.67,140
FSLR,2026-09-28 10:20:00-04:00,174.42,175.61,174.4,175.2,205
FSLR,2026-09-28 10:25:00-04:00,175.11,176.0,174.96,175.5,226
FSLR,2026-09-28 10:30:00-04:00,175.5,175.77,175.23,175.61,101
FSLR,2026-09-28 10:35:00-04:00,175.46,175.51,174.86,174.88,66
FSLR,2026-09-28 10:40:00-04:00,174.88,174.9,173.88,174.11,86
FSLR,2026-09-28 10:45:00-04:00,174.13,174.34,173.88,174.15,59
FSLR,2026-09-28 10:50:00-04:00,174.11,174.27,173.75,173.76,62
FSLR,2026-09-28 10:55:00-04:00,173.75,174.51,173.72,174.51,76
FSLR,2026-09-28 11:00:00-04:00,174.36,174.6,174.18,174.25,111
FSLR,2026-09-28 11:05:00-04:00,174.22,174.32,173.74,173.74,73
FSLR,2026-09-28 11:10:00-04:00,173.75,173.9,173.19,173.19,236
FSLR,2026-09-28 11:15:00-04:00,173.11,173.34,173.04,173.25,107
FSLR,2026-09-28 11:20:00-04:00,173.21,173.28,172.38,172.64,155
FSLR,2026-09-28 11:25:00-04:00,172.55,173.3,172.45,172.73,174
FSLR,2026-09-28 11:30:00-04:00,172.73,173.71,172.72,173.29,227
FSLR,2026-09-28 11:35:00-04:00,173.29,173.65,173.17,173.27,49
FSLR,2026-09-28 11:40:00-04:00,173.32,173.32,172.72,172.72,77
FSLR,2026-09-28 11:45:00-04:00,172.8,173.12,172.67,173.09,76
FSLR,2026-09-28 11:50:00-04:00,173.3,173.33,172.87,173.12,88
FSLR,2026-09-28 11:55:00-04:00,173.12,173.49,173.03,173.42,99
FSLR,2026-09-28 12:00:00-04:00,173.34,173.67,173.21,173.58,123
FSLR,2026-09-28 12:05:00-04:00,173.61,174.16,173.54,173.82,83
FSLR,2026-09-28 12:10:00-04:00,173.88,174.12,173.64,173.96,73
FSLR,2026-09-28 12:15:00-04:00,174.03,174.12,173.8,173.81,100
FSLR,2026-09-28 12:20:00-04:00,173.6,174.45,173.6,174.27,200
FSLR,2026-09-28 12:25:00-04:00,174.51,175.33,174.48,174.62,233
FSLR,2026-09-28 12:30:00-04:00,174.59,174.59,173.98,174.16,135
FSLR,2026-09-28 12:35:00-04:00,174.16,174.22,173.16,173.34,175
FSLR,2026-09-28 12:40:00-04:00,173.22,173.5,173.15,173.18,140
FSLR,2026-09-28 12:45:00-04:00,173.2,173.53,173.18,173.29,79
FSLR,2026-09-28 12:50:00-04:00,173.27,173.47,173.22,173.47,38
FSLR,2026-09-28 12:55:00-04:00,173.67,173.83,173.61,173.71,75
FSLR,2026-09-28 13:00:00-04:00,173.62,174.01,173.5,174.01,53
FSLR,2026-09-28 13:05:00-04:00,174.07,174.07,173.73,174.0,20
FSLR,2026-09-28 13:10:00-04:00,173.95,175.1,173.95,174.97,101
FSLR,2026-09-28 13:15:00-04:00,175.0,175.0,174.45,174.65,68
FSLR,2026-09-28 13:20:00-04:00,174.38,174.61,174.04,174.13,78
FSLR,2026-09-28 13:25:00-04:00,174.1,174.1,173.51,173.53,21
FSLR,2026-09-28 13:30:00-04:00,173.5,173.82,173.29,173.4,128
FSLR,2026-09-28 13:35:00-04:00,173.37,173.9,173.15,173.56,112
FSLR,2026-09-28 13:40:00-04:00,173.56,173.89,173.55,173.89,55
FSLR,2026-09-28 13:45:00-04:00,173.73,173.75,173.34,173.57,59
FSLR,2026-09-28 13:50:00-04:00,173.57,173.58,173.29,173.3,24
FSLR,2026-09-28 13:55:00-04:00,173.22,173.27,173.08,173.13,62
FSLR,2026-09-28 14:00:00-04:00,173.05,173.22,173.0,173.11,60
FSLR,2026-09-28 14:05:00-04:00,173.21,173.55,173.07,173.36,58
FSLR,2026-09-28 14:10:00-04:00,173.35,173.61,173.19,173.61,89
FSLR,2026-09-28 14:15:00-04:00,173.49,173.65,173.17,173.65,65
FSLR,2026-09-28 14:20:00-04:00,173.82,173.87,173.3,173.3,66
FSLR,2026-09-28 14:25:00-04:00,173.23,173.37,173.06,173.06,70
FSLR,2026-09-28 14:30:00-04:00,173.17,173.22,172.28,172.48,111
FSLR,2026-09-28 14:35:00-04:00,172.63,172.99,172.56,172.84,115
FSLR,2026-09-28 14:40:00-04:00,173.01,173.02,172.67,172.94,97
FSLR,2026-09-28 14:45:00-04:00,172.9,173.0,172.77,172.93,67
FSLR,2026-09-28 14:50:00-04:00,172.9,172.92,172.48,172.76,127
FSLR,2026-09-28 14:55:00-04:00,172.8,173.06,172.79,172.96,133
FSLR,2026-09-28 15:00:00-04:00,172.96,173.21,172.4,173.06,249
FSLR,2026-09-28 15:05:00-04:00,173.06,173.23,172.93,173.16,141
FSLR,2026-09-28 15:10:00-04:00,173.1,173.16,172.52,172.52,147
FSLR,2026-09-28 15:15:00-04:00,172.52,172.64,172.43,172.48,78
FSLR,2026-09-28 15:20:00-04:00,172.52,172.82,172.4,172.78,131
FSLR,2026-09-28 15:25:00-04:00,172.81,172.87,172.38,172.44,118
FSLR,2026-09-28 15:30:00-04:00,172.41,172.41,172.24,172.34,88
FSLR,2026-09-28 15:35:00-04:00,172.38,172.78,172.2,172.6,142
FSLR,2026-09-28 15:40:00-04:00,172.6,172.84,172.54,172.66,163
FSLR,2026-09-28 15:45:00-04:00,172.65,172.68,172.25,172.53,310
FSLR,2026-09-28 15:50:00-04:00,172.53,173.34,172.48,173.15,485
FSLR,2026-09-28 15:55:00-04:00,172.92,173.26,172.7,172.97,1167
FSLR,2026-09-28 16:00:00-04:00,172.97,172.97,172.93,172.94,2726
FSLR,2026-09-28 16:05:00-04:00,172.94,172.94,172.94,172.94,0
FSLR,2026-09-28 16:10:00-04:00,172.94,172.94,172.94,172.94,0
FSLR,2026-09-28 16:15:00-04:00,172.94,172.94,172.94,172.94,0
FSLR,2026-09-28 16:20:00-04:00,172.94,172.94,172.94,172.94,0
FSLR,2026-09-28 16:25:00-04:00,172.97,172.97,172.97,172.97,980
FSLR,2026-09-28 16:30:00-04:00,172.97,172.97,172.97,172.97,0
FSLR,2026-09-28 16:35:00-04:00,172.97,172.97,172.97,172.97,0
FSLR,2026-09-28 16:40:00-04:00,172.97,172.97,172.97,172.97,0
FSLR,2026-09-28 16:45:00-04:00,172.97,172.97,172.97,172.97,0
FSLR,2026-09-28 16:50:00-04:00,172.97,172.97,172.97,172.97,0
FSLR,2026-09-28 16:55:00-04:00,172.97,172.97,172.97,172.97,0
FSLR,2026-09-28 17:00:00-04:00,172.97,172.97,172.97,172.97,0
FSLR,2026-09-28 17:05:00-04:00,173.04,173.04,173.03,173.04,2
FSLR,2026-09-28 17:10:00-04:00,173.04,173.04,173.04,173.04,0
FSLR,2026-09-28 17:15:00-04:00,173.04,173.04,173.04,173.04,0
FSLR,2026-09-28 17:20:00-04:00,173.04,173.04,173.04,173.04,0
FSLR,2026-09-28 17:25:00-04:00,173.04,173.04,173.04,173.04,0
FSLR,2026-09-28 17:30:00-04:00,173.35,173.35,173.35,173.35,1
FSLR,2026-09-28 17:35:00-04:00,173.35,173.35,173.35,173.35,0
FSLR,2026-09-28 17:40:00-04:00,173.35,173.35,173.35,173.35,0
FSLR,2026-09-28 17:45:00-04:00,173.35,173.35,173.35,173.35,0
FSLR,2026-09-28 17:50:00-04:00,173.35,173.35,173.35,173.35,0
FSLR,2026-09-28 17:55:00-04:00,173.35,173.35,173.35,173.35,0
FSLR,2026-09-28 18:00:00-04:00,173.35,173.35,173.35,173.35,0
FSLR,2026-09-28 18:05:00-04:00,173.35,173.35,173.35,173.35,0
FSLR,2026-09-28 18:10:00-04:00,173.0,173.0,173.0,173.0,1
FSLR,2026-09-28 18:15:00-04:00,173.0,173.0,173.0,173.0,0
FSLR,2026-09-28 18:20:00-04:00,173.0,173.0,173.0,173.0,0
FSLR,2026-09-28 18:25:00-04:00,173.31,173.31,173.0,173.0,17
FSLR,2026-09-28 18:30:00-04:00,173.0,173.0,173.0,173.0,0
FSLR,2026-09-28 18:35:00-04:00,173.0,173.0,173.0,173.0,0
FSLR,2026-09-28 18:40:00-04:00,173.0,173.0,173.0,173.0,0
FSLR,2026-09-28 18:45:00-04:00,173.0,173.0,173.0,173.0,0
FSLR,2026-09-28 18:50:00-04:00,173.0,173.0,173.0,173.0,1
FSLR,2026-09-28 18:55:00-04:00,173.0,173.0,173.0,173.0,0
FSLR,2026-09-28 19:00:00-04:00,173.0,173.0,173.0,173.0,0
FSLR,2026-09-28 19:05:00-04:00,173.0,173.0,173.0,173.0,0
FSLR,2026-09-28 19:10:00-04:00,173.0,173.0,173.0,173.0,0
FSLR,2026-09-28 19:15:00-04:00,173.0,173.0,173.0,173.0,0
FSLR,2026-09-28 19:20:00-04:00,173.0,173.0,173.0,173.0,0
FSLR,2026-09-28 19:25:00-04:00,173.0,173.0,173.0,173.0,0
FSLR,2026-09-28 19:30:00-04:00,173.0,173.0,173.0,173.0,0
FSLR,2026-09-28 19:35:00-04:00,173.0,173.0,173.0,173.0,0
FSLR,2026-09-28 19:40:00-04:00,173.0,173.0,173.0,173.0,0
FSLR,2026-09-28 19:45:00-04:00,173.0,173.0,173.0,173.0,0
FSLR,2026-09-28 19:50:00-04:00,173.46,173.48,173.46,173.48,2
FSLR,2026-09-28 19:55:00-04:00,173.51,173.52,173.51,173.52,2
FSLR,2026-09-29 04:00:00-04:00,172.58,173.35,172.34,173.35,8
FSLR,2026-09-29 04:05:00-04:00,173.35,173.35,173.35,173.35,0
FSLR,2026-09-29 04:10:00-04:00,173.35,173.35,173.35,173.35,0
FSLR,2026-09-29 04:15:00-04:00,173.35,173.35,173.35,173.35,0
FSLR,2026-09-29 04:20:00-04:00,173.35,173.35,173.35,173.35,0
FSLR,2026-09-29 04:25:00-04:00,173.35,173.35,173.35,173.35,0
FSLR,2026-09-29 04:30:00-04:00,173.35,173.35,173.35,173.35,0
FSLR,2026-09-29 04:35:00-04:00,173.35,173.35,173.35,173.35,0
FSLR,2026-09-29 04:40:00-04:00,173.35,173.35,173.35,173.35,0
FSLR,2026-09-29 04:45:00-04:00,173.35,173.35,173.35,173.35,0
FSLR,2026-09-29 04:50:00-04:00,173.35,173.35,173.35,173.35,0
FSLR,2026-09-29 04:55:00-04:00,173.35,173.35,173.35,173.35,0
FSLR,2026-09-29 05:00:00-04:00,173.35,173.35,173.35,173.35,0
FSLR,2026-09-29 05:05:00-04:00,173.35,173.35,173.35,173.35,0
FSLR,2026-09-29 05:10:00-04:00,173.35,173.35,173.35,173.35,0
FSLR,2026-09-29 05:15:00-04:00,173.35,173.35,173.35,173.35,0
FSLR,2026-09-29 05:20:00-04:00,173.35,173.35,173.35,173.35,0
FSLR,2026-09-29 05:25:00-04:00,173.35,173.35,173.35,173.35,0
FSLR,2026-09-29 05:30:00-04:00,173.35,173.35,173.35,173.35,0
FSLR,2026-09-29 05:35:00-04:00,173.35,173.35,173.35,173.35,0
FSLR,2026-09-29 05:40:00-04:00,173.35,173.35,173.35,173.35,0
FSLR,2026-09-29 05:45:00-04:00,173.35,173.35,173.35,173.35,0
FSLR,2026-09-29 05:50:00-04:00,173.35,173.35,173.35,173.35,0
FSLR,2026-09-29 05:55:00-04:00,173.44,173.44,173.44,173.44,1
FSLR,2026-09-29 06:00:00-04:00,173.44,173.44,173.44,173.44,0
FSLR,2026-09-29 06:05:00-04:00,173.44,173.44,173.44,173.44,0
FSLR,2026-09-29 06:10:00-04:00,173.44,173.44,173.44,173.44,0
FSLR,2026-09-29 06:15:00-04:00,173.44,173.44,173.44,173.44,0
FSLR,2026-09-29 06:20:00-04:00,173.44,173.44,173.44,173.44,0
FSLR,2026-09-29 06:25:00-04:00,173.44,173.44,173.44,173.44,0
FSLR,2026-09-29 06:30:00-04:00,173.44,173.44,173.44,173.44,0
FSLR,2026-09-29 06:35:00-04:00,173.44,173.44,173.44,173.44,0
FSLR,2026-09-29 06:40:00-04:00,173.44,173.44,173.44,173.44,0
FSLR,2026-09-29 06:45:00-04:00,173.44,173.44,173.44,173.44,0
FSLR,2026-09-29 06:50:00-04:00,173.44,173.44,173.44,173.44,0
FSLR,2026-09-29 06:55:00-04:00,173.44,173.44,173.44,173.44,0
FSLR,2026-09-29 07:00:00-04:00,173.44,173.44,173.44,173.44,0
FSLR,2026-09-29 07:05:00-04:00,174.01,174.01,174.01,174.01,1
FSLR,2026-09-29 07:10:00-04:00,174.01,174.01,174.01,174.01,0
FSLR,2026-09-29 07:15:00-04:00,174.01,174.01,174.01,174.01,0
FSLR,2026-09-29 07:20:00-04:00,174.01,174.01,174.01,174.01,0
FSLR,2026-09-29 07:25:00-04:00,174.5,174.5,174.5,174.5,2
FSLR,2026-09-29 07:30:00-04:00,174.5,174.5,174.5,174.5,0
FSLR,2026-09-29 07:35:00-04:00,174.5,174.5,174.5,174.5,0
FSLR,2026-09-29 07:40:00-04:00,174.5,174.5,174.5,174.5,0
FSLR,2026-09-29 07:45:00-04:00,174.5,174.5,174.5,174.5,0
FSLR,2026-09-29 07:50:00-04:00,174.75,174.9,174.57,174.65,10
FSLR,2026-09-29 07:55:00-04:00,174.65,174.65,174.65,174.65,0
FSLR,2026-09-29 08:00:00-04:00,174.65,174.65,174.65,174.65,0
FSLR,2026-09-29 08:05:00-04:00,174.65,174.65,174.65,174.65,0
FSLR,2026-09-29 08:10:00-04:00,174.7,174.7,174.7,174.7,1
FSLR,2026-09-29 08:15:00-04:00,174.81,174.82,174.81,174.81,3
FSLR,2026-09-29 08:20:00-04:00,174.81,174.81,174.81,174.81,0
FSLR,2026-09-29 08:25:00-04:00,174.81,174.81,174.81,174.81,0
FSLR,2026-09-29 08:30:00-04:00,174.73,175.0,174.73,174.96,6
FSLR,2026-09-29 08:35:00-04:00,174.96,174.96,174.96,174.96,0
FSLR,2026-09-29 08:40:00-04:00,174.96,174.96,174.96,174.96,0
FSLR,2026-09-29 08:45:00-04:00,174.96,174.96,174.96,174.96,0
FSLR,2026-09-29 08:50:00-04:00,174.96,174.96,174.96,174.96,0
FSLR,2026-09-29 08:55:00-04:00,174.96,174.96,174.96,174.96,0
FSLR,2026-09-29 09:00:00-04:00,174.96,174.96,174.96,174.96,0
FSLR,2026-09-29 09:05:00-04:00,174.96,174.96,174.96,174.96,0
FSLR,2026-09-29 09:10:00-04:00,174.96,174.96,174.96,174.96,0
FSLR,2026-09-29 09:15:00-04:00,174.96,174.96,174.96,174.96,0
FSLR,2026-09-29 09:20:00-04:00,174.99,174.99,174.99,174.99,1
FSLR,2026-09-29 09:25:00-04:00,174.34,174.34,173.5,173.59,4
FSLR,2026-09-29 09:30:00-04:00,174.22,174.98,172.0,172.91,895
FSLR,2026-09-29 09:35:00-04:00,172.5,173.45,172.1,172.2,137
FSLR,2026-09-29 09:40:00-04:00,172.23,173.54,172.01,173.26,213
FSLR,2026-09-29 09:45:00-04:00,173.53,174.29,173.15,173.44,392
FSLR,2026-09-29 09:50:00-04:00,173.73,173.73,172.96,173.49,358
FSLR,2026-09-29 09:55:00-04:00,173.5,174.25,172.51,172.51,194
FSLR,2026-09-29 10:00:00-04:00,172.49,173.23,172.49,173.21,135
FSLR,2026-09-29 10:05:00-04:00,173.38,173.91,173.21,173.76,144
FSLR,2026-09-29 10:10:00-04:00,173.72,173.74,173.4,173.63,134
FSLR,2026-09-29 10:15:00-04:00,173.69,173.69,173.0,173.2,90
FSLR,2026-09-29 10:20:00-04:00,173.17,173.69,173.15,173.58,105
FSLR,2026-09-29 10:25:00-04:00,173.61,174.24,173.5,173.91,135
FSLR,2026-09-29 10:30:00-04:00,173.79,174.5,173.67,174.2,117
FSLR,2026-09-29 10:35:00-04:00,173.98,174.33,173.83,174.32,61
FSLR,2026-09-29 10:40:00-04:00,174.18,174.89,174.18,174.75,97
FSLR,2026-09-29 10:45:00-04:00,174.8,174.85,174.42,174.6,96
FSLR,2026-09-29 10:50:00-04:00,174.58,174.82,174.53,174.54,92
FSLR,2026-09-29 10:55:00-04:00,174.51,174.94,174.33,174.48,65
FSLR,2026-09-29 11:00:00-04:00,174.24,174.44,174.11,174.25,90
FSLR,2026-09-29 11:05:00-04:00,174.17,174.32,173.91,174.09,55
FSLR,2026-09-29 11:10:00-04:00,174.13,174.33,173.69,173.93,74
FSLR,2026-09-29 11:15:00-04:00,173.93,174.08,173.56,173.66,85
FSLR,2026-09-29 11:20:00-04:00,173.51,173.75,173.43,173.49,76
FSLR,2026-09-29 11:25:00-04:00,173.53,174.61,173.48,174.0,182
FSLR,2026-09-29 11:30:00-04:00,174.03,175.18,173.92,175.04,96
FSLR,2026-09-29 11:35:00-04:00,175.05,175.18,174.57,174.69,124
FSLR,2026-09-29 11:40:00-04:00,174.51,174.7,174.19,174.47,74
FSLR,2026-09-29 11:45:00-04:00,174.54,175.0,174.36,174.78,102
FSLR,2026-09-29 11:50:00-04:00,174.48,174.74,174.39,174.47,25
FSLR,2026-09-29 11:55:00-04:00,174.46,174.73,174.46,174.64,27
FSLR,2026-09-29 12:00:00-04:00,174.64,174.64,174.15,174.29,59
FSLR,2026-09-29 12:05:00-04:00,174.03,174.44,174.02,174.41,98
FSLR,2026-09-29 12:10:00-04:00,174.32,174.45,173.96,173.96,41
FSLR,2026-09-29 12:15:00-04:00,173.96,174.1,173.91,173.97,36
FSLR,2026-09-29 12:20:00-04:00,174.17,174.4,173.77,174.05,72
FSLR,2026-09-29 12:25:00-04:00,173.9,174.46,173.77,174.35,57
FSLR,2026-09-29 12:30:00-04:00,174.35,174.4,174.34,174.4,16
FSLR,2026-09-29 12:35:00-04:00,174.29,174.54,173.93,174.13,82
FSLR,2026-09-29 12:40:00-04:00,174.03,174.09,173.7,173.7,47
FSLR,2026-09-29 12:45:00-04:00,173.71,173.71,173.42,173.45,32
FSLR,2026-09-29 12:50:00-04:00,173.45,173.57,173.07,173.26,94
FSLR,2026-09-29 12:55:00-04:00,173.22,173.22,172.54,172.8,76
FSLR,2026-09-29 13:00:00-04:00,172.87,172.87,172.5,172.6,49
FSLR,2026-09-29 13:05:00-04:00,172.6,172.76,172.58,172.69,71
FSLR,2026-09-29 13:10:00-04:00,172.6,172.84,172.6,172.84,58
FSLR,2026-09-29 13:15:00-04:00,172.86,172.86,172.44,172.49,54
FSLR,2026-09-29 13:20:00-04:00,172.49,172.67,172.49,172.6,38
FSLR,2026-09-29 13:25:00-04:00,172.58,172.75,172.57,172.68,97
FSLR,2026-09-29 13:30:00-04:00,172.69,172.99,172.68,172.99,89
FSLR,2026-09-29 13:35:00-04:00,172.92,173.33,172.91,173.33,75
FSLR,2026-09-29 13:40:00-04:00,173.33,173.5,173.31,173.5,85
FSLR,2026-09-29 13:45:00-04:00,173.5,173.55,173.23,173.33,121
FSLR,2026-09-29 13:50:00-04:00,173.2,173.46,173.2,173.34,34
FSLR,2026-09-29 13:55:00-04:00,173.37,173.51,173.24,173.24,105
FSLR,2026-09-29 14:00:00-04:00,173.28,173.95,173.2,173.61,246
FSLR,2026-09-29 14:05:00-04:00,173.61,174.5,173.6,173.95,252
FSLR,2026-09-29 14:10:00-04:00,173.87,174.24,173.68,174.24,108
FSLR,2026-09-29 14:15:00-04:00,174.13,174.42,174.02,174.26,93
FSLR,2026-09-29 14:20:00-04:00,174.33,174.69,174.2,174.33,81
FSLR,2026-09-29 14:25:00-04:00,174.18,174.19,173.87,173.87,47
FSLR,2026-09-29 14:30:00-04:00,173.94,174.21,173.86,173.93,49
FSLR,2026-09-29 14:35:00-04:00,174.06,175.29,174.05,175.22,149
FSLR,2026-09-29 14:40:00-04:00,175.13,175.33,175.11,175.14,55
FSLR,2026-09-29 14:45:00-04:00,175.23,175.3,174.82,175.25,87
FSLR,2026-09-29 14:50:00-04:00,175.27,175.8,175.26,175.39,181
FSLR,2026-09-29 14:55:00-04:00,175.38,176.12,175.37,175.92,97
FSLR,2026-09-29 15:00:00-04:00,175.92,175.93,175.55,175.69,76
FSLR,2026-09-29 15:05:00-04:00,175.68,175.79,175.24,175.41,75
FSLR,2026-09-29 15:10:00-04:00,175.39,175.53,175.27,175.27,44
FSLR,2026-09-29 15:15:00-04:00,175.36,175.37,175.21,175.35,63
FSLR,2026-09-29 15:20:00-04:00,175.4,175.98,175.4,175.86,114
FSLR,2026-09-29 15:25:00-04:00,175.9,175.95,175.73,175.89,125
FSLR,2026-09-29 15:30:00-04:00,175.89,175.99,175.72,175.92,59
FSLR,2026-09-29 15:35:00-04:00,175.84,176.06,175.76,175.88,112
FSLR,2026-09-29 15:40:00-04:00,175.8,176.4,175.75,176.29,199
FSLR,2026-09-29 15:45:00-04:00,176.35,176.35,176.01,176.06,288
FSLR,2026-09-29 15:50:00-04:00,176.19,176.58,176.04,176.4,199
FSLR,2026-09-29 15:55:00-04:00,176.51,177.05,176.4,177.0,743
FSLR,2026-09-29 16:00:00-04:00,176.93,176.93,175.53,175.53,3981
FSLR,2026-09-29 16:05:00-04:00,176.93,176.93,176.93,176.93,1
FSLR,2026-09-29 16:10:00-04:00,176.93,176.93,176.93,176.93,0
FSLR,2026-09-29 16:15:00-04:00,176.93,176.93,176.93,176.93,0
FSLR,2026-09-29 16:20:00-04:00,176.93,176.93,176.93,176.93,1
FSLR,2026-09-29 16:25:00-04:00,176.99,176.99,176.93,176.93,9
FSLR,2026-09-29 16:30:00-04:00,176.93,176.93,176.93,176.93,0
FSLR,2026-09-29 16:35:00-04:00,176.93,176.93,176.93,176.93,0
FSLR,2026-09-29 16:40:00-04:00,176.93,176.93,176.93,176.93,0
FSLR,2026-09-29 16:45:00-04:00,176.93,176.93,176.93,176.93,0
FSLR,2026-09-29 16:50:00-04:00,176.93,176.93,176.93,176.93,0
FSLR,2026-09-29 16:55:00-04:00,176.0,176.0,176.0,176.0,1
FSLR,2026-09-29 17:00:00-04:00,176.0,176.0,176.0,176.0,0
FSLR,2026-09-29 17:05:00-04:00,176.0,176.0,176.0,176.0,0
FSLR,2026-09-29 17:10:00-04:00,176.0,176.0,176.0,176.0,0
FSLR,2026-09-29 17:15:00-04:00,176.0,176.0,176.0,176.0,0
FSLR,2026-09-29 17:20:00-04:00,175.95,175.96,175.95,175.95,1
FSLR,2026-09-29 17:25:00-04:00,175.95,175.95,175.95,175.95,0
FSLR,2026-09-29 17:30:00-04:00,175.95,175.95,175.95,175.95,0
FSLR,2026-09-29 17:35:00-04:00,175.95,175.95,175.95,175.95,0
FSLR,2026-09-29 17:40:00-04:00,175.95,175.95,175.95,175.95,0
FSLR,2026-09-29 17:45:00-04:00,175.95,175.95,175.95,175.95,0
FSLR,2026-09-29 17:50:00-04:00,175.95,175.95,175.95,175.95,0
FSLR,2026-09-29 17:55:00-04:00,176.84,176.84,176.83,176.84,2
FSLR,2026-09-29 18:00:00-04:00,176.84,176.84,176.84,176.84,1
FSLR,2026-09-29 18:05:00-04:00,176.84,176.84,176.84,176.84,0
FSLR,2026-09-29 18:10:00-04:00,176.89,176.89,176.89,176.89,10
FSLR,2026-09-29 18:15:00-04:00,176.89,176.89,176.89,176.89,0
FSLR,2026-09-29 18:20:00-04:00,176.89,176.89,176.89,176.89,0
FSLR,2026-09-29 18:25:00-04:00,176.89,176.89,176.89,176.89,0
FSLR,2026-09-29 18:30:00-04:00,176.75,176.75,176.75,176.75,5
FSLR,2026-09-29 18:35:00-04:00,176.75,176.75,176.75,176.75,0
FSLR,2026-09-29 18:40:00-04:00,176.75,176.75,176.75,176.75,0
FSLR,2026-09-29 18:45:00-04:00,176.17,176.99,176.17,176.99,11
FSLR,2026-09-29 18:50:00-04:00,176.99,176.99,176.99,176.99,1
FSLR,2026-09-29 18:55:00-04:00,176.99,176.99,176.99,176.99,0
FSLR,2026-09-29 19:00:00-04:00,176.99,176.99,176.99,176.99,0
FSLR,2026-09-29 19:05:00-04:00,176.99,176.99,176.99,176.99,1
FSLR,2026-09-29 19:10:00-04:00,176.99,176.99,176.99,176.99,0
FSLR,2026-09-29 19:15:00-04:00,176.99,176.99,176.99,176.99,0
FSLR,2026-09-29 19:20:00-04:00,176.99,176.99,176.99,176.99,0
FSLR,2026-09-29 19:25:00-04:00,176.99,176.99,176.99,176.99,1
FSLR,2026-09-29 19:30:00-04:00,176.99,176.99,176.99,176.99,0
FSLR,2026-09-29 19:35:00-04:00,176.99,176.99,176.99,176.99,0
FSLR,2026-09-29 19:40:00-04:00,176.8,176.81,176.8,176.8,1
FSLR,2026-09-29 19:45:00-04:00,176.8,176.8,176.8,176.8,0
FSLR,2026-09-29 19:50:00-04:00,176.8,176.8,176.8,176.8,0
FSLR,2026-09-29 19:55:00-04:00,176.79,176.8,176.79,176.79,10
FSLR,2026-09-30 07:00:00-04:00,176.95,176.95,176.95,176.95,1
FSLR,2026-09-30 07:05:00-04:00,176.06,176.14,176.06,176.06,3
FSLR,2026-09-30 07:10:00-04:00,176.06,176.06,176.06,176.06,1
FSLR,2026-09-30 07:15:00-04:00,176.06,176.06,176.06,176.06,0
FSLR,2026-09-30 07:20:00-04:00,176.06,176.06,176.06,176.06,0
FSLR,2026-09-30 07:25:00-04:00,176.06,176.06,176.06,176.06,0
FSLR,2026-09-30 07:30:00-04:00,176.5,176.5,176.5,176.5,3
FSLR,2026-09-30 07:35:00-04:00,176.5,176.5,176.5,176.5,0
FSLR,2026-09-30 07:40:00-04:00,176.5,176.5,176.5,176.5,0
FSLR,2026-09-30 07:45:00-04:00,176.5,176.5,176.5,176.5,0
FSLR,2026-09-30 07:50:00-04:00,176.5,176.5,176.5,176.5,0
FSLR,2026-09-30 07:55:00-04:00,176.48,176.48,176.48,176.48,2
FSLR,2026-09-30 08:00:00-04:00,176.48,176.48,176.48,176.48,0
FSLR,2026-09-30 08:05:00-04:00,176.5,176.5,176.5,176.5,1
FSLR,2026-09-30 08:10:00-04:00,176.5,176.5,176.5,176.5,0
FSLR,2026-09-30 08:15:00-04:00,176.5,176.5,176.5,176.5,0
FSLR,2026-09-30 08:20:00-04:00,176.5,176.5,176.5,176.5,0
FSLR,2026-09-30 08:25:00-04:00,176.22,176.22,176.22,176.22,1
FSLR,2026-09-30 08:30:00-04:00,177.01,177.01,177.01,177.01,1
FSLR,2026-09-30 08:35:00-04:00,177.01,177.01,177.01,177.01,0
FSLR,2026-09-30 08:40:00-04:00,177.88,178.6,177.88,178.6,15
FSLR,2026-09-30 08:45:00-04:00,178.6,178.6,178.6,178.6,0
FSLR,2026-09-30 08:50:00-04:00,178.6,178.6,178.6,178.6,0
FSLR,2026-09-30 08:55:00-04:00,179.0,179.0,178.4,178.4,3
FSLR,2026-09-30 09:00:00-04:00,178.7,178.71,178.7,178.71,2
FSLR,2026-09-30 09:05:00-04:00,178.71,178.71,178.71,178.71,0
FSLR,2026-09-30 09:10:00-04:00,178.4,178.4,178.4,178.4,1
FSLR,2026-09-30 09:15:00-04:00,178.2,178.63,178.2,178.63,4
FSLR,2026-09-30 09:20:00-04:00,178.63,178.63,178.63,178.63,0
FSLR,2026-09-30 09:25:00-04:00,178.6,178.99,178.6,178.99,3
FSLR,2026-09-30 09:30:00-04:00,178.5,178.5,176.68,176.84,248
FSLR,2026-09-30 09:35:00-04:00,176.69,176.84,174.83,175.15,129
FSLR,2026-09-30 09:40:00-04:00,175.03,175.46,174.82,175.23,64
FSLR,2026-09-30 09:45:00-04:00,175.28,175.91,175.15,175.63,51
FSLR,2026-09-30 09:50:00-04:00,175.43,175.58,175.02,175.33,55
MCHP,2026-09-28 04:00:00-04:00,77.58,77.6,77.38,77.38,9
MCHP,2026-09-28 04:05:00-04:00,77.38,77.38,77.38,77.38,0
MCHP,2026-09-28 04:10:00-04:00,77.21,77.27,77.19,77.25,12
MCHP,2026-09-28 04:15:00-04:00,77.25,77.25,77.25,77.25,0
MCHP,2026-09-28 04:20:00-04:00,77.25,77.25,77.25,77.25,0
MCHP,2026-09-28 04:25:00-04:00,77.25,77.25,77.25,77.25,0
MCHP,2026-09-28 04:30:00-04:00,77.25,77.25,77.25,77.25,0
MCHP,2026-09-28 04:35:00-04:00,77.25,77.25,77.25,77.25,0
MCHP,2026-09-28 04:40:00-04:00,77.25,77.25,77.25,77.25,0
MCHP,2026-09-28 04:45:00-04:00,77.25,77.25,77.25,77.25,0
MCHP,2026-09-28 04:50:00-04:00,77.25,77.25,77.25,77.25,0
MCHP,2026-09-28 04:55:00-04:00,77.25,77.25,77.25,77.25,0
MCHP,2026-09-28 05:00:00-04:00,77.25,77.25,77.25,77.25,0
MCHP,2026-09-28 05:05:00-04:00,77.25,77.25,77.25,77.25,0
MCHP,2026-09-28 05:10:00-04:00,77.25,77.25,77.25,77.25,0
MCHP,2026-09-28 05:15:00-04:00,77.25,77.25,77.25,77.25,0
MCHP,2026-09-28 05:20:00-04:00,77.25,77.25,77.25,77.25,0
MCHP,2026-09-28 05:25:00-04:00,77.25,77.25,77.25,77.25,0
MCHP,2026-09-28 05:30:00-04:00,77.25,77.25,77.25,77.25,0
MCHP,2026-09-28 05:35:00-04:00,77.02,77.02,77.02,77.02,2
MCHP,2026-09-28 05:40:00-04:00,77.02,77.02,77.02,77.02,0
MCHP,2026-09-28 05:45:00-04:00,77.02,77.02,77.02,77.02,0
MCHP,2026-09-28 05:50:00-04:00,77.02,77.02,77.02,77.02,0
MCHP,2026-09-28 05:55:00-04:00,77.02,77.02,77.02,77.02,0
MCHP,2026-09-28 06:00:00-04:00,77.02,77.02,77.02,77.02,0
MCHP,2026-09-28 06:05:00-04:00,77.02,77.02,77.02,77.02,0
MCHP,2026-09-28 06:10:00-04:00,77.02,77.02,77.02,77.02,0
MCHP,2026-09-28 06:15:00-04:00,77.02,77.02,77.02,77.02,0
MCHP,2026-09-28 06:20:00-04:00,77.02,77.02,77.02,77.02,0
MCHP,2026-09-28 06:25:00-04:00,77.02,77.02,77.02,77.02,0
MCHP,2026-09-28 06:30:00-04:00,77.5,77.5,77.5,77.5,3
MCHP,2026-09-28 06:35:00-04:00,77.5,77.5,77.5,77.5,0
MCHP,2026-09-28 06:40:00-04:00,77.5,77.5,77.5,77.5,0
MCHP,2026-09-28 06:45:00-04:00,77.5,77.5,77.5,77.5,0
MCHP,2026-09-28 06:50:00-04:00,77.5,77.5,77.5,77.5,0
MCHP,2026-09-28 06:55:00-04:00,77.5,77.5,77.5,77.5,0
MCHP,2026-09-28 07:00:00-04:00,77.5,77.5,77.5,77.5,1
MCHP,2026-09-28 07:05:00-04:00,77.5,77.5,77.5,77.5,0
MCHP,2026-09-28 07:10:00-04:00,77.5,77.5,77.5,77.5,0
MCHP,2026-09-28 07:15:00-04:00,77.5,77.5,77.5,77.5,0
MCHP,2026-09-28 07:20:00-04:00,77.5,77.5,77.5,77.5,0
MCHP,2026-09-28 07:25:00-04:00,77.5,77.5,77.5,77.5,0
MCHP,2026-09-28 07:30:00-04:00,77.5,77.5,77.5,77.5,0
MCHP,2026-09-28 07:35:00-04:00,77.5,77.5,77.5,77.5,0
MCHP,2026-09-28 07:40:00-04:00,77.5,77.5,77.5,77.5,0
MCHP,2026-09-28 07:45:00-04:00,77.5,77.5,77.5,77.5,0
MCHP,2026-09-28 07:50:00-04:00,77.5,77.5,77.5,77.5,0
MCHP,2026-09-28 07:55:00-04:00,77.5,77.5,77.5,77.5,0
MCHP,2026-09-28 08:00:00-04:00,77.5,77.5,77.5,77.5,0
MCHP,2026-09-28 08:05:00-04:00,77.5,77.5,77.5,77.5,0
MCHP,2026-09-28 08:10:00-04:00,77.5,77.5,77.5,77.5,0
MCHP,2026-09-28 08:15:00-04:00,77.5,77.5,77.5,77.5,0
MCHP,2026-09-28 08:20:00-04:00,77.5,77.5,77.5,77.5,0
MCHP,2026-09-28 08:25:00-04:00,77.39,77.39,77.39,77.39,8
MCHP,2026-09-28 08:30:00-04:00,77.39,77.39,77.39,77.39,0
MCHP,2026-09-28 08:35:00-04:00,77.8,77.8,77.8,77.8,2
MCHP,2026-09-28 08:40:00-04:00,77.8,77.8,77.8,77.8,0
MCHP,2026-09-28 08:45:00-04:00,77.78,77.78,77.77,77.77,6
MCHP,2026-09-28 08:50:00-04:00,77.77,77.77,77.77,77.77,0
MCHP,2026-09-28 08:55:00-04:00,77.77,77.77,77.77,77.77,0
MCHP,2026-09-28 09:00:00-04:00,77.77,77.77,77.77,77.77,0
MCHP,2026-09-28 09:05:00-04:00,77.77,77.77,77.77,77.77,0
MCHP,2026-09-28 09:10:00-04:00,77.77,77.77,77.77,77.77,0
MCHP,2026-09-28 09:15:00-04:00,78.15,78.23,78.15,78.23,2
MCHP,2026-09-28 09:20:00-04:00,78.23,78.23,78.23,78.23,0
MCHP,2026-09-28 09:25:00-04:00,77.92,77.94,77.28,77.3,75
MCHP,2026-09-28 09:30:00-04:00,77.51,78.26,77.39,77.87,2282
MCHP,2026-09-28 09:35:00-04:00,77.82,77.99,77.34,77.62,646
MCHP,2026-09-28 09:40:00-04:00,77.67,77.78,77.5,77.67,323
MCHP,2026-09-28 09:45:00-04:00,77.7,77.9,77.21,77.25,441
MCHP,2026-09-28 09:50:00-04:00,77.24,77.66,77.0,77.64,269
MCHP,2026-09-28 09:55:00-04:00,77.66,77.75,77.33,77.66,319
MCHP,2026-09-28 10:00:00-04:00,77.68,77.72,76.9,76.9,541
MCHP,2026-09-28 10:05:00-04:00,76.92,77.07,76.86,76.9,394
MCHP,2026-09-28 10:10:00-04:00,76.8,76.93,76.66,76.76,611
MCHP,2026-09-28 10:15:00-04:00,76.76,77.01,76.76,76.91,362
MCHP,2026-09-28 10:20:00-04:00,76.88,77.11,76.81,76.94,175
MCHP,2026-09-28 10:25:00-04:00,76.94,76.94,76.77,76.88,145
MCHP,2026-09-28 10:30:00-04:00,76.89,76.95,76.76,76.76,138
MCHP,2026-09-28 10:35:00-04:00,76.75,76.87,76.68,76.86,148
MCHP,2026-09-28 10:40:00-04:00,76.89,76.91,76.39,76.46,531
MCHP,2026-09-28 10:45:00-04:00,76.47,76.47,76.1,76.27,492
MCHP,2026-09-28 10:50:00-04:00,76.28,76.36,75.97,76.12,438
MCHP,2026-09-28 10:55:00-04:00,76.11,76.45,76.07,76.28,342
MCHP,2026-09-28 11:00:00-04:00,76.31,76.31,76.13,76.13,244
MCHP,2026-09-28 11:05:00-04:00,76.15,76.36,76.0,76.3,662
MCHP,2026-09-28 11:10:00-04:00,76.3,76.34,76.04,76.07,184
MCHP,2026-09-28 11:15:00-04:00,76.04,76.17,75.96,76.17,261
MCHP,2026-09-28 11:20:00-04:00,76.16,76.18,75.92,76.06,336
MCHP,2026-09-28 11:25:00-04:00,76.08,76.43,76.07,76.42,290
MCHP,2026-09-28 11:30:00-04:00,76.44,76.58,76.33,76.47,138
MCHP,2026-09-28 11:35:00-04:00,76.44,76.65,76.38,76.62,204
MCHP,2026-09-28 11:40:00-04:00,76.63,76.64,76.31,76.45,184
MCHP,2026-09-28 11:45:00-04:00,76.45,76.52,76.39,76.5,139
MCHP,2026-09-28 11:50:00-04:00,76.48,76.81,76.48,76.8,219
MCHP,2026-09-28 11:55:00-04:00,76.8,76.92,76.75,76.91,159
MCHP,2026-09-28 12:00:00-04:00,76.89,76.93,76.8,76.88,159
MCHP,2026-09-28 12:05:00-04:00,76.86,77.16,76.84,77.13,200
MCHP,2026-09-28 12:10:00-04:00,77.13,77.2,76.96,77.08,124
MCHP,2026-09-28 12:15:00-04:00,77.08,77.43,77.06,77.31,252
MCHP,2026-09-28 12:20:00-04:00,77.33,77.73,77.28,77.68,244
MCHP,2026-09-28 12:25:00-04:00,77.67,78.16,77.66,78.08,674
MCHP,2026-09-28 12:30:00-04:00,78.06,78.12,77.88,77.95,530
MCHP,2026-09-28 12:35:00-04:00,77.99,78.13,77.74,77.75,225
MCHP,2026-09-28 12:40:00-04:00,77.76,77.81,77.56,77.77,161
MCHP,2026-09-28 12:45:00-04:00,77.77,77.88,77.47,77.47,276
MCHP,2026-09-28 12:50:00-04:00,77.47,77.55,77.3,77.44,279
MCHP,2026-09-28 12:55:00-04:00,77.43,77.47,77.28,77.3,220
MCHP,2026-09-28 13:00:00-04:00,77.3,77.31,77.11,77.18,187
MCHP,2026-09-28 13:05:00-04:00,77.2,77.25,77.07,77.07,166
MCHP,2026-09-28 13:10:00-04:00,77.1,77.82,77.08,77.79,708
MCHP,2026-09-28 13:15:00-04:00,77.79,77.86,77.59,77.64,363
MCHP,2026-09-28 13:20:00-04:00,77.64,77.67,77.55,77.61,120
MCHP,2026-09-28 13:25:00-04:00,77.6,77.67,77.48,77.67,228
MCHP,2026-09-28 13:30:00-04:00,77.69,77.76,77.49,77.55,302
MCHP,2026-09-28 13:35:00-04:00,77.56,77.61,77.42,77.43,151
MCHP,2026-09-28 13:40:00-04:00,77.45,77.52,77.36,77.5,230
MCHP,2026-09-28 13:45:00-04:00,77.5,77.69,77.44,77.69,514
MCHP,2026-09-28 13:50:00-04:00,77.67,77.77,77.65,77.69,107
MCHP,2026-09-28 13:55:00-04:00,77.7,77.86,77.63,77.84,134
MCHP,2026-09-28 14:00:00-04:00,77.84,77.84,77.68,77.77,139
MCHP,2026-09-28 14:05:00-04:00,77.77,77.84,77.73,77.77,278
MCHP,2026-09-28 14:10:00-04:00,77.77,77.78,77.6,77.69,211
MCHP,2026-09-28 14:15:00-04:00,77.7,77.72,77.59,77.61,138
MCHP,2026-09-28 14:20:00-04:00,77.63,77.64,77.5,77.55,175
MCHP,2026-09-28 14:25:00-04:00,77.54,77.59,77.51,77.58,69
MCHP,2026-09-28 14:30:00-04:00,77.56,77.62,77.53,77.6,235
MCHP,2026-09-28 14:35:00-04:00,77.59,77.59,77.42,77.42,137
MCHP,2026-09-28 14:40:00-04:00,77.43,77.53,77.43,77.51,265
MCHP,2026-09-28 14:45:00-04:00,77.5,77.65,77.47,77.63,185
MCHP,2026-09-28 14:50:00-04:00,77.62,77.74,77.56,77.74,162
MCHP,2026-09-28 14:55:00-04:00,77.76,77.88,77.71,77.83,418
MCHP,2026-09-28 15:00:00-04:00,77.82,77.82,77.61,77.69,155
MCHP,2026-09-28 15:05:00-04:00,77.71,77.74,77.48,77.65,295
MCHP,2026-09-28 15:10:00-04:00,77.64,77.65,77.47,77.5,258
MCHP,2026-09-28 15:15:00-04:00,77.5,77.55,77.36,77.54,358
MCHP,2026-09-28 15:20:00-04:00,77.54,77.63,77.46,77.63,496
MCHP,2026-09-28 15:25:00-04:00,77.63,77.78,77.61,77.76,389
MCHP,2026-09-28 15:30:00-04:00,77.77,77.8,77.57,77.68,1123
MCHP,2026-09-28 15:35:00-04:00,77.69,77.7,77.34,77.42,928
MCHP,2026-09-28 15:40:00-04:00,77.44,77.59,77.41,77.46,644
MCHP,2026-09-28 15:45:00-04:00,77.44,77.52,77.36,77.36,595
MCHP,2026-09-28 15:50:00-04:00,77.38,77.64,77.38,77.61,1620
MCHP,2026-09-28 15:55:00-04:00,77.6,78.02,77.6,77.95,5129
MCHP,2026-09-28 16:00:00-04:00,77.97,77.97,77.95,77.97,28741
MCHP,2026-09-28 16:05:00-04:00,77.97,77.97,77.97,77.97,0
MCHP,2026-09-28 16:10:00-04:00,77.97,77.97,77.97,77.97,0
MCHP,2026-09-28 16:15:00-04:00,77.97,77.97,77.97,77.97,0
MCHP,2026-09-28 16:20:00-04:00,77.97,77.97,77.97,77.97,0
MCHP,2026-09-28 16:25:00-04:00,77.97,77.97,77.97,77.97,0
MCHP,2026-09-28 16:30:00-04:00,77.97,77.97,77.97,77.97,0
MCHP,2026-09-28 16:35:00-04:00,77.97,77.97,77.97,77.97,0
MCHP,2026-09-28 16:40:00-04:00,77.97,77.97,77.97,77.97,0
MCHP,2026-09-28 16:45:00-04:00,77.97,77.97,77.97,77.97,0
MCHP,2026-09-28 16:50:00-04:00,77.97,77.97,77.97,77.97,0
MCHP,2026-09-28 16:55:00-04:00,77.1,77.1,77.1,77.1,1
MCHP,2026-09-28 17:00:00-04:00,77.1,77.1,77.1,77.1,0
MCHP,2026-09-28 17:05:00-04:00,77.1,77.1,77.1,77.1,0
MCHP,2026-09-28 17:10:00-04:00,77.1,77.1,77.1,77.1,0
MCHP,2026-09-28 17:15:00-04:00,77.1,77.1,77.1,77.1,0
MCHP,2026-09-28 17:20:00-04:00,77.1,77.1,77.1,77.1,0
MCHP,2026-09-28 17:25:00-04:00,77.1,77.1,77.1,77.1,0
MCHP,2026-09-28 17:30:00-04:00,77.1,77.1,77.1,77.1,0
MCHP,2026-09-28 17:35:00-04:00,77.1,77.1,77.1,77.1,0
MCHP,2026-09-28 17:40:00-04:00,77.1,77.1,77.1,77.1,0
MCHP,2026-09-28 17:45:00-04:00,77.1,77.1,77.1,77.1,0
MCHP,2026-09-28 17:50:00-04:00,77.1,77.1,77.1,77.1,0
MCHP,2026-09-28 17:55:00-04:00,77.1,77.1,77.1,77.1,0
MCHP,2026-09-28 18:00:00-04:00,77.1,77.1,77.1,77.1,0
MCHP,2026-09-28 18:05:00-04:00,77.1,77.1,77.1,77.1,0
MCHP,2026-09-28 18:10:00-04:00,77.1,77.1,77.1,77.1,0
MCHP,2026-09-28 18:15:00-04:00,77.1,77.1,77.1,77.1,0
MCHP,2026-09-28 18:20:00-04:00,77.1,77.1,77.1,77.1,0
MCHP,2026-09-28 18:25:00-04:00,77.1,77.1,77.1,77.1,0
MCHP,2026-09-28 18:30:00-04:00,77.1,77.1,77.1,77.1,0
MCHP,2026-09-28 18:35:00-04:00,77.8,77.8,77.8,77.8,1
MCHP,2026-09-28 18:40:00-04:00,77.8,77.8,77.8,77.8,0
MCHP,2026-09-28 18:45:00-04:00,77.8,77.8,77.8,77.8,0
MCHP,2026-09-28 18:50:00-04:00,77.8,77.8,77.8,77.8,0
MCHP,2026-09-28 18:55:00-04:00,77.91,77.96,77.91,77.96,3
MCHP,2026-09-28 19:00:00-04:00,77.96,77.96,77.96,77.96,0
MCHP,2026-09-28 19:05:00-04:00,77.96,77.96,77.96,77.96,0
MCHP,2026-09-28 19:10:00-04:00,77.96,77.96,77.96,77.96,0
MCHP,2026-09-28 19:15:00-04:00,77.96,77.96,77.96,77.96,0
MCHP,2026-09-28 19:20:00-04:00,77.96,77.96,77.96,77.96,0
MCHP,2026-09-28 19:25:00-04:00,77.96,77.96,77.96,77.96,0
MCHP,2026-09-28 19:30:00-04:00,77.96,77.96,77.96,77.96,0
MCHP,2026-09-28 19:35:00-04:00,77.96,77.96,77.96,77.96,0
MCHP,2026-09-28 19:40:00-04:00,77.88,77.88,77.88,77.88,1
MCHP,2026-09-28 19:45:00-04:00,77.88,77.88,77.88,77.88,0
MCHP,2026-09-28 19:50:00-04:00,77.88,77.88,77.88,77.88,0
MCHP,2026-09-28 19:55:00-04:00,77.88,77.88,77.88,77.88,0
MCHP,2026-09-29 04:00:00-04:00,77.95,78.18,77.06,78.1,58
MCHP,2026-09-29 04:05:00-04:00,78.1,78.1,78.1,78.1,0
MCHP,2026-09-29 04:10:00-04:00,78.08,78.1,78.08,78.1,5
MCHP,2026-09-29 04:15:00-04:00,78.1,78.1,78.1,78.1,0
MCHP,2026-09-29 04:20:00-04:00,78.37,78.37,78.36,78.37,4
MCHP,2026-09-29 04:25:00-04:00,78.37,78.37,78.37,78.37,0
MCHP,2026-09-29 04:30:00-04:00,78.37,78.37,78.37,78.37,0
MCHP,2026-09-29 04:35:00-04:00,78.37,78.37,78.37,78.37,0
MCHP,2026-09-29 04:40:00-04:00,78.59,78.59,78.59,78.59,2
MCHP,2026-09-29 04:45:00-04:00,78.59,78.59,78.59,78.59,0
MCHP,2026-09-29 04:50:00-04:00,78.59,78.59,78.59,78.59,0
MCHP,2026-09-29 04:55:00-04:00,78.59,78.59,78.59,78.59,0
MCHP,2026-09-29 05:00:00-04:00,78.59,78.59,78.59,78.59,0
MCHP,2026-09-29 05:05:00-04:00,78.59,78.59,78.59,78.59,0
MCHP,2026-09-29 05:10:00-04:00,78.59,78.59,78.59,78.59,0
MCHP,2026-09-29 05:15:00-04:00,78.59,78.59,78.59,78.59,0
MCHP,2026-09-29 05:20:00-04:00,78.59,78.59,78.59,78.59,0
MCHP,2026-09-29 05:25:00-04:00,78.59,78.59,78.59,78.59,0
MCHP,2026-09-29 05:30:00-04:00,77.9,77.9,77.9,77.9,1
MCHP,2026-09-29 05:35:00-04:00,77.9,77.9,77.9,77.9,0
MCHP,2026-09-29 05:40:00-04:00,77.9,77.9,77.9,77.9,0
MCHP,2026-09-29 05:45:00-04:00,77.9,77.9,77.9,77.9,0
MCHP,2026-09-29 05:50:00-04:00,77.9,77.9,77.9,77.9,0
MCHP,2026-09-29 05:55:00-04:00,77.9,77.9,77.9,77.9,0
MCHP,2026-09-29 06:00:00-04:00,77.9,77.9,77.9,77.9,0
MCHP,2026-09-29 06:05:00-04:00,77.9,77.9,77.9,77.9,0
MCHP,2026-09-29 06:10:00-04:00,77.9,77.9,77.9,77.9,0
MCHP,2026-09-29 06:15:00-04:00,77.9,77.9,77.9,77.9,0
MCHP,2026-09-29 06:20:00-04:00,77.9,77.9,77.9,77.9,0
MCHP,2026-09-29 06:25:00-04:00,77.9,77.9,77.9,77.9,0
MCHP,2026-09-29 06:30:00-04:00,77.9,77.9,77.9,77.9,0
MCHP,2026-09-29 06:35:00-04:00,77.9,77.9,77.9,77.9,0
MCHP,2026-09-29 06:40:00-04:00,77.9,77.9,77.9,77.9,0
MCHP,2026-09-29 06:45:00-04:00,77.9,77.9,77.9,77.9,0
MCHP,2026-09-29 06:50:00-04:00,77.9,77.9,77.9,77.9,0
MCHP,2026-09-29 06:55:00-04:00,77.9,77.9,77.9,77.9,0
MCHP,2026-09-29 07:00:00-04:00,78.23,78.5,78.23,78.5,34
MCHP,2026-09-29 07:05:00-04:00,78.5,78.5,78.5,78.5,0
MCHP,2026-09-29 07:10:00-04:00,78.47,78.47,78.47,78.47,7
MCHP,2026-09-29 07:15:00-04:00,78.5,78.5,78.5,78.5,4
MCHP,2026-09-29 07:20:00-04:00,78.5,78.5,78.5,78.5,0
MCHP,2026-09-29 07:25:00-04:00,78.5,78.5,78.5,78.5,0
MCHP,2026-09-29 07:30:00-04:00,78.5,78.5,78.5,78.5,0
MCHP,2026-09-29 07:35:00-04:00,78.5,78.5,78.5,78.5,0
MCHP,2026-09-29 07:40:00-04:00,78.5,78.5,78.5,78.5,0
MCHP,2026-09-29 07:45:00-04:00,78.5,78.5,78.5,78.5,0
MCHP,2026-09-29 07:50:00-04:00,78.5,78.5,78.5,78.5,0
MCHP,2026-09-29 07:55:00-04:00,78.69,78.9,78.68,78.9,15
MCHP,2026-09-29 08:00:00-04:00,78.92,78.92,78.9,78.9,4
MCHP,2026-09-29 08:05:00-04:00,78.92,79.19,78.91,78.91,6
MCHP,2026-09-29 08:10:00-04:00,78.92,78.92,78.92,78.92,1
MCHP,2026-09-29 08:15:00-04:00,78.92,78.92,78.92,78.92,0
MCHP,2026-09-29 08:20:00-04:00,78.92,78.92,78.92,78.92,0
MCHP,2026-09-29 08:25:00-04:00,78.9,78.92,78.9,78.92,23
MCHP,2026-09-29 08:30:00-04:00,78.89,78.9,78.89,78.9,2
MCHP,2026-09-29 08:35:00-04:00,78.9,78.9,78.9,78.9,0
MCHP,2026-09-29 08:40:00-04:00,78.9,78.9,78.9,78.9,0
MCHP,2026-09-29 08:45:00-04:00,79.0,79.01,79.0,79.01,2
MCHP,2026-09-29 08:50:00-04:00,78.91,79.0,78.91,78.91,24
MCHP,2026-09-29 08:55:00-04:00,78.91,78.91,78.91,78.91,0
MCHP,2026-09-29 09:00:00-04:00,78.86,78.86,78.84,78.84,6
MCHP,2026-09-29 09:05:00-04:00,78.84,79.0,78.84,79.0,31
MCHP,2026-09-29 09:10:00-04:00,78.98,78.98,78.98,78.98,1
MCHP,2026-09-29 09:15:00-04:00,78.96,79.1,78.93,79.1,28
MCHP,2026-09-29 09:20:00-04:00,79.1,79.1,79.1,79.1,0
MCHP,2026-09-29 09:25:00-04:00,78.91,79.4,78.8,79.36,46
MCHP,2026-09-29 09:30:00-04:00,79.37,79.42,78.69,78.73,1095
MCHP,2026-09-29 09:35:00-04:00,78.75,79.35,78.47,79.35,309
MCHP,2026-09-29 09:40:00-04:00,79.35,80.08,79.25,79.73,1238
MCHP,2026-09-29 09:45:00-04:00,79.73,79.75,79.23,79.33,783
MCHP,2026-09-29 09:50:00-04:00,79.35,79.45,79.22,79.4,483
MCHP,2026-09-29 09:55:00-04:00,79.38,79.64,79.34,79.49,712
MCHP,2026-09-29 10:00:00-04:00,79.52,80.11,79.5,80.0,796
MCHP,2026-09-29 10:05:00-04:00,80.02,80.37,80.01,80.23,641
MCHP,2026-09-29 10:10:00-04:00,80.24,80.25,79.82,79.94,411
MCHP,2026-09-29 10:15:00-04:00,79.91,80.14,79.72,80.12,458
MCHP,2026-09-29 10:20:00-04:00,80.1,80.31,80.05,80.16,940
MCHP,2026-09-29 10:25:00-04:00,80.14,80.34,79.95,79.97,631
MCHP,2026-09-29 10:30:00-04:00,80.05,80.18,79.9,80.01,288
MCHP,2026-09-29 10:35:00-04:00,79.99,79.99,79.79,79.83,236
MCHP,2026-09-29 10:40:00-04:00,79.83,79.97,79.65,79.73,590
MCHP,2026-09-29 10:45:00-04:00,79.73,79.96,79.54,79.6,446
MCHP,2026-09-29 10:50:00-04:00,79.61,79.82,79.56,79.82,182
MCHP,2026-09-29 10:55:00-04:00,79.84,80.04,79.84,79.97,405
MCHP,2026-09-29 11:00:00-04:00,79.96,79.97,79.58,79.64,580
MCHP,2026-09-29 11:05:00-04:00,79.63,79.84,79.51,79.58,211
MCHP,2026-09-29 11:10:00-04:00,79.6,79.6,79.4,79.58,243
MCHP,2026-09-29 11:15:00-04:00,79.58,79.63,79.38,79.38,232
MCHP,2026-09-29 11:20:00-04:00,79.38,79.5,79.34,79.4,136
MCHP,2026-09-29 11:25:00-04:00,79.41,79.45,79.33,79.41,205
MCHP,2026-09-29 11:30:00-04:00,79.41,79.94,79.4,79.94,171
MCHP,2026-09-29 11:35:00-04:00,79.95,80.01,79.86,80.0,336
MCHP,2026-09-29 11:40:00-04:00,79.98,80.02,79.68,79.84,242
MCHP,2026-09-29 11:45:00-04:00,79.84,79.93,79.62,79.73,326
MCHP,2026-09-29 11:50:00-04:00,79.75,79.81,79.52,79.59,251
MCHP,2026-09-29 11:55:00-04:00,79.59,79.62,79.46,79.54,319
MCHP,2026-09-29 12:00:00-04:00,79.54,79.61,79.43,79.45,198
MCHP,2026-09-29 12:05:00-04:00,79.44,79.49,79.38,79.4,122
MCHP,2026-09-29 12:10:00-04:00,79.44,79.45,79.28,79.31,142
MCHP,2026-09-29 12:15:00-04:00,79.26,79.27,79.11,79.2,216
MCHP,2026-09-29 12:20:00-04:00,79.2,79.26,79.09,79.15,256
MCHP,2026-09-29 12:25:00-04:00,79.15,79.34,79.14,79.31,179
MCHP,2026-09-29 12:30:00-04:00,79.31,79.4,79.31,79.33,119
MCHP,2026-09-29 12:35:00-04:00,79.35,79.44,79.3,79.3,59
MCHP,2026-09-29 12:40:00-04:00,79.29,79.31,79.04,79.07,153
MCHP,2026-09-29 12:45:00-04:00,79.08,79.12,78.95,79.08,166
MCHP,2026-09-29 12:50:00-04:00,79.09,79.17,78.95,78.95,104
MCHP,2026-09-29 12:55:00-04:00,78.91,79.06,78.85,79.05,133
MCHP,2026-09-29 13:00:00-04:00,79.06,79.06,78.75,78.83,152
MCHP,2026-09-29 13:05:00-04:00,78.85,78.98,78.85,78.94,164
MCHP,2026-09-29 13:10:00-04:00,78.96,79.17,78.95,79.15,106
MCHP,2026-09-29 13:15:00-04:00,79.16,79.17,79.02,79.11,56
MCHP,2026-09-29 13:20:00-04:00,79.12,79.18,79.09,79.16,276
MCHP,2026-09-29 13:25:00-04:00,79.16,79.25,79.06,79.22,340
MCHP,2026-09-29 13:30:00-04:00,79.22,79.28,79.19,79.24,116
MCHP,2026-09-29 13:35:00-04:00,79.24,79.32,79.17,79.24,159
MCHP,2026-09-29 13:40:00-04:00,79.25,79.29,79.23,79.28,82
MCHP,2026-09-29 13:45:00-04:00,79.3,79.3,79.22,79.22,80
MCHP,2026-09-29 13:50:00-04:00,79.24,79.24,79.0,79.0,119
MCHP,2026-09-29 13:55:00-04:00,78.99,79.03,78.9,78.95,170
MCHP,2026-09-29 14:00:00-04:00,78.97,79.34,78.97,79.26,722
MCHP,2026-09-29 14:05:00-04:00,79.25,79.35,79.15,79.16,160
MCHP,2026-09-29 14:10:00-04:00,79.17,79.18,79.05,79.09,115
MCHP,2026-09-29 14:15:00-04:00,79.1,79.25,79.07,79.2,132
MCHP,2026-09-29 14:20:00-04:00,79.21,79.23,79.13,79.13,101
MCHP,2026-09-29 14:25:00-04:00,79.16,79.23,79.09,79.2,117
MCHP,2026-09-29 14:30:00-04:00,79.2,79.35,79.01,79.04,211
MCHP,2026-09-29 14:35:00-04:00,79.03,79.18,79.0,79.15,155
MCHP,2026-09-29 14:40:00-04:00,79.17,79.29,79.13,79.17,151
MCHP,2026-09-29 14:45:00-04:00,79.18,79.21,79.05,79.13,186
MCHP,2026-09-29 14:50:00-04:00,79.15,79.15,79.02,79.05,132
MCHP,2026-09-29 14:55:00-04:00,79.05,79.2,79.02,79.19,131
MCHP,2026-09-29 15:00:00-04:00,79.2,79.2,79.03,79.05,129
MCHP,2026-09-29 15:05:00-04:00,79.06,79.11,79.0,79.03,157
MCHP,2026-09-29 15:10:00-04:00,79.04,79.05,78.87,78.94,262
MCHP,2026-09-29 15:15:00-04:00,78.95,79.01,78.93,78.97,183
MCHP,2026-09-29 15:20:00-04:00,78.96,79.03,78.95,79.01,287
MCHP,2026-09-29 15:25:00-04:00,79.0,79.04,78.87,78.95,334
MCHP,2026-09-29 15:30:00-04:00,78.93,78.95,78.8,78.92,544
MCHP,2026-09-29 15:35:00-04:00,78.94,79.01,78.93,78.98,436
MCHP,2026-09-29 15:40:00-04:00,78.97,79.04,78.86,78.86,440
MCHP,2026-09-29 15:45:00-04:00,78.86,78.92,78.82,78.85,468
MCHP,2026-09-29 15:50:00-04:00,78.87,78.96,78.73,78.83,1213
MCHP,2026-09-29 15:55:00-04:00,78.83,78.83,78.56,78.78,4721
MCHP,2026-09-29 16:00:00-04:00,78.78,79.28,78.78,79.28,14980
MCHP,2026-09-29 16:05:00-04:00,79.28,79.28,79.28,79.28,0
MCHP,2026-09-29 16:10:00-04:00,79.28,79.28,79.28,79.28,0
MCHP,2026-09-29 16:15:00-04:00,79.28,79.28,79.28,79.28,0
MCHP,2026-09-29 16:20:00-04:00,79.28,79.28,79.28,79.28,0
MCHP,2026-09-29 16:25:00-04:00,79.28,79.28,79.28,79.28,0
MCHP,2026-09-29 16:30:00-04:00,79.28,79.28,79.28,79.28,0
MCHP,2026-09-29 16:35:00-04:00,79.28,79.28,79.28,79.28,0
MCHP,2026-09-29 16:40:00-04:00,79.28,79.28,79.28,79.28,0
MCHP,2026-09-29 16:45:00-04:00,79.28,79.28,79.28,79.28,0
MCHP,2026-09-29 16:50:00-04:00,79.28,79.28,79.28,79.28,0
MCHP,2026-09-29 16:55:00-04:00,79.28,79.28,79.28,79.28,0
MCHP,2026-09-29 17:00:00-04:00,79.01,79.01,79.01,79.01,1
MCHP,2026-09-29 17:05:00-04:00,79.01,79.01,79.01,79.01,0
MCHP,2026-09-29 17:10:00-04:00,79.01,79.01,79.01,79.01,0
MCHP,2026-09-29 17:15:00-04:00,79.01,79.01,79.01,79.01,0
MCHP,2026-09-29 17:20:00-04:00,79.01,79.01,79.01,79.01,0
MCHP,2026-09-29 17:25:00-04:00,79.01,79.01,79.01,79.01,0
MCHP,2026-09-29 17:30:00-04:00,79.01,79.01,79.01,79.01,0
MCHP,2026-09-29 17:35:00-04:00,79.01,79.01,79.01,79.01,0
MCHP,2026-09-29 17:40:00-04:00,78.91,78.91,78.9,78.9,7
MCHP,2026-09-29 17:45:00-04:00,78.9,78.9,78.9,78.9,0
MCHP,2026-09-29 17:50:00-04:00,78.9,78.9,78.9,78.9,0
MCHP,2026-09-29 17:55:00-04:00,78.9,78.9,78.9,78.9,0
MCHP,2026-09-29 18:00:00-04:00,78.9,78.9,78.9,78.9,0
MCHP,2026-09-29 18:05:00-04:00,78.9,78.9,78.9,78.9,0
MCHP,2026-09-29 18:10:00-04:00,78.9,78.9,78.9,78.9,0
MCHP,2026-09-29 18:15:00-04:00,78.9,78.9,78.9,78.9,0
MCHP,2026-09-29 18:20:00-04:00,80.0,80.0,80.0,80.0,1
MCHP,2026-09-29 18:25:00-04:00,80.0,80.0,80.0,80.0,0
MCHP,2026-09-29 18:30:00-04:00,80.0,80.0,80.0,80.0,0
MCHP,2026-09-29 18:35:00-04:00,80.0,80.0,80.0,80.0,0
MCHP,2026-09-29 18:40:00-04:00,80.0,80.0,80.0,80.0,0
MCHP,2026-09-29 18:45:00-04:00,80.0,80.0,80.0,80.0,0
MCHP,2026-09-29 18:50:00-04:00,80.0,80.0,80.0,80.0,0
MCHP,2026-09-29 18:55:00-04:00,80.0,80.0,80.0,80.0,0
MCHP,2026-09-29 19:00:00-04:00,80.0,80.0,80.0,80.0,0
MCHP,2026-09-29 19:05:00-04:00,79.06,79.07,79.06,79.06,19
MCHP,2026-09-29 19:10:00-04:00,79.01,79.01,79.0,79.0,3
MCHP,2026-09-29 19:15:00-04:00,79.0,79.0,79.0,79.0,0
MCHP,2026-09-29 19:20:00-04:00,79.0,79.0,79.0,79.0,0
MCHP,2026-09-29 19:25:00-04:00,79.0,79.0,79.0,79.0,0
MCHP,2026-09-29 19:30:00-04:00,79.0,79.0,79.0,79.0,0
MCHP,2026-09-29 19:35:00-04:00,79.0,79.0,79.0,79.0,0
MCHP,2026-09-29 19:40:00-04:00,79.0,79.0,79.0,79.0,0
MCHP,2026-09-29 19:45:00-04:00,79.0,79.0,79.0,79.0,0
MCHP,2026-09-29 19:50:00-04:00,79.0,79.0,79.0,79.0,0
MCHP,2026-09-29 19:55:00-04:00,79.0,79.0,79.0,79.0,0
MCHP,2026-09-30 04:00:00-04:00,78.22,78.22,78.22,78.22,2
MCHP,2026-09-30 04:05:00-04:00,78.22,78.22,78.22,78.22,0
MCHP,2026-09-30 04:10:00-04:00,78.22,78.22,78.22,78.22,0
MCHP,2026-09-30 04:15:00-04:00,78.22,78.22,78.22,78.22,0
MCHP,2026-09-30 04:20:00-04:00,78.22,78.22,78.22,78.22,0
MCHP,2026-09-30 04:25:00-04:00,78.22,78.22,78.22,78.22,0
MCHP,2026-09-30 04:30:00-04:00,78.22,78.22,78.22,78.22,0
MCHP,2026-09-30 04:35:00-04:00,78.22,78.22,78.22,78.22,0
MCHP,2026-09-30 04:40:00-04:00,78.22,78.22,78.22,78.22,0
MCHP,2026-09-30 04:45:00-04:00,78.22,78.22,78.22,78.22,0
MCHP,2026-09-30 04:50:00-04:00,78.22,78.22,78.22,78.22,0
MCHP,2026-09-30 04:55:00-04:00,78.22,78.22,78.22,78.22,0
MCHP,2026-09-30 05:00:00-04:00,78.22,78.22,78.22,78.22,0
MCHP,2026-09-30 05:05:00-04:00,78.22,78.22,78.22,78.22,0
MCHP,2026-09-30 05:10:00-04:00,78.22,78.22,78.22,78.22,0
MCHP,2026-09-30 05:15:00-04:00,78.22,78.22,78.22,78.22,0
MCHP,2026-09-30 05:20:00-04:00,78.22,78.22,78.22,78.22,0
MCHP,2026-09-30 05:25:00-04:00,78.22,78.22,78.22,78.22,0
MCHP,2026-09-30 05:30:00-04:00,78.22,78.22,78.22,78.22,0
MCHP,2026-09-30 05:35:00-04:00,78.22,78.22,78.22,78.22,0
MCHP,2026-09-30 05:40:00-04:00,78.22,78.22,78.22,78.22,0
MCHP,2026-09-30 05:45:00-04:00,78.22,78.22,78.22,78.22,0
MCHP,2026-09-30 05:50:00-04:00,78.22,78.22,78.22,78.22,0
MCHP,2026-09-30 05:55:00-04:00,78.22,78.22,78.22,78.22,0
MCHP,2026-09-30 06:00:00-04:00,78.22,78.22,78.22,78.22,0
MCHP,2026-09-30 06:05:00-04:00,78.64,78.64,78.64,78.64,1
MCHP,2026-09-30 06:10:00-04:00,78.57,78.57,78.57,78.57,1
MCHP,2026-09-30 06:15:00-04:00,78.57,78.57,78.57,78.57,0
MCHP,2026-09-30 06:20:00-04:00,78.74,78.74,78.74,78.74,1
MCHP,2026-09-30 06:25:00-04:00,78.77,78.77,78.77,78.77,1
MCHP,2026-09-30 06:30:00-04:00,78.77,78.77,78.77,78.77,0
MCHP,2026-09-30 06:35:00-04:00,78.77,78.77,78.77,78.77,0
MCHP,2026-09-30 06:40:00-04:00,78.77,78.77,78.77,78.77,0
MCHP,2026-09-30 06:45:00-04:00,78.77,78.77,78.77,78.77,0
MCHP,2026-09-30 06:50:00-04:00,78.77,78.77,78.77,78.77,0
MCHP,2026-09-30 06:55:00-04:00,78.77,78.77,78.77,78.77,0
MCHP,2026-09-30 07:00:00-04:00,78.69,78.85,78.69,78.85,3
MCHP,2026-09-30 07:05:00-04:00,78.85,78.85,78.85,78.85,0
MCHP,2026-09-30 07:10:00-04:00,78.85,78.85,78.85,78.85,0
MCHP,2026-09-30 07:15:00-04:00,78.85,78.85,78.85,78.85,0
MCHP,2026-09-30 07:20:00-04:00,78.85,78.85,78.85,78.85,0
MCHP,2026-09-30 07:25:00-04:00,78.85,78.85,78.85,78.85,0
MCHP,2026-09-30 07:30:00-04:00,78.5,78.5,78.5,78.5,5
MCHP,2026-09-30 07:35:00-04:00,78.5,78.5,78.5,78.5,0
MCHP,2026-09-30 07:40:00-04:00,78.5,78.5,78.5,78.5,0
MCHP,2026-09-30 07:45:00-04:00,78.5,78.5,78.5,78.5,0
MCHP,2026-09-30 07:50:00-04:00,78.48,78.48,78.48,78.48,1
MCHP,2026-09-30 07:55:00-04:00,78.48,78.48,78.48,78.48,0
MCHP,2026-09-30 08:00:00-04:00,78.48,78.48,78.48,78.48,0
MCHP,2026-09-30 08:05:00-04:00,78.48,78.48,78.48,78.48,0
MCHP,2026-09-30 08:10:00-04:00,78.48,78.48,78.48,78.48,0
MCHP,2026-09-30 08:15:00-04:00,78.0,78.0,78.0,78.0,1
MCHP,2026-09-30 08:20:00-04:00,78.0,78.0,78.0,78.0,0
MCHP,2026-09-30 08:25:00-04:00,78.39,78.39,78.39,78.39,1
MCHP,2026-09-30 08:30:00-04:00,78.39,78.39,78.39,78.39,0
MCHP,2026-09-30 08:35:00-04:00,78.78,79.5,78.78,79.5,25
MCHP,2026-09-30 08:40:00-04:00,79.5,79.5,79.5,79.5,0
MCHP,2026-09-30 08:45:00-04:00,79.5,79.5,79.5,79.5,0
MCHP,2026-09-30 08:50:00-04:00,79.5,79.5,79.5,79.5,0
MCHP,2026-09-30 08:55:00-04:00,79.5,79.5,79.5,79.5,0
MCHP,2026-09-30 09:00:00-04:00,79.5,79.5,79.5,79.5,0
MCHP,2026-09-30 09:05:00-04:00,79.5,79.5,79.5,79.5,0
MCHP,2026-09-30 09:10:00-04:00,79.5,79.5,79.5,79.5,0
MCHP,2026-09-30 09:15:00-04:00,78.98,78.98,78.98,78.98,2
MCHP,2026-09-30 09:20:00-04:00,78.95,78.95,78.95,78.95,1
MCHP,2026-09-30 09:25:00-04:00,78.95,78.95,78.95,78.95,0
MCHP,2026-09-30 09:30:00-04:00,79.07,79.65,78.84,79.25,537
MCHP,2026-09-30 09:35:00-04:00,79.24,79.6,79.01,79.41,210
MCHP,2026-09-30 09:40:00-04:00,79.36,79.44,79.09,79.2,155
MCHP,2026-09-30 09:45:00-04:00,79.2,79.47,79.06,79.06,226
MCHP,2026-09-30 09:50:00-04:00,79.1,79.1,78.74,78.8,181
ONDS,2026-09-28 04:00:00-04:00,7.52,7.56,7.49,7.51,1170
ONDS,2026-09-28 04:05:00-04:00,7.51,7.57,7.5,7.51,79
ONDS,2026-09-28 04:10:00-04:00,7.51,7.52,7.51,7.52,29
ONDS,2026-09-28 04:15:00-04:00,7.54,7.54,7.53,7.54,17
ONDS,2026-09-28 04:20:00-04:00,7.5304,7.5304,7.53,7.53,27
ONDS,2026-09-28 04:25:00-04:00,7.53,7.53,7.52,7.53,10
ONDS,2026-09-28 04:30:00-04:00,7.53,7.53,7.53,7.53,0
ONDS,2026-09-28 04:35:00-04:00,7.52,7.53,7.52,7.52,96
ONDS,2026-09-28 04:40:00-04:00,7.52,7.53,7.51,7.53,127
ONDS,2026-09-28 04:45:00-04:00,7.53,7.53,7.52,7.52,9
ONDS,2026-09-28 04:50:00-04:00,7.5204,7.5204,7.52,7.52,102
ONDS,2026-09-28 04:55:00-04:00,7.52,7.53,7.52,7.53,23
ONDS,2026-09-28 05:00:00-04:00,7.53,7.53,7.52,7.52,20
ONDS,2026-09-28 05:05:00-04:00,7.5206,7.5206,7.52,7.52,35
ONDS,2026-09-28 05:10:00-04:00,7.52,7.52,7.52,7.52,22
ONDS,2026-09-28 05:15:00-04:00,7.52,7.52,7.51,7.51,18
ONDS,2026-09-28 05:20:00-04:00,7.51,7.51,7.51,7.51,0
ONDS,2026-09-28 05:25:00-04:00,7.53,7.53,7.52,7.52,4
ONDS,2026-09-28 05:30:00-04:00,7.52,7.52,7.52,7.52,0
ONDS,2026-09-28 05:35:00-04:00,7.51,7.5104,7.51,7.5104,4
ONDS,2026-09-28 05:40:00-04:00,7.51,7.52,7.51,7.52,18
ONDS,2026-09-28 05:45:00-04:00,7.52,7.52,7.52,7.52,2
ONDS,2026-09-28 05:50:00-04:00,7.52,7.54,7.52,7.53,143
ONDS,2026-09-28 05:55:00-04:00,7.5306,7.54,7.53,7.54,14
ONDS,2026-09-28 06:00:00-04:00,7.54,7.5606,7.54,7.5606,287
ONDS,2026-09-28 06:05:00-04:00,7.57,7.57,7.54,7.55,28
ONDS,2026-09-28 06:10:00-04:00,7.56,7.56,7.56,7.56,1
ONDS,2026-09-28 06:15:00-04:00,7.53,7.53,7.53,7.53,31
ONDS,2026-09-28 06:20:00-04:00,7.53,7.53,7.53,7.53,0
ONDS,2026-09-28 06:25:00-04:00,7.541,7.5505,7.541,7.5505,8
ONDS,2026-09-28 06:30:00-04:00,7.5599,7.57,7.5599,7.57,50
ONDS,2026-09-28 06:35:00-04:00,7.56,7.5606,7.5598,7.5598,22
ONDS,2026-09-28 06:40:00-04:00,7.56,7.56,7.55,7.5502,13
ONDS,2026-09-28 06:45:00-04:00,7.5502,7.5502,7.5502,7.5502,0
ONDS,2026-09-28 06:50:00-04:00,7.57,7.6,7.57,7.58,95
ONDS,2026-09-28 06:55:00-04:00,7.58,7.58,7.57,7.57,9
ONDS,2026-09-28 07:00:00-04:00,7.57,7.6,7.56,7.58,436
ONDS,2026-09-28 07:05:00-04:00,7.57,7.58,7.56,7.57,90
ONDS,2026-09-28 07:10:00-04:00,7.5694,7.57,7.56,7.56,214
ONDS,2026-09-28 07:15:00-04:00,7.56,7.57,7.56,7.57,32
ONDS,2026-09-28 07:20:00-04:00,7.5673,7.5673,7.54,7.5559,318
ONDS,2026-09-28 07:25:00-04:00,7.556,7.58,7.55,7.5703,151
ONDS,2026-09-28 07:30:00-04:00,7.58,7.58,7.56,7.56,105
ONDS,2026-09-28 07:35:00-04:00,7.5631,7.5795,7.56,7.57,295
ONDS,2026-09-28 07:40:00-04:00,7.5696,7.57,7.5696,7.57,35
ONDS,2026-09-28 07:45:00-04:00,7.5615,7.57,7.56,7.56,97
ONDS,2026-09-28 07:50:00-04:00,7.56,7.5799,7.56,7.5799,56
ONDS,2026-09-28 07:55:00-04:00,7.5704,7.58,7.57,7.57,147
ONDS,2026-09-28 08:00:00-04:00,7.57,7.6,7.56,7.6,216
ONDS,2026-09-28 08:05:00-04:00,7.5927,7.62,7.59,7.5973,164
ONDS,2026-09-28 08:10:00-04:00,7.5997,7.6,7.59,7.5985,50
ONDS,2026-09-28 08:15:00-04:00,7.5997,7.62,7.5907,7.62,38
ONDS,2026-09-28 08:20:00-04:00,7.62,7.625,7.5902,7.6,150
ONDS,2026-09-28 08:25:00-04:00,7.6,7.627,7.5915,7.6048,89
ONDS,2026-09-28 08:30:00-04:00,7.62,7.62,7.6,7.6199,124
ONDS,2026-09-28 08:35:00-04:00,7.6115,7.62,7.61,7.6194,312
ONDS,2026-09-28 08:40:00-04:00,7.612,7.63,7.61,7.63,178
ONDS,2026-09-28 08:45:00-04:00,7.6285,7.63,7.62,7.63,66
ONDS,2026-09-28 08:50:00-04:00,7.625,7.63,7.6185,7.6185,435
ONDS,2026-09-28 08:55:00-04:00,7.62,7.63,7.61,7.63,321
ONDS,2026-09-28 09:00:00-04:00,7.6298,7.6298,7.58,7.59,212
ONDS,2026-09-28 09:05:00-04:00,7.58,7.59,7.58,7.5894,102
ONDS,2026-09-28 09:10:00-04:00,7.5897,7.62,7.58,7.59,272
ONDS,2026-09-28 09:15:00-04:00,7.58,7.61,7.58,7.5901,310
ONDS,2026-09-28 09:20:00-04:00,7.59,7.6,7.58,7.59,104
ONDS,2026-09-28 09:25:00-04:00,7.58,7.59,7.5,7.52,359
ONDS,2026-09-28 09:30:00-04:00,7.53,7.605,7.44,7.555,17529
ONDS,2026-09-28 09:35:00-04:00,7.5511,7.5999,7.505,7.595,3649
ONDS,2026-09-28 09:40:00-04:00,7.595,7.62,7.525,7.545,3841
ONDS,2026-09-28 09:45:00-04:00,7.545,7.55,7.5,7.535,5008
ONDS,2026-09-28 09:50:00-04:00,7.533,7.58,7.5,7.58,4624
ONDS,2026-09-28 09:55:00-04:00,7.579,7.65,7.5732,7.6314,6016
ONDS,2026-09-28 10:00:00-04:00,7.635,7.69,7.58,7.635,7719
ONDS,2026-09-28 10:05:00-04:00,7.635,7.68,7.6,7.675,5068
ONDS,2026-09-28 10:10:00-04:00,7.675,7.675,7.59,7.615,4951
ONDS,2026-09-28 10:15:00-04:00,7.615,7.63,7.61,7.6251,5798
ONDS,2026-09-28 10:20:00-04:00,7.62,7.675,7.62,7.645,4294
ONDS,2026-09-28 10:25:00-04:00,7.65,7.66,7.63,7.645,4868
ONDS,2026-09-28 10:30:00-04:00,7.645,7.65,7.61,7.6236,8028
ONDS,2026-09-28 10:35:00-04:00,7.625,7.625,7.55,7.555,9418
ONDS,2026-09-28 10:40:00-04:00,7.555,7.575,7.5,7.5065,12568
ONDS,2026-09-28 10:45:00-04:00,7.507,7.54,7.48,7.535,14309
ONDS,2026-09-28 10:50:00-04:00,7.535,7.5899,7.53,7.585,16885
ONDS,2026-09-28 10:55:00-04:00,7.58,7.61,7.56,7.5801,8993
ONDS,2026-09-28 11:00:00-04:00,7.585,7.6068,7.58,7.5905,5238
ONDS,2026-09-28 11:05:00-04:00,7.595,7.615,7.575,7.615,7745
ONDS,2026-09-28 11:10:00-04:00,7.615,7.63,7.5701,7.575,5837
ONDS,2026-09-28 11:15:00-04:00,7.572,7.58,7.54,7.545,4059
ONDS,2026-09-28 11:20:00-04:00,7.545,7.5997,7.53,7.595,14605
ONDS,2026-09-28 11:25:00-04:00,7.595,7.62,7.59,7.605,8171
ONDS,2026-09-28 11:30:00-04:00,7.605,7.6297,7.58,7.595,4441
ONDS,2026-09-28 11:35:00-04:00,7.59,7.65,7.59,7.645,12741
ONDS,2026-09-28 11:40:00-04:00,7.6414,7.65,7.62,7.625,5044
ONDS,2026-09-28 11:45:00-04:00,7.6222,7.66,7.62,7.66,5093
ONDS,2026-09-28 11:50:00-04:00,7.66,7.66,7.63,7.645,4114
ONDS,2026-09-28 11:55:00-04:00,7.645,7.6699,7.63,7.655,5676
ONDS,2026-09-28 12:00:00-04:00,7.6533,7.67,7.62,7.625,4131
ONDS,2026-09-28 12:05:00-04:00,7.625,7.64,7.62,7.635,5696
ONDS,2026-09-28 12:10:00-04:00,7.635,7.65,7.61,7.615,5170
ONDS,2026-09-28 12:15:00-04:00,7.615,7.6899,7.61,7.6693,9220
ONDS,2026-09-28 12:20:00-04:00,7.665,7.71,7.66,7.675,10954
ONDS,2026-09-28 12:25:00-04:00,7.6777,7.73,7.67,7.716,8385
ONDS,2026-09-28 12:30:00-04:00,7.7135,7.725,7.68,7.6901,7203
ONDS,2026-09-28 12:35:00-04:00,7.7,7.7,7.67,7.685,4565
ONDS,2026-09-28 12:40:00-04:00,7.685,7.69,7.6601,7.665,1989
ONDS,2026-09-28 12:45:00-04:00,7.665,7.7059,7.66,7.6982,9777
ONDS,2026-09-28 12:50:00-04:00,7.7,7.7,7.6701,7.695,5973
ONDS,2026-09-28 12:55:00-04:00,7.695,7.7,7.68,7.68,6196
ONDS,2026-09-28 13:00:00-04:00,7.685,7.685,7.66,7.67,2090
ONDS,2026-09-28 13:05:00-04:00,7.6601,7.7071,7.66,7.68,4786
ONDS,2026-09-28 13:10:00-04:00,7.685,7.77,7.68,7.765,8000
ONDS,2026-09-28 13:15:00-04:00,7.7686,7.8,7.75,7.765,8825
ONDS,2026-09-28 13:20:00-04:00,7.77,7.78,7.75,7.7705,6638
ONDS,2026-09-28 13:25:00-04:00,7.7718,7.78,7.76,7.775,4949
ONDS,2026-09-28 13:30:00-04:00,7.775,7.79,7.77,7.77,3661
ONDS,2026-09-28 13:35:00-04:00,7.77,7.78,7.75,7.755,4727
ONDS,2026-09-28 13:40:00-04:00,7.755,7.7565,7.731,7.745,4570
ONDS,2026-09-28 13:45:00-04:00,7.745,7.7551,7.74,7.74,3800
ONDS,2026-09-28 13:50:00-04:00,7.74,7.75,7.72,7.7201,2105
ONDS,2026-09-28 13:55:00-04:00,7.73,7.7699,7.72,7.76,4565
ONDS,2026-09-28 14:00:00-04:00,7.75,7.76,7.73,7.745,6465
ONDS,2026-09-28 14:05:00-04:00,7.745,7.755,7.74,7.755,3097
ONDS,2026-09-28 14:10:00-04:00,7.755,7.76,7.74,7.7588,8275
ONDS,2026-09-28 14:15:00-04:00,7.755,7.765,7.74,7.755,4629
ONDS,2026-09-28 14:20:00-04:00,7.755,7.76,7.73,7.745,4495
ONDS,2026-09-28 14:25:00-04:00,7.74,7.76,7.74,7.76,3510
ONDS,2026-09-28 14:30:00-04:00,7.755,7.78,7.75,7.775,5708
ONDS,2026-09-28 14:35:00-04:00,7.7718,7.79,7.76,7.765,6405
ONDS,2026-09-28 14:40:00-04:00,7.7632,7.78,7.76,7.765,2462
ONDS,2026-09-28 14:45:00-04:00,7.765,7.77,7.74,7.765,2296
ONDS,2026-09-28 14:50:00-04:00,7.7698,7.77,7.75,7.77,2983
ONDS,2026-09-28 14:55:00-04:00,7.7699,7.77,7.76,7.76,1883
ONDS,2026-09-28 15:00:00-04:00,7.762,7.7661,7.735,7.745,2337
ONDS,2026-09-28 15:05:00-04:00,7.74,7.75,7.7,7.715,6907
ONDS,2026-09-28 15:10:00-04:00,7.715,7.72,7.69,7.695,2062
ONDS,2026-09-28 15:15:00-04:00,7.6964,7.72,7.68,7.69,8718
ONDS,2026-09-28 15:20:00-04:00,7.69,7.7299,7.68,7.725,8301
ONDS,2026-09-28 15:25:00-04:00,7.725,7.73,7.69,7.69,3563
ONDS,2026-09-28 15:30:00-04:00,7.695,7.71,7.675,7.685,6625
ONDS,2026-09-28 15:35:00-04:00,7.6805,7.69,7.66,7.665,3972
ONDS,2026-09-28 15:40:00-04:00,7.665,7.665,7.64,7.66,6211
ONDS,2026-09-28 15:45:00-04:00,7.652,7.66,7.64,7.6423,5990
ONDS,2026-09-28 15:50:00-04:00,7.65,7.68,7.64,7.678,5889
ONDS,2026-09-28 15:55:00-04:00,7.675,7.71,7.6532,7.695,12904
ONDS,2026-09-28 16:00:00-04:00,7.69,7.71,7.68,7.71,14008
ONDS,2026-09-28 16:05:00-04:00,7.709,7.72,7.6906,7.6906,519
ONDS,2026-09-28 16:10:00-04:00,7.6906,7.7,7.69,7.7,87
ONDS,2026-09-28 16:15:00-04:00,7.69,7.7,7.69,7.7,36
ONDS,2026-09-28 16:20:00-04:00,7.6902,7.7,7.6803,7.6803,328
ONDS,2026-09-28 16:25:00-04:00,7.68,7.69,7.68,7.6801,221
ONDS,2026-09-28 16:30:00-04:00,7.685,7.69,7.68,7.69,57
ONDS,2026-09-28 16:35:00-04:00,7.6915,7.699,7.6915,7.6985,28
ONDS,2026-09-28 16:40:00-04:00,7.7,7.7,7.68,7.68,62
ONDS,2026-09-28 16:45:00-04:00,7.7,7.7,7.68,7.69,30
ONDS,2026-09-28 16:50:00-04:00,7.6985,7.6985,7.6985,7.6985,1
ONDS,2026-09-28 16:55:00-04:00,7.6995,7.71,7.69,7.7,137
ONDS,2026-09-28 17:00:00-04:00,7.71,7.71,7.69,7.69,8
ONDS,2026-09-28 17:05:00-04:00,7.6831,7.6831,7.6807,7.6807,3
ONDS,2026-09-28 17:10:00-04:00,7.6969,7.6994,7.69,7.6994,34
ONDS,2026-09-28 17:15:00-04:00,7.69,7.7,7.69,7.7,85
ONDS,2026-09-28 17:20:00-04:00,7.6839,7.7,7.68,7.68,36
ONDS,2026-09-28 17:25:00-04:00,7.7,7.7,7.68,7.69,50
ONDS,2026-09-28 17:30:00-04:00,7.6902,7.6993,7.69,7.6908,55
ONDS,2026-09-28 17:35:00-04:00,7.6908,7.75,7.69,7.7499,142
ONDS,2026-09-28 17:40:00-04:00,7.74,7.7421,7.72,7.7369,110
ONDS,2026-09-28 17:45:00-04:00,7.73,7.73,7.72,7.72,42
ONDS,2026-09-28 17:50:00-04:00,7.7,7.72,7.7,7.7,36
ONDS,2026-09-28 17:55:00-04:00,7.72,7.74,7.7,7.701,160
ONDS,2026-09-28 18:00:00-04:00,7.7398,7.74,7.71,7.74,214
ONDS,2026-09-28 18:05:00-04:00,7.72,7.74,7.72,7.72,150
ONDS,2026-09-28 18:10:00-04:00,7.739,7.74,7.7299,7.7299,111
ONDS,2026-09-28 18:15:00-04:00,7.73,7.73,7.73,7.73,4
ONDS,2026-09-28 18:20:00-04:00,7.735,7.74,7.72,7.721,68
ONDS,2026-09-28 18:25:00-04:00,7.73,7.74,7.73,7.7399,12
ONDS,2026-09-28 18:30:00-04:00,7.74,7.74,7.73,7.74,24
ONDS,2026-09-28 18:35:00-04:00,7.7301,7.74,7.7301,7.74,18
ONDS,2026-09-28 18:40:00-04:00,7.74,7.74,7.69,7.73,147
ONDS,2026-09-28 18:45:00-04:00,7.73,7.73,7.72,7.73,105
ONDS,2026-09-28 18:50:00-04:00,7.73,7.73,7.73,7.73,100
ONDS,2026-09-28 18:55:00-04:00,7.71,7.71,7.7,7.7,309
ONDS,2026-09-28 19:00:00-04:00,7.7101,7.7101,7.7,7.71,39
ONDS,2026-09-28 19:05:00-04:00,7.7,7.73,7.7,7.7,25
ONDS,2026-09-28 19:10:00-04:00,7.7194,7.7194,7.715,7.715,29
ONDS,2026-09-28 19:15:00-04:00,7.7115,7.7115,7.7115,7.7115,1
ONDS,2026-09-28 19:20:00-04:00,7.71,7.72,7.71,7.72,5
ONDS,2026-09-28 19:25:00-04:00,7.71,7.72,7.71,7.72,20
ONDS,2026-09-28 19:30:00-04:00,7.71,7.72,7.71,7.72,15
ONDS,2026-09-28 19:35:00-04:00,7.71,7.72,7.71,7.72,20
ONDS,2026-09-28 19:40:00-04:00,7.72,7.72,7.7198,7.7198,20
ONDS,2026-09-28 19:45:00-04:00,7.71,7.71,7.7,7.7,68
ONDS,2026-09-28 19:50:00-04:00,7.71,7.71,7.7,7.7099,42
ONDS,2026-09-28 19:55:00-04:00,7.71,7.71,7.705,7.71,39
ONDS,2026-09-29 04:00:00-04:00,7.71,7.75,7.64,7.75,452
ONDS,2026-09-29 04:05:00-04:00,7.75,7.75,7.64,7.74,47
ONDS,2026-09-29 04:10:00-04:00,7.75,7.75,7.74,7.7403,24
ONDS,2026-09-29 04:15:00-04:00,7.74,7.74,7.74,7.74,2
ONDS,2026-09-29 04:20:00-04:00,7.74,7.74,7.74,7.74,13
ONDS,2026-09-29 04:25:00-04:00,7.75,7.76,7.74,7.76,67
ONDS,2026-09-29 04:30:00-04:00,7.74,7.75,7.74,7.75,22
ONDS,2026-09-29 04:35:00-04:00,7.75,7.75,7.741,7.741,27
ONDS,2026-09-29 04:40:00-04:00,7.74,7.74,7.73,7.73,8
ONDS,2026-09-29 04:45:00-04:00,7.74,7.74,7.74,7.74,20
ONDS,2026-09-29 04:50:00-04:00,7.74,7.75,7.74,7.75,39
ONDS,2026-09-29 04:55:00-04:00,7.75,7.75,7.75,7.75,0
ONDS,2026-09-29 05:00:00-04:00,7.76,7.76,7.74,7.74,12
ONDS,2026-09-29 05:05:00-04:00,7.74,7.74,7.74,7.74,1
ONDS,2026-09-29 05:10:00-04:00,7.75,7.75,7.75,7.75,5
ONDS,2026-09-29 05:15:00-04:00,7.74,7.74,7.7394,7.74,58
ONDS,2026-09-29 05:20:00-04:00,7.74,7.74,7.74,7.74,3
ONDS,2026-09-29 05:25:00-04:00,7.74,7.74,7.74,7.74,4
ONDS,2026-09-29 05:30:00-04:00,7.73,7.73,7.73,7.73,19
ONDS,2026-09-29 05:35:00-04:00,7.73,7.7305,7.73,7.7305,10
ONDS,2026-09-29 05:40:00-04:00,7.7303,7.7303,7.7301,7.7301,5
ONDS,2026-09-29 05:45:00-04:00,7.74,7.74,7.735,7.74,27
ONDS,2026-09-29 05:50:00-04:00,7.73,7.73,7.73,7.73,41
ONDS,2026-09-29 05:55:00-04:00,7.73,7.74,7.72,7.72,16
ONDS,2026-09-29 06:00:00-04:00,7.7373,7.7373,7.7373,7.7373,1
ONDS,2026-09-29 06:05:00-04:00,7.7373,7.7373,7.7373,7.7373,0
ONDS,2026-09-29 06:10:00-04:00,7.7373,7.7373,7.7373,7.7373,0
ONDS,2026-09-29 06:15:00-04:00,7.7373,7.7373,7.7373,7.7373,0
ONDS,2026-09-29 06:20:00-04:00,7.74,7.75,7.74,7.74,5
ONDS,2026-09-29 06:25:00-04:00,7.74,7.74,7.73,7.73,7
ONDS,2026-09-29 06:30:00-04:00,7.75,7.75,7.75,7.75,9
ONDS,2026-09-29 06:35:00-04:00,7.74,7.7594,7.73,7.73,12
ONDS,2026-09-29 06:40:00-04:00,7.75,7.75,7.75,7.75,226
ONDS,2026-09-29 06:45:00-04:00,7.75,7.77,7.75,7.77,39
ONDS,2026-09-29 06:50:00-04:00,7.77,7.77,7.753,7.7652,8
ONDS,2026-09-29 06:55:00-04:00,7.76,7.78,7.76,7.78,44
ONDS,2026-09-29 07:00:00-04:00,7.77,7.81,7.77,7.81,605
ONDS,2026-09-29 07:05:00-04:00,7.8006,7.82,7.8,7.81,249
ONDS,2026-09-29 07:10:00-04:00,7.79,7.8,7.7831,7.79,207
ONDS,2026-09-29 07:15:00-04:00,7.79,7.8,7.78,7.792,227
ONDS,2026-09-29 07:20:00-04:00,7.792,7.82,7.792,7.8174,212
ONDS,2026-09-29 07:25:00-04:00,7.8175,7.83,7.815,7.8206,58
ONDS,2026-09-29 07:30:00-04:00,7.8201,7.83,7.82,7.8285,116
ONDS,2026-09-29 07:35:00-04:00,7.82,7.83,7.82,7.8202,69
ONDS,2026-09-29 07:40:00-04:00,7.82,7.8299,7.82,7.822,14
ONDS,2026-09-29 07:45:00-04:00,7.8294,7.83,7.8031,7.83,281
ONDS,2026-09-29 07:50:00-04:00,7.84,7.85,7.83,7.83,163
ONDS,2026-09-29 07:55:00-04:00,7.8305,7.8395,7.82,7.8296,69
ONDS,2026-09-29 08:00:00-04:00,7.83,7.84,7.82,7.8301,29
ONDS,2026-09-29 08:05:00-04:00,7.8375,7.85,7.83,7.8404,89
ONDS,2026-09-29 08:10:00-04:00,7.84,7.85,7.84,7.8403,37
ONDS,2026-09-29 08:15:00-04:00,7.85,7.85,7.84,7.8496,255
ONDS,2026-09-29 08:20:00-04:00,7.85,7.85,7.8394,7.8394,160
ONDS,2026-09-29 08:25:00-04:00,7.8327,7.85,7.83,7.8304,244
ONDS,2026-09-29 08:30:00-04:00,7.8385,7.84,7.82,7.8206,40
ONDS,2026-09-29 08:35:00-04:00,7.8239,7.84,7.8239,7.84,164
ONDS,2026-09-29 08:40:00-04:00,7.83,7.89,7.83,7.8895,592
ONDS,2026-09-29 08:45:00-04:00,7.89,7.89,7.875,7.89,581
ONDS,2026-09-29 08:50:00-04:00,7.89,7.9003,7.88,7.9003,1121
ONDS,2026-09-29 08:55:00-04:00,7.9094,7.91,7.9,7.9094,284
ONDS,2026-09-29 09:00:00-04:00,7.902,7.91,7.9,7.91,240
ONDS,2026-09-29 09:05:00-04:00,7.902,7.9095,7.89,7.9,221
ONDS,2026-09-29 09:10:00-04:00,7.9,7.9,7.89,7.9,560
ONDS,2026-09-29 09:15:00-04:00,7.9,7.92,7.89,7.9115,974
ONDS,2026-09-29 09:20:00-04:00,7.91,7.95,7.91,7.93,226
ONDS,2026-09-29 09:25:00-04:00,7.93,7.95,7.89,7.9,450
ONDS,2026-09-29 09:30:00-04:00,7.915,7.915,7.73,7.741,11495
ONDS,2026-09-29 09:35:00-04:00,7.7475,7.78,7.7,7.76,6868
ONDS,2026-09-29 09:40:00-04:00,7.75,7.86,7.75,7.7704,8459
ONDS,2026-09-29 09:45:00-04:00,7.775,7.825,7.7601,7.795,5097
ONDS,2026-09-29 09:50:00-04:00,7.8,7.81,7.7105,7.7167,6317
ONDS,2026-09-29 09:55:00-04:00,7.715,7.725,7.65,7.6599,9255
ONDS,2026-09-29 10:00:00-04:00,7.655,7.68,7.55,7.55,16379
ONDS,2026-09-29 10:05:00-04:00,7.555,7.58,7.51,7.5315,11362
ONDS,2026-09-29 10:10:00-04:00,7.5303,7.55,7.52,7.525,7427
ONDS,2026-09-29 10:15:00-04:00,7.5201,7.54,7.5,7.54,8882
ONDS,2026-09-29 10:20:00-04:00,7.535,7.59,7.51,7.5899,10178
ONDS,2026-09-29 10:25:00-04:00,7.585,7.68,7.5814,7.6435,15753
ONDS,2026-09-29 10:30:00-04:00,7.64,7.66,7.6336,7.645,9380
ONDS,2026-09-29 10:35:00-04:00,7.645,7.645,7.6,7.6,7259
ONDS,2026-09-29 10:40:00-04:00,7.605,7.6299,7.58,7.615,8578
ONDS,2026-09-29 10:45:00-04:00,7.615,7.62,7.575,7.6,8265
ONDS,2026-09-29 10:50:00-04:00,7.6001,7.6091,7.57,7.5896,7840
ONDS,2026-09-29 10:55:00-04:00,7.585,7.63,7.57,7.5784,9176
ONDS,2026-09-29 11:00:00-04:00,7.57,7.6,7.54,7.585,9984
ONDS,2026-09-29 11:05:00-04:00,7.59,7.62,7.58,7.605,5360
ONDS,2026-09-29 11:10:00-04:00,7.605,7.62,7.59,7.595,4329
ONDS,2026-09-29 11:15:00-04:00,7.595,7.61,7.57,7.57,4489
ONDS,2026-09-29 11:20:00-04:00,7.575,7.58,7.55,7.555,5200
ONDS,2026-09-29 11:25:00-04:00,7.555,7.5699,7.54,7.565,5856
ONDS,2026-09-29 11:30:00-04:00,7.56,7.57,7.54,7.54,5832
ONDS,2026-09-29 11:35:00-04:00,7.55,7.56,7.51,7.52,8198
ONDS,2026-09-29 11:40:00-04:00,7.5199,7.54,7.51,7.535,6900
ONDS,2026-09-29 11:45:00-04:00,7.535,7.57,7.52,7.5484,7023
ONDS,2026-09-29 11:50:00-04:00,7.545,7.55,7.53,7.535,2634
ONDS,2026-09-29 11:55:00-04:00,7.537,7.555,7.53,7.545,3326
ONDS,2026-09-29 12:00:00-04:00,7.5426,7.56,7.53,7.555,3903
ONDS,2026-09-29 12:05:00-04:00,7.555,7.57,7.54,7.57,5252
ONDS,2026-09-29 12:10:00-04:00,7.565,7.57,7.545,7.5501,6362
ONDS,2026-09-29 12:15:00-04:00,7.555,7.57,7.55,7.555,3687
ONDS,2026-09-29 12:20:00-04:00,7.555,7.575,7.55,7.5607,4110
ONDS,2026-09-29 12:25:00-04:00,7.565,7.595,7.564,7.585,4217
ONDS,2026-09-29 12:30:00-04:00,7.585,7.59,7.57,7.575,4986
ONDS,2026-09-29 12:35:00-04:00,7.575,7.59,7.57,7.585,5664
ONDS,2026-09-29 12:40:00-04:00,7.585,7.585,7.54,7.555,3030
ONDS,2026-09-29 12:45:00-04:00,7.55,7.57,7.54,7.565,3961
ONDS,2026-09-29 12:50:00-04:00,7.5601,7.58,7.56,7.565,2008
ONDS,2026-09-29 12:55:00-04:00,7.5671,7.57,7.55,7.565,3421
ONDS,2026-09-29 13:00:00-04:00,7.5658,7.57,7.545,7.545,3255
ONDS,2026-09-29 13:05:00-04:00,7.545,7.57,7.545,7.565,1764
ONDS,2026-09-29 13:10:00-04:00,7.565,7.57,7.555,7.57,1863
ONDS,2026-09-29 13:15:00-04:00,7.57,7.58,7.55,7.565,4781
ONDS,2026-09-29 13:20:00-04:00,7.56,7.58,7.56,7.575,837
ONDS,2026-09-29 13:25:00-04:00,7.57,7.6,7.57,7.59,4572
ONDS,2026-09-29 13:30:00-04:00,7.58,7.58,7.54,7.555,4026
ONDS,2026-09-29 13:35:00-04:00,7.555,7.56,7.54,7.545,3227
ONDS,2026-09-29 13:40:00-04:00,7.545,7.55,7.54,7.545,1532
ONDS,2026-09-29 13:45:00-04:00,7.545,7.5499,7.52,7.525,5673
ONDS,2026-09-29 13:50:00-04:00,7.525,7.53,7.51,7.515,3599
ONDS,2026-09-29 13:55:00-04:00,7.5169,7.53,7.49,7.49,7799
ONDS,2026-09-29 14:00:00-04:00,7.4923,7.535,7.48,7.5,8646
ONDS,2026-09-29 14:05:00-04:00,7.505,7.53,7.5,7.525,5359
ONDS,2026-09-29 14:10:00-04:00,7.5201,7.5201,7.505,7.52,2143
ONDS,2026-09-29 14:15:00-04:00,7.515,7.53,7.5,7.505,2105
ONDS,2026-09-29 14:20:00-04:00,7.505,7.52,7.5,7.505,3872
ONDS,2026-09-29 14:25:00-04:00,7.505,7.52,7.5,7.505,3021
ONDS,2026-09-29 14:30:00-04:00,7.5,7.53,7.49,7.505,4276
ONDS,2026-09-29 14:35:00-04:00,7.504,7.52,7.49,7.5165,4045
ONDS,2026-09-29 14:40:00-04:00,7.51,7.55,7.5,7.505,4556
ONDS,2026-09-29 14:45:00-04:00,7.5,7.5299,7.49,7.515,4404
ONDS,2026-09-29 14:50:00-04:00,7.515,7.52,7.49,7.4934,3655
ONDS,2026-09-29 14:55:00-04:00,7.495,7.5,7.49,7.5,1414
ONDS,2026-09-29 15:00:00-04:00,7.49,7.51,7.48,7.505,4238
ONDS,2026-09-29 15:05:00-04:00,7.505,7.53,7.5,7.5266,4279
ONDS,2026-09-29 15:10:00-04:00,7.525,7.55,7.52,7.55,4127
ONDS,2026-09-29 15:15:00-04:00,7.545,7.55,7.53,7.535,3370
ONDS,2026-09-29 15:20:00-04:00,7.535,7.54,7.52,7.52,1888
ONDS,2026-09-29 15:25:00-04:00,7.5226,7.53,7.51,7.52,5526
ONDS,2026-09-29 15:30:00-04:00,7.515,7.52,7.5,7.5,4215
ONDS,2026-09-29 15:35:00-04:00,7.5,7.51,7.48,7.505,5120
ONDS,2026-09-29 15:40:00-04:00,7.5,7.51,7.48,7.48,2668
ONDS,2026-09-29 15:45:00-04:00,7.485,7.5,7.48,7.485,2351
ONDS,2026-09-29 15:50:00-04:00,7.485,7.49,7.47,7.485,8056
ONDS,2026-09-29 15:55:00-04:00,7.48,7.51,7.475,7.49,13016
ONDS,2026-09-29 16:00:00-04:00,7.48,7.49,7.47,7.47,19843
ONDS,2026-09-29 16:05:00-04:00,7.47,7.4769,7.44,7.46,1226
ONDS,2026-09-29 16:10:00-04:00,7.4631,7.48,7.4631,7.48,35
ONDS,2026-09-29 16:15:00-04:00,7.48,7.48,7.47,7.48,61
ONDS,2026-09-29 16:20:00-04:00,7.48,7.48,7.47,7.4793,46
ONDS,2026-09-29 16:25:00-04:00,7.47,7.48,7.47,7.48,158
ONDS,2026-09-29 16:30:00-04:00,7.47,7.4764,7.47,7.4709,9
ONDS,2026-09-29 16:35:00-04:00,7.47,7.48,7.47,7.4701,66
ONDS,2026-09-29 16:40:00-04:00,7.47,7.4989,7.47,7.4985,65
ONDS,2026-09-29 16:45:00-04:00,7.5,7.5,7.482,7.5,190
ONDS,2026-09-29 16:50:00-04:00,7.4915,7.5,7.4915,7.5,21
ONDS,2026-09-29 16:55:00-04:00,7.49,7.5,7.48,7.4885,273
ONDS,2026-09-29 17:00:00-04:00,7.47,7.49,7.47,7.4899,43
ONDS,2026-09-29 17:05:00-04:00,7.4815,7.4815,7.48,7.48,43
ONDS,2026-09-29 17:10:00-04:00,7.4894,7.49,7.48,7.4894,29
ONDS,2026-09-29 17:15:00-04:00,7.4807,7.49,7.4807,7.4897,40
ONDS,2026-09-29 17:20:00-04:00,7.4893,7.4899,7.48,7.4807,13
ONDS,2026-09-29 17:25:00-04:00,7.49,7.49,7.4885,7.49,174
ONDS,2026-09-29 17:30:00-04:00,7.4895,7.5,7.4895,7.492,146
ONDS,2026-09-29 17:35:00-04:00,7.4985,7.5,7.4985,7.5,31
ONDS,2026-09-29 17:40:00-04:00,7.5,7.5,7.49,7.4985,14
ONDS,2026-09-29 17:45:00-04:00,7.495,7.5,7.48,7.4984,32
ONDS,2026-09-29 17:50:00-04:00,7.5,7.5,7.4899,7.4899,10
ONDS,2026-09-29 17:55:00-04:00,7.48,7.49,7.47,7.49,89
ONDS,2026-09-29 18:00:00-04:00,7.49,7.49,7.47,7.47,16
ONDS,2026-09-29 18:05:00-04:00,7.48,7.48,7.4799,7.4799,4
ONDS,2026-09-29 18:10:00-04:00,7.4899,7.49,7.48,7.49,16
ONDS,2026-09-29 18:15:00-04:00,7.49,7.49,7.488,7.4885,13
ONDS,2026-09-29 18:20:00-04:00,7.49,7.5,7.49,7.49,123
ONDS,2026-09-29 18:25:00-04:00,7.49,7.5,7.485,7.5,194
ONDS,2026-09-29 18:30:00-04:00,7.5,7.5,7.5,7.5,22
ONDS,2026-09-29 18:35:00-04:00,7.5,7.5,7.4998,7.4998,41
ONDS,2026-09-29 18:40:00-04:00,7.5,7.5,7.49,7.4901,107
ONDS,2026-09-29 18:45:00-04:00,7.4999,7.5,7.4999,7.5,19
ONDS,2026-09-29 18:50:00-04:00,7.5,7.5,7.49,7.5,48
ONDS,2026-09-29 18:55:00-04:00,7.4903,7.5,7.49,7.4999,16
ONDS,2026-09-29 19:00:00-04:00,7.4997,7.51,7.49,7.49,27
ONDS,2026-09-29 19:05:00-04:00,7.5,7.5099,7.49,7.49,12
ONDS,2026-09-29 19:10:00-04:00,7.51,7.51,7.5097,7.5097,10
ONDS,2026-09-29 19:15:00-04:00,7.49,7.5,7.49,7.5,54
ONDS,2026-09-29 19:20:00-04:00,7.5,7.5,7.49,7.5,251
ONDS,2026-09-29 19:25:00-04:00,7.5,7.5,7.49,7.5,18
ONDS,2026-09-29 19:30:00-04:00,7.48,7.49,7.475,7.49,112
ONDS,2026-09-29 19:35:00-04:00,7.5,7.5,7.49,7.4999,60
ONDS,2026-09-29 19:40:00-04:00,7.5,7.5099,7.49,7.5,121
ONDS,2026-09-29 19:45:00-04:00,7.51,7.51,7.495,7.495,36
ONDS,2026-09-29 19:50:00-04:00,7.495,7.51,7.495,7.5,22
ONDS,2026-09-29 19:55:00-04:00,7.5,7.51,7.49,7.51,68
ONDS,2026-09-30 04:00:00-04:00,7.52,7.52,7.45,7.519,427
ONDS,2026-09-30 04:05:00-04:00,7.52,7.52,7.47,7.52,71
ONDS,2026-09-30 04:10:00-04:00,7.52,7.52,7.51,7.52,88
ONDS,2026-09-30 04:15:00-04:00,7.53,7.53,7.525,7.53,62
ONDS,2026-09-30 04:20:00-04:00,7.52,7.52,7.52,7.52,7
ONDS,2026-09-30 04:25:00-04:00,7.52,7.52,7.52,7.52,0
ONDS,2026-09-30 04:30:00-04:00,7.51,7.515,7.5,7.5,40
ONDS,2026-09-30 04:35:00-04:00,7.51,7.51,7.51,7.51,8
ONDS,2026-09-30 04:40:00-04:00,7.51,7.51,7.51,7.51,3
ONDS,2026-09-30 04:45:00-04:00,7.51,7.515,7.51,7.515,20
ONDS,2026-09-30 04:50:00-04:00,7.515,7.515,7.515,7.515,0
ONDS,2026-09-30 04:55:00-04:00,7.51,7.51,7.49,7.49,28
ONDS,2026-09-30 05:00:00-04:00,7.4804,7.5,7.48,7.5,32
ONDS,2026-09-30 05:05:00-04:00,7.5,7.5,7.5,7.5,0
ONDS,2026-09-30 05:10:00-04:00,7.49,7.4994,7.49,7.49,11
ONDS,2026-09-30 05:15:00-04:00,7.49,7.49,7.49,7.49,0
ONDS,2026-09-30 05:20:00-04:00,7.49,7.49,7.49,7.49,0
ONDS,2026-09-30 05:25:00-04:00,7.495,7.495,7.48,7.48,9
ONDS,2026-09-30 05:30:00-04:00,7.49,7.49,7.49,7.49,61
ONDS,2026-09-30 05:35:00-04:00,7.4901,7.5,7.49,7.49,121
ONDS,2026-09-30 05:40:00-04:00,7.49,7.5,7.48,7.4997,59
ONDS,2026-09-30 05:45:00-04:00,7.5,7.5,7.5,7.5,33
ONDS,2026-09-30 05:50:00-04:00,7.5,7.51,7.5,7.51,16
ONDS,2026-09-30 05:55:00-04:00,7.5001,7.5001,7.48,7.49,131
ONDS,2026-09-30 06:00:00-04:00,7.49,7.5,7.48,7.48,24
ONDS,2026-09-30 06:05:00-04:00,7.49,7.49,7.48,7.48,18
ONDS,2026-09-30 06:10:00-04:00,7.48,7.48,7.47,7.47,10
ONDS,2026-09-30 06:15:00-04:00,7.48,7.48,7.4797,7.4797,22
ONDS,2026-09-30 06:20:00-04:00,7.48,7.48,7.46,7.48,15
ONDS,2026-09-30 06:25:00-04:00,7.47,7.47,7.47,7.47,3
ONDS,2026-09-30 06:30:00-04:00,7.48,7.48,7.48,7.48,49
ONDS,2026-09-30 06:35:00-04:00,7.48,7.48,7.48,7.48,9
ONDS,2026-09-30 06:40:00-04:00,7.48,7.48,7.48,7.48,1
ONDS,2026-09-30 06:45:00-04:00,7.48,7.48,7.48,7.48,2
ONDS,2026-09-30 06:50:00-04:00,7.4706,7.48,7.4706,7.48,4
ONDS,2026-09-30 06:55:00-04:00,7.49,7.49,7.48,7.48,9
ONDS,2026-09-30 07:00:00-04:00,7.485,7.5,7.4606,7.4606,256
ONDS,2026-09-30 07:05:00-04:00,7.465,7.47,7.45,7.45,417
ONDS,2026-09-30 07:10:00-04:00,7.4499,7.4499,7.4,7.41,628
ONDS,2026-09-30 07:15:00-04:00,7.419,7.42,7.41,7.42,75
ONDS,2026-09-30 07:20:00-04:00,7.4185,7.43,7.41,7.43,96
ONDS,2026-09-30 07:25:00-04:00,7.42,7.44,7.41,7.4303,231
ONDS,2026-09-30 07:30:00-04:00,7.43,7.45,7.43,7.4401,57
ONDS,2026-09-30 07:35:00-04:00,7.44,7.46,7.43,7.4515,278
ONDS,2026-09-30 07:40:00-04:00,7.4648,7.469,7.45,7.45,82
ONDS,2026-09-30 07:45:00-04:00,7.46,7.47,7.4503,7.46,187
ONDS,2026-09-30 07:50:00-04:00,7.47,7.47,7.45,7.4602,55
ONDS,2026-09-30 07:55:00-04:00,7.46,7.49,7.46,7.46,403
ONDS,2026-09-30 08:00:00-04:00,7.47,7.48,7.46,7.46,629
ONDS,2026-09-30 08:05:00-04:00,7.4606,7.47,7.46,7.47,286
ONDS,2026-09-30 08:10:00-04:00,7.47,7.47,7.46,7.46,105
ONDS,2026-09-30 08:15:00-04:00,7.46,7.46,7.45,7.46,58
ONDS,2026-09-30 08:20:00-04:00,7.45,7.46,7.45,7.46,212
ONDS,2026-09-30 08:25:00-04:00,7.47,7.47,7.468,7.468,18
ONDS,2026-09-30 08:30:00-04:00,7.5,7.6,7.48,7.5793,1081
ONDS,2026-09-30 08:35:00-04:00,7.564,7.59,7.56,7.5707,410
ONDS,2026-09-30 08:40:00-04:00,7.57,7.59,7.5626,7.57,1126
ONDS,2026-09-30 08:45:00-04:00,7.5785,7.58,7.54,7.5401,278
ONDS,2026-09-30 08:50:00-04:00,7.55,7.5675,7.54,7.5669,207
ONDS,2026-09-30 08:55:00-04:00,7.5694,7.58,7.55,7.572,273
ONDS,2026-09-30 09:00:00-04:00,7.5702,7.5776,7.56,7.56,309
ONDS,2026-09-30 09:05:00-04:00,7.57,7.59,7.56,7.58,804
ONDS,2026-09-30 09:10:00-04:00,7.57,7.58,7.56,7.5604,340
ONDS,2026-09-30 09:15:00-04:00,7.57,7.58,7.56,7.56,106
ONDS,2026-09-30 09:20:00-04:00,7.5585,7.56,7.5,7.5285,482
ONDS,2026-09-30 09:25:00-04:00,7.5296,7.58,7.49,7.5,527
ONDS,2026-09-30 09:30:00-04:00,7.52,7.69,7.49,7.595,14722
ONDS,2026-09-30 09:35:00-04:00,7.5953,7.65,7.56,7.605,7035
ONDS,2026-09-30 09:40:00-04:00,7.6,7.63,7.57,7.605,4123
ONDS,2026-09-30 09:45:00-04:00,7.605,7.61,7.52,7.53,8295
ONDS,2026-09-30 09:50:00-04:00,7.5367,7.605,7.52,7.595,5413
OPRX,2026-09-28 09:30:00-04:00,7.88,7.91,7.69,7.9,38
OPRX,2026-09-28 09:35:00-04:00,7.84,7.84,7.77,7.78,4
OPRX,2026-09-28 09:40:00-04:00,7.78,7.78,7.78,7.78,0
OPRX,2026-09-28 09:45:00-04:00,7.73,7.83,7.73,7.79,23
OPRX,2026-09-28 09:50:00-04:00,7.79,7.79,7.79,7.79,0
OPRX,2026-09-28 09:55:00-04:00,7.78,7.82,7.78,7.8,82
OPRX,2026-09-28 10:00:00-04:00,7.8,7.82,7.8,7.82,2
OPRX,2026-09-28 10:05:00-04:00,7.79,7.9,7.78,7.9,25
OPRX,2026-09-28 10:10:00-04:00,7.95,7.95,7.91,7.91,5
OPRX,2026-09-28 10:15:00-04:00,7.93,7.93,7.92,7.92,5
OPRX,2026-09-28 10:20:00-04:00,7.92,7.92,7.89,7.89,6
OPRX,2026-09-28 10:25:00-04:00,7.9,7.9,7.9,7.9,1
OPRX,2026-09-28 10:30:00-04:00,7.89,7.89,7.88,7.88,2
OPRX,2026-09-28 10:35:00-04:00,7.88,7.89,7.88,7.88,2
OPRX,2026-09-28 10:40:00-04:00,7.88,7.88,7.88,7.88,0
OPRX,2026-09-28 10:45:00-04:00,7.86,7.88,7.86,7.88,2
OPRX,2026-09-28 10:50:00-04:00,7.86,7.86,7.85,7.85,2
OPRX,2026-09-28 10:55:00-04:00,7.85,7.85,7.85,7.85,1
OPRX,2026-09-28 11:00:00-04:00,7.85,7.85,7.85,7.85,0
OPRX,2026-09-28 11:05:00-04:00,7.85,7.85,7.85,7.85,0
OPRX,2026-09-28 11:10:00-04:00,7.87,7.88,7.86,7.88,9
OPRX,2026-09-28 11:15:00-04:00,7.88,7.88,7.87,7.88,1
OPRX,2026-09-28 11:20:00-04:00,7.86,7.86,7.85,7.85,2
OPRX,2026-09-28 11:25:00-04:00,7.85,7.85,7.85,7.85,0
OPRX,2026-09-28 11:30:00-04:00,7.85,7.86,7.85,7.85,3
OPRX,2026-09-28 11:35:00-04:00,7.84,7.84,7.84,7.84,1
OPRX,2026-09-28 11:40:00-04:00,7.84,7.84,7.82,7.82,11
OPRX,2026-09-28 11:45:00-04:00,7.82,7.82,7.82,7.82,3
OPRX,2026-09-28 11:50:00-04:00,7.82,7.82,7.82,7.82,0
OPRX,2026-09-28 11:55:00-04:00,7.82,7.82,7.82,7.82,4
OPRX,2026-09-28 12:00:00-04:00,7.82,7.83,7.82,7.83,5
OPRX,2026-09-28 12:05:00-04:00,7.84,7.88,7.84,7.88,8
OPRX,2026-09-28 12:10:00-04:00,7.88,7.88,7.88,7.88,4
OPRX,2026-09-28 12:15:00-04:00,7.9,7.94,7.9,7.92,10
OPRX,2026-09-28 12:20:00-04:00,7.94,7.95,7.94,7.94,4
OPRX,2026-09-28 12:25:00-04:00,7.96,7.97,7.95,7.96,9
OPRX,2026-09-28 12:30:00-04:00,7.94,7.94,7.94,7.94,1
OPRX,2026-09-28 12:35:00-04:00,7.94,7.94,7.94,7.94,0
OPRX,2026-09-28 12:40:00-04:00,7.88,7.88,7.87,7.88,1
OPRX,2026-09-28 12:45:00-04:00,7.89,7.89,7.88,7.88,2
OPRX,2026-09-28 12:50:00-04:00,7.88,7.88,7.88,7.88,0
OPRX,2026-09-28 12:55:00-04:00,7.88,7.88,7.88,7.88,1
OPRX,2026-09-28 13:00:00-04:00,7.88,7.88,7.88,7.88,0
OPRX,2026-09-28 13:05:00-04:00,7.88,7.88,7.88,7.88,0
OPRX,2026-09-28 13:10:00-04:00,7.89,7.98,7.89,7.97,17
OPRX,2026-09-28 13:15:00-04:00,7.97,7.97,7.97,7.97,0
OPRX,2026-09-28 13:20:00-04:00,7.93,7.93,7.93,7.93,1
OPRX,2026-09-28 13:25:00-04:00,7.92,7.94,7.92,7.94,8
OPRX,2026-09-28 13:30:00-04:00,7.95,7.95,7.95,7.95,1
OPRX,2026-09-28 13:35:00-04:00,7.97,7.97,7.93,7.93,17
OPRX,2026-09-28 13:40:00-04:00,7.92,7.99,7.92,7.98,62
OPRX,2026-09-28 13:45:00-04:00,7.97,8.03,7.92,7.96,63
OPRX,2026-09-28 13:50:00-04:00,7.93,7.95,7.9,7.91,38
OPRX,2026-09-28 13:55:00-04:00,7.92,7.95,7.91,7.93,38
OPRX,2026-09-28 14:00:00-04:00,7.93,7.93,7.91,7.91,12
OPRX,2026-09-28 14:05:00-04:00,7.91,7.97,7.91,7.97,50
OPRX,2026-09-28 14:10:00-04:00,7.96,8.01,7.93,7.93,29
OPRX,2026-09-28 14:15:00-04:00,7.91,7.91,7.91,7.91,7
OPRX,2026-09-28 14:20:00-04:00,7.88,7.92,7.88,7.89,14
OPRX,2026-09-28 14:25:00-04:00,7.89,7.89,7.89,7.89,0
OPRX,2026-09-28 14:30:00-04:00,7.89,7.89,7.89,7.89,0
OPRX,2026-09-28 14:35:00-04:00,7.89,7.89,7.89,7.89,0
OPRX,2026-09-28 14:40:00-04:00,7.9,7.9,7.9,7.9,4
OPRX,2026-09-28 14:45:00-04:00,7.9,7.9,7.9,7.9,1
OPRX,2026-09-28 14:50:00-04:00,7.88,7.88,7.85,7.85,8
OPRX,2026-09-28 14:55:00-04:00,7.85,7.85,7.85,7.85,6
OPRX,2026-09-28 15:00:00-04:00,7.84,7.84,7.82,7.82,3
OPRX,2026-09-28 15:05:00-04:00,7.81,7.81,7.81,7.81,1
OPRX,2026-09-28 15:10:00-04:00,7.81,7.81,7.81,7.81,0
OPRX,2026-09-28 15:15:00-04:00,7.81,7.81,7.81,7.81,0
OPRX,2026-09-28 15:20:00-04:00,7.81,7.81,7.81,7.81,0
OPRX,2026-09-28 15:25:00-04:00,7.81,7.81,7.81,7.81,0
OPRX,2026-09-28 15:30:00-04:00,7.82,7.84,7.81,7.81,3
OPRX,2026-09-28 15:35:00-04:00,7.82,7.82,7.82,7.82,2
OPRX,2026-09-28 15:40:00-04:00,7.82,7.82,7.82,7.82,2
OPRX,2026-09-28 15:45:00-04:00,7.82,7.82,7.81,7.81,10
OPRX,2026-09-28 15:50:00-04:00,7.8,7.82,7.78,7.81,89
OPRX,2026-09-28 15:55:00-04:00,7.81,7.85,7.77,7.82,102
OPRX,2026-09-28 16:00:00-04:00,7.81,7.81,7.81,7.81,87
OPRX,2026-09-28 16:05:00-04:00,7.81,7.81,7.81,7.81,0
OPRX,2026-09-28 16:10:00-04:00,7.81,7.81,7.81,7.81,0
OPRX,2026-09-28 16:15:00-04:00,7.81,7.81,7.81,7.81,0
OPRX,2026-09-28 16:20:00-04:00,7.81,7.81,7.81,7.81,0
OPRX,2026-09-28 16:25:00-04:00,7.81,7.81,7.81,7.81,0
OPRX,2026-09-28 16:30:00-04:00,7.81,7.81,7.81,7.81,0
OPRX,2026-09-28 16:35:00-04:00,7.81,7.81,7.81,7.81,0
OPRX,2026-09-28 16:40:00-04:00,7.81,7.81,7.81,7.81,0
OPRX,2026-09-28 16:45:00-04:00,7.81,7.81,7.81,7.81,0
OPRX,2026-09-28 16:50:00-04:00,7.81,7.81,7.81,7.81,0
OPRX,2026-09-28 16:55:00-04:00,7.81,7.81,7.81,7.81,0
OPRX,2026-09-28 17:00:00-04:00,7.81,7.81,7.81,7.81,0
OPRX,2026-09-28 17:05:00-04:00,7.81,7.81,7.81,7.81,0
OPRX,2026-09-28 17:10:00-04:00,7.81,7.81,7.81,7.81,0
OPRX,2026-09-28 17:15:00-04:00,7.81,7.81,7.81,7.81,0
OPRX,2026-09-28 17:20:00-04:00,7.81,7.81,7.81,7.81,0
OPRX,2026-09-28 17:25:00-04:00,7.81,7.81,7.81,7.81,0
OPRX,2026-09-28 17:30:00-04:00,7.81,7.81,7.81,7.81,0
OPRX,2026-09-28 17:35:00-04:00,7.81,7.81,7.81,7.81,0
OPRX,2026-09-28 17:40:00-04:00,7.81,7.81,7.81,7.81,0
OPRX,2026-09-28 17:45:00-04:00,7.81,7.81,7.81,7.81,0
OPRX,2026-09-28 17:50:00-04:00,7.81,7.81,7.81,7.81,0
OPRX,2026-09-28 17:55:00-04:00,7.81,7.81,7.81,7.81,0
OPRX,2026-09-28 18:00:00-04:00,7.81,7.81,7.81,7.81,0
OPRX,2026-09-28 18:05:00-04:00,7.81,7.81,7.81,7.81,0
OPRX,2026-09-28 18:10:00-04:00,7.81,7.81,7.81,7.81,0
OPRX,2026-09-28 18:15:00-04:00,7.81,7.81,7.81,7.81,0
OPRX,2026-09-28 18:20:00-04:00,7.81,7.81,7.81,7.81,0
OPRX,2026-09-28 18:25:00-04:00,7.81,7.81,7.81,7.81,0
OPRX,2026-09-28 18:30:00-04:00,7.81,7.81,7.81,7.81,0
OPRX,2026-09-28 18:35:00-04:00,7.81,7.81,7.81,7.81,0
OPRX,2026-09-28 18:40:00-04:00,7.81,7.81,7.81,7.81,6
OPRX,2026-09-28 18:45:00-04:00,7.81,7.81,7.81,7.81,0
OPRX,2026-09-28 18:50:00-04:00,7.81,7.81,7.81,7.81,0
OPRX,2026-09-28 18:55:00-04:00,7.81,7.81,7.81,7.81,0
OPRX,2026-09-28 19:00:00-04:00,7.81,7.81,7.81,7.81,0
OPRX,2026-09-28 19:05:00-04:00,7.81,7.81,7.81,7.81,0
OPRX,2026-09-28 19:10:00-04:00,7.81,7.81,7.81,7.81,0
OPRX,2026-09-28 19:15:00-04:00,7.81,7.81,7.81,7.81,0
OPRX,2026-09-28 19:20:00-04:00,7.81,7.81,7.81,7.81,0
OPRX,2026-09-28 19:25:00-04:00,7.81,7.81,7.81,7.81,0
OPRX,2026-09-28 19:30:00-04:00,7.81,7.81,7.81,7.81,0
OPRX,2026-09-28 19:35:00-04:00,7.81,7.81,7.81,7.81,0
OPRX,2026-09-28 19:40:00-04:00,7.81,7.81,7.81,7.81,0
OPRX,2026-09-28 19:45:00-04:00,7.81,7.81,7.81,7.81,0
OPRX,2026-09-28 19:50:00-04:00,7.81,7.81,7.81,7.81,0
OPRX,2026-09-28 19:55:00-04:00,7.81,7.81,7.81,7.81,0
OPRX,2026-09-29 09:30:00-04:00,7.92,7.92,7.92,7.92,16
OPRX,2026-09-29 09:35:00-04:00,7.83,7.83,7.83,7.83,1
OPRX,2026-09-29 09:40:00-04:00,7.84,7.84,7.84,7.84,1
OPRX,2026-09-29 09:45:00-04:00,7.82,7.92,7.82,7.84,7
OPRX,2026-09-29 09:50:00-04:00,7.94,7.97,7.94,7.96,24
OPRX,2026-09-29 09:55:00-04:00,7.98,8.11,7.96,8.11,26
OPRX,2026-09-29 10:00:00-04:00,8.13,8.14,8.12,8.13,27
OPRX,2026-09-29 10:05:00-04:00,8.15,8.16,8.1,8.14,54
OPRX,2026-09-29 10:10:00-04:00,8.14,8.19,8.14,8.19,8
OPRX,2026-09-29 10:15:00-04:00,8.2,8.2,8.15,8.15,3
OPRX,2026-09-29 10:20:00-04:00,8.15,8.21,8.15,8.17,30
OPRX,2026-09-29 10:25:00-04:00,8.15,8.18,8.15,8.18,7
OPRX,2026-09-29 10:30:00-04:00,8.15,8.15,8.12,8.15,12
OPRX,2026-09-29 10:35:00-04:00,8.13,8.13,8.13,8.13,1
OPRX,2026-09-29 10:40:00-04:00,8.12,8.12,8.09,8.11,24
OPRX,2026-09-29 10:45:00-04:00,8.12,8.12,8.06,8.1,7
OPRX,2026-09-29 10:50:00-04:00,8.1,8.1,8.1,8.1,0
OPRX,2026-09-29 10:55:00-04:00,8.1,8.1,8.1,8.1,0
OPRX,2026-09-29 11:00:00-04:00,8.1,8.1,8.1,8.1,0
OPRX,2026-09-29 11:05:00-04:00,8.1,8.1,8.1,8.1,0
OPRX,2026-09-29 11:10:00-04:00,8.06,8.11,8.06,8.11,22
OPRX,2026-09-29 11:15:00-04:00,8.12,8.13,8.08,8.13,7
OPRX,2026-09-29 11:20:00-04:00,8.13,8.13,8.13,8.13,0
OPRX,2026-09-29 11:25:00-04:00,8.13,8.13,8.13,8.13,0
OPRX,2026-09-29 11:30:00-04:00,8.13,8.13,8.13,8.13,0
OPRX,2026-09-29 11:35:00-04:00,8.11,8.12,8.11,8.11,4
OPRX,2026-09-29 11:40:00-04:00,8.13,8.13,8.0,8.0,75
OPRX,2026-09-29 11:45:00-04:00,8.0,8.0,8.0,8.0,0
OPRX,2026-09-29 11:50:00-04:00,8.02,8.04,7.98,7.98,42
OPRX,2026-09-29 11:55:00-04:00,7.98,7.98,7.98,7.98,0
OPRX,2026-09-29 12:00:00-04:00,7.99,8.03,7.99,8.0,10
OPRX,2026-09-29 12:05:00-04:00,8.0,8.0,8.0,8.0,0
OPRX,2026-09-29 12:10:00-04:00,8.02,8.07,8.02,8.07,15
OPRX,2026-09-29 12:15:00-04:00,8.07,8.07,8.07,8.07,1
OPRX,2026-09-29 12:20:00-04:00,8.08,8.11,8.07,8.11,10
OPRX,2026-09-29 12:25:00-04:00,8.13,8.15,8.13,8.15,3
OPRX,2026-09-29 12:30:00-04:00,8.13,8.14,8.13,8.13,1
OPRX,2026-09-29 12:35:00-04:00,8.14,8.19,8.14,8.19,6
OPRX,2026-09-29 12:40:00-04:00,8.17,8.21,8.16,8.21,63
OPRX,2026-09-29 12:45:00-04:00,8.21,8.21,8.2,8.21,4
OPRX,2026-09-29 12:50:00-04:00,8.21,8.21,8.21,8.21,0
OPRX,2026-09-29 12:55:00-04:00,8.21,8.21,8.21,8.21,0
OPRX,2026-09-29 13:00:00-04:00,8.19,8.19,8.17,8.17,4
OPRX,2026-09-29 13:05:00-04:00,8.17,8.17,8.16,8.16,4
OPRX,2026-09-29 13:10:00-04:00,8.16,8.16,8.15,8.15,5
OPRX,2026-09-29 13:15:00-04:00,8.15,8.15,8.15,8.15,1
OPRX,2026-09-29 13:20:00-04:00,8.16,8.16,8.16,8.16,1
OPRX,2026-09-29 13:25:00-04:00,8.16,8.16,8.16,8.16,1
OPRX,2026-09-29 13:30:00-04:00,8.17,8.22,8.17,8.22,49
OPRX,2026-09-29 13:35:00-04:00,8.22,8.22,8.22,8.22,6
OPRX,2026-09-29 13:40:00-04:00,8.22,8.22,8.21,8.22,8
OPRX,2026-09-29 13:45:00-04:00,8.22,8.22,8.22,8.22,5
OPRX,2026-09-29 13:50:00-04:00,8.25,8.26,8.25,8.25,14
OPRX,2026-09-29 13:55:00-04:00,8.25,8.25,8.25,8.25,3
OPRX,2026-09-29 14:00:00-04:00,8.26,8.28,8.21,8.22,31
OPRX,2026-09-29 14:05:00-04:00,8.22,8.22,8.22,8.22,0
OPRX,2026-09-29 14:10:00-04:00,8.21,8.22,8.21,8.21,6
OPRX,2026-09-29 14:15:00-04:00,8.22,8.23,8.21,8.22,18
OPRX,2026-09-29 14:20:00-04:00,8.23,8.23,8.21,8.22,35
OPRX,2026-09-29 14:25:00-04:00,8.24,8.24,8.24,8.24,1
OPRX,2026-09-29 14:30:00-04:00,8.22,8.33,8.18,8.32,98
OPRX,2026-09-29 14:35:00-04:00,8.33,8.33,8.31,8.32,20
OPRX,2026-09-29 14:40:00-04:00,8.32,8.33,8.32,8.32,3
OPRX,2026-09-29 14:45:00-04:00,8.31,8.32,8.31,8.32,4
OPRX,2026-09-29 14:50:00-04:00,8.35,8.36,8.32,8.32,35
OPRX,2026-09-29 14:55:00-04:00,8.32,8.35,8.32,8.33,7
OPRX,2026-09-29 15:00:00-04:00,8.35,8.36,8.33,8.36,32
OPRX,2026-09-29 15:05:00-04:00,8.36,8.37,8.35,8.36,9
OPRX,2026-09-29 15:10:00-04:00,8.36,8.36,8.35,8.35,2
OPRX,2026-09-29 15:15:00-04:00,8.35,8.35,8.34,8.35,19
OPRX,2026-09-29 15:20:00-04:00,8.35,8.36,8.35,8.36,13
OPRX,2026-09-29 15:25:00-04:00,8.36,8.37,8.34,8.34,13
OPRX,2026-09-29 15:30:00-04:00,8.33,8.33,8.33,8.33,8
OPRX,2026-09-29 15:35:00-04:00,8.33,8.34,8.33,8.33,16
OPRX,2026-09-29 15:40:00-04:00,8.33,8.33,8.3,8.32,22
OPRX,2026-09-29 15:45:00-04:00,8.32,8.33,8.31,8.33,12
OPRX,2026-09-29 15:50:00-04:00,8.34,8.35,8.33,8.35,38
OPRX,2026-09-29 15:55:00-04:00,8.34,8.37,8.32,8.37,311
OPRX,2026-09-29 16:00:00-04:00,8.36,8.36,8.36,8.36,122
OPRX,2026-09-29 16:05:00-04:00,8.36,8.36,8.36,8.36,0
OPRX,2026-09-29 16:10:00-04:00,8.36,8.36,8.36,8.36,0
OPRX,2026-09-29 16:15:00-04:00,8.36,8.36,8.36,8.36,0
OPRX,2026-09-29 16:20:00-04:00,8.36,8.36,8.36,8.36,0
OPRX,2026-09-29 16:25:00-04:00,8.36,8.36,8.36,8.36,0
OPRX,2026-09-29 16:30:00-04:00,8.36,8.36,8.36,8.36,0
OPRX,2026-09-29 16:35:00-04:00,8.36,8.36,8.36,8.36,0
OPRX,2026-09-29 16:40:00-04:00,8.36,8.36,8.36,8.36,0
OPRX,2026-09-29 16:45:00-04:00,8.36,8.36,8.36,8.36,0
OPRX,2026-09-29 16:50:00-04:00,8.36,8.36,8.36,8.36,0
OPRX,2026-09-29 16:55:00-04:00,8.36,8.36,8.36,8.36,0
OPRX,2026-09-29 17:00:00-04:00,8.36,8.36,8.36,8.36,0
OPRX,2026-09-29 17:05:00-04:00,8.36,8.36,8.36,8.36,0
OPRX,2026-09-29 17:10:00-04:00,8.36,8.36,8.36,8.36,0
OPRX,2026-09-29 17:15:00-04:00,8.36,8.36,8.36,8.36,0
OPRX,2026-09-29 17:20:00-04:00,8.36,8.36,8.36,8.36,0
OPRX,2026-09-29 17:25:00-04:00,8.4,8.4,8.4,8.4,5
OPRX,2026-09-29 17:30:00-04:00,8.4,8.4,8.4,8.4,0
OPRX,2026-09-29 17:35:00-04:00,8.4,8.4,8.4,8.4,0
OPRX,2026-09-29 17:40:00-04:00,8.4,8.4,8.4,8.4,0
OPRX,2026-09-29 17:45:00-04:00,8.4,8.4,8.4,8.4,0
OPRX,2026-09-29 17:50:00-04:00,8.4,8.4,8.4,8.4,0
OPRX,2026-09-29 17:55:00-04:00,8.4,8.4,8.4,8.4,0
OPRX,2026-09-29 18:00:00-04:00,8.4,8.4,8.4,8.4,0
OPRX,2026-09-29 18:05:00-04:00,8.4,8.4,8.4,8.4,0
OPRX,2026-09-29 18:10:00-04:00,8.4,8.4,8.4,8.4,0
OPRX,2026-09-29 18:15:00-04:00,8.4,8.4,8.4,8.4,0
OPRX,2026-09-29 18:20:00-04:00,8.4,8.4,8.4,8.4,0
OPRX,2026-09-29 18:25:00-04:00,8.4,8.4,8.4,8.4,0
OPRX,2026-09-29 18:30:00-04:00,8.4,8.4,8.4,8.4,0
OPRX,2026-09-29 18:35:00-04:00,8.4,8.4,8.4,8.4,0
OPRX,2026-09-29 18:40:00-04:00,8.4,8.4,8.4,8.4,0
OPRX,2026-09-29 18:45:00-04:00,8.4,8.4,8.4,8.4,0
OPRX,2026-09-29 18:50:00-04:00,8.4,8.4,8.4,8.4,0
OPRX,2026-09-29 18:55:00-04:00,8.4,8.4,8.4,8.4,0
OPRX,2026-09-29 19:00:00-04:00,8.4,8.4,8.4,8.4,0
OPRX,2026-09-29 19:05:00-04:00,8.4,8.4,8.4,8.4,0
OPRX,2026-09-29 19:10:00-04:00,8.4,8.4,8.4,8.4,0
OPRX,2026-09-29 19:15:00-04:00,8.4,8.4,8.4,8.4,0
OPRX,2026-09-29 19:20:00-04:00,8.4,8.4,8.4,8.4,0
OPRX,2026-09-29 19:25:00-04:00,8.4,8.4,8.4,8.4,0
OPRX,2026-09-29 19:30:00-04:00,8.4,8.4,8.4,8.4,0
OPRX,2026-09-29 19:35:00-04:00,8.4,8.4,8.4,8.4,0
OPRX,2026-09-29 19:40:00-04:00,8.4,8.4,8.4,8.4,0
OPRX,2026-09-29 19:45:00-04:00,8.4,8.4,8.4,8.4,0
OPRX,2026-09-29 19:50:00-04:00,8.4,8.4,8.4,8.4,0
OPRX,2026-09-29 19:55:00-04:00,8.4,8.4,8.4,8.4,0
OPRX,2026-09-30 08:55:00-04:00,8.42,8.42,8.39,8.42,12
OPRX,2026-09-30 09:00:00-04:00,8.42,8.42,8.42,8.42,0
OPRX,2026-09-30 09:05:00-04:00,8.42,8.42,8.42,8.42,0
OPRX,2026-09-30 09:10:00-04:00,8.42,8.42,8.42,8.42,0
OPRX,2026-09-30 09:15:00-04:00,8.42,8.42,8.42,8.42,0
OPRX,2026-09-30 09:20:00-04:00,8.42,8.42,8.42,8.42,0
OPRX,2026-09-30 09:25:00-04:00,8.42,8.42,8.42,8.42,0
OPRX,2026-09-30 09:30:00-04:00,8.4,8.4,8.33,8.33,8
OPRX,2026-09-30 09:35:00-04:00,8.33,8.33,8.33,8.33,0
OPRX,2026-09-30 09:40:00-04:00,8.38,8.38,8.38,8.38,1
OPRX,2026-09-30 09:45:00-04:00,8.37,8.4,8.36,8.39,21
OPRX,2026-09-30 09:50:00-04:00,8.39,8.39,8.39,8.39,0
WTTR,2026-09-28 07:25:00-04:00,19.92,19.92,19.92,19.92,1
WTTR,2026-09-28 07:30:00-04:00,19.92,19.92,19.92,19.92,0
WTTR,2026-09-28 07:35:00-04:00,19.92,19.92,19.92,19.92,0
WTTR,2026-09-28 07:40:00-04:00,19.92,19.92,19.92,19.92,0
WTTR,2026-09-28 07:45:00-04:00,19.92,19.92,19.92,19.92,0
WTTR,2026-09-28 07:50:00-04:00,19.92,19.92,19.92,19.92,0
WTTR,2026-09-28 07:55:00-04:00,19.92,19.92,19.92,19.92,0
WTTR,2026-09-28 08:00:00-04:00,19.92,19.92,19.92,19.92,0
WTTR,2026-09-28 08:05:00-04:00,19.92,19.92,19.92,19.92,0
WTTR,2026-09-28 08:10:00-04:00,19.92,19.92,19.92,19.92,0
WTTR,2026-09-28 08:15:00-04:00,19.92,19.92,19.92,19.92,0
WTTR,2026-09-28 08:20:00-04:00,19.92,19.92,19.92,19.92,0
WTTR,2026-09-28 08:25:00-04:00,19.92,19.92,19.92,19.92,0
WTTR,2026-09-28 08:30:00-04:00,19.92,19.92,19.92,19.92,0
WTTR,2026-09-28 08:35:00-04:00,19.92,19.92,19.92,19.92,0
WTTR,2026-09-28 08:40:00-04:00,19.92,19.92,19.92,19.92,0
WTTR,2026-09-28 08:45:00-04:00,19.92,19.92,19.92,19.92,0
WTTR,2026-09-28 08:50:00-04:00,19.92,19.92,19.92,19.92,0
WTTR,2026-09-28 08:55:00-04:00,19.92,19.92,19.92,19.92,0
WTTR,2026-09-28 09:00:00-04:00,19.92,19.92,19.92,19.92,0
WTTR,2026-09-28 09:05:00-04:00,19.92,19.92,19.92,19.92,0
WTTR,2026-09-28 09:10:00-04:00,19.92,19.92,19.92,19.92,0
WTTR,2026-09-28 09:15:00-04:00,19.92,19.92,19.92,19.92,0
WTTR,2026-09-28 09:20:00-04:00,19.92,19.92,19.92,19.92,0
WTTR,2026-09-28 09:25:00-04:00,19.92,19.92,19.92,19.92,0
WTTR,2026-09-28 09:30:00-04:00,20.02,20.02,19.63,19.78,178
WTTR,2026-09-28 09:35:00-04:00,19.65,19.88,19.64,19.76,38
WTTR,2026-09-28 09:40:00-04:00,19.85,20.12,19.85,20.08,70
WTTR,2026-09-28 09:45:00-04:00,20.0,20.07,19.98,20.0,270
WTTR,2026-09-28 09:50:00-04:00,19.99,20.07,19.98,20.06,112
WTTR,2026-09-28 09:55:00-04:00,20.05,20.16,20.05,20.07,67
WTTR,2026-09-28 10:00:00-04:00,20.06,20.13,20.05,20.07,126
WTTR,2026-09-28 10:05:00-04:00,20.07,20.33,20.06,20.33,268
WTTR,2026-09-28 10:10:00-04:00,20.31,20.33,20.27,20.32,87
WTTR,2026-09-28 10:15:00-04:00,20.32,20.32,20.19,20.19,108
WTTR,2026-09-28 10:20:00-04:00,20.18,20.22,20.17,20.19,39
WTTR,2026-09-28 10:25:00-04:00,20.16,20.2,20.09,20.2,65
WTTR,2026-09-28 10:30:00-04:00,20.21,20.27,20.21,20.23,40
WTTR,2026-09-28 10:35:00-04:00,20.23,20.24,20.2,20.2,23
WTTR,2026-09-28 10:40:00-04:00,20.19,20.19,20.11,20.12,16
WTTR,2026-09-28 10:45:00-04:00,20.14,20.14,20.05,20.06,67
WTTR,2026-09-28 10:50:00-04:00,20.09,20.11,20.0,20.0,107
WTTR,2026-09-28 10:55:00-04:00,20.0,20.08,20.0,20.04,33
WTTR,2026-09-28 11:00:00-04:00,20.03,20.03,19.98,20.0,24
WTTR,2026-09-28 11:05:00-04:00,20.0,20.18,20.0,20.16,101
WTTR,2026-09-28 11:10:00-04:00,20.15,20.16,20.08,20.09,27
WTTR,2026-09-28 11:15:00-04:00,20.09,20.1,20.04,20.07,37
WTTR,2026-09-28 11:20:00-04:00,20.07,20.09,20.06,20.09,55
WTTR,2026-09-28 11:25:00-04:00,20.09,20.09,20.03,20.04,65
WTTR,2026-09-28 11:30:00-04:00,20.04,20.08,20.0,20.08,76
WTTR,2026-09-28 11:35:00-04:00,20.08,20.24,20.08,20.24,263
WTTR,2026-09-28 11:40:00-04:00,20.25,20.27,20.24,20.26,104
WTTR,2026-09-28 11:45:00-04:00,20.26,20.27,20.24,20.25,47
WTTR,2026-09-28 11:50:00-04:00,20.26,20.29,20.26,20.28,86
WTTR,2026-09-28 11:55:00-04:00,20.29,20.42,20.28,20.41,121
WTTR,2026-09-28 12:00:00-04:00,20.4,20.44,20.38,20.39,144
WTTR,2026-09-28 12:05:00-04:00,20.36,20.37,20.32,20.32,53
WTTR,2026-09-28 12:10:00-04:00,20.33,20.35,20.31,20.34,74
WTTR,2026-09-28 12:15:00-04:00,20.34,20.35,20.23,20.27,254
WTTR,2026-09-28 12:20:00-04:00,20.23,20.29,20.17,20.25,88
WTTR,2026-09-28 12:25:00-04:00,20.26,20.28,20.12,20.24,181
WTTR,2026-09-28 12:30:00-04:00,20.25,20.27,20.22,20.25,19
WTTR,2026-09-28 12:35:00-04:00,20.22,20.24,20.19,20.19,31
WTTR,2026-09-28 12:40:00-04:00,20.2,20.22,20.2,20.22,25
WTTR,2026-09-28 12:45:00-04:00,20.23,20.25,20.22,20.25,40
WTTR,2026-09-28 12:50:00-04:00,20.25,20.25,20.2,20.21,26
WTTR,2026-09-28 12:55:00-04:00,20.22,20.23,20.19,20.22,44
WTTR,2026-09-28 13:00:00-04:00,20.22,20.26,20.2,20.25,111
WTTR,2026-09-28 13:05:00-04:00,20.25,20.26,20.25,20.25,39
WTTR,2026-09-28 13:10:00-04:00,20.26,20.28,20.11,20.11,453
WTTR,2026-09-28 13:15:00-04:00,20.09,20.15,20.06,20.13,86
WTTR,2026-09-28 13:20:00-04:00,20.15,20.22,20.14,20.21,59
WTTR,2026-09-28 13:25:00-04:00,20.22,20.28,20.22,20.27,40
WTTR,2026-09-28 13:30:00-04:00,20.28,20.3,20.23,20.27,214
WTTR,2026-09-28 13:35:00-04:00,20.28,20.35,20.27,20.35,110
WTTR,2026-09-28 13:40:00-04:00,20.36,20.38,20.36,20.38,40
WTTR,2026-09-28 13:45:00-04:00,20.38,20.39,20.36,20.39,105
WTTR,2026-09-28 13:50:00-04:00,20.39,20.4,20.29,20.29,165
WTTR,2026-09-28 13:55:00-04:00,20.29,20.29,20.23,20.26,64
WTTR,2026-09-28 14:00:00-04:00,20.27,20.29,20.25,20.25,44
WTTR,2026-09-28 14:05:00-04:00,20.25,20.27,20.24,20.26,37
WTTR,2026-09-28 14:10:00-04:00,20.27,20.31,20.27,20.29,61
WTTR,2026-09-28 14:15:00-04:00,20.29,20.32,20.27,20.27,29
WTTR,2026-09-28 14:20:00-04:00,20.27,20.29,20.21,20.21,30
WTTR,2026-09-28 14:25:00-04:00,20.2,20.22,20.19,20.2,37
WTTR,2026-09-28 14:30:00-04:00,20.2,20.28,20.18,20.28,144
WTTR,2026-09-28 14:35:00-04:00,20.27,20.27,20.25,20.26,22
WTTR,2026-09-28 14:40:00-04:00,20.26,20.28,20.26,20.27,55
WTTR,2026-09-28 14:45:00-04:00,20.27,20.28,20.25,20.27,47
WTTR,2026-09-28 14:50:00-04:00,20.26,20.34,20.25,20.29,299
WTTR,2026-09-28 14:55:00-04:00,20.29,20.31,20.27,20.3,68
WTTR,2026-09-28 15:00:00-04:00,20.3,20.32,20.27,20.31,75
WTTR,2026-09-28 15:05:00-04:00,20.31,20.31,20.29,20.3,26
WTTR,2026-09-28 15:10:00-04:00,20.32,20.38,20.32,20.38,162
WTTR,2026-09-28 15:15:00-04:00,20.37,20.37,20.32,20.32,47
WTTR,2026-09-28 15:20:00-04:00,20.32,20.34,20.31,20.34,103
WTTR,2026-09-28 15:25:00-04:00,20.34,20.34,20.32,20.32,58
WTTR,2026-09-28 15:30:00-04:00,20.33,20.34,20.24,20.3,518
WTTR,2026-09-28 15:35:00-04:00,20.31,20.41,20.31,20.38,410
WTTR,2026-09-28 15:40:00-04:00,20.38,20.44,20.38,20.43,159
WTTR,2026-09-28 15:45:00-04:00,20.42,20.43,20.39,20.41,357
WTTR,2026-09-28 15:50:00-04:00,20.41,20.42,20.33,20.33,232
WTTR,2026-09-28 15:55:00-04:00,20.32,20.35,20.17,20.21,2318
WTTR,2026-09-28 16:00:00-04:00,20.2,20.21,20.18,20.18,3463
WTTR,2026-09-28 16:05:00-04:00,20.18,20.18,20.18,20.18,0
WTTR,2026-09-28 16:10:00-04:00,20.18,20.18,20.18,20.18,0
WTTR,2026-09-28 16:15:00-04:00,20.18,20.18,20.18,20.18,0
WTTR,2026-09-28 16:20:00-04:00,20.18,20.18,20.18,20.18,0
WTTR,2026-09-28 16:25:00-04:00,20.18,20.18,20.18,20.18,0
WTTR,2026-09-28 16:30:00-04:00,20.18,20.18,20.18,20.18,0
WTTR,2026-09-28 16:35:00-04:00,20.18,20.18,20.18,20.18,0
WTTR,2026-09-28 16:40:00-04:00,20.18,20.18,20.18,20.18,0
WTTR,2026-09-28 16:45:00-04:00,20.18,20.18,20.18,20.18,0
WTTR,2026-09-28 16:50:00-04:00,20.18,20.18,20.18,20.18,0
WTTR,2026-09-28 16:55:00-04:00,20.18,20.18,20.18,20.18,0
WTTR,2026-09-28 17:00:00-04:00,20.18,20.18,20.18,20.18,0
WTTR,2026-09-28 17:05:00-04:00,20.18,20.18,20.18,20.18,0
WTTR,2026-09-28 17:10:00-04:00,20.18,20.18,20.18,20.18,0
WTTR,2026-09-28 17:15:00-04:00,20.18,20.18,20.18,20.18,0
WTTR,2026-09-28 17:20:00-04:00,20.18,20.18,20.18,20.18,0
WTTR,2026-09-28 17:25:00-04:00,20.18,20.18,20.18,20.18,0
WTTR,2026-09-28 17:30:00-04:00,20.18,20.18,20.18,20.18,0
WTTR,2026-09-28 17:35:00-04:00,20.18,20.18,20.18,20.18,0
WTTR,2026-09-28 17:40:00-04:00,20.18,20.18,20.18,20.18,0
WTTR,2026-09-28 17:45:00-04:00,20.18,20.18,20.18,20.18,0
WTTR,2026-09-28 17:50:00-04:00,20.18,20.18,20.18,20.18,0
WTTR,2026-09-28 17:55:00-04:00,20.18,20.18,20.18,20.18,0
WTTR,2026-09-28 18:00:00-04:00,20.18,20.18,20.18,20.18,0
WTTR,2026-09-28 18:05:00-04:00,20.18,20.18,20.18,20.18,0
WTTR,2026-09-28 18:10:00-04:00,20.18,20.18,20.18,20.18,0
WTTR,2026-09-28 18:15:00-04:00,20.18,20.18,20.18,20.18,0
WTTR,2026-09-28 18:20:00-04:00,20.18,20.18,20.18,20.18,0
WTTR,2026-09-28 18:25:00-04:00,20.18,20.18,20.18,20.18,0
WTTR,2026-09-28 18:30:00-04:00,20.18,20.18,20.18,20.18,0
WTTR,2026-09-28 18:35:00-04:00,19.88,19.88,19.88,19.88,4
WTTR,2026-09-28 18:40:00-04:00,19.88,19.88,19.88,19.88,0
WTTR,2026-09-28 18:45:00-04:00,19.88,19.88,19.88,19.88,0
WTTR,2026-09-28 18:50:00-04:00,19.88,19.88,19.88,19.88,0
WTTR,2026-09-28 18:55:00-04:00,19.88,19.88,19.88,19.88,0
WTTR,2026-09-28 19:00:00-04:00,19.88,19.88,19.88,19.88,0
WTTR,2026-09-28 19:05:00-04:00,19.88,19.88,19.88,19.88,0
WTTR,2026-09-28 19:10:00-04:00,19.88,19.88,19.88,19.88,0
WTTR,2026-09-28 19:15:00-04:00,19.88,19.88,19.88,19.88,0
WTTR,2026-09-28 19:20:00-04:00,19.88,19.88,19.88,19.88,0
WTTR,2026-09-28 19:25:00-04:00,19.88,19.88,19.88,19.88,0
WTTR,2026-09-28 19:30:00-04:00,19.88,19.88,19.88,19.88,0
WTTR,2026-09-28 19:35:00-04:00,19.88,19.88,19.88,19.88,0
WTTR,2026-09-28 19:40:00-04:00,19.88,19.88,19.88,19.88,0
WTTR,2026-09-28 19:45:00-04:00,19.88,19.88,19.88,19.88,0
WTTR,2026-09-28 19:50:00-04:00,19.88,19.88,19.88,19.88,0
WTTR,2026-09-28 19:55:00-04:00,19.88,19.88,19.88,19.88,0
WTTR,2026-09-29 09:30:00-04:00,19.82,20.05,19.48,19.74,1025
WTTR,2026-09-29 09:35:00-04:00,19.77,19.77,19.52,19.6,246
WTTR,2026-09-29 09:40:00-04:00,19.6,19.71,19.59,19.65,100
WTTR,2026-09-29 09:45:00-04:00,19.66,19.72,19.65,19.65,39
WTTR,2026-09-29 09:50:00-04:00,19.66,19.73,19.66,19.68,139
WTTR,2026-09-29 09:55:00-04:00,19.68,19.72,19.64,19.65,205
WTTR,2026-09-29 10:00:00-04:00,19.64,19.67,19.48,19.48,651
WTTR,2026-09-29 10:05:00-04:00,19.46,19.52,19.44,19.52,65
WTTR,2026-09-29 10:10:00-04:00,19.56,19.6,19.53,19.59,60
WTTR,2026-09-29 10:15:00-04:00,19.61,19.63,19.54,19.57,60
WTTR,2026-09-29 10:20:00-04:00,19.6,19.65,19.45,19.45,69
WTTR,2026-09-29 10:25:00-04:00,19.45,19.5,19.38,19.4,44
WTTR,2026-09-29 10:30:00-04:00,19.4,19.7,19.4,19.55,1088
WTTR,2026-09-29 10:35:00-04:00,19.57,19.58,19.49,19.49,78
WTTR,2026-09-29 10:40:00-04:00,19.48,19.49,19.44,19.46,35
WTTR,2026-09-29 10:45:00-04:00,19.46,19.46,19.41,19.45,30
WTTR,2026-09-29 10:50:00-04:00,19.47,19.61,19.4,19.45,774
WTTR,2026-09-29 10:55:00-04:00,19.44,19.44,19.41,19.41,14
WTTR,2026-09-29 11:00:00-04:00,19.4,19.4,19.36,19.39,89
WTTR,2026-09-29 11:05:00-04:00,19.4,19.41,19.35,19.39,330
WTTR,2026-09-29 11:10:00-04:00,19.39,19.67,19.39,19.67,244
WTTR,2026-09-29 11:15:00-04:00,19.66,19.67,19.63,19.64,91
WTTR,2026-09-29 11:20:00-04:00,19.63,19.65,19.61,19.65,56
WTTR,2026-09-29 11:25:00-04:00,19.65,19.81,19.61,19.75,164
WTTR,2026-09-29 11:30:00-04:00,19.73,19.78,19.7,19.78,56
WTTR,2026-09-29 11:35:00-04:00,19.82,19.82,19.72,19.72,100
WTTR,2026-09-29 11:40:00-04:00,19.71,19.78,19.71,19.78,73
WTTR,2026-09-29 11:45:00-04:00,19.8,19.81,19.71,19.75,121
WTTR,2026-09-29 11:50:00-04:00,19.76,19.81,19.76,19.81,29
WTTR,2026-09-29 11:55:00-04:00,19.83,19.9,19.83,19.83,94
WTTR,2026-09-29 12:00:00-04:00,19.84,19.85,19.81,19.84,46
WTTR,2026-09-29 12:05:00-04:00,19.84,19.86,19.83,19.83,32
WTTR,2026-09-29 12:10:00-04:00,19.83,19.87,19.83,19.83,47
WTTR,2026-09-29 12:15:00-04:00,19.82,19.85,19.81,19.82,67
WTTR,2026-09-29 12:20:00-04:00,19.82,19.9,19.8,19.89,103
WTTR,2026-09-29 12:25:00-04:00,19.89,19.95,19.87,19.95,26
WTTR,2026-09-29 12:30:00-04:00,19.96,19.97,19.9,19.9,46
WTTR,2026-09-29 12:35:00-04:00,19.9,19.92,19.88,19.89,43
WTTR,2026-09-29 12:40:00-04:00,19.89,19.89,19.82,19.82,50
WTTR,2026-09-29 12:45:00-04:00,19.8,19.81,19.78,19.79,56
WTTR,2026-09-29 12:50:00-04:00,19.78,19.8,19.76,19.76,59
WTTR,2026-09-29 12:55:00-04:00,19.75,19.79,19.75,19.78,42
WTTR,2026-09-29 13:00:00-04:00,19.78,19.78,19.77,19.77,11
WTTR,2026-09-29 13:05:00-04:00,19.77,19.77,19.71,19.71,34
WTTR,2026-09-29 13:10:00-04:00,19.71,19.76,19.71,19.75,54
WTTR,2026-09-29 13:15:00-04:00,19.74,19.75,19.69,19.7,34
WTTR,2026-09-29 13:20:00-04:00,19.7,19.7,19.65,19.66,55
WTTR,2026-09-29 13:25:00-04:00,19.67,19.69,19.63,19.63,144
WTTR,2026-09-29 13:30:00-04:00,19.61,19.63,19.61,19.63,31
WTTR,2026-09-29 13:35:00-04:00,19.64,19.65,19.63,19.65,60
WTTR,2026-09-29 13:40:00-04:00,19.65,19.65,19.63,19.64,14
WTTR,2026-09-29 13:45:00-04:00,19.64,19.64,19.61,19.62,41
WTTR,2026-09-29 13:50:00-04:00,19.62,19.66,19.56,19.64,109
WTTR,2026-09-29 13:55:00-04:00,19.64,19.65,19.62,19.63,16
WTTR,2026-09-29 14:00:00-04:00,19.63,19.67,19.55,19.63,124
WTTR,2026-09-29 14:05:00-04:00,19.64,19.66,19.64,19.64,28
WTTR,2026-09-29 14:10:00-04:00,19.64,19.64,19.61,19.62,39
WTTR,2026-09-29 14:15:00-04:00,19.62,19.65,19.6,19.6,173
WTTR,2026-09-29 14:20:00-04:00,19.6,19.61,19.57,19.59,63
WTTR,2026-09-29 14:25:00-04:00,19.58,19.59,19.57,19.57,39
WTTR,2026-09-29 14:30:00-04:00,19.57,19.57,19.51,19.51,87
WTTR,2026-09-29 14:35:00-04:00,19.51,19.53,19.47,19.52,212
WTTR,2026-09-29 14:40:00-04:00,19.52,19.53,19.48,19.49,80
WTTR,2026-09-29 14:45:00-04:00,19.49,19.49,19.41,19.42,145
WTTR,2026-09-29 14:50:00-04:00,19.42,19.42,19.36,19.41,210
WTTR,2026-09-29 14:55:00-04:00,19.41,19.42,19.39,19.41,96
WTTR,2026-09-29 15:00:00-04:00,19.42,19.48,19.42,19.48,64
WTTR,2026-09-29 15:05:00-04:00,19.48,19.5,19.48,19.48,126
WTTR,2026-09-29 15:10:00-04:00,19.48,19.53,19.47,19.51,66
WTTR,2026-09-29 15:15:00-04:00,19.52,19.53,19.5,19.52,72
WTTR,2026-09-29 15:20:00-04:00,19.52,19.55,19.52,19.54,146
WTTR,2026-09-29 15:25:00-04:00,19.54,19.56,19.51,19.52,118
WTTR,2026-09-29 15:30:00-04:00,19.53,19.53,19.44,19.45,215
WTTR,2026-09-29 15:35:00-04:00,19.46,19.47,19.41,19.43,163
WTTR,2026-09-29 15:40:00-04:00,19.43,19.43,19.31,19.34,231
WTTR,2026-09-29 15:45:00-04:00,19.34,19.38,19.31,19.37,164
WTTR,2026-09-29 15:50:00-04:00,19.37,19.4,19.36,19.39,356
WTTR,2026-09-29 15:55:00-04:00,19.39,19.39,19.28,19.34,1658
WTTR,2026-09-29 16:00:00-04:00,19.34,19.34,19.34,19.34,3135
WTTR,2026-09-29 16:05:00-04:00,19.34,19.34,19.34,19.34,4
WTTR,2026-09-29 16:10:00-04:00,19.34,19.34,19.34,19.34,0
WTTR,2026-09-29 16:15:00-04:00,19.34,19.34,19.34,19.34,0
WTTR,2026-09-29 16:20:00-04:00,19.34,19.34,19.34,19.34,0
WTTR,2026-09-29 16:25:00-04:00,19.34,19.34,19.34,19.34,0
WTTR,2026-09-29 16:30:00-04:00,19.34,19.34,19.34,19.34,0
WTTR,2026-09-29 16:35:00-04:00,19.34,19.34,19.34,19.34,0
WTTR,2026-09-29 16:40:00-04:00,19.34,19.34,19.34,19.34,0
WTTR,2026-09-29 16:45:00-04:00,19.34,19.34,19.34,19.34,0
WTTR,2026-09-29 16:50:00-04:00,19.34,19.34,19.34,19.34,0
WTTR,2026-09-29 16:55:00-04:00,19.34,19.34,19.34,19.34,0
WTTR,2026-09-29 17:00:00-04:00,19.34,19.34,19.34,19.34,0
WTTR,2026-09-29 17:05:00-04:00,19.34,19.34,19.34,19.34,0
WTTR,2026-09-29 17:10:00-04:00,19.34,19.34,19.34,19.34,0
WTTR,2026-09-29 17:15:00-04:00,19.34,19.34,19.34,19.34,0
WTTR,2026-09-29 17:20:00-04:00,19.34,19.34,19.34,19.34,0
WTTR,2026-09-29 17:25:00-04:00,19.34,19.34,19.34,19.34,0
WTTR,2026-09-29 17:30:00-04:00,19.34,19.34,19.34,19.34,0
WTTR,2026-09-29 17:35:00-04:00,19.34,19.34,19.34,19.34,0
WTTR,2026-09-29 17:40:00-04:00,19.34,19.34,19.34,19.34,0
WTTR,2026-09-29 17:45:00-04:00,19.34,19.34,19.34,19.34,0
WTTR,2026-09-29 17:50:00-04:00,19.34,19.34,19.34,19.34,0
WTTR,2026-09-29 17:55:00-04:00,19.34,19.34,19.34,19.34,0
WTTR,2026-09-29 18:00:00-04:00,19.34,19.34,19.34,19.34,0
WTTR,2026-09-29 18:05:00-04:00,19.34,19.34,19.34,19.34,0
WTTR,2026-09-29 18:10:00-04:00,19.34,19.34,19.34,19.34,0
WTTR,2026-09-29 18:15:00-04:00,19.34,19.34,19.34,19.34,0
WTTR,2026-09-29 18:20:00-04:00,19.34,19.34,19.34,19.34,0
WTTR,2026-09-29 18:25:00-04:00,19.34,19.34,19.34,19.34,0
WTTR,2026-09-29 18:30:00-04:00,19.44,19.44,19.44,19.44,1
WTTR,2026-09-29 18:35:00-04:00,19.41,19.41,19.39,19.39,4
WTTR,2026-09-29 18:40:00-04:00,19.38,19.38,19.36,19.37,10
WTTR,2026-09-29 18:45:00-04:00,19.36,19.42,19.36,19.36,15
WTTR,2026-09-29 18:50:00-04:00,19.36,19.36,19.34,19.35,58
WTTR,2026-09-29 18:55:00-04:00,19.35,19.35,19.34,19.34,7
WTTR,2026-09-29 19:00:00-04:00,19.34,19.34,19.34,19.34,0
WTTR,2026-09-29 19:05:00-04:00,19.36,19.36,19.35,19.35,9
WTTR,2026-09-29 19:10:00-04:00,19.35,19.35,19.35,19.35,0
WTTR,2026-09-29 19:15:00-04:00,19.35,19.35,19.35,19.35,0
WTTR,2026-09-29 19:20:00-04:00,19.36,19.36,19.34,19.35,5
WTTR,2026-09-29 19:25:00-04:00,19.35,19.35,19.35,19.35,0
WTTR,2026-09-29 19:30:00-04:00,19.35,19.35,19.35,19.35,0
WTTR,2026-09-29 19:35:00-04:00,19.35,19.35,19.35,19.35,0
WTTR,2026-09-29 19:40:00-04:00,19.35,19.35,19.35,19.35,0
WTTR,2026-09-29 19:45:00-04:00,19.35,19.35,19.35,19.35,0
WTTR,2026-09-29 19:50:00-04:00,19.35,19.35,19.35,19.35,0
WTTR,2026-09-29 19:55:00-04:00,19.35,19.35,19.35,19.35,0
WTTR,2026-09-30 09:30:00-04:00,19.77,19.77,19.43,19.57,345
WTTR,2026-09-30 09:35:00-04:00,19.56,19.75,19.55,19.69,129
WTTR,2026-09-30 09:40:00-04:00,19.69,19.73,19.6,19.71,111
WTTR,2026-09-30 09:45:00-04:00,19.75,19.95,19.74,19.95,81
WTTR,2026-09-30 09:50:00-04:00,19.94,20.05,19.83,20.03,157
