Ticker,Date,Open,High,Low,Close,Volume
AAPL,2026-09-22 04:00:00-04:00,339.55,339.82,338.58,339.78,696
AAPL,2026-09-22 04:05:00-04:00,339.8,339.94,338.75,339.81,63
AAPL,2026-09-22 04:10:00-04:00,339.79,339.87,339.77,339.78,30
AAPL,2026-09-22 04:15:00-04:00,339.7,340.24,339.7,340.24,211
AAPL,2026-09-22 04:20:00-04:00,340.23,340.25,339.9,339.91,52
AAPL,2026-09-22 04:25:00-04:00,339.88,339.9,339.71,339.71,70
AAPL,2026-09-22 04:30:00-04:00,339.78,339.87,339.64,339.64,19
AAPL,2026-09-22 04:35:00-04:00,339.56,339.67,339.5,339.67,24
AAPL,2026-09-22 04:40:00-04:00,339.59,339.77,339.59,339.76,27
AAPL,2026-09-22 04:45:00-04:00,339.75,339.79,339.75,339.78,14
AAPL,2026-09-22 04:50:00-04:00,339.77,339.83,339.69,339.71,13
AAPL,2026-09-22 04:55:00-04:00,339.82,339.82,339.69,339.7,8
AAPL,2026-09-22 05:00:00-04:00,339.77,339.79,339.63,339.63,5
AAPL,2026-09-22 05:05:00-04:00,339.64,339.64,339.44,339.59,32
AAPL,2026-09-22 05:10:00-04:00,339.59,339.6,339.37,339.39,39
AAPL,2026-09-22 05:15:00-04:00,339.44,339.46,339.36,339.37,51
AAPL,2026-09-22 05:20:00-04:00,339.43,339.44,339.41,339.44,15
AAPL,2026-09-22 05:25:00-04:00,339.41,339.51,339.41,339.51,15
AAPL,2026-09-22 05:30:00-04:00,339.61,339.61,339.46,339.5,25
AAPL,2026-09-22 05:35:00-04:00,339.51,339.51,339.5,339.5,3
AAPL,2026-09-22 05:40:00-04:00,339.47,339.6,339.47,339.5,24
AAPL,2026-09-22 05:45:00-04:00,339.6,339.65,339.58,339.65,48
AAPL,2026-09-22 05:50:00-04:00,339.75,339.75,339.45,339.45,16
AAPL,2026-09-22 05:55:00-04:00,339.38,339.74,339.38,339.73,32
AAPL,2026-09-22 06:00:00-04:00,339.5,339.52,339.49,339.52,26
AAPL,2026-09-22 06:05:00-04:00,339.59,339.6,339.37,339.47,68
AAPL,2026-09-22 06:10:00-04:00,339.3,339.4,339.24,339.24,20
AAPL,2026-09-22 06:15:00-04:00,339.24,339.25,339.23,339.23,10
AAPL,2026-09-22 06:20:00-04:00,339.2,339.33,339.2,339.3,28
AAPL,2026-09-22 06:25:00-04:00,339.33,339.39,339.26,339.39,16
AAPL,2026-09-22 06:30:00-04:00,339.28,339.32,339.28,339.32,7
AAPL,2026-09-22 06:35:00-04:00,339.45,339.45,339.4,339.44,5
AAPL,2026-09-22 06:40:00-04:00,339.4,339.44,339.35,339.44,13
AAPL,2026-09-22 06:45:00-04:00,339.4,339.4,339.31,339.35,8
AAPL,2026-09-22 06:50:00-04:00,339.37,339.37,339.35,339.35,7
AAPL,2026-09-22 06:55:00-04:00,339.44,339.44,339.26,339.26,30
AAPL,2026-09-22 07:00:00-04:00,339.25,339.34,339.17,339.23,33
AAPL,2026-09-22 07:05:00-04:00,339.24,339.35,339.09,339.25,144
AAPL,2026-09-22 07:10:00-04:00,339.11,339.43,339.09,339.39,171
AAPL,2026-09-22 07:15:00-04:00,339.37,339.45,339.37,339.42,31
AAPL,2026-09-22 07:20:00-04:00,339.39,339.53,339.35,339.53,62
AAPL,2026-09-22 07:25:00-04:00,339.58,339.62,339.51,339.6,49
AAPL,2026-09-22 07:30:00-04:00,339.55,339.59,339.37,339.37,36
AAPL,2026-09-22 07:35:00-04:00,339.54,339.54,339.5,339.5,9
AAPL,2026-09-22 07:40:00-04:00,339.44,339.61,339.39,339.51,108
AAPL,2026-09-22 07:45:00-04:00,339.59,339.67,339.51,339.67,33
AAPL,2026-09-22 07:50:00-04:00,339.68,339.93,339.66,339.93,159
AAPL,2026-09-22 07:55:00-04:00,339.93,339.94,339.84,339.9,102
AAPL,2026-09-22 08:00:00-04:00,339.86,339.98,339.73,339.97,285
AAPL,2026-09-22 08:05:00-04:00,339.93,340.1,339.88,339.95,615
AAPL,2026-09-22 08:10:00-04:00,340.0,340.0,339.8,339.95,124
AAPL,2026-09-22 08:15:00-04:00,339.99,339.99,339.89,339.98,42
AAPL,2026-09-22 08:20:00-04:00,339.99,340.0,339.89,340.0,124
AAPL,2026-09-22 08:25:00-04:00,339.96,340.05,339.91,340.0,363
AAPL,2026-09-22 08:30:00-04:00,339.96,340.2,339.95,340.16,224
AAPL,2026-09-22 08:35:00-04:00,340.16,340.23,340.09,340.2,69
AAPL,2026-09-22 08:40:00-04:00,340.16,340.65,340.16,340.45,771
AAPL,2026-09-22 08:45:00-04:00,340.48,340.5,340.2,340.27,281
AAPL,2026-09-22 08:50:00-04:00,340.25,340.36,340.1,340.1,172
AAPL,2026-09-22 08:55:00-04:00,340.1,340.27,340.02,340.26,128
AAPL,2026-09-22 09:00:00-04:00,340.34,340.34,340.11,340.19,128
AAPL,2026-09-22 09:05:00-04:00,340.13,340.34,340.12,340.32,76
AAPL,2026-09-22 09:10:00-04:00,340.3,340.32,340.11,340.2,187
AAPL,2026-09-22 09:15:00-04:00,340.13,340.33,339.8,340.17,862
AAPL,2026-09-22 09:20:00-04:00,340.03,340.07,339.65,339.79,447
AAPL,2026-09-22 09:25:00-04:00,339.8,340.89,339.0,339.91,1326
AAPL,2026-09-22 09:30:00-04:00,339.96,345.34,339.8,342.7,61064
AAPL,2026-09-22 09:35:00-04:00,342.73,343.2,341.16,341.33,16850
AAPL,2026-09-22 09:40:00-04:00,341.38,341.87,340.56,341.46,14663
AAPL,2026-09-22 09:45:00-04:00,341.42,342.09,341.23,341.59,12249
AAPL,2026-09-22 09:50:00-04:00,341.63,342.0,340.73,340.8,11417
AAPL,2026-09-22 09:55:00-04:00,340.8,341.28,340.26,340.79,14516
AAPL,2026-09-22 10:00:00-04:00,340.79,340.9,339.55,339.58,11837
AAPL,2026-09-22 10:05:00-04:00,339.58,339.76,338.75,339.15,15646
AAPL,2026-09-22 10:10:00-04:00,339.15,339.52,339.1,339.39,11150
AAPL,2026-09-22 10:15:00-04:00,339.37,339.91,338.84,339.37,13007
AAPL,2026-09-22 10:20:00-04:00,339.36,340.14,339.28,339.67,10406
AAPL,2026-09-22 10:25:00-04:00,339.64,340.87,339.55,340.44,8159
AAPL,2026-09-22 10:30:00-04:00,340.47,340.57,339.91,340.05,6594
AAPL,2026-09-22 10:35:00-04:00,340.05,340.15,339.43,339.7,6753
AAPL,2026-09-22 10:40:00-04:00,339.7,340.61,339.61,340.41,5350
AAPL,2026-09-22 10:45:00-04:00,340.41,341.86,340.38,341.79,10723
AAPL,2026-09-22 10:50:00-04:00,341.79,342.34,341.31,342.24,11503
AAPL,2026-09-22 10:55:00-04:00,342.24,342.89,341.92,342.8,19772
AAPL,2026-09-22 11:00:00-04:00,342.81,343.59,342.65,343.08,15021
AAPL,2026-09-22 11:05:00-04:00,343.02,343.52,342.7,343.15,10629
AAPL,2026-09-22 11:10:00-04:00,343.16,343.65,342.84,343.24,8004
AAPL,2026-09-22 11:15:00-04:00,343.23,343.85,343.05,343.61,9992
AAPL,2026-09-22 11:20:00-04:00,343.6,343.69,342.51,342.76,9907
AAPL,2026-09-22 11:25:00-04:00,342.74,343.57,342.55,343.43,9142
AAPL,2026-09-22 11:30:00-04:00,343.43,343.64,342.83,343.38,9042
AAPL,2026-09-22 11:35:00-04:00,343.38,343.63,342.46,342.61,7650
AAPL,2026-09-22 11:40:00-04:00,342.63,343.12,342.46,342.84,4048
AAPL,2026-09-22 11:45:00-04:00,342.85,343.62,342.81,342.9,6098
AAPL,2026-09-22 11:50:00-04:00,342.91,343.0,342.09,342.33,5292
AAPL,2026-09-22 11:55:00-04:00,342.34,342.37,341.88,342.15,4280
AAPL,2026-09-22 12:00:00-04:00,342.14,342.41,341.75,342.38,4326
AAPL,2026-09-22 12:05:00-04:00,342.35,342.56,341.98,342.09,4093
AAPL,2026-09-22 12:10:00-04:00,342.14,343.01,342.05,342.65,4899
AAPL,2026-09-22 12:15:00-04:00,342.62,342.8,342.33,342.38,3215
AAPL,2026-09-22 12:20:00-04:00,342.33,343.8,342.22,342.37,6995
AAPL,2026-09-22 12:25:00-04:00,342.37,342.57,342.16,342.54,2176
AAPL,2026-09-22 12:30:00-04:00,342.53,342.65,342.32,342.61,2290
AAPL,2026-09-22 12:35:00-04:00,342.6,342.88,342.42,342.75,4915
AAPL,2026-09-22 12:40:00-04:00,342.78,342.84,342.35,342.49,3049
AAPL,2026-09-22 12:45:00-04:00,342.49,342.62,342.32,342.54,2156
AAPL,2026-09-22 12:50:00-04:00,342.54,342.63,342.28,342.31,2752
AAPL,2026-09-22 12:55:00-04:00,342.29,342.45,342.14,342.16,2379
AAPL,2026-09-22 13:00:00-04:00,342.18,342.49,342.15,342.29,4545
AAPL,2026-09-22 13:05:00-04:00,342.24,342.28,341.62,341.9,4291
AAPL,2026-09-22 13:10:00-04:00,341.9,342.07,341.64,341.86,6284
AAPL,2026-09-22 13:15:00-04:00,341.9,341.98,341.3,341.44,6810
AAPL,2026-09-22 13:20:00-04:00,341.42,341.54,341.2,341.48,2564
AAPL,2026-09-22 13:25:00-04:00,341.47,341.62,341.42,341.56,2472
AAPL,2026-09-22 13:30:00-04:00,341.55,341.58,341.28,341.48,2722
AAPL,2026-09-22 13:35:00-04:00,341.47,341.6,341.29,341.33,1969
AAPL,2026-09-22 13:40:00-04:00,341.33,341.48,341.22,341.39,2398
AAPL,2026-09-22 13:45:00-04:00,341.39,341.54,341.35,341.44,3455
AAPL,2026-09-22 13:50:00-04:00,341.44,341.61,340.5,340.77,7008
AAPL,2026-09-22 13:55:00-04:00,340.76,341.09,340.51,341.06,4367
AAPL,2026-09-22 14:00:00-04:00,341.06,341.2,340.55,340.61,4867
AAPL,2026-09-22 14:05:00-04:00,340.62,341.11,340.61,341.06,3881
AAPL,2026-09-22 14:10:00-04:00,341.05,341.29,340.85,341.22,3671
AAPL,2026-09-22 14:15:00-04:00,341.24,341.3,340.94,341.1,4035
AAPL,2026-09-22 14:20:00-04:00,341.09,341.59,341.06,341.46,4711
AAPL,2026-09-22 14:25:00-04:00,341.43,341.48,341.0,341.02,3038
AAPL,2026-09-22 14:30:00-04:00,341.03,341.28,340.95,341.23,2450
AAPL,2026-09-22 14:35:00-04:00,341.24,341.37,341.05,341.1,2878
AAPL,2026-09-22 14:40:00-04:00,341.1,341.48,340.9,341.15,4347
AAPL,2026-09-22 14:45:00-04:00,341.17,341.28,340.5,340.51,3100
AAPL,2026-09-22 14:50:00-04:00,340.5,340.55,340.02,340.32,4977
AAPL,2026-09-22 14:55:00-04:00,340.33,340.34,340.08,340.27,3994
AAPL,2026-09-22 15:00:00-04:00,340.28,340.32,340.05,340.29,4317
AAPL,2026-09-22 15:05:00-04:00,340.28,340.4,340.13,340.27,4828
AAPL,2026-09-22 15:10:00-04:00,340.28,340.43,340.19,340.23,3811
AAPL,2026-09-22 15:15:00-04:00,340.21,340.25,340.02,340.14,5288
AAPL,2026-09-22 15:20:00-04:00,340.16,340.26,339.88,340.1,5794
AAPL,2026-09-22 15:25:00-04:00,340.1,340.34,340.09,340.11,4002
AAPL,2026-09-22 15:30:00-04:00,340.1,340.64,340.04,340.54,9960
AAPL,2026-09-22 15:35:00-04:00,340.56,340.58,340.13,340.15,3979
AAPL,2026-09-22 15:40:00-04:00,340.14,340.27,339.8,339.9,6447
AAPL,2026-09-22 15:45:00-04:00,339.91,340.12,339.68,340.04,7807
AAPL,2026-09-22 15:50:00-04:00,340.01,340.12,339.69,339.92,9949
AAPL,2026-09-22 15:55:00-04:00,339.91,339.92,339.27,339.73,29522
AAPL,2026-09-22 16:00:00-04:00,339.75,339.99,339.75,339.89,180866
AAPL,2026-09-22 16:05:00-04:00,339.9,339.98,339.84,339.9,175
AAPL,2026-09-22 16:10:00-04:00,339.91,340.1,339.85,340.0,173
AAPL,2026-09-22 16:15:00-04:00,339.91,340.1,339.91,340.06,108
AAPL,2026-09-22 16:20:00-04:00,339.99,340.08,339.99,340.02,117
AAPL,2026-09-22 16:25:00-04:00,340.01,340.1,340.0,340.01,34
AAPL,2026-09-22 16:30:00-04:00,340.01,340.01,339.75,339.91,179
AAPL,2026-09-22 16:35:00-04:00,339.91,339.98,339.88,339.92,196
AAPL,2026-09-22 16:40:00-04:00,339.98,340.05,339.93,339.93,77
AAPL,2026-09-22 16:45:00-04:00,339.92,340.01,339.75,339.9,192
AAPL,2026-09-22 16:50:00-04:00,339.91,339.91,339.85,339.86,8
AAPL,2026-09-22 16:55:00-04:00,339.9,339.91,339.85,339.85,17
AAPL,2026-09-22 17:00:00-04:00,339.85,339.89,339.85,339.89,6
AAPL,2026-09-22 17:05:00-04:00,339.88,340.0,339.87,340.0,16
AAPL,2026-09-22 17:10:00-04:00,339.98,340.0,339.97,340.0,35
AAPL,2026-09-22 17:15:00-04:00,340.0,340.0,339.75,339.95,52
AAPL,2026-09-22 17:20:00-04:00,339.91,339.91,339.91,339.91,1
AAPL,2026-09-22 17:25:00-04:00,339.99,339.99,339.94,339.96,16
AAPL,2026-09-22 17:30:00-04:00,339.96,339.96,339.93,339.93,7
AAPL,2026-09-22 17:35:00-04:00,339.93,339.93,339.84,339.92,28
AAPL,2026-09-22 17:40:00-04:00,339.93,339.93,339.84,339.84,32
AAPL,2026-09-22 17:45:00-04:00,339.84,339.9,339.84,339.9,30
AAPL,2026-09-22 17:50:00-04:00,339.88,339.91,339.87,339.91,21
AAPL,2026-09-22 17:55:00-04:00,339.84,339.85,339.84,339.85,5
AAPL,2026-09-22 18:00:00-04:00,339.95,340.06,339.95,340.01,25
AAPL,2026-09-22 18:05:00-04:00,339.84,340.07,339.84,340.03,17
AAPL,2026-09-22 18:10:00-04:00,339.85,340.05,339.85,340.05,2
AAPL,2026-09-22 18:15:00-04:00,339.9,339.98,339.86,339.97,12
AAPL,2026-09-22 18:20:00-04:00,339.95,339.96,339.87,339.87,48
AAPL,2026-09-22 18:25:00-04:00,339.98,339.98,339.86,339.96,16
AAPL,2026-09-22 18:30:00-04:00,339.92,340.0,339.91,339.99,14
AAPL,2026-09-22 18:35:00-04:00,339.99,339.99,339.93,339.93,17
AAPL,2026-09-22 18:40:00-04:00,339.91,339.99,339.91,339.99,14
AAPL,2026-09-22 18:45:00-04:00,339.91,339.99,339.9,339.9,66
AAPL,2026-09-22 18:50:00-04:00,339.9,340.0,339.87,339.88,50
AAPL,2026-09-22 18:55:00-04:00,340.0,340.0,339.89,339.98,6
AAPL,2026-09-22 19:00:00-04:00,339.9,339.98,339.9,339.98,61
AAPL,2026-09-22 19:05:00-04:00,339.91,340.0,339.9,339.93,38
AAPL,2026-09-22 19:10:00-04:00,340.0,340.0,339.9,339.9,25
AAPL,2026-09-22 19:15:00-04:00,339.91,339.98,339.91,339.92,17
AAPL,2026-09-22 19:20:00-04:00,339.98,339.98,339.91,339.91,23
AAPL,2026-09-22 19:25:00-04:00,339.9,339.93,339.88,339.92,18
AAPL,2026-09-22 19:30:00-04:00,339.9,339.95,339.87,339.95,11
AAPL,2026-09-22 19:35:00-04:00,339.92,339.92,339.84,339.84,43
AAPL,2026-09-22 19:40:00-04:00,339.84,339.85,339.82,339.84,42
AAPL,2026-09-22 19:45:00-04:00,339.86,339.92,339.84,339.84,34
AAPL,2026-09-22 19:50:00-04:00,339.84,339.93,339.84,339.92,28
AAPL,2026-09-22 19:55:00-04:00,339.84,339.91,339.81,339.84,162
AAPL,2026-09-23 04:00:00-04:00,340.49,340.67,340.01,340.5,422
AAPL,2026-09-23 04:05:00-04:00,340.49,340.5,340.1,340.5,36
AAPL,2026-09-23 04:10:00-04:00,340.66,340.78,340.5,340.5,121
AAPL,2026-09-23 04:15:00-04:00,340.79,340.79,340.57,340.58,14
AAPL,2026-09-23 04:20:00-04:00,340.58,340.67,340.58,340.67,13
AAPL,2026-09-23 04:25:00-04:00,340.53,340.53,340.5,340.5,12
AAPL,2026-09-23 04:30:00-04:00,340.67,340.67,340.5,340.5,2
AAPL,2026-09-23 04:35:00-04:00,340.5,340.57,340.5,340.57,2
AAPL,2026-09-23 04:40:00-04:00,340.52,340.53,340.4,340.4,53
AAPL,2026-09-23 04:45:00-04:00,340.4,340.4,340.4,340.4,0
AAPL,2026-09-23 04:50:00-04:00,340.31,340.31,340.3,340.3,5
AAPL,2026-09-23 04:55:00-04:00,340.2,340.2,340.1,340.11,36
AAPL,2026-09-23 05:00:00-04:00,340.18,340.18,340.18,340.18,2
AAPL,2026-09-23 05:05:00-04:00,340.2,340.2,340.2,340.2,33
AAPL,2026-09-23 05:10:00-04:00,340.25,340.3,340.25,340.3,3
AAPL,2026-09-23 05:15:00-04:00,340.3,340.3,340.3,340.3,3
AAPL,2026-09-23 05:20:00-04:00,340.28,340.28,340.28,340.28,1
AAPL,2026-09-23 05:25:00-04:00,340.28,340.28,340.28,340.28,0
AAPL,2026-09-23 05:30:00-04:00,340.26,340.26,340.26,340.26,1
AAPL,2026-09-23 05:35:00-04:00,340.21,340.21,340.21,340.21,1
AAPL,2026-09-23 05:40:00-04:00,340.15,340.15,339.87,339.88,54
AAPL,2026-09-23 05:45:00-04:00,339.97,340.21,339.9,340.21,18
AAPL,2026-09-23 05:50:00-04:00,340.21,340.21,340.21,340.21,0
AAPL,2026-09-23 05:55:00-04:00,340.21,340.21,340.21,340.21,0
AAPL,2026-09-23 06:00:00-04:00,340.17,340.21,340.17,340.2,32
AAPL,2026-09-23 06:05:00-04:00,340.21,340.34,340.18,340.18,6
AAPL,2026-09-23 06:10:00-04:00,340.2,340.23,340.11,340.11,14
AAPL,2026-09-23 06:15:00-04:00,340.21,340.21,340.21,340.21,12
AAPL,2026-09-23 06:20:00-04:00,340.23,340.38,340.1,340.37,10
AAPL,2026-09-23 06:25:00-04:00,340.3,340.3,340.22,340.22,4
AAPL,2026-09-23 06:30:00-04:00,340.21,340.4,340.21,340.33,34
AAPL,2026-09-23 06:35:00-04:00,340.36,340.54,340.0,340.0,83
AAPL,2026-09-23 06:40:00-04:00,340.04,340.2,340.04,340.2,17
AAPL,2026-09-23 06:45:00-04:00,340.14,340.37,340.13,340.36,17
AAPL,2026-09-23 06:50:00-04:00,340.26,340.26,340.1,340.26,11
AAPL,2026-09-23 06:55:00-04:00,340.15,340.16,340.14,340.14,11
AAPL,2026-09-23 07:00:00-04:00,340.1,340.71,340.1,340.59,66
AAPL,2026-09-23 07:05:00-04:00,340.5,340.9,340.43,340.8,151
AAPL,2026-09-23 07:10:00-04:00,340.7,340.8,340.37,340.52,102
AAPL,2026-09-23 07:15:00-04:00,340.7,340.7,340.66,340.66,3
AAPL,2026-09-23 07:20:00-04:00,340.57,340.8,340.46,340.76,59
AAPL,2026-09-23 07:25:00-04:00,340.7,340.71,340.51,340.51,98
AAPL,2026-09-23 07:30:00-04:00,340.49,340.62,340.37,340.55,81
AAPL,2026-09-23 07:35:00-04:00,340.43,340.7,340.36,340.7,80
AAPL,2026-09-23 07:40:00-04:00,340.63,340.64,340.4,340.43,244
AAPL,2026-09-23 07:45:00-04:00,340.58,340.62,340.47,340.6,28
AAPL,2026-09-23 07:50:00-04:00,340.47,340.62,340.32,340.33,104
AAPL,2026-09-23 07:55:00-04:00,340.3,340.7,340.3,340.7,69
AAPL,2026-09-23 08:00:00-04:00,340.73,341.14,339.75,341.09,305
AAPL,2026-09-23 08:05:00-04:00,341.03,341.1,340.7,340.97,77
AAPL,2026-09-23 08:10:00-04:00,340.8,341.47,340.4,341.0,513
AAPL,2026-09-23 08:15:00-04:00,340.86,341.0,340.78,340.93,147
AAPL,2026-09-23 08:20:00-04:00,340.82,341.0,340.5,340.5,92
AAPL,2026-09-23 08:25:00-04:00,340.5,340.8,340.5,340.76,56
AAPL,2026-09-23 08:30:00-04:00,340.76,340.76,340.64,340.65,40
AAPL,2026-09-23 08:35:00-04:00,340.69,340.93,340.62,340.73,169
AAPL,2026-09-23 08:40:00-04:00,340.95,341.14,340.84,341.14,209
AAPL,2026-09-23 08:45:00-04:00,341.14,341.54,341.05,341.51,209
AAPL,2026-09-23 08:50:00-04:00,341.54,341.81,341.32,341.72,218
AAPL,2026-09-23 08:55:00-04:00,341.75,343.34,341.73,343.16,2960
AAPL,2026-09-23 09:00:00-04:00,343.07,344.38,343.07,343.38,4183
AAPL,2026-09-23 09:05:00-04:00,343.3,343.43,342.8,342.9,897
AAPL,2026-09-23 09:10:00-04:00,342.9,343.1,342.8,342.8,558
AAPL,2026-09-23 09:15:00-04:00,342.86,342.86,342.4,342.5,590
AAPL,2026-09-23 09:20:00-04:00,342.63,342.75,342.4,342.46,220
AAPL,2026-09-23 09:25:00-04:00,342.4,342.4,340.46,341.19,2735
AAPL,2026-09-23 09:30:00-04:00,341.25,341.8,339.18,340.45,32893
AAPL,2026-09-23 09:35:00-04:00,340.44,340.81,338.5,338.84,17210
AAPL,2026-09-23 09:40:00-04:00,338.86,339.2,336.97,337.33,14134
AAPL,2026-09-23 09:45:00-04:00,337.35,338.72,337.3,338.63,11758
AAPL,2026-09-23 09:50:00-04:00,338.55,338.69,337.36,337.55,9115
AAPL,2026-09-23 09:55:00-04:00,337.55,338.22,337.35,337.48,8088
AAPL,2026-09-23 10:00:00-04:00,337.47,338.27,337.25,337.67,11391
AAPL,2026-09-23 10:05:00-04:00,337.69,338.19,337.5,337.85,7194
AAPL,2026-09-23 10:10:00-04:00,337.87,338.0,337.06,337.06,8993
AAPL,2026-09-23 10:15:00-04:00,337.06,337.58,336.61,337.22,11502
AAPL,2026-09-23 10:20:00-04:00,337.2,337.23,336.41,336.93,8358
AAPL,2026-09-23 10:25:00-04:00,336.93,337.52,336.62,337.32,7285
AAPL,2026-09-23 10:30:00-04:00,337.32,338.05,337.26,337.5,6086
AAPL,2026-09-23 10:35:00-04:00,337.49,337.64,337.1,337.24,4351
AAPL,2026-09-23 10:40:00-04:00,337.24,337.61,336.82,337.48,5170
AAPL,2026-09-23 10:45:00-04:00,337.55,338.22,337.46,338.21,5591
AAPL,2026-09-23 10:50:00-04:00,338.2,338.47,337.9,338.33,6822
AAPL,2026-09-23 10:55:00-04:00,338.32,338.52,337.93,338.17,4575
AAPL,2026-09-23 11:00:00-04:00,338.17,338.61,337.97,338.57,5037
AAPL,2026-09-23 11:05:00-04:00,338.56,338.59,337.84,338.09,4493
AAPL,2026-09-23 11:10:00-04:00,338.1,338.27,337.97,338.13,2753
AAPL,2026-09-23 11:15:00-04:00,338.14,338.23,337.33,337.57,4562
AAPL,2026-09-23 11:20:00-04:00,337.58,337.61,336.8,336.88,4526
AAPL,2026-09-23 11:25:00-04:00,336.86,336.89,335.91,336.18,13918
AAPL,2026-09-23 11:30:00-04:00,336.17,336.49,335.97,336.17,5511
AAPL,2026-09-23 11:35:00-04:00,336.17,336.45,336.06,336.25,5108
AAPL,2026-09-23 11:40:00-04:00,336.25,336.61,335.99,336.53,4874
AAPL,2026-09-23 11:45:00-04:00,336.52,336.88,336.21,336.85,6034
AAPL,2026-09-23 11:50:00-04:00,336.86,336.97,336.64,336.93,3494
AAPL,2026-09-23 11:55:00-04:00,336.93,337.16,336.72,336.98,4986
AAPL,2026-09-23 12:00:00-04:00,336.98,337.15,336.85,336.93,4584
AAPL,2026-09-23 12:05:00-04:00,336.93,336.98,336.62,336.89,3450
AAPL,2026-09-23 12:10:00-04:00,336.9,337.24,336.65,336.92,2610
AAPL,2026-09-23 12:15:00-04:00,336.91,336.98,336.62,336.89,2469
AAPL,2026-09-23 12:20:00-04:00,336.89,337.07,336.76,337.06,2453
AAPL,2026-09-23 12:25:00-04:00,337.06,337.06,336.74,336.75,2407
AAPL,2026-09-23 12:30:00-04:00,336.75,336.98,336.56,336.84,3139
AAPL,2026-09-23 12:35:00-04:00,336.82,337.06,336.65,336.75,5652
AAPL,2026-09-23 12:40:00-04:00,336.75,336.84,336.67,336.67,1738
AAPL,2026-09-23 12:45:00-04:00,336.68,337.07,336.56,336.87,1908
AAPL,2026-09-23 12:50:00-04:00,336.86,336.9,336.63,336.74,2411
AAPL,2026-09-23 12:55:00-04:00,336.74,336.94,336.67,336.85,2493
AAPL,2026-09-23 13:00:00-04:00,336.85,337.15,336.76,336.87,2395
AAPL,2026-09-23 13:05:00-04:00,336.9,337.57,336.87,337.54,3258
AAPL,2026-09-23 13:10:00-04:00,337.54,337.79,337.31,337.64,3451
AAPL,2026-09-23 13:15:00-04:00,337.63,337.94,337.43,337.93,3940
AAPL,2026-09-23 13:20:00-04:00,337.93,337.94,337.08,337.11,3321
AAPL,2026-09-23 13:25:00-04:00,337.11,337.11,336.8,336.83,2869
AAPL,2026-09-23 13:30:00-04:00,336.83,337.14,336.73,337.03,3429
AAPL,2026-09-23 13:35:00-04:00,337.01,337.18,336.97,337.08,2635
AAPL,2026-09-23 13:40:00-04:00,337.07,337.38,337.03,337.35,2546
AAPL,2026-09-23 13:45:00-04:00,337.37,337.59,337.2,337.37,3281
AAPL,2026-09-23 13:50:00-04:00,337.37,337.56,337.12,337.42,4309
AAPL,2026-09-23 13:55:00-04:00,337.46,337.68,337.26,337.56,3112
AAPL,2026-09-23 14:00:00-04:00,337.56,337.6,337.38,337.46,2519
AAPL,2026-09-23 14:05:00-04:00,337.42,337.54,337.25,337.48,2503
AAPL,2026-09-23 14:10:00-04:00,337.5,337.53,337.15,337.2,2355
AAPL,2026-09-23 14:15:00-04:00,337.19,337.2,336.91,337.08,2760
AAPL,2026-09-23 14:20:00-04:00,337.07,337.08,336.58,337.03,4751
AAPL,2026-09-23 14:25:00-04:00,337.04,337.13,336.95,337.05,2980
AAPL,2026-09-23 14:30:00-04:00,337.05,337.2,336.84,337.0,2682
AAPL,2026-09-23 14:35:00-04:00,337.0,337.04,336.75,336.87,1930
AAPL,2026-09-23 14:40:00-04:00,336.88,337.0,336.78,336.88,2159
AAPL,2026-09-23 14:45:00-04:00,336.89,337.2,336.87,337.15,2519
AAPL,2026-09-23 14:50:00-04:00,337.17,337.24,337.05,337.22,2181
AAPL,2026-09-23 14:55:00-04:00,337.22,337.39,337.1,337.12,2999
AAPL,2026-09-23 15:00:00-04:00,337.13,337.27,336.9,336.91,3269
AAPL,2026-09-23 15:05:00-04:00,336.91,337.16,336.78,337.07,2440
AAPL,2026-09-23 15:10:00-04:00,337.07,337.1,336.41,336.73,5625
AAPL,2026-09-23 15:15:00-04:00,336.75,336.78,336.21,336.4,4752
AAPL,2026-09-23 15:20:00-04:00,336.4,336.48,336.27,336.31,4749
AAPL,2026-09-23 15:25:00-04:00,336.3,336.59,336.2,336.33,6388
AAPL,2026-09-23 15:30:00-04:00,336.33,336.56,336.0,336.41,9188
AAPL,2026-09-23 15:35:00-04:00,336.44,336.71,336.26,336.56,4851
AAPL,2026-09-23 15:40:00-04:00,336.55,336.65,336.3,336.37,5277
AAPL,2026-09-23 15:45:00-04:00,336.37,336.85,336.36,336.83,6320
AAPL,2026-09-23 15:50:00-04:00,336.81,336.84,335.5,335.87,13199
AAPL,2026-09-23 15:55:00-04:00,335.89,337.14,335.88,336.95,46063
AAPL,2026-09-23 16:00:00-04:00,337.0,337.15,336.66,336.98,160199
AAPL,2026-09-23 16:05:00-04:00,336.77,337.02,336.77,336.99,451
AAPL,2026-09-23 16:10:00-04:00,336.97,337.02,336.82,336.82,5129
AAPL,2026-09-23 16:15:00-04:00,336.8,337.02,336.78,337.02,8283
AAPL,2026-09-23 16:20:00-04:00,336.87,336.9,336.78,336.78,26
AAPL,2026-09-23 16:25:00-04:00,336.85,336.89,336.83,336.83,11
AAPL,2026-09-23 16:30:00-04:00,336.85,337.02,336.83,336.89,13
AAPL,2026-09-23 16:35:00-04:00,336.89,336.95,336.85,336.92,44
AAPL,2026-09-23 16:40:00-04:00,336.92,336.93,336.88,336.93,12
AAPL,2026-09-23 16:45:00-04:00,336.93,337.02,336.85,336.86,347
AAPL,2026-09-23 16:50:00-04:00,336.9,336.97,336.9,336.97,7
AAPL,2026-09-23 16:55:00-04:00,336.97,336.97,336.85,336.85,35
AAPL,2026-09-23 17:00:00-04:00,336.86,336.86,336.85,336.86,1
AAPL,2026-09-23 17:05:00-04:00,336.88,336.89,336.85,336.89,17
AAPL,2026-09-23 17:10:00-04:00,336.89,336.96,336.89,336.96,10
AAPL,2026-09-23 17:15:00-04:00,336.91,336.95,336.91,336.95,2
AAPL,2026-09-23 17:20:00-04:00,336.92,336.95,336.92,336.95,5
AAPL,2026-09-23 17:25:00-04:00,336.9,336.93,336.87,336.92,6
AAPL,2026-09-23 17:30:00-04:00,336.83,336.9,336.83,336.9,27
AAPL,2026-09-23 17:35:00-04:00,336.9,336.95,336.9,336.95,30
AAPL,2026-09-23 17:40:00-04:00,336.95,336.95,336.94,336.95,1
AAPL,2026-09-23 17:45:00-04:00,336.95,337.09,336.95,337.0,140
AAPL,2026-09-23 17:50:00-04:00,337.0,337.07,337.0,337.0,20
AAPL,2026-09-23 17:55:00-04:00,337.04,337.04,337.0,337.0,4
AAPL,2026-09-23 18:00:00-04:00,337.07,337.25,337.02,337.22,186
AAPL,2026-09-23 18:05:00-04:00,337.15,337.19,337.13,337.13,10
AAPL,2026-09-23 18:10:00-04:00,337.25,337.35,337.1,337.1,61
AAPL,2026-09-23 18:15:00-04:00,337.1,337.17,337.1,337.1,9
AAPL,2026-09-23 18:20:00-04:00,337.2,337.2,337.11,337.11,34
AAPL,2026-09-23 18:25:00-04:00,337.18,337.19,337.1,337.1,16
AAPL,2026-09-23 18:30:00-04:00,337.14,337.17,337.1,337.17,16
AAPL,2026-09-23 18:35:00-04:00,337.17,337.17,337.17,337.17,0
AAPL,2026-09-23 18:40:00-04:00,337.18,337.2,337.1,337.15,62
AAPL,2026-09-23 18:45:00-04:00,337.18,337.18,337.11,337.11,20
AAPL,2026-09-23 18:50:00-04:00,337.18,337.18,337.16,337.18,45
AAPL,2026-09-23 18:55:00-04:00,337.15,337.15,337.15,337.15,5
AAPL,2026-09-23 19:00:00-04:00,337.11,337.14,337.1,337.14,5
AAPL,2026-09-23 19:05:00-04:00,337.1,337.12,337.1,337.11,8
AAPL,2026-09-23 19:10:00-04:00,337.12,337.17,337.1,337.1,18
AAPL,2026-09-23 19:15:00-04:00,337.1,337.17,337.1,337.16,19
AAPL,2026-09-23 19:20:00-04:00,337.18,337.18,337.1,337.12,50
AAPL,2026-09-23 19:25:00-04:00,337.15,337.2,337.11,337.15,38
AAPL,2026-09-23 19:30:00-04:00,337.15,337.15,337.15,337.15,20
AAPL,2026-09-23 19:35:00-04:00,337.12,337.24,337.1,337.24,130
AAPL,2026-09-23 19:40:00-04:00,337.19,337.35,336.82,336.94,321
AAPL,2026-09-23 19:45:00-04:00,336.89,336.99,336.82,336.92,39
AAPL,2026-09-23 19:50:00-04:00,336.91,337.1,336.91,337.1,32
AAPL,2026-09-23 19:55:00-04:00,337.0,337.0,336.8,336.86,210
AAPL,2026-09-24 04:00:00-04:00,336.41,336.49,335.51,335.6,472
AAPL,2026-09-24 04:05:00-04:00,335.52,336.25,335.51,335.52,61
AAPL,2026-09-24 04:10:00-04:00,335.52,335.52,335.44,335.45,27
AAPL,2026-09-24 04:15:00-04:00,335.37,335.58,335.35,335.35,25
AAPL,2026-09-24 04:20:00-04:00,335.37,335.42,335.32,335.32,49
AAPL,2026-09-24 04:25:00-04:00,335.3,335.34,335.09,335.27,59
AAPL,2026-09-24 04:30:00-04:00,335.27,335.31,334.87,335.31,223
AAPL,2026-09-24 04:35:00-04:00,335.01,335.46,334.92,335.46,25
AAPL,2026-09-24 04:40:00-04:00,335.44,335.77,335.44,335.66,59
AAPL,2026-09-24 04:45:00-04:00,335.78,335.81,335.69,335.69,14
AAPL,2026-09-24 04:50:00-04:00,335.84,335.98,335.6,335.6,42
AAPL,2026-09-24 04:55:00-04:00,335.35,335.61,335.35,335.61,31
AAPL,2026-09-24 05:00:00-04:00,335.54,335.62,335.52,335.54,22
AAPL,2026-09-24 05:05:00-04:00,335.62,335.87,335.57,335.87,29
AAPL,2026-09-24 05:10:00-04:00,335.79,335.92,335.79,335.9,54
AAPL,2026-09-24 05:15:00-04:00,335.82,335.93,335.8,335.93,32
AAPL,2026-09-24 05:20:00-04:00,335.97,336.35,335.97,336.31,144
AAPL,2026-09-24 05:25:00-04:00,336.29,336.37,336.22,336.37,83
AAPL,2026-09-24 05:30:00-04:00,336.28,336.28,336.1,336.1,12
AAPL,2026-09-24 05:35:00-04:00,336.0,336.0,335.48,335.48,62
AAPL,2026-09-24 05:40:00-04:00,335.5,335.7,335.35,335.7,55
AAPL,2026-09-24 05:45:00-04:00,335.79,336.0,335.79,336.0,26
AAPL,2026-09-24 05:50:00-04:00,336.0,336.0,336.0,336.0,0
AAPL,2026-09-24 05:55:00-04:00,335.99,336.13,335.87,336.13,27
AAPL,2026-09-24 06:00:00-04:00,336.05,336.07,336.05,336.07,16
AAPL,2026-09-24 06:05:00-04:00,336.1,336.15,336.1,336.15,9
AAPL,2026-09-24 06:10:00-04:00,336.13,336.39,336.13,336.39,17
AAPL,2026-09-24 06:15:00-04:00,336.43,336.48,336.19,336.35,75
AAPL,2026-09-24 06:20:00-04:00,336.33,336.37,336.33,336.37,51
AAPL,2026-09-24 06:25:00-04:00,336.21,336.26,336.21,336.21,6
AAPL,2026-09-24 06:30:00-04:00,336.29,336.4,336.16,336.34,23
AAPL,2026-09-24 06:35:00-04:00,336.39,336.63,336.38,336.63,51
AAPL,2026-09-24 06:40:00-04:00,336.68,337.0,336.68,336.93,75
AAPL,2026-09-24 06:45:00-04:00,336.89,336.95,336.78,336.79,14
AAPL,2026-09-24 06:50:00-04:00,336.78,336.81,336.77,336.78,19
AAPL,2026-09-24 06:55:00-04:00,336.89,336.95,336.86,336.95,21
AAPL,2026-09-24 07:00:00-04:00,336.95,337.24,336.95,337.22,141
AAPL,2026-09-24 07:05:00-04:00,337.17,337.33,336.83,336.95,123
AAPL,2026-09-24 07:10:00-04:00,336.9,337.02,336.9,336.92,59
AAPL,2026-09-24 07:15:00-04:00,336.76,336.91,336.76,336.81,9
AAPL,2026-09-24 07:20:00-04:00,336.86,337.18,336.83,337.16,125
AAPL,2026-09-24 07:25:00-04:00,337.09,337.18,337.03,337.17,17
AAPL,2026-09-24 07:30:00-04:00,337.16,337.18,336.84,336.84,123
AAPL,2026-09-24 07:35:00-04:00,336.9,337.01,336.83,336.85,143
AAPL,2026-09-24 07:40:00-04:00,336.85,337.09,336.85,337.01,130
AAPL,2026-09-24 07:45:00-04:00,337.04,337.29,337.04,337.1,114
AAPL,2026-09-24 07:50:00-04:00,337.1,337.22,336.5,336.81,354
AAPL,2026-09-24 07:55:00-04:00,336.82,336.9,336.81,336.9,58
AAPL,2026-09-24 08:00:00-04:00,336.89,336.99,336.66,336.89,117
AAPL,2026-09-24 08:05:00-04:00,336.73,336.97,336.73,336.97,58
AAPL,2026-09-24 08:10:00-04:00,336.9,337.02,336.82,336.82,34
AAPL,2026-09-24 08:15:00-04:00,336.81,336.81,336.7,336.7,54
AAPL,2026-09-24 08:20:00-04:00,336.75,336.75,336.5,336.52,108
AAPL,2026-09-24 08:25:00-04:00,336.6,336.99,336.6,336.99,31
AAPL,2026-09-24 08:30:00-04:00,337.05,337.25,337.0,337.15,117
AAPL,2026-09-24 08:35:00-04:00,337.2,337.38,337.2,337.25,150
AAPL,2026-09-24 08:40:00-04:00,337.26,337.29,337.03,337.03,259
AAPL,2026-09-24 08:45:00-04:00,337.11,337.12,336.79,336.93,96
AAPL,2026-09-24 08:50:00-04:00,336.99,337.02,336.88,336.98,90
AAPL,2026-09-24 08:55:00-04:00,336.92,336.95,336.77,336.9,160
AAPL,2026-09-24 09:00:00-04:00,336.7,336.95,336.7,336.75,97
AAPL,2026-09-24 09:05:00-04:00,336.75,336.87,336.67,336.67,60
AAPL,2026-09-24 09:10:00-04:00,336.7,336.95,336.7,336.75,41
AAPL,2026-09-24 09:15:00-04:00,336.81,336.88,336.4,336.57,260
AAPL,2026-09-24 09:20:00-04:00,336.57,336.57,336.3,336.36,193
AAPL,2026-09-24 09:25:00-04:00,336.01,336.77,335.75,336.62,701
AAPL,2026-09-24 09:30:00-04:00,336.55,337.1,335.13,336.36,21626
AAPL,2026-09-24 09:35:00-04:00,336.35,336.96,335.34,335.57,7972
AAPL,2026-09-24 09:40:00-04:00,335.54,335.86,334.3,334.95,10629
AAPL,2026-09-24 09:45:00-04:00,334.99,335.7,334.7,335.55,8555
AAPL,2026-09-24 09:50:00-04:00,335.54,337.0,335.2,336.54,12259
AAPL,2026-09-24 09:55:00-04:00,336.56,337.5,336.35,337.35,9277
AAPL,2026-09-24 10:00:00-04:00,337.32,337.7,336.75,337.07,9511
AAPL,2026-09-24 10:05:00-04:00,337.07,338.26,337.07,337.84,9201
AAPL,2026-09-24 10:10:00-04:00,337.86,337.88,336.93,337.33,5821
AAPL,2026-09-24 10:15:00-04:00,337.35,337.84,337.35,337.67,4198
AAPL,2026-09-24 10:20:00-04:00,337.67,337.7,337.3,337.43,4388
AAPL,2026-09-24 10:25:00-04:00,337.44,337.79,337.31,337.45,3144
AAPL,2026-09-24 10:30:00-04:00,337.47,337.57,336.13,336.32,6617
AAPL,2026-09-24 10:35:00-04:00,336.34,336.74,336.24,336.53,3892
AAPL,2026-09-24 10:40:00-04:00,336.53,336.75,336.2,336.3,3400
AAPL,2026-09-24 10:45:00-04:00,336.26,336.78,336.2,336.68,2712
AAPL,2026-09-24 10:50:00-04:00,336.67,336.78,336.32,336.44,2542
AAPL,2026-09-24 10:55:00-04:00,336.44,336.5,336.04,336.24,2858
AAPL,2026-09-24 11:00:00-04:00,336.26,336.3,335.88,335.94,5622
AAPL,2026-09-24 11:05:00-04:00,335.93,336.41,335.65,336.19,3533
AAPL,2026-09-24 11:10:00-04:00,336.17,336.44,335.69,335.78,3288
AAPL,2026-09-24 11:15:00-04:00,335.8,336.43,335.78,336.25,2100
AAPL,2026-09-24 11:20:00-04:00,336.24,336.62,336.16,336.38,2701
AAPL,2026-09-24 11:25:00-04:00,336.34,336.37,335.77,336.06,2905
AAPL,2026-09-24 11:30:00-04:00,336.06,336.35,335.91,335.95,2876
AAPL,2026-09-24 11:35:00-04:00,335.97,336.38,335.97,336.12,2738
AAPL,2026-09-24 11:40:00-04:00,336.15,336.24,336.0,336.12,2074
AAPL,2026-09-24 11:45:00-04:00,336.11,336.3,335.84,335.93,2524
AAPL,2026-09-24 11:50:00-04:00,335.94,336.5,335.91,336.49,4881
AAPL,2026-09-24 11:55:00-04:00,336.49,336.69,336.36,336.54,5053
AAPL,2026-09-24 12:00:00-04:00,336.54,337.24,336.49,337.11,7108
AAPL,2026-09-24 12:05:00-04:00,337.1,337.12,336.9,337.04,2384
AAPL,2026-09-24 12:10:00-04:00,337.06,337.94,337.04,337.93,4737
AAPL,2026-09-24 12:15:00-04:00,337.93,338.91,337.75,337.97,9198
AAPL,2026-09-24 12:20:00-04:00,337.98,338.31,337.5,337.68,3988
AAPL,2026-09-24 12:25:00-04:00,337.73,337.95,337.41,337.83,2320
AAPL,2026-09-24 12:30:00-04:00,337.82,338.01,337.49,337.87,4246
AAPL,2026-09-24 12:35:00-04:00,337.91,338.04,337.66,338.03,2267
AAPL,2026-09-24 12:40:00-04:00,338.03,338.58,337.86,338.16,5688
AAPL,2026-09-24 12:45:00-04:00,338.18,338.51,337.9,338.45,4815
AAPL,2026-09-24 12:50:00-04:00,338.47,338.51,338.05,338.18,2221
AAPL,2026-09-24 12:55:00-04:00,338.17,338.58,338.15,338.46,2922
AAPL,2026-09-24 13:00:00-04:00,338.46,338.52,338.07,338.26,3295
AAPL,2026-09-24 13:05:00-04:00,338.28,338.43,338.06,338.16,1826
AAPL,2026-09-24 13:10:00-04:00,338.16,338.43,337.85,338.41,2445
AAPL,2026-09-24 13:15:00-04:00,338.39,338.51,338.1,338.13,3482
AAPL,2026-09-24 13:20:00-04:00,338.07,338.2,337.85,337.89,2929
AAPL,2026-09-24 13:25:00-04:00,337.9,338.18,337.75,338.15,3383
AAPL,2026-09-24 13:30:00-04:00,338.16,338.29,337.25,337.27,3980
AAPL,2026-09-24 13:35:00-04:00,337.27,337.49,337.17,337.36,3397
AAPL,2026-09-24 13:40:00-04:00,337.44,337.49,336.85,336.88,3386
AAPL,2026-09-24 13:45:00-04:00,336.89,336.91,336.63,336.84,2779
AAPL,2026-09-24 13:50:00-04:00,336.85,337.22,336.61,337.19,3872
AAPL,2026-09-24 13:55:00-04:00,337.17,337.35,337.05,337.21,3202
AAPL,2026-09-24 14:00:00-04:00,337.18,337.32,336.66,336.9,5322
AAPL,2026-09-24 14:05:00-04:00,336.91,337.41,336.88,337.26,2986
AAPL,2026-09-24 14:10:00-04:00,337.28,337.35,337.01,337.29,1978
AAPL,2026-09-24 14:15:00-04:00,337.28,337.71,337.19,337.54,2715
AAPL,2026-09-24 14:20:00-04:00,337.55,337.57,337.23,337.54,2417
AAPL,2026-09-24 14:25:00-04:00,337.53,337.84,337.47,337.5,2558
AAPL,2026-09-24 14:30:00-04:00,337.53,337.59,337.35,337.48,1776
AAPL,2026-09-24 14:35:00-04:00,337.45,337.8,337.41,337.58,2008
AAPL,2026-09-24 14:40:00-04:00,337.58,337.64,337.27,337.38,1894
AAPL,2026-09-24 14:45:00-04:00,337.38,337.58,337.32,337.37,1612
AAPL,2026-09-24 14:50:00-04:00,337.36,337.49,337.14,337.23,1726
AAPL,2026-09-24 14:55:00-04:00,337.16,337.47,337.15,337.28,2003
AAPL,2026-09-24 15:00:00-04:00,337.26,337.42,336.95,337.16,2495
AAPL,2026-09-24 15:05:00-04:00,337.18,337.32,337.13,337.29,1553
AAPL,2026-09-24 15:10:00-04:00,337.29,337.83,337.18,337.56,3565
AAPL,2026-09-24 15:15:00-04:00,337.55,337.82,337.53,337.81,4076
AAPL,2026-09-24 15:20:00-04:00,337.81,338.02,337.68,338.0,4765
AAPL,2026-09-24 15:25:00-04:00,338.0,338.04,337.62,337.66,3835
AAPL,2026-09-24 15:30:00-04:00,337.64,337.67,337.22,337.35,4129
AAPL,2026-09-24 15:35:00-04:00,337.37,337.49,337.24,337.39,3319
AAPL,2026-09-24 15:40:00-04:00,337.41,337.46,336.77,336.81,4797
AAPL,2026-09-24 15:45:00-04:00,336.79,337.07,336.66,336.81,5227
AAPL,2026-09-24 15:50:00-04:00,336.82,337.43,336.69,336.73,7290
AAPL,2026-09-24 15:55:00-04:00,336.73,336.74,335.86,335.87,29978
AAPL,2026-09-24 16:00:00-04:00,335.89,336.18,335.88,335.92,112111
AAPL,2026-09-24 16:05:00-04:00,335.92,335.97,335.78,335.78,163
AAPL,2026-09-24 16:10:00-04:00,335.74,335.9,335.66,335.77,90
AAPL,2026-09-24 16:15:00-04:00,335.66,335.68,335.32,335.34,151
AAPL,2026-09-24 16:20:00-04:00,335.49,335.76,335.44,335.46,135
AAPL,2026-09-24 16:25:00-04:00,335.43,335.76,335.35,335.5,72
AAPL,2026-09-24 16:30:00-04:00,335.54,335.92,335.4,335.76,243
AAPL,2026-09-24 16:35:00-04:00,335.59,335.78,335.51,335.56,39
AAPL,2026-09-24 16:40:00-04:00,335.92,335.92,335.55,335.71,13
AAPL,2026-09-24 16:45:00-04:00,335.77,335.92,335.69,335.9,38
AAPL,2026-09-24 16:50:00-04:00,335.9,335.92,335.81,335.91,69
AAPL,2026-09-24 16:55:00-04:00,335.92,335.92,335.77,335.82,72
AAPL,2026-09-24 17:00:00-04:00,335.85,335.85,335.75,335.84,6
AAPL,2026-09-24 17:05:00-04:00,335.81,335.85,335.71,335.85,69
AAPL,2026-09-24 17:10:00-04:00,335.8,335.85,335.72,335.85,8
AAPL,2026-09-24 17:15:00-04:00,335.85,335.85,335.76,335.83,30
AAPL,2026-09-24 17:20:00-04:00,335.81,335.84,335.81,335.81,8
AAPL,2026-09-24 17:25:00-04:00,335.84,335.84,335.84,335.84,3
AAPL,2026-09-24 17:30:00-04:00,335.83,335.85,335.83,335.84,76
AAPL,2026-09-24 17:35:00-04:00,335.85,336.02,335.82,335.97,77
AAPL,2026-09-24 17:40:00-04:00,335.82,335.94,335.82,335.9,45
AAPL,2026-09-24 17:45:00-04:00,335.9,335.9,335.9,335.9,1
AAPL,2026-09-24 17:50:00-04:00,335.94,335.94,335.94,335.94,1
AAPL,2026-09-24 17:55:00-04:00,335.9,335.9,335.9,335.9,9
AAPL,2026-09-24 18:00:00-04:00,335.9,336.12,335.82,336.11,64
AAPL,2026-09-24 18:05:00-04:00,336.0,336.08,335.9,336.08,31
AAPL,2026-09-24 18:10:00-04:00,335.9,335.99,335.9,335.99,3
AAPL,2026-09-24 18:15:00-04:00,335.99,335.99,335.92,335.92,448
AAPL,2026-09-24 18:20:00-04:00,335.9,336.0,335.9,335.91,11
AMAT,2026-09-22 04:00:00-04:00,460.92,468.04,455.0,455.0,369
AMAT,2026-09-22 04:05:00-04:00,454.55,456.9,454.55,456.9,41
AMAT,2026-09-22 04:10:00-04:00,456.98,457.27,456.98,457.0,15
AMAT,2026-09-22 04:15:00-04:00,456.1,457.0,456.05,456.05,22
AMAT,2026-09-22 04:20:00-04:00,456.07,456.08,455.61,455.61,31
AMAT,2026-09-22 04:25:00-04:00,455.1,456.18,455.04,455.04,17
AMAT,2026-09-22 04:30:00-04:00,454.76,454.76,454.0,454.0,67
AMAT,2026-09-22 04:35:00-04:00,454.89,456.18,454.89,456.18,7
AMAT,2026-09-22 04:40:00-04:00,457.02,457.02,456.94,456.94,4
AMAT,2026-09-22 04:45:00-04:00,456.44,457.93,456.43,457.61,32
AMAT,2026-09-22 04:50:00-04:00,457.73,458.99,457.5,458.74,31
AMAT,2026-09-22 04:55:00-04:00,458.15,458.9,458.15,458.9,3
AMAT,2026-09-22 05:00:00-04:00,459.2,459.2,459.2,459.2,1
AMAT,2026-09-22 05:05:00-04:00,458.37,458.37,458.0,458.0,7
AMAT,2026-09-22 05:10:00-04:00,458.0,458.0,457.0,457.7,7
AMAT,2026-09-22 05:15:00-04:00,457.95,458.38,457.95,458.28,7
AMAT,2026-09-22 05:20:00-04:00,458.1,458.1,458.1,458.1,1
AMAT,2026-09-22 05:25:00-04:00,458.1,458.1,458.1,458.1,0
AMAT,2026-09-22 05:30:00-04:00,458.6,459.2,458.6,459.2,6
AMAT,2026-09-22 05:35:00-04:00,458.18,458.18,458.15,458.15,6
AMAT,2026-09-22 05:40:00-04:00,458.15,458.15,458.15,458.15,0
AMAT,2026-09-22 05:45:00-04:00,459.12,459.91,459.12,459.91,16
AMAT,2026-09-22 05:50:00-04:00,460.71,461.94,460.71,460.97,28
AMAT,2026-09-22 05:55:00-04:00,460.26,462.0,460.26,462.0,19
AMAT,2026-09-22 06:00:00-04:00,462.14,462.14,461.0,461.78,29
AMAT,2026-09-22 06:05:00-04:00,462.39,463.98,462.34,463.77,9
AMAT,2026-09-22 06:10:00-04:00,463.53,463.53,462.33,462.33,6
AMAT,2026-09-22 06:15:00-04:00,463.28,463.28,463.28,463.28,1
AMAT,2026-09-22 06:20:00-04:00,461.96,461.96,461.02,461.02,6
AMAT,2026-09-22 06:25:00-04:00,461.0,461.0,460.06,460.06,13
AMAT,2026-09-22 06:30:00-04:00,461.0,461.0,460.54,460.67,17
AMAT,2026-09-22 06:35:00-04:00,462.01,462.01,462.01,462.01,1
AMAT,2026-09-22 06:40:00-04:00,462.22,462.22,462.22,462.22,1
AMAT,2026-09-22 06:45:00-04:00,462.0,462.44,461.97,462.44,8
AMAT,2026-09-22 06:50:00-04:00,462.51,462.51,462.51,462.51,3
AMAT,2026-09-22 06:55:00-04:00,462.14,462.16,462.14,462.16,4
AMAT,2026-09-22 07:00:00-04:00,461.6,462.0,461.15,462.0,22
AMAT,2026-09-22 07:05:00-04:00,462.0,462.0,458.43,458.43,34
AMAT,2026-09-22 07:10:00-04:00,459.43,460.0,459.43,460.0,2
AMAT,2026-09-22 07:15:00-04:00,459.6,459.6,459.59,459.6,1
AMAT,2026-09-22 07:20:00-04:00,459.87,459.87,459.87,459.87,1
AMAT,2026-09-22 07:25:00-04:00,460.38,460.4,459.01,459.01,14
AMAT,2026-09-22 07:30:00-04:00,459.4,459.9,459.4,459.9,13
AMAT,2026-09-22 07:35:00-04:00,459.3,460.03,459.3,460.02,8
AMAT,2026-09-22 07:40:00-04:00,459.56,459.56,459.56,459.56,18
AMAT,2026-09-22 07:45:00-04:00,459.56,459.96,458.8,459.6,22
AMAT,2026-09-22 07:50:00-04:00,458.6,459.01,458.59,458.59,3
AMAT,2026-09-22 07:55:00-04:00,458.59,459.0,458.5,458.5,4
AMAT,2026-09-22 08:00:00-04:00,458.68,458.7,458.68,458.7,7
AMAT,2026-09-22 08:05:00-04:00,458.7,458.7,457.0,457.0,28
AMAT,2026-09-22 08:10:00-04:00,457.13,457.76,457.13,457.76,39
AMAT,2026-09-22 08:15:00-04:00,457.02,457.76,457.02,457.27,15
AMAT,2026-09-22 08:20:00-04:00,457.88,458.2,457.82,457.84,7
AMAT,2026-09-22 08:25:00-04:00,458.18,458.36,458.0,458.0,18
AMAT,2026-09-22 08:30:00-04:00,458.32,458.38,458.0,458.38,33
AMAT,2026-09-22 08:35:00-04:00,458.7,458.87,457.0,457.0,40
AMAT,2026-09-22 08:40:00-04:00,457.6,457.91,457.06,457.47,24
AMAT,2026-09-22 08:45:00-04:00,457.84,457.84,456.8,456.8,7
AMAT,2026-09-22 08:50:00-04:00,457.06,457.06,457.0,457.0,15
AMAT,2026-09-22 08:55:00-04:00,457.13,457.23,456.5,457.0,33
AMAT,2026-09-22 09:00:00-04:00,456.86,457.3,456.86,457.0,13
AMAT,2026-09-22 09:05:00-04:00,457.02,457.45,456.51,457.27,18
AMAT,2026-09-22 09:10:00-04:00,456.5,456.71,456.24,456.24,43
AMAT,2026-09-22 09:15:00-04:00,456.85,456.85,455.74,455.74,19
AMAT,2026-09-22 09:20:00-04:00,455.88,457.19,455.88,456.1,9
AMAT,2026-09-22 09:25:00-04:00,457.14,458.8,453.25,454.67,149
AMAT,2026-09-22 09:30:00-04:00,454.71,461.5,453.34,459.02,4107
AMAT,2026-09-22 09:35:00-04:00,459.26,463.14,458.7,461.53,3640
AMAT,2026-09-22 09:40:00-04:00,461.24,462.45,459.5,461.7,1809
AMAT,2026-09-22 09:45:00-04:00,461.53,462.91,460.55,461.74,1866
AMAT,2026-09-22 09:50:00-04:00,461.97,466.47,461.87,466.45,1429
AMAT,2026-09-22 09:55:00-04:00,466.56,468.47,465.82,468.2,2158
AMAT,2026-09-22 10:00:00-04:00,468.03,468.24,465.78,466.29,1383
AMAT,2026-09-22 10:05:00-04:00,466.27,467.65,466.11,467.53,862
AMAT,2026-09-22 10:10:00-04:00,467.57,468.49,467.13,467.89,856
AMAT,2026-09-22 10:15:00-04:00,467.82,468.55,467.06,468.23,1300
AMAT,2026-09-22 10:20:00-04:00,468.09,468.1,466.56,467.98,924
AMAT,2026-09-22 10:25:00-04:00,467.9,469.28,467.23,468.95,730
AMAT,2026-09-22 10:30:00-04:00,469.0,470.23,468.91,470.0,1225
AMAT,2026-09-22 10:35:00-04:00,470.05,470.07,466.83,467.1,1540
AMAT,2026-09-22 10:40:00-04:00,467.05,467.31,464.35,464.7,1498
AMAT,2026-09-22 10:45:00-04:00,464.81,464.81,462.78,464.69,862
AMAT,2026-09-22 10:50:00-04:00,464.73,465.39,463.6,463.79,1212
AMAT,2026-09-22 10:55:00-04:00,463.78,463.87,462.64,463.65,1520
AMAT,2026-09-22 11:00:00-04:00,463.78,464.68,463.55,464.24,555
AMAT,2026-09-22 11:05:00-04:00,464.33,464.54,462.97,464.01,663
AMAT,2026-09-22 11:10:00-04:00,464.01,465.62,463.78,465.33,422
AMAT,2026-09-22 11:15:00-04:00,465.18,465.4,464.56,465.08,664
AMAT,2026-09-22 11:20:00-04:00,465.03,465.03,463.9,464.43,1764
AMAT,2026-09-22 11:25:00-04:00,464.44,464.44,462.74,463.19,1232
AMAT,2026-09-22 11:30:00-04:00,463.01,464.11,462.93,463.88,1019
AMAT,2026-09-22 11:35:00-04:00,463.87,463.88,463.0,463.24,1107
AMAT,2026-09-22 11:40:00-04:00,463.28,464.0,463.25,463.49,719
AMAT,2026-09-22 11:45:00-04:00,463.54,464.62,463.32,464.18,993
AMAT,2026-09-22 11:50:00-04:00,464.08,465.01,464.08,464.77,685
AMAT,2026-09-22 11:55:00-04:00,464.73,466.0,464.47,465.74,1166
AMAT,2026-09-22 12:00:00-04:00,465.59,466.41,465.52,466.02,915
AMAT,2026-09-22 12:05:00-04:00,465.97,466.55,465.94,466.05,647
AMAT,2026-09-22 12:10:00-04:00,466.32,466.6,465.7,466.53,575
AMAT,2026-09-22 12:15:00-04:00,466.53,466.53,465.49,466.39,608
AMAT,2026-09-22 12:20:00-04:00,466.48,467.0,466.17,466.41,560
AMAT,2026-09-22 12:25:00-04:00,466.31,466.5,465.25,465.3,975
AMAT,2026-09-22 12:30:00-04:00,465.42,466.99,465.4,466.81,581
AMAT,2026-09-22 12:35:00-04:00,466.73,466.91,466.5,466.71,356
AMAT,2026-09-22 12:40:00-04:00,466.6,467.28,466.6,467.16,300
AMAT,2026-09-22 12:45:00-04:00,467.16,468.0,466.34,467.91,595
AMAT,2026-09-22 12:50:00-04:00,467.92,469.42,467.55,469.06,566
AMAT,2026-09-22 12:55:00-04:00,469.06,469.32,468.45,468.73,340
AMAT,2026-09-22 13:00:00-04:00,468.66,469.44,468.6,469.15,936
AMAT,2026-09-22 13:05:00-04:00,469.09,469.43,468.98,469.27,417
AMAT,2026-09-22 13:10:00-04:00,469.35,469.44,468.8,468.89,396
AMAT,2026-09-22 13:15:00-04:00,468.75,468.8,468.28,468.64,359
AMAT,2026-09-22 13:20:00-04:00,468.62,468.62,467.71,467.91,546
AMAT,2026-09-22 13:25:00-04:00,467.88,468.59,467.76,468.5,484
AMAT,2026-09-22 13:30:00-04:00,468.5,468.79,467.75,468.01,588
AMAT,2026-09-22 13:35:00-04:00,468.01,468.58,467.77,467.92,495
AMAT,2026-09-22 13:40:00-04:00,467.98,468.57,467.76,468.48,417
AMAT,2026-09-22 13:45:00-04:00,468.48,469.0,468.46,468.97,460
AMAT,2026-09-22 13:50:00-04:00,468.96,470.0,468.77,469.83,735
AMAT,2026-09-22 13:55:00-04:00,469.91,469.95,468.79,469.81,709
AMAT,2026-09-22 14:00:00-04:00,469.89,470.86,469.6,470.41,1199
AMAT,2026-09-22 14:05:00-04:00,470.4,471.51,470.37,471.45,984
AMAT,2026-09-22 14:10:00-04:00,471.48,471.71,470.29,470.39,935
AMAT,2026-09-22 14:15:00-04:00,470.41,470.9,469.73,470.22,669
AMAT,2026-09-22 14:20:00-04:00,470.34,470.73,470.16,470.4,772
AMAT,2026-09-22 14:25:00-04:00,470.4,470.94,470.04,470.72,557
AMAT,2026-09-22 14:30:00-04:00,470.66,470.92,469.94,470.0,592
AMAT,2026-09-22 14:35:00-04:00,470.13,470.13,469.21,469.65,378
AMAT,2026-09-22 14:40:00-04:00,469.47,469.86,468.8,469.58,421
AMAT,2026-09-22 14:45:00-04:00,469.57,469.57,468.68,468.88,443
AMAT,2026-09-22 14:50:00-04:00,468.81,468.89,468.41,468.86,394
AMAT,2026-09-22 14:55:00-04:00,468.83,469.11,468.43,468.64,440
AMAT,2026-09-22 15:00:00-04:00,468.64,469.92,468.63,469.84,484
AMAT,2026-09-22 15:05:00-04:00,469.89,470.51,469.81,470.42,529
AMAT,2026-09-22 15:10:00-04:00,470.42,470.76,470.07,470.46,562
AMAT,2026-09-22 15:15:00-04:00,470.44,470.74,470.3,470.64,636
AMAT,2026-09-22 15:20:00-04:00,470.68,470.68,469.92,470.0,898
AMAT,2026-09-22 15:25:00-04:00,470.04,471.0,470.04,470.8,574
AMAT,2026-09-22 15:30:00-04:00,470.8,471.55,470.75,471.47,838
AMAT,2026-09-22 15:35:00-04:00,471.49,472.1,471.06,471.93,1120
AMAT,2026-09-22 15:40:00-04:00,471.94,472.05,471.53,471.8,1175
AMAT,2026-09-22 15:45:00-04:00,471.8,472.29,471.66,472.1,1173
AMAT,2026-09-22 15:50:00-04:00,472.0,472.06,470.8,471.33,1815
AMAT,2026-09-22 15:55:00-04:00,471.44,472.49,471.33,472.47,5198
AMAT,2026-09-22 16:00:00-04:00,472.46,472.46,470.49,471.5,31790
AMAT,2026-09-22 16:05:00-04:00,471.89,472.5,471.59,472.0,11
AMAT,2026-09-22 16:10:00-04:00,472.0,472.0,471.36,471.99,21
AMAT,2026-09-22 16:15:00-04:00,471.69,471.74,471.69,471.74,2
AMAT,2026-09-22 16:20:00-04:00,471.71,471.86,471.46,471.46,14
AMAT,2026-09-22 16:25:00-04:00,471.9,472.0,471.89,472.0,3
AMAT,2026-09-22 16:30:00-04:00,471.85,472.0,471.52,471.52,14
AMAT,2026-09-22 16:35:00-04:00,471.84,471.84,471.83,471.84,5
AMAT,2026-09-22 16:40:00-04:00,471.84,472.1,471.84,472.1,30
AMAT,2026-09-22 16:45:00-04:00,472.1,472.1,471.86,471.86,61
AMAT,2026-09-22 16:50:00-04:00,471.89,472.67,471.89,472.1,77
AMAT,2026-09-22 16:55:00-04:00,472.69,472.69,472.14,472.66,29
AMAT,2026-09-22 17:00:00-04:00,472.25,472.46,472.25,472.46,7
AMAT,2026-09-22 17:05:00-04:00,472.43,472.46,472.1,472.1,7
AMAT,2026-09-22 17:10:00-04:00,472.1,472.46,472.1,472.46,7
AMAT,2026-09-22 17:15:00-04:00,472.46,472.46,472.46,472.46,0
AMAT,2026-09-22 17:20:00-04:00,472.18,472.18,472.18,472.18,2
AMAT,2026-09-22 17:25:00-04:00,472.0,472.46,472.0,472.46,20
AMAT,2026-09-22 17:30:00-04:00,472.46,472.46,472.46,472.46,2
AMAT,2026-09-22 17:35:00-04:00,472.46,472.46,472.46,472.46,1
AMAT,2026-09-22 17:40:00-04:00,472.0,472.0,472.0,472.0,2
AMAT,2026-09-22 17:45:00-04:00,472.28,472.29,472.28,472.28,2
AMAT,2026-09-22 17:50:00-04:00,472.28,472.28,472.28,472.28,0
AMAT,2026-09-22 17:55:00-04:00,472.11,472.11,472.0,472.0,4
AMAT,2026-09-22 18:00:00-04:00,472.22,472.22,472.22,472.22,3
AMAT,2026-09-22 18:05:00-04:00,472.22,472.22,472.22,472.22,0
AMAT,2026-09-22 18:10:00-04:00,472.05,472.05,472.05,472.05,5
AMAT,2026-09-22 18:15:00-04:00,471.56,471.56,471.56,471.56,1
AMAT,2026-09-22 18:20:00-04:00,472.5,473.78,472.5,473.78,35
AMAT,2026-09-22 18:25:00-04:00,473.29,473.29,473.25,473.26,26
AMAT,2026-09-22 18:30:00-04:00,473.02,473.28,472.72,472.72,15
AMAT,2026-09-22 18:35:00-04:00,473.22,474.0,473.2,473.2,17
AMAT,2026-09-22 18:40:00-04:00,473.18,473.19,472.71,472.71,4
AMAT,2026-09-22 18:45:00-04:00,473.15,473.15,472.5,472.5,5
AMAT,2026-09-22 18:50:00-04:00,472.47,472.47,472.47,472.47,11
AMAT,2026-09-22 18:55:00-04:00,472.47,472.47,472.47,472.47,0
AMAT,2026-09-22 19:00:00-04:00,472.32,472.32,472.0,472.0,15
AMAT,2026-09-22 19:05:00-04:00,472.46,472.46,472.05,472.05,2
AMAT,2026-09-22 19:10:00-04:00,472.05,472.05,472.05,472.05,0
AMAT,2026-09-22 19:15:00-04:00,472.25,472.25,472.1,472.1,7
AMAT,2026-09-22 19:20:00-04:00,472.46,472.46,472.45,472.45,3
AMAT,2026-09-22 19:25:00-04:00,472.54,472.74,472.54,472.73,12
AMAT,2026-09-22 19:30:00-04:00,472.73,472.73,472.73,472.73,0
AMAT,2026-09-22 19:35:00-04:00,472.75,472.77,472.1,472.14,8
AMAT,2026-09-22 19:40:00-04:00,472.71,472.71,472.71,472.71,1
AMAT,2026-09-22 19:45:00-04:00,472.5,472.71,472.1,472.1,7
AMAT,2026-09-22 19:50:00-04:00,472.67,472.7,472.67,472.7,4
AMAT,2026-09-22 19:55:00-04:00,472.78,472.97,472.66,472.97,7
AMAT,2026-09-23 04:00:00-04:00,470.71,472.86,469.5,471.06,97
AMAT,2026-09-23 04:05:00-04:00,469.11,469.11,469.11,469.11,1
AMAT,2026-09-23 04:10:00-04:00,469.34,469.34,469.34,469.34,1
AMAT,2026-09-23 04:15:00-04:00,469.34,469.34,469.34,469.34,0
AMAT,2026-09-23 04:20:00-04:00,469.0,469.17,469.0,469.17,3
AMAT,2026-09-23 04:25:00-04:00,469.52,469.52,469.52,469.52,1
AMAT,2026-09-23 04:30:00-04:00,469.52,469.52,469.52,469.52,0
AMAT,2026-09-23 04:35:00-04:00,469.52,469.52,469.52,469.52,0
AMAT,2026-09-23 04:40:00-04:00,468.91,468.91,468.91,468.91,2
AMAT,2026-09-23 04:45:00-04:00,469.12,469.12,468.5,468.5,10
AMAT,2026-09-23 04:50:00-04:00,468.0,468.0,468.0,468.0,6
AMAT,2026-09-23 04:55:00-04:00,468.17,469.0,468.17,469.0,9
AMAT,2026-09-23 05:00:00-04:00,467.51,467.51,467.51,467.51,2
AMAT,2026-09-23 05:05:00-04:00,467.51,467.51,467.51,467.51,0
AMAT,2026-09-23 05:10:00-04:00,468.2,468.2,468.2,468.2,1
AMAT,2026-09-23 05:15:00-04:00,468.2,468.2,468.2,468.2,0
AMAT,2026-09-23 05:20:00-04:00,468.2,468.2,468.2,468.2,0
AMAT,2026-09-23 05:25:00-04:00,468.67,468.67,468.67,468.67,1
AMAT,2026-09-23 05:30:00-04:00,468.67,468.67,468.67,468.67,0
AMAT,2026-09-23 05:35:00-04:00,468.67,468.67,468.67,468.67,0
AMAT,2026-09-23 05:40:00-04:00,469.64,469.64,469.24,469.24,8
AMAT,2026-09-23 05:45:00-04:00,468.13,468.13,467.67,467.67,4
AMAT,2026-09-23 05:50:00-04:00,467.88,468.13,467.88,468.13,6
AMAT,2026-09-23 05:55:00-04:00,467.81,467.96,467.81,467.96,14
AMAT,2026-09-23 06:00:00-04:00,467.56,467.56,467.5,467.51,3
AMAT,2026-09-23 06:05:00-04:00,467.8,467.8,467.8,467.8,2
AMAT,2026-09-23 06:10:00-04:00,467.05,467.05,467.05,467.05,5
AMAT,2026-09-23 06:15:00-04:00,467.05,467.05,467.05,467.05,0
AMAT,2026-09-23 06:20:00-04:00,467.0,467.05,467.0,467.0,7
AMAT,2026-09-23 06:25:00-04:00,467.0,467.0,467.0,467.0,0
AMAT,2026-09-23 06:30:00-04:00,467.71,467.71,467.71,467.71,1
AMAT,2026-09-23 06:35:00-04:00,467.71,467.71,467.71,467.71,0
AMAT,2026-09-23 06:40:00-04:00,467.71,467.71,467.71,467.71,0
AMAT,2026-09-23 06:45:00-04:00,467.71,467.71,467.71,467.71,0
AMAT,2026-09-23 06:50:00-04:00,467.71,467.71,467.71,467.71,0
AMAT,2026-09-23 06:55:00-04:00,468.07,468.07,468.07,468.07,1
AMAT,2026-09-23 07:00:00-04:00,467.5,468.0,466.22,466.5,73
AMAT,2026-09-23 07:05:00-04:00,466.42,466.5,465.31,466.26,72
AMAT,2026-09-23 07:10:00-04:00,466.25,466.25,465.5,465.67,30
AMAT,2026-09-23 07:15:00-04:00,465.63,467.0,465.63,466.0,24
AMAT,2026-09-23 07:20:00-04:00,465.37,465.37,464.16,464.16,64
AMAT,2026-09-23 07:25:00-04:00,464.48,464.64,464.0,464.64,12
AMAT,2026-09-23 07:30:00-04:00,463.69,464.0,463.69,464.0,8
AMAT,2026-09-23 07:35:00-04:00,463.5,463.5,463.0,463.0,59
AMAT,2026-09-23 07:40:00-04:00,463.11,463.36,462.0,462.7,53
AMAT,2026-09-23 07:45:00-04:00,463.32,464.6,462.6,464.6,91
AMAT,2026-09-23 07:50:00-04:00,464.65,465.29,463.44,463.44,6
AMAT,2026-09-23 07:55:00-04:00,463.51,463.51,463.51,463.51,1
AMAT,2026-09-23 08:00:00-04:00,464.74,472.46,463.8,464.33,7
AMAT,2026-09-23 08:05:00-04:00,464.23,464.23,463.56,463.8,14
AMAT,2026-09-23 08:10:00-04:00,463.91,463.91,463.0,463.0,26
AMAT,2026-09-23 08:15:00-04:00,463.03,463.34,462.89,462.93,55
AMAT,2026-09-23 08:20:00-04:00,463.55,463.68,463.54,463.66,4
AMAT,2026-09-23 08:25:00-04:00,463.51,463.51,463.5,463.5,2
AMAT,2026-09-23 08:30:00-04:00,463.88,465.36,463.88,465.0,34
AMAT,2026-09-23 08:35:00-04:00,465.48,466.11,464.59,466.11,33
AMAT,2026-09-23 08:40:00-04:00,465.55,465.55,464.83,464.84,9
AMAT,2026-09-23 08:45:00-04:00,465.51,466.04,465.51,466.04,10
AMAT,2026-09-23 08:50:00-04:00,466.01,466.01,465.49,465.49,2
AMAT,2026-09-23 08:55:00-04:00,465.78,465.94,465.0,465.94,8
AMAT,2026-09-23 09:00:00-04:00,465.52,465.53,464.88,465.53,31
AMAT,2026-09-23 09:05:00-04:00,466.0,466.0,464.53,464.53,8
AMAT,2026-09-23 09:10:00-04:00,464.59,466.08,464.59,466.07,31
AMAT,2026-09-23 09:15:00-04:00,466.0,467.04,466.0,466.62,7
AMAT,2026-09-23 09:20:00-04:00,466.77,468.0,466.62,468.0,20
AMAT,2026-09-23 09:25:00-04:00,468.7,473.0,468.7,472.75,229
AMAT,2026-09-23 09:30:00-04:00,472.28,474.9,468.23,470.54,3527
AMAT,2026-09-23 09:35:00-04:00,470.35,472.33,467.28,467.47,1184
AMAT,2026-09-23 09:40:00-04:00,467.5,469.15,466.1,467.3,1411
AMAT,2026-09-23 09:45:00-04:00,467.3,467.77,462.73,462.83,1414
AMAT,2026-09-23 09:50:00-04:00,463.09,463.44,461.0,462.52,1307
AMAT,2026-09-23 09:55:00-04:00,462.54,465.16,462.15,465.16,1996
AMAT,2026-09-23 10:00:00-04:00,465.27,467.5,465.03,466.78,1229
AMAT,2026-09-23 10:05:00-04:00,466.9,467.76,465.79,466.06,1558
AMAT,2026-09-23 10:10:00-04:00,466.07,466.71,463.45,463.53,1220
AMAT,2026-09-23 10:15:00-04:00,463.53,465.31,462.73,462.73,827
AMAT,2026-09-23 10:20:00-04:00,462.73,463.77,462.28,463.58,654
AMAT,2026-09-23 10:25:00-04:00,463.74,464.58,462.33,464.18,405
AMAT,2026-09-23 10:30:00-04:00,464.39,465.31,463.86,465.18,547
AMAT,2026-09-23 10:35:00-04:00,465.15,466.28,464.47,464.89,399
AMAT,2026-09-23 10:40:00-04:00,464.65,466.0,464.53,465.31,424
AMAT,2026-09-23 10:45:00-04:00,465.47,466.51,465.09,466.35,389
AMAT,2026-09-23 10:50:00-04:00,466.35,470.11,465.51,469.52,1066
AMAT,2026-09-23 10:55:00-04:00,469.72,471.22,468.87,470.9,834
AMAT,2026-09-23 11:00:00-04:00,470.72,471.3,469.55,469.97,555
AMAT,2026-09-23 11:05:00-04:00,470.11,472.22,469.75,471.77,656
AMAT,2026-09-23 11:10:00-04:00,471.77,473.34,471.21,473.06,2574
AMAT,2026-09-23 11:15:00-04:00,473.1,473.91,470.8,472.45,1872
AMAT,2026-09-23 11:20:00-04:00,472.4,473.3,471.86,472.92,804
AMAT,2026-09-23 11:25:00-04:00,472.7,473.76,472.39,472.44,835
AMAT,2026-09-23 11:30:00-04:00,472.34,472.84,470.64,470.66,834
AMAT,2026-09-23 11:35:00-04:00,470.66,470.95,470.08,470.48,492
AMAT,2026-09-23 11:40:00-04:00,470.31,471.17,470.15,471.01,359
AMAT,2026-09-23 11:45:00-04:00,471.01,471.11,468.21,468.6,715
AMAT,2026-09-23 11:50:00-04:00,468.66,469.19,467.67,468.48,570
AMAT,2026-09-23 11:55:00-04:00,468.6,468.61,467.77,468.14,408
AMAT,2026-09-23 12:00:00-04:00,468.08,468.16,466.93,467.66,608
AMAT,2026-09-23 12:05:00-04:00,467.61,468.99,467.46,468.99,305
AMAT,2026-09-23 12:10:00-04:00,468.9,469.64,468.9,469.27,492
AMAT,2026-09-23 12:15:00-04:00,469.25,470.34,469.07,470.0,311
AMAT,2026-09-23 12:20:00-04:00,469.99,470.37,469.29,470.11,363
AMAT,2026-09-23 12:25:00-04:00,470.28,470.84,470.24,470.29,298
AMAT,2026-09-23 12:30:00-04:00,470.42,470.94,470.22,470.46,393
AMAT,2026-09-23 12:35:00-04:00,470.47,470.56,469.78,469.85,419
AMAT,2026-09-23 12:40:00-04:00,469.84,469.88,468.92,469.13,375
AMAT,2026-09-23 12:45:00-04:00,469.14,469.26,467.77,468.38,379
AMAT,2026-09-23 12:50:00-04:00,468.23,468.8,467.72,468.33,422
AMAT,2026-09-23 12:55:00-04:00,468.23,469.53,468.22,469.35,292
AMAT,2026-09-23 13:00:00-04:00,469.35,469.95,467.3,467.86,564
AMAT,2026-09-23 13:05:00-04:00,467.83,468.37,467.4,468.02,803
AMAT,2026-09-23 13:10:00-04:00,467.9,468.73,467.65,468.65,588
AMAT,2026-09-23 13:15:00-04:00,468.38,470.72,468.24,470.53,452
AMAT,2026-09-23 13:20:00-04:00,470.47,470.67,469.76,470.29,380
AMAT,2026-09-23 13:25:00-04:00,470.26,471.0,470.25,470.56,1558
AMAT,2026-09-23 13:30:00-04:00,470.37,471.5,470.23,471.5,359
AMAT,2026-09-23 13:35:00-04:00,471.53,471.67,471.01,471.31,219
AMAT,2026-09-23 13:40:00-04:00,471.14,473.03,470.77,473.03,626
AMAT,2026-09-23 13:45:00-04:00,473.11,473.55,472.51,473.14,886
AMAT,2026-09-23 13:50:00-04:00,473.28,473.68,472.54,473.25,248
AMAT,2026-09-23 13:55:00-04:00,473.41,473.55,472.84,473.55,343
AMAT,2026-09-23 14:00:00-04:00,473.58,473.8,472.39,472.4,450
AMAT,2026-09-23 14:05:00-04:00,472.58,474.24,472.58,473.51,483
AMAT,2026-09-23 14:10:00-04:00,473.5,473.77,473.14,473.65,602
AMAT,2026-09-23 14:15:00-04:00,473.64,474.27,473.35,473.87,462
AMAT,2026-09-23 14:20:00-04:00,473.78,473.89,473.08,473.65,443
AMAT,2026-09-23 14:25:00-04:00,473.65,474.0,473.55,473.95,436
AMAT,2026-09-23 14:30:00-04:00,473.87,474.47,473.48,474.31,561
AMAT,2026-09-23 14:35:00-04:00,474.37,474.47,473.78,473.84,290
AMAT,2026-09-23 14:40:00-04:00,473.84,474.39,473.7,474.24,505
AMAT,2026-09-23 14:45:00-04:00,474.31,474.42,473.51,474.05,383
AMAT,2026-09-23 14:50:00-04:00,474.04,474.24,473.82,473.97,331
AMAT,2026-09-23 14:55:00-04:00,473.96,474.77,473.9,474.4,497
AMAT,2026-09-23 15:00:00-04:00,474.3,474.44,473.2,473.46,469
AMAT,2026-09-23 15:05:00-04:00,473.52,474.89,473.24,474.01,531
AMAT,2026-09-23 15:10:00-04:00,474.01,474.27,473.29,473.32,640
AMAT,2026-09-23 15:15:00-04:00,473.3,473.48,472.6,472.77,491
AMAT,2026-09-23 15:20:00-04:00,472.68,473.27,472.65,473.05,668
AMAT,2026-09-23 15:25:00-04:00,473.09,473.32,472.55,472.72,756
AMAT,2026-09-23 15:30:00-04:00,472.58,473.36,472.55,473.28,665
AMAT,2026-09-23 15:35:00-04:00,473.26,473.75,472.78,473.75,488
AMAT,2026-09-23 15:40:00-04:00,473.79,474.26,473.52,473.61,598
AMAT,2026-09-23 15:45:00-04:00,473.55,474.21,473.22,473.85,656
AMAT,2026-09-23 15:50:00-04:00,473.79,473.82,472.41,472.53,1488
AMAT,2026-09-23 15:55:00-04:00,472.61,474.85,472.43,474.52,5298
AMAT,2026-09-23 16:00:00-04:00,474.79,474.79,472.97,474.24,23037
AMAT,2026-09-23 16:05:00-04:00,474.24,474.24,473.81,473.95,5
AMAT,2026-09-23 16:10:00-04:00,474.06,474.34,474.05,474.33,5
AMAT,2026-09-23 16:15:00-04:00,474.1,474.38,473.85,473.85,449
AMAT,2026-09-23 16:20:00-04:00,474.1,474.25,473.4,473.4,14
AMAT,2026-09-23 16:25:00-04:00,473.4,473.4,473.4,473.4,10
AMAT,2026-09-23 16:30:00-04:00,473.5,473.5,473.5,473.5,1
AMAT,2026-09-23 16:35:00-04:00,473.67,473.98,473.65,473.98,7
AMAT,2026-09-23 16:40:00-04:00,473.99,473.99,473.99,473.99,1
AMAT,2026-09-23 16:45:00-04:00,474.0,474.0,473.6,473.6,7
AMAT,2026-09-23 16:50:00-04:00,473.7,473.7,473.69,473.7,1
AMAT,2026-09-23 16:55:00-04:00,473.7,473.7,473.7,473.7,0
AMAT,2026-09-23 17:00:00-04:00,473.7,473.7,473.7,473.7,0
AMAT,2026-09-23 17:05:00-04:00,473.7,473.7,473.7,473.7,0
AMAT,2026-09-23 17:10:00-04:00,473.65,473.65,473.65,473.65,1
AMAT,2026-09-23 17:15:00-04:00,473.68,473.68,473.68,473.68,2
AMAT,2026-09-23 17:20:00-04:00,473.68,473.68,473.68,473.68,0
AMAT,2026-09-23 17:25:00-04:00,473.68,473.68,473.68,473.68,0
AMAT,2026-09-23 17:30:00-04:00,473.68,473.68,473.68,473.68,0
AMAT,2026-09-23 17:35:00-04:00,473.6,473.6,473.6,473.6,1
AMAT,2026-09-23 17:40:00-04:00,474.24,474.24,473.64,473.65,5
AMAT,2026-09-23 17:45:00-04:00,474.14,474.15,474.14,474.14,3
AMAT,2026-09-23 17:50:00-04:00,473.7,473.7,473.7,473.7,2
AMAT,2026-09-23 17:55:00-04:00,473.7,473.7,473.7,473.7,0
AMAT,2026-09-23 18:00:00-04:00,474.24,474.35,474.22,474.23,7
AMAT,2026-09-23 18:05:00-04:00,474.23,474.45,474.22,474.45,3
AMAT,2026-09-23 18:10:00-04:00,474.45,474.45,474.45,474.45,0
AMAT,2026-09-23 18:15:00-04:00,474.88,474.88,474.88,474.88,1
AMAT,2026-09-23 18:20:00-04:00,474.9,474.9,474.89,474.9,1
AMAT,2026-09-23 18:25:00-04:00,474.9,474.9,474.9,474.9,0
AMAT,2026-09-23 18:30:00-04:00,474.56,474.56,474.27,474.27,4
AMAT,2026-09-23 18:35:00-04:00,474.27,474.27,474.27,474.27,0
AMAT,2026-09-23 18:40:00-04:00,473.87,474.4,473.86,474.4,4
AMAT,2026-09-23 18:45:00-04:00,474.55,474.55,474.55,474.55,5
AMAT,2026-09-23 18:50:00-04:00,474.55,474.55,474.55,474.55,0
AMAT,2026-09-23 18:55:00-04:00,474.22,474.22,474.22,474.22,7
AMAT,2026-09-23 19:00:00-04:00,474.29,474.29,474.29,474.29,1
AMAT,2026-09-23 19:05:00-04:00,474.29,474.29,474.29,474.29,0
AMAT,2026-09-23 19:10:00-04:00,474.29,474.29,474.29,474.29,0
AMAT,2026-09-23 19:15:00-04:00,474.44,474.44,474.44,474.44,1
AMAT,2026-09-23 19:20:00-04:00,474.26,474.26,474.25,474.26,1
AMAT,2026-09-23 19:25:00-04:00,473.79,473.8,473.79,473.79,1
AMAT,2026-09-23 19:30:00-04:00,474.35,474.35,473.65,473.65,3
AMAT,2026-09-23 19:35:00-04:00,474.26,474.26,474.25,474.26,1
AMAT,2026-09-23 19:40:00-04:00,473.79,474.35,473.79,474.35,10
AMAT,2026-09-23 19:45:00-04:00,474.01,474.01,473.68,473.68,3
AMAT,2026-09-23 19:50:00-04:00,473.99,474.0,473.99,474.0,5
AMAT,2026-09-23 19:55:00-04:00,474.0,474.0,474.0,474.0,0
AMAT,2026-09-24 04:00:00-04:00,469.37,472.84,466.34,466.34,75
AMAT,2026-09-24 04:05:00-04:00,466.3,469.84,465.22,465.22,23
AMAT,2026-09-24 04:10:00-04:00,465.86,465.99,464.01,464.73,48
AMAT,2026-09-24 04:15:00-04:00,464.38,465.0,464.09,464.3,17
AMAT,2026-09-24 04:20:00-04:00,464.12,464.12,463.68,463.68,8
AMAT,2026-09-24 04:25:00-04:00,464.05,465.0,462.83,465.0,19
AMAT,2026-09-24 04:30:00-04:00,464.05,464.06,463.1,464.03,59
AMAT,2026-09-24 04:35:00-04:00,463.13,463.13,462.71,462.71,11
AMAT,2026-09-24 04:40:00-04:00,462.71,462.71,462.71,462.71,0
AMAT,2026-09-24 04:45:00-04:00,462.02,462.02,461.25,461.25,10
AMAT,2026-09-24 04:50:00-04:00,461.08,461.5,461.08,461.5,3
AMAT,2026-09-24 04:55:00-04:00,461.5,461.5,461.5,461.5,0
AMAT,2026-09-24 05:00:00-04:00,461.5,461.5,461.5,461.5,0
AMAT,2026-09-24 05:05:00-04:00,462.55,462.57,462.3,462.55,20
AMAT,2026-09-24 05:10:00-04:00,462.17,462.17,462.1,462.1,3
AMAT,2026-09-24 05:15:00-04:00,461.9,461.9,461.9,461.9,5
AMAT,2026-09-24 05:20:00-04:00,461.9,461.91,461.9,461.91,3
AMAT,2026-09-24 05:25:00-04:00,462.55,462.71,462.55,462.65,10
AMAT,2026-09-24 05:30:00-04:00,462.02,462.02,462.02,462.02,1
AMAT,2026-09-24 05:35:00-04:00,462.22,462.22,461.8,461.8,9
AMAT,2026-09-24 05:40:00-04:00,461.25,461.25,461.0,461.0,26
AMAT,2026-09-24 05:45:00-04:00,460.35,460.35,460.35,460.35,4
AMAT,2026-09-24 05:50:00-04:00,460.72,461.4,460.72,461.4,6
AMAT,2026-09-24 05:55:00-04:00,461.4,461.4,461.4,461.4,0
AMAT,2026-09-24 06:00:00-04:00,462.02,462.28,462.02,462.28,7
AMAT,2026-09-24 06:05:00-04:00,461.8,462.0,461.49,461.52,11
AMAT,2026-09-24 06:10:00-04:00,461.5,461.5,461.5,461.5,2
AMAT,2026-09-24 06:15:00-04:00,462.5,462.5,462.3,462.36,18
AMAT,2026-09-24 06:20:00-04:00,462.36,462.36,462.36,462.36,0
AMAT,2026-09-24 06:25:00-04:00,462.36,462.36,462.36,462.36,0
AMAT,2026-09-24 06:30:00-04:00,462.36,462.36,462.36,462.36,0
AMAT,2026-09-24 06:35:00-04:00,462.03,464.0,462.03,464.0,2
AMAT,2026-09-24 06:40:00-04:00,464.5,464.75,464.12,464.75,7
AMAT,2026-09-24 06:45:00-04:00,464.7,464.7,464.0,464.6,8
AMAT,2026-09-24 06:50:00-04:00,464.6,464.6,464.6,464.6,0
AMAT,2026-09-24 06:55:00-04:00,464.18,464.18,463.81,463.81,13
AMAT,2026-09-24 07:00:00-04:00,464.25,464.74,464.05,464.6,15
AMAT,2026-09-24 07:05:00-04:00,464.06,464.96,464.06,464.2,38
AMAT,2026-09-24 07:10:00-04:00,464.96,464.96,464.16,464.16,17
AMAT,2026-09-24 07:15:00-04:00,465.0,466.2,465.0,465.05,11
AMAT,2026-09-24 07:20:00-04:00,465.55,466.0,465.0,465.0,45
AMAT,2026-09-24 07:25:00-04:00,465.28,465.28,464.5,464.5,23
AMAT,2026-09-24 07:30:00-04:00,465.98,466.07,465.24,466.07,9
AMAT,2026-09-24 07:35:00-04:00,465.34,466.21,464.0,464.0,13
AMAT,2026-09-24 07:40:00-04:00,464.5,464.5,464.05,464.05,7
AMAT,2026-09-24 07:45:00-04:00,463.71,464.23,463.08,463.5,43
AMAT,2026-09-24 07:50:00-04:00,463.49,464.0,463.45,463.45,62
AMAT,2026-09-24 07:55:00-04:00,464.0,464.22,463.33,464.22,23
AMAT,2026-09-24 08:00:00-04:00,464.82,464.82,463.08,463.5,38
AMAT,2026-09-24 08:05:00-04:00,464.0,464.2,464.0,464.2,3
AMAT,2026-09-24 08:10:00-04:00,463.5,464.59,463.23,464.59,14
AMAT,2026-09-24 08:15:00-04:00,465.0,465.0,464.5,464.5,3
AMAT,2026-09-24 08:20:00-04:00,464.37,464.37,463.94,464.23,17
AMAT,2026-09-24 08:25:00-04:00,463.75,464.28,462.51,463.0,21
AMAT,2026-09-24 08:30:00-04:00,462.6,462.6,462.0,462.5,23
AMAT,2026-09-24 08:35:00-04:00,461.7,462.0,461.65,462.0,18
AMAT,2026-09-24 08:40:00-04:00,461.65,462.4,461.64,462.13,16
AMAT,2026-09-24 08:45:00-04:00,462.3,462.9,461.82,462.9,5
AMAT,2026-09-24 08:50:00-04:00,462.9,462.9,462.9,462.9,0
AMAT,2026-09-24 08:55:00-04:00,462.35,462.4,462.35,462.4,4
AMAT,2026-09-24 09:00:00-04:00,462.78,463.55,462.5,463.01,22
AMAT,2026-09-24 09:05:00-04:00,463.72,464.2,463.01,463.31,9
AMAT,2026-09-24 09:10:00-04:00,463.86,464.1,463.29,463.94,10
AMAT,2026-09-24 09:15:00-04:00,463.98,463.98,463.0,463.2,13
AMAT,2026-09-24 09:20:00-04:00,463.29,463.59,462.8,462.8,16
AMAT,2026-09-24 09:25:00-04:00,464.17,467.83,463.07,465.89,146
AMAT,2026-09-24 09:30:00-04:00,463.79,467.03,460.55,461.6,3575
AMAT,2026-09-24 09:35:00-04:00,461.6,464.68,461.6,463.14,1577
AMAT,2026-09-24 09:40:00-04:00,462.85,464.99,461.55,464.91,1381
AMAT,2026-09-24 09:45:00-04:00,464.99,467.78,464.47,464.65,1401
AMAT,2026-09-24 09:50:00-04:00,464.76,466.73,463.74,464.06,775
AMAT,2026-09-24 09:55:00-04:00,464.29,464.55,462.72,464.17,829
AMAT,2026-09-24 10:00:00-04:00,464.31,466.35,463.58,465.7,712
AMAT,2026-09-24 10:05:00-04:00,465.96,466.0,462.63,462.79,1357
AMAT,2026-09-24 10:10:00-04:00,462.81,464.17,462.5,463.73,811
AMAT,2026-09-24 10:15:00-04:00,463.88,464.04,462.38,462.71,431
AMAT,2026-09-24 10:20:00-04:00,462.71,463.85,462.7,463.49,541
AMAT,2026-09-24 10:25:00-04:00,463.49,464.39,463.0,464.31,916
AMAT,2026-09-24 10:30:00-04:00,464.43,465.82,463.83,465.53,546
AMAT,2026-09-24 10:35:00-04:00,465.53,465.79,463.65,463.94,461
AMAT,2026-09-24 10:40:00-04:00,463.84,465.03,463.29,463.29,896
AMAT,2026-09-24 10:45:00-04:00,463.53,463.95,462.78,463.18,430
AMAT,2026-09-24 10:50:00-04:00,463.19,463.63,461.57,461.92,800
AMAT,2026-09-24 10:55:00-04:00,461.92,462.0,461.41,461.71,600
AMAT,2026-09-24 11:00:00-04:00,461.81,462.82,461.57,462.25,445
AMAT,2026-09-24 11:05:00-04:00,462.29,462.37,460.82,460.93,545
AMAT,2026-09-24 11:10:00-04:00,461.0,462.05,460.79,461.75,445
AMAT,2026-09-24 11:15:00-04:00,461.56,462.86,461.45,462.17,411
AMAT,2026-09-24 11:20:00-04:00,462.16,463.02,461.78,462.78,312
AMAT,2026-09-24 11:25:00-04:00,462.92,462.92,461.96,462.16,476
AMAT,2026-09-24 11:30:00-04:00,462.28,463.2,462.07,462.79,467
AMAT,2026-09-24 11:35:00-04:00,462.88,462.94,462.25,462.54,364
AMAT,2026-09-24 11:40:00-04:00,462.6,463.04,462.17,462.9,269
AMAT,2026-09-24 11:45:00-04:00,462.99,463.25,462.58,463.11,285
AMAT,2026-09-24 11:50:00-04:00,463.02,465.0,463.01,464.75,1165
AMAT,2026-09-24 11:55:00-04:00,464.81,465.64,464.69,464.94,591
AMAT,2026-09-24 12:00:00-04:00,464.82,465.12,464.0,464.45,683
AMAT,2026-09-24 12:05:00-04:00,464.27,465.0,463.5,464.6,1570
AMAT,2026-09-24 12:10:00-04:00,464.96,465.79,464.24,465.79,416
AMAT,2026-09-24 12:15:00-04:00,465.72,471.37,465.7,469.82,1679
AMAT,2026-09-24 12:20:00-04:00,469.68,471.31,468.72,469.44,608
AMAT,2026-09-24 12:25:00-04:00,469.67,469.68,468.11,468.51,1107
AMAT,2026-09-24 12:30:00-04:00,468.29,469.47,468.05,469.31,434
AMAT,2026-09-24 12:35:00-04:00,469.42,471.91,469.29,471.45,972
AMAT,2026-09-24 12:40:00-04:00,471.51,473.3,471.21,472.35,1060
AMAT,2026-09-24 12:45:00-04:00,472.18,472.88,471.3,472.19,634
AMAT,2026-09-24 12:50:00-04:00,472.18,472.99,471.61,472.51,1471
AMAT,2026-09-24 12:55:00-04:00,472.51,473.59,472.29,472.75,873
AMAT,2026-09-24 13:00:00-04:00,472.75,474.09,471.89,473.76,1089
AMAT,2026-09-24 13:05:00-04:00,473.79,474.09,472.53,472.88,448
AMAT,2026-09-24 13:10:00-04:00,472.78,472.78,470.86,471.45,563
AMAT,2026-09-24 13:15:00-04:00,471.27,471.6,470.0,470.0,489
AMAT,2026-09-24 13:20:00-04:00,469.84,470.97,469.67,470.37,832
AMAT,2026-09-24 13:25:00-04:00,470.33,470.68,469.1,470.43,824
AMAT,2026-09-24 13:30:00-04:00,470.43,471.43,470.0,470.43,564
AMAT,2026-09-24 13:35:00-04:00,470.43,470.99,470.32,470.65,342
AMAT,2026-09-24 13:40:00-04:00,470.66,471.29,469.59,469.59,438
AMAT,2026-09-24 13:45:00-04:00,469.58,470.24,469.19,470.04,339
AMAT,2026-09-24 13:50:00-04:00,470.21,470.21,468.71,469.03,606
AMAT,2026-09-24 13:55:00-04:00,469.03,469.68,468.5,469.64,782
AMAT,2026-09-24 14:00:00-04:00,469.64,469.64,467.1,467.11,465
AMAT,2026-09-24 14:05:00-04:00,467.24,469.45,467.07,468.96,889
AMAT,2026-09-24 14:10:00-04:00,469.12,470.15,468.97,469.54,392
AMAT,2026-09-24 14:15:00-04:00,469.54,470.35,469.31,469.88,537
AMAT,2026-09-24 14:20:00-04:00,469.88,470.72,469.46,470.67,409
AMAT,2026-09-24 14:25:00-04:00,470.67,471.7,470.53,470.83,460
AMAT,2026-09-24 14:30:00-04:00,470.81,471.05,470.06,470.14,335
AMAT,2026-09-24 14:35:00-04:00,470.37,472.55,469.81,471.63,527
AMAT,2026-09-24 14:40:00-04:00,471.31,471.48,470.49,471.12,274
AMAT,2026-09-24 14:45:00-04:00,470.89,471.79,470.68,471.62,490
AMAT,2026-09-24 14:50:00-04:00,471.5,472.38,471.34,471.88,483
AMAT,2026-09-24 14:55:00-04:00,471.94,472.3,471.84,472.18,421
AMAT,2026-09-24 15:00:00-04:00,472.05,472.55,471.46,471.89,444
AMAT,2026-09-24 15:05:00-04:00,471.89,472.57,471.56,472.08,345
AMAT,2026-09-24 15:10:00-04:00,472.07,472.37,471.3,471.63,290
AMAT,2026-09-24 15:15:00-04:00,471.63,472.5,471.51,472.18,650
AMAT,2026-09-24 15:20:00-04:00,472.17,472.5,471.9,472.47,542
AMAT,2026-09-24 15:25:00-04:00,472.47,472.88,472.09,472.09,640
AMAT,2026-09-24 15:30:00-04:00,472.17,473.5,472.07,473.29,732
AMAT,2026-09-24 15:35:00-04:00,473.38,474.0,472.97,473.5,741
AMAT,2026-09-24 15:40:00-04:00,473.6,473.69,472.69,473.3,578
AMAT,2026-09-24 15:45:00-04:00,473.3,473.81,473.0,473.31,966
AMAT,2026-09-24 15:50:00-04:00,473.16,474.29,473.16,474.0,2175
AMAT,2026-09-24 15:55:00-04:00,474.1,474.8,473.71,474.09,5976
AMAT,2026-09-24 16:00:00-04:00,474.08,474.35,473.0,473.0,15673
AMAT,2026-09-24 16:05:00-04:00,473.13,473.13,473.13,473.13,1
AMAT,2026-09-24 16:10:00-04:00,473.0,473.0,473.0,473.0,1
AMAT,2026-09-24 16:15:00-04:00,472.18,472.18,470.78,471.54,62
AMAT,2026-09-24 16:20:00-04:00,470.61,472.35,470.61,472.35,6
AMAT,2026-09-24 16:25:00-04:00,472.15,472.15,472.15,472.15,2
AMAT,2026-09-24 16:30:00-04:00,471.83,472.85,471.62,472.85,19
AMAT,2026-09-24 16:35:00-04:00,472.82,472.82,471.37,471.37,3
AMAT,2026-09-24 16:40:00-04:00,471.37,471.37,471.37,471.37,0
AMAT,2026-09-24 16:45:00-04:00,471.37,471.37,471.37,471.37,0
AMAT,2026-09-24 16:50:00-04:00,472.38,472.38,472.38,472.38,1
AMAT,2026-09-24 16:55:00-04:00,472.95,473.19,472.81,473.19,7
AMAT,2026-09-24 17:00:00-04:00,473.19,473.19,473.19,473.19,0
AMAT,2026-09-24 17:05:00-04:00,473.25,473.25,473.25,473.25,1
AMAT,2026-09-24 17:10:00-04:00,473.25,473.25,473.25,473.25,0
AMAT,2026-09-24 17:15:00-04:00,473.25,473.25,473.25,473.25,0
AMAT,2026-09-24 17:20:00-04:00,473.0,473.0,472.04,472.04,3
AMAT,2026-09-24 17:25:00-04:00,472.04,472.04,472.04,472.04,0
AMAT,2026-09-24 17:30:00-04:00,472.5,472.5,472.5,472.5,3
AMAT,2026-09-24 17:35:00-04:00,472.48,472.48,472.48,472.48,5
AMAT,2026-09-24 17:40:00-04:00,472.48,472.48,472.48,472.48,0
AMAT,2026-09-24 17:45:00-04:00,472.8,473.02,472.8,473.02,3
AMAT,2026-09-24 17:50:00-04:00,473.02,473.02,473.02,473.02,0
AMAT,2026-09-24 17:55:00-04:00,473.02,473.02,473.02,473.02,0
AMAT,2026-09-24 18:00:00-04:00,472.0,473.0,472.0,473.0,16
AMAT,2026-09-24 18:05:00-04:00,473.0,473.01,472.01,472.01,4
AMAT,2026-09-24 18:10:00-04:00,472.01,472.01,472.01,472.01,0
AMAT,2026-09-24 18:15:00-04:00,473.26,473.26,473.26,473.26,1
AMAT,2026-09-24 18:20:00-04:00,473.26,473.26,473.26,473.26,0
AMZN,2026-09-22 04:00:00-04:00,259.59,259.93,259.38,259.75,374
AMZN,2026-09-22 04:05:00-04:00,259.86,259.9,259.65,259.88,41
AMZN,2026-09-22 04:10:00-04:00,259.7,259.75,259.51,259.59,26
AMZN,2026-09-22 04:15:00-04:00,259.7,259.7,259.5,259.68,22
AMZN,2026-09-22 04:20:00-04:00,259.69,259.83,259.69,259.71,26
AMZN,2026-09-22 04:25:00-04:00,259.8,259.94,259.79,259.85,28
AMZN,2026-09-22 04:30:00-04:00,259.69,259.69,259.2,259.4,13
AMZN,2026-09-22 04:35:00-04:00,259.45,259.63,259.3,259.63,11
AMZN,2026-09-22 04:40:00-04:00,259.65,259.72,259.63,259.69,53
AMZN,2026-09-22 04:45:00-04:00,259.9,260.11,259.75,260.11,74
AMZN,2026-09-22 04:50:00-04:00,260.39,260.49,260.19,260.45,51
AMZN,2026-09-22 04:55:00-04:00,260.45,260.65,260.0,260.25,96
AMZN,2026-09-22 05:00:00-04:00,260.48,260.73,260.28,260.28,13
AMZN,2026-09-22 05:05:00-04:00,260.2,260.31,260.13,260.25,29
AMZN,2026-09-22 05:10:00-04:00,260.1,260.25,260.04,260.25,24
AMZN,2026-09-22 05:15:00-04:00,260.11,260.3,260.11,260.3,17
AMZN,2026-09-22 05:20:00-04:00,260.15,260.3,260.15,260.3,13
AMZN,2026-09-22 05:25:00-04:00,260.2,260.26,260.2,260.2,10
AMZN,2026-09-22 05:30:00-04:00,260.25,260.26,260.25,260.26,8
AMZN,2026-09-22 05:35:00-04:00,260.25,260.3,260.25,260.3,6
AMZN,2026-09-22 05:40:00-04:00,260.3,260.3,260.25,260.25,2
AMZN,2026-09-22 05:45:00-04:00,260.25,260.25,260.25,260.25,0
AMZN,2026-09-22 05:50:00-04:00,260.31,260.5,260.29,260.29,10
AMZN,2026-09-22 05:55:00-04:00,260.28,260.37,260.25,260.37,5
AMZN,2026-09-22 06:00:00-04:00,260.37,260.38,258.99,259.99,217
AMZN,2026-09-22 06:05:00-04:00,259.93,260.0,259.69,259.69,13
AMZN,2026-09-22 06:10:00-04:00,259.52,259.76,258.82,259.5,98
AMZN,2026-09-22 06:15:00-04:00,259.6,259.79,259.55,259.79,26
AMZN,2026-09-22 06:20:00-04:00,259.81,259.81,259.06,259.36,17
AMZN,2026-09-22 06:25:00-04:00,259.66,259.77,259.64,259.64,15
AMZN,2026-09-22 06:30:00-04:00,259.73,259.97,259.73,259.97,18
AMZN,2026-09-22 06:35:00-04:00,259.72,259.92,259.72,259.92,2
AMZN,2026-09-22 06:40:00-04:00,259.9,260.0,259.75,259.9,27
AMZN,2026-09-22 06:45:00-04:00,259.75,259.75,259.7,259.71,6
AMZN,2026-09-22 06:50:00-04:00,259.99,259.99,259.99,259.99,8
AMZN,2026-09-22 06:55:00-04:00,259.85,259.99,259.85,259.9,9
AMZN,2026-09-22 07:00:00-04:00,259.9,260.1,259.7,259.82,148
AMZN,2026-09-22 07:05:00-04:00,259.75,259.83,259.45,259.51,168
AMZN,2026-09-22 07:10:00-04:00,259.59,259.72,259.31,259.6,30
AMZN,2026-09-22 07:15:00-04:00,259.5,259.68,259.5,259.68,7
AMZN,2026-09-22 07:20:00-04:00,259.51,259.7,259.51,259.62,31
AMZN,2026-09-22 07:25:00-04:00,259.62,259.68,259.61,259.63,31
AMZN,2026-09-22 07:30:00-04:00,259.63,259.63,259.5,259.6,25
AMZN,2026-09-22 07:35:00-04:00,259.57,259.62,259.47,259.5,47
AMZN,2026-09-22 07:40:00-04:00,259.54,259.79,259.54,259.72,24
AMZN,2026-09-22 07:45:00-04:00,259.55,260.0,259.55,259.94,36
AMZN,2026-09-22 07:50:00-04:00,259.93,259.93,259.65,259.7,62
AMZN,2026-09-22 07:55:00-04:00,259.75,260.2,259.75,259.85,141
AMZN,2026-09-22 08:00:00-04:00,259.83,259.83,259.05,259.41,95
AMZN,2026-09-22 08:05:00-04:00,259.25,259.43,259.01,259.01,27
AMZN,2026-09-22 08:10:00-04:00,259.19,259.31,259.0,259.2,102
AMZN,2026-09-22 08:15:00-04:00,259.1,259.1,258.66,258.71,139
AMZN,2026-09-22 08:20:00-04:00,258.73,258.88,258.51,258.51,69
AMZN,2026-09-22 08:25:00-04:00,258.69,258.73,258.58,258.73,44
AMZN,2026-09-22 08:30:00-04:00,258.85,258.85,258.64,258.8,19
AMZN,2026-09-22 08:35:00-04:00,258.76,258.76,256.95,257.25,527
AMZN,2026-09-22 08:40:00-04:00,257.24,257.47,256.84,257.0,370
AMZN,2026-09-22 08:45:00-04:00,256.89,257.27,256.7,257.19,296
AMZN,2026-09-22 08:50:00-04:00,257.0,257.0,256.69,256.89,248
AMZN,2026-09-22 08:55:00-04:00,256.9,256.99,256.6,256.6,176
AMZN,2026-09-22 09:00:00-04:00,256.75,256.92,256.7,256.8,109
AMZN,2026-09-22 09:05:00-04:00,256.8,257.0,256.5,256.55,224
AMZN,2026-09-22 09:10:00-04:00,256.61,257.01,256.43,256.43,151
AMZN,2026-09-22 09:15:00-04:00,256.55,256.56,255.2,256.16,521
AMZN,2026-09-22 09:20:00-04:00,256.1,256.23,255.0,255.2,718
AMZN,2026-09-22 09:25:00-04:00,255.12,255.96,254.01,255.14,1425
AMZN,2026-09-22 09:30:00-04:00,255.18,256.2,253.78,256.09,19875
AMZN,2026-09-22 09:35:00-04:00,256.06,258.43,256.06,258.02,7373
AMZN,2026-09-22 09:40:00-04:00,258.0,258.48,257.58,258.41,4146
AMZN,2026-09-22 09:45:00-04:00,258.43,259.0,258.33,258.49,4338
AMZN,2026-09-22 09:50:00-04:00,258.48,258.79,257.7,257.79,3238
AMZN,2026-09-22 09:55:00-04:00,257.79,257.79,257.14,257.32,4218
AMZN,2026-09-22 10:00:00-04:00,257.35,257.61,257.09,257.1,2904
AMZN,2026-09-22 10:05:00-04:00,257.07,257.22,256.75,256.94,3810
AMZN,2026-09-22 10:10:00-04:00,256.93,257.17,256.79,256.82,3089
AMZN,2026-09-22 10:15:00-04:00,256.81,256.98,256.32,256.47,5263
AMZN,2026-09-22 10:20:00-04:00,256.48,256.96,256.41,256.64,2799
AMZN,2026-09-22 10:25:00-04:00,256.63,256.76,256.45,256.74,2794
AMZN,2026-09-22 10:30:00-04:00,256.75,257.16,256.7,256.93,2777
AMZN,2026-09-22 10:35:00-04:00,256.94,257.34,256.66,256.98,2653
AMZN,2026-09-22 10:40:00-04:00,256.99,257.05,256.69,256.81,1526
AMZN,2026-09-22 10:45:00-04:00,256.81,257.04,256.44,256.94,2128
AMZN,2026-09-22 10:50:00-04:00,256.93,256.94,256.54,256.88,1427
AMZN,2026-09-22 10:55:00-04:00,256.89,256.95,256.23,256.43,2288
AMZN,2026-09-22 11:00:00-04:00,256.41,256.44,255.77,256.11,3182
AMZN,2026-09-22 11:05:00-04:00,256.05,256.12,255.41,255.64,3347
AMZN,2026-09-22 11:10:00-04:00,255.65,255.7,255.31,255.43,3062
AMZN,2026-09-22 11:15:00-04:00,255.44,255.55,255.26,255.37,2292
AMZN,2026-09-22 11:20:00-04:00,255.37,255.95,255.32,255.85,2702
AMZN,2026-09-22 11:25:00-04:00,255.85,256.0,255.25,255.35,2750
AMZN,2026-09-22 11:30:00-04:00,255.34,255.41,255.05,255.21,3033
AMZN,2026-09-22 11:35:00-04:00,255.21,255.25,254.74,254.81,4176
AMZN,2026-09-22 11:40:00-04:00,254.8,254.88,254.38,254.57,3346
AMZN,2026-09-22 11:45:00-04:00,254.54,254.64,254.37,254.48,2072
AMZN,2026-09-22 11:50:00-04:00,254.47,254.98,254.23,254.5,2935
AMZN,2026-09-22 11:55:00-04:00,254.53,255.17,254.45,255.05,2953
AMZN,2026-09-22 12:00:00-04:00,255.06,255.08,254.61,254.85,1674
AMZN,2026-09-22 12:05:00-04:00,254.85,255.05,254.76,254.98,1171
AMZN,2026-09-22 12:10:00-04:00,255.0,255.06,254.46,254.48,1801
AMZN,2026-09-22 12:15:00-04:00,254.48,254.65,254.41,254.48,2300
AMZN,2026-09-22 12:20:00-04:00,254.49,254.83,254.4,254.45,2176
AMZN,2026-09-22 12:25:00-04:00,254.44,254.62,254.35,254.38,1575
AMZN,2026-09-22 12:30:00-04:00,254.36,254.62,254.05,254.44,4308
AMZN,2026-09-22 12:35:00-04:00,254.43,254.59,254.19,254.3,3177
AMZN,2026-09-22 12:40:00-04:00,254.31,254.54,254.05,254.41,2367
AMZN,2026-09-22 12:45:00-04:00,254.42,254.55,254.15,254.53,1911
AMZN,2026-09-22 12:50:00-04:00,254.52,254.73,254.32,254.59,1706
AMZN,2026-09-22 12:55:00-04:00,254.62,254.75,254.29,254.41,1852
AMZN,2026-09-22 13:00:00-04:00,254.44,254.54,254.12,254.38,2450
AMZN,2026-09-22 13:05:00-04:00,254.38,254.9,254.37,254.64,3676
AMZN,2026-09-22 13:10:00-04:00,254.64,254.67,254.05,254.43,2140
AMZN,2026-09-22 13:15:00-04:00,254.42,254.46,254.17,254.46,1921
AMZN,2026-09-22 13:20:00-04:00,254.45,254.64,254.39,254.61,1839
AMZN,2026-09-22 13:25:00-04:00,254.61,254.66,254.21,254.26,1606
AMZN,2026-09-22 13:30:00-04:00,254.24,254.26,253.87,254.05,3016
AMZN,2026-09-22 13:35:00-04:00,254.09,254.25,253.82,254.24,2219
AMZN,2026-09-22 13:40:00-04:00,254.24,254.38,254.1,254.37,1317
AMZN,2026-09-22 13:45:00-04:00,254.37,255.04,254.35,254.9,2348
AMZN,2026-09-22 13:50:00-04:00,254.9,255.74,254.89,255.64,3136
AMZN,2026-09-22 13:55:00-04:00,255.63,255.97,255.41,255.76,3331
AMZN,2026-09-22 14:00:00-04:00,255.75,255.95,255.49,255.58,1915
AMZN,2026-09-22 14:05:00-04:00,255.58,255.7,255.4,255.47,1358
AMZN,2026-09-22 14:10:00-04:00,255.5,255.5,255.05,255.11,2413
AMZN,2026-09-22 14:15:00-04:00,255.12,255.35,255.01,255.29,1338
AMZN,2026-09-22 14:20:00-04:00,255.28,255.32,255.08,255.18,1484
AMZN,2026-09-22 14:25:00-04:00,255.22,255.46,255.21,255.42,1596
AMZN,2026-09-22 14:30:00-04:00,255.42,255.61,255.24,255.29,1435
AMZN,2026-09-22 14:35:00-04:00,255.28,255.3,254.95,255.02,1472
AMZN,2026-09-22 14:40:00-04:00,255.01,255.28,255.01,255.12,2025
AMZN,2026-09-22 14:45:00-04:00,255.13,255.41,255.11,255.26,1615
AMZN,2026-09-22 14:50:00-04:00,255.29,255.45,255.2,255.31,1546
AMZN,2026-09-22 14:55:00-04:00,255.32,255.38,254.89,254.91,1539
AMZN,2026-09-22 15:00:00-04:00,254.93,255.14,254.9,255.09,1563
AMZN,2026-09-22 15:05:00-04:00,255.08,255.3,255.01,255.27,1697
AMZN,2026-09-22 15:10:00-04:00,255.26,255.44,255.23,255.31,1489
AMZN,2026-09-22 15:15:00-04:00,255.31,255.59,255.15,255.54,1364
AMZN,2026-09-22 15:20:00-04:00,255.54,255.93,255.34,255.89,2629
AMZN,2026-09-22 15:25:00-04:00,255.87,255.9,255.7,255.85,1883
AMZN,2026-09-22 15:30:00-04:00,255.86,256.33,255.77,256.32,2627
AMZN,2026-09-22 15:35:00-04:00,256.32,256.35,256.02,256.14,2410
AMZN,2026-09-22 15:40:00-04:00,256.14,256.16,255.7,255.97,2312
AMZN,2026-09-22 15:45:00-04:00,255.96,256.08,255.9,255.98,2734
AMZN,2026-09-22 15:50:00-04:00,255.95,255.95,254.96,255.58,7243
AMZN,2026-09-22 15:55:00-04:00,255.56,255.56,254.84,254.88,11234
AMZN,2026-09-22 16:00:00-04:00,255.03,255.21,254.98,254.98,70249
AMZN,2026-09-22 16:05:00-04:00,254.99,255.2,254.9,255.0,114
AMZN,2026-09-22 16:10:00-04:00,255.0,255.1,255.0,255.03,37
AMZN,2026-09-22 16:15:00-04:00,255.04,255.12,255.0,255.1,23
AMZN,2026-09-22 16:20:00-04:00,255.03,255.03,254.93,254.96,52
AMZN,2026-09-22 16:25:00-04:00,254.99,255.09,254.99,255.05,99
AMZN,2026-09-22 16:30:00-04:00,254.98,255.08,254.98,255.03,333
AMZN,2026-09-22 16:35:00-04:00,255.08,255.08,254.95,255.05,21
AMZN,2026-09-22 16:40:00-04:00,255.0,255.07,254.97,255.07,21
AMZN,2026-09-22 16:45:00-04:00,254.98,255.07,254.97,255.06,30
AMZN,2026-09-22 16:50:00-04:00,254.95,255.0,254.9,254.9,66
AMZN,2026-09-22 16:55:00-04:00,254.99,255.0,254.9,254.9,15
AMZN,2026-09-22 17:00:00-04:00,254.9,254.99,254.9,254.99,4
AMZN,2026-09-22 17:05:00-04:00,255.0,255.04,254.95,254.99,28
AMZN,2026-09-22 17:10:00-04:00,255.04,255.04,254.98,254.98,3
AMZN,2026-09-22 17:15:00-04:00,255.04,255.04,254.98,254.99,16
AMZN,2026-09-22 17:20:00-04:00,254.91,255.03,254.91,254.99,26
AMZN,2026-09-22 17:25:00-04:00,255.0,255.03,255.0,255.01,43
AMZN,2026-09-22 17:30:00-04:00,255.05,255.29,255.05,255.29,44
AMZN,2026-09-22 17:35:00-04:00,255.15,255.25,255.14,255.2,10
AMZN,2026-09-22 17:40:00-04:00,255.23,255.25,255.01,255.01,46
AMZN,2026-09-22 17:45:00-04:00,255.03,255.25,255.02,255.19,13
AMZN,2026-09-22 17:50:00-04:00,255.12,255.18,255.1,255.1,28
AMZN,2026-09-22 17:55:00-04:00,255.1,255.1,255.05,255.1,42
AMZN,2026-09-22 18:00:00-04:00,255.05,255.1,255.05,255.07,13
AMZN,2026-09-22 18:05:00-04:00,255.08,255.25,255.08,255.09,18
AMZN,2026-09-22 18:10:00-04:00,255.24,255.25,255.09,255.09,32
AMZN,2026-09-22 18:15:00-04:00,255.14,255.23,255.14,255.2,25
AMZN,2026-09-22 18:20:00-04:00,255.2,255.3,255.19,255.25,17
AMZN,2026-09-22 18:25:00-04:00,255.3,255.3,255.21,255.28,18
AMZN,2026-09-22 18:30:00-04:00,255.3,255.48,255.3,255.32,35
AMZN,2026-09-22 18:35:00-04:00,255.39,255.4,255.35,255.38,59
AMZN,2026-09-22 18:40:00-04:00,255.42,255.5,255.42,255.48,70
AMZN,2026-09-22 18:45:00-04:00,255.46,255.48,255.23,255.23,31
AMZN,2026-09-22 18:50:00-04:00,255.21,255.42,255.21,255.3,81
AMZN,2026-09-22 18:55:00-04:00,255.34,255.41,255.34,255.41,23
AMZN,2026-09-22 19:00:00-04:00,255.4,255.41,255.34,255.38,57
AMZN,2026-09-22 19:05:00-04:00,255.4,255.49,255.4,255.49,24
AMZN,2026-09-22 19:10:00-04:00,255.46,255.49,255.46,255.49,2
AMZN,2026-09-22 19:15:00-04:00,255.49,255.52,255.41,255.52,41
AMZN,2026-09-22 19:20:00-04:00,255.55,255.68,255.52,255.56,32
AMZN,2026-09-22 19:25:00-04:00,255.56,255.56,255.46,255.52,23
AMZN,2026-09-22 19:30:00-04:00,255.53,255.65,255.53,255.65,48
AMZN,2026-09-22 19:35:00-04:00,255.57,255.6,255.55,255.55,85
AMZN,2026-09-22 19:40:00-04:00,255.45,255.5,255.41,255.47,8
AMZN,2026-09-22 19:45:00-04:00,255.45,255.5,255.38,255.41,19
AMZN,2026-09-22 19:50:00-04:00,255.41,255.45,255.4,255.45,14
AMZN,2026-09-22 19:55:00-04:00,255.45,255.45,255.4,255.43,36
AMZN,2026-09-23 04:00:00-04:00,255.95,256.13,255.7,255.97,231
AMZN,2026-09-23 04:05:00-04:00,255.78,255.9,255.78,255.9,7
AMZN,2026-09-23 04:10:00-04:00,255.95,256.15,255.95,256.0,11
AMZN,2026-09-23 04:15:00-04:00,256.0,256.0,256.0,256.0,0
AMZN,2026-09-23 04:20:00-04:00,256.16,256.3,256.08,256.3,10
AMZN,2026-09-23 04:25:00-04:00,256.19,256.3,256.19,256.3,52
AMZN,2026-09-23 04:30:00-04:00,256.22,256.23,256.22,256.23,3
AMZN,2026-09-23 04:35:00-04:00,256.29,256.29,256.0,256.21,26
AMZN,2026-09-23 04:40:00-04:00,256.0,256.18,255.92,256.18,8
AMZN,2026-09-23 04:45:00-04:00,255.92,255.92,255.9,255.9,2
AMZN,2026-09-23 04:50:00-04:00,255.9,255.9,255.83,255.83,2
AMZN,2026-09-23 04:55:00-04:00,255.86,255.86,255.8,255.8,4
AMZN,2026-09-23 05:00:00-04:00,255.94,255.94,255.94,255.94,1
AMZN,2026-09-23 05:05:00-04:00,255.93,255.96,255.92,255.96,6
AMZN,2026-09-23 05:10:00-04:00,255.86,255.9,255.8,255.8,12
AMZN,2026-09-23 05:15:00-04:00,255.66,256.0,255.65,256.0,5
AMZN,2026-09-23 05:20:00-04:00,256.0,256.0,256.0,256.0,0
AMZN,2026-09-23 05:25:00-04:00,256.0,256.0,256.0,256.0,0
AMZN,2026-09-23 05:30:00-04:00,255.81,255.81,255.7,255.7,3
AMZN,2026-09-23 05:35:00-04:00,255.9,255.9,255.81,255.82,6
AMZN,2026-09-23 05:40:00-04:00,255.96,255.97,255.96,255.96,4
AMZN,2026-09-23 05:45:00-04:00,255.77,256.8,255.77,256.4,119
AMZN,2026-09-23 05:50:00-04:00,256.38,256.5,255.97,255.97,42
AMZN,2026-09-23 05:55:00-04:00,255.97,256.1,255.87,256.0,26
AMZN,2026-09-23 06:00:00-04:00,256.0,256.5,256.0,256.44,22
AMZN,2026-09-23 06:05:00-04:00,256.3,256.46,256.3,256.4,51
AMZN,2026-09-23 06:10:00-04:00,256.5,256.55,256.38,256.38,17
AMZN,2026-09-23 06:15:00-04:00,256.48,256.48,256.48,256.48,5
AMZN,2026-09-23 06:20:00-04:00,256.34,256.34,256.31,256.31,30
AMZN,2026-09-23 06:25:00-04:00,256.3,256.58,256.25,256.4,9
AMZN,2026-09-23 06:30:00-04:00,256.38,256.38,256.27,256.27,2
AMZN,2026-09-23 06:35:00-04:00,256.27,256.35,256.17,256.35,29
AMZN,2026-09-23 06:40:00-04:00,256.17,256.37,256.04,256.37,23
AMZN,2026-09-23 06:45:00-04:00,256.0,257.0,255.89,257.0,70
AMZN,2026-09-23 06:50:00-04:00,256.64,256.69,256.52,256.52,12
AMZN,2026-09-23 06:55:00-04:00,256.54,256.54,256.33,256.33,30
AMZN,2026-09-23 07:00:00-04:00,256.34,256.34,256.0,256.13,94
AMZN,2026-09-23 07:05:00-04:00,256.04,256.19,255.96,256.1,128
AMZN,2026-09-23 07:10:00-04:00,256.08,256.12,256.0,256.0,32
AMZN,2026-09-23 07:15:00-04:00,256.02,256.13,256.0,256.07,95
AMZN,2026-09-23 07:20:00-04:00,256.0,256.11,255.97,256.0,12
AMZN,2026-09-23 07:25:00-04:00,256.0,256.01,255.6,255.7,365
AMZN,2026-09-23 07:30:00-04:00,255.71,255.82,255.6,255.72,18
AMZN,2026-09-23 07:35:00-04:00,255.69,255.7,255.4,255.4,106
AMZN,2026-09-23 07:40:00-04:00,255.4,255.4,254.75,254.75,257
AMZN,2026-09-23 07:45:00-04:00,254.75,255.12,254.75,255.1,107
AMZN,2026-09-23 07:50:00-04:00,255.09,255.12,254.99,255.0,40
AMZN,2026-09-23 07:55:00-04:00,254.94,255.6,254.94,255.11,31
AMZN,2026-09-23 08:00:00-04:00,255.2,255.29,254.98,255.1,43
AMZN,2026-09-23 08:05:00-04:00,255.02,255.14,254.67,254.8,70
AMZN,2026-09-23 08:10:00-04:00,254.84,254.88,254.52,254.65,71
AMZN,2026-09-23 08:15:00-04:00,254.54,254.68,254.54,254.68,16
AMZN,2026-09-23 08:20:00-04:00,254.63,254.8,254.3,254.3,115
AMZN,2026-09-23 08:25:00-04:00,254.54,254.55,254.4,254.47,38
AMZN,2026-09-23 08:30:00-04:00,254.47,254.74,254.46,254.57,61
AMZN,2026-09-23 08:35:00-04:00,254.46,254.82,254.46,254.71,37
AMZN,2026-09-23 08:40:00-04:00,254.82,254.82,254.5,254.6,53
AMZN,2026-09-23 08:45:00-04:00,254.52,254.6,254.42,254.47,40
AMZN,2026-09-23 08:50:00-04:00,254.4,254.5,254.2,254.24,50
AMZN,2026-09-23 08:55:00-04:00,254.2,254.6,253.93,254.4,401
AMZN,2026-09-23 09:00:00-04:00,254.4,254.5,254.13,254.18,78
AMZN,2026-09-23 09:05:00-04:00,254.27,254.48,254.25,254.47,49
AMZN,2026-09-23 09:10:00-04:00,254.47,254.49,254.35,254.48,39
AMZN,2026-09-23 09:15:00-04:00,254.48,254.58,254.4,254.55,118
AMZN,2026-09-23 09:20:00-04:00,254.55,254.55,254.27,254.42,39
AMZN,2026-09-23 09:25:00-04:00,254.33,254.44,252.86,253.3,602
AMZN,2026-09-23 09:30:00-04:00,253.3,254.04,251.93,251.94,14208
AMZN,2026-09-23 09:35:00-04:00,251.93,252.18,251.24,251.38,5893
AMZN,2026-09-23 09:40:00-04:00,251.35,251.98,251.35,251.74,5604
AMZN,2026-09-23 09:45:00-04:00,251.73,252.12,251.16,251.32,5059
AMZN,2026-09-23 09:50:00-04:00,251.29,251.4,250.67,250.88,5786
AMZN,2026-09-23 09:55:00-04:00,250.85,250.86,250.22,250.41,6859
AMZN,2026-09-23 10:00:00-04:00,250.35,250.38,249.67,250.04,8298
AMZN,2026-09-23 10:05:00-04:00,250.04,250.15,249.2,249.4,7174
AMZN,2026-09-23 10:10:00-04:00,249.4,249.43,248.73,248.84,5349
AMZN,2026-09-23 10:15:00-04:00,248.84,248.91,248.19,248.29,4984
AMZN,2026-09-23 10:20:00-04:00,248.25,248.93,248.24,248.72,3727
AMZN,2026-09-23 10:25:00-04:00,248.71,249.24,248.55,249.18,4845
AMZN,2026-09-23 10:30:00-04:00,249.15,249.42,248.99,249.19,3034
AMZN,2026-09-23 10:35:00-04:00,249.19,249.32,248.8,248.9,2596
AMZN,2026-09-23 10:40:00-04:00,248.91,249.24,248.79,249.16,2223
AMZN,2026-09-23 10:45:00-04:00,249.17,249.69,249.09,249.15,3137
AMZN,2026-09-23 10:50:00-04:00,249.15,250.39,249.14,250.38,4169
AMZN,2026-09-23 10:55:00-04:00,250.38,250.74,249.98,250.72,2922
AMZN,2026-09-23 11:00:00-04:00,250.72,250.76,250.44,250.64,3099
AMZN,2026-09-23 11:05:00-04:00,250.67,250.77,250.3,250.72,3270
AMZN,2026-09-23 11:10:00-04:00,250.7,250.93,250.49,250.53,2294
AMZN,2026-09-23 11:15:00-04:00,250.54,250.58,250.23,250.55,3521
AMZN,2026-09-23 11:20:00-04:00,250.53,250.77,250.45,250.52,2775
AMZN,2026-09-23 11:25:00-04:00,250.51,250.69,250.2,250.23,1805
AMZN,2026-09-23 11:30:00-04:00,250.24,250.38,250.12,250.35,1612
AMZN,2026-09-23 11:35:00-04:00,250.33,250.38,249.91,250.2,3763
AMZN,2026-09-23 11:40:00-04:00,250.17,250.18,249.74,249.96,2308
AMZN,2026-09-23 11:45:00-04:00,249.97,250.08,249.71,249.85,1710
AMZN,2026-09-23 11:50:00-04:00,249.82,250.29,249.82,250.29,2766
AMZN,2026-09-23 11:55:00-04:00,250.3,250.45,249.96,249.99,1864
AMZN,2026-09-23 12:00:00-04:00,250.0,250.35,249.8,250.3,1836
AMZN,2026-09-23 12:05:00-04:00,250.3,250.39,250.12,250.25,905
AMZN,2026-09-23 12:10:00-04:00,250.23,250.33,250.17,250.33,1078
AMZN,2026-09-23 12:15:00-04:00,250.33,250.33,249.8,249.93,994
AMZN,2026-09-23 12:20:00-04:00,249.92,250.14,249.82,250.09,1331
AMZN,2026-09-23 12:25:00-04:00,250.09,250.15,249.61,249.64,2206
AMZN,2026-09-23 12:30:00-04:00,249.64,249.74,249.32,249.39,2028
AMZN,2026-09-23 12:35:00-04:00,249.41,249.56,249.32,249.43,1693
AMZN,2026-09-23 12:40:00-04:00,249.41,249.43,248.81,248.82,2700
AMZN,2026-09-23 12:45:00-04:00,248.82,248.96,248.57,248.6,2967
AMZN,2026-09-23 12:50:00-04:00,248.6,248.6,248.13,248.27,3674
AMZN,2026-09-23 12:55:00-04:00,248.27,248.54,248.15,248.31,2717
AMZN,2026-09-23 13:00:00-04:00,248.32,248.46,247.8,247.89,4667
AMZN,2026-09-23 13:05:00-04:00,247.87,248.36,247.87,248.31,3025
AMZN,2026-09-23 13:10:00-04:00,248.32,248.35,248.08,248.3,2486
AMZN,2026-09-23 13:15:00-04:00,248.31,248.31,248.11,248.22,1937
AMZN,2026-09-23 13:20:00-04:00,248.25,248.27,247.81,247.85,1586
AMZN,2026-09-23 13:25:00-04:00,247.85,248.1,247.76,248.06,2118
AMZN,2026-09-23 13:30:00-04:00,248.06,248.13,247.84,248.04,1169
AMZN,2026-09-23 13:35:00-04:00,248.06,248.38,247.89,248.32,2641
AMZN,2026-09-23 13:40:00-04:00,248.34,248.6,248.18,248.57,2297
AMZN,2026-09-23 13:45:00-04:00,248.54,248.77,248.46,248.56,1536
AMZN,2026-09-23 13:50:00-04:00,248.56,248.87,248.53,248.82,1907
AMZN,2026-09-23 13:55:00-04:00,248.81,249.36,248.7,249.16,2218
AMZN,2026-09-23 14:00:00-04:00,249.15,249.47,249.11,249.35,2280
AMZN,2026-09-23 14:05:00-04:00,249.36,249.63,249.26,249.59,2156
AMZN,2026-09-23 14:10:00-04:00,249.59,249.9,249.56,249.6,2588
AMZN,2026-09-23 14:15:00-04:00,249.62,249.82,249.51,249.71,1824
AMZN,2026-09-23 14:20:00-04:00,249.71,249.8,249.67,249.8,1193
AMZN,2026-09-23 14:25:00-04:00,249.8,249.82,249.38,249.45,1423
AMZN,2026-09-23 14:30:00-04:00,249.44,249.62,249.4,249.45,1383
AMZN,2026-09-23 14:35:00-04:00,249.46,249.48,249.31,249.45,2068
AMZN,2026-09-23 14:40:00-04:00,249.46,249.76,249.42,249.72,1581
AMZN,2026-09-23 14:45:00-04:00,249.73,249.91,249.53,249.86,1505
AMZN,2026-09-23 14:50:00-04:00,249.84,249.99,249.65,249.87,2705
AMZN,2026-09-23 14:55:00-04:00,249.87,250.15,249.81,249.87,2407
AMZN,2026-09-23 15:00:00-04:00,249.89,249.98,249.75,249.82,1524
AMZN,2026-09-23 15:05:00-04:00,249.82,250.2,249.71,250.2,1875
AMZN,2026-09-23 15:10:00-04:00,250.19,250.19,249.82,249.9,1855
AMZN,2026-09-23 15:15:00-04:00,249.92,250.02,249.73,249.87,1617
AMZN,2026-09-23 15:20:00-04:00,249.86,249.86,249.58,249.64,2415
AMZN,2026-09-23 15:25:00-04:00,249.63,250.2,249.62,250.18,2564
AMZN,2026-09-23 15:30:00-04:00,250.19,250.29,249.82,249.86,3083
AMZN,2026-09-23 15:35:00-04:00,249.84,249.84,249.25,249.32,2859
AMZN,2026-09-23 15:40:00-04:00,249.32,249.57,249.13,249.5,2445
AMZN,2026-09-23 15:45:00-04:00,249.5,249.5,249.0,249.09,4752
AMZN,2026-09-23 15:50:00-04:00,249.1,249.4,248.46,249.17,7993
AMZN,2026-09-23 15:55:00-04:00,249.17,249.48,249.08,249.34,14189
AMZN,2026-09-23 16:00:00-04:00,249.35,249.55,249.25,249.5,63428
AMZN,2026-09-23 16:05:00-04:00,249.52,249.87,249.36,249.44,90
AMZN,2026-09-23 16:10:00-04:00,249.45,249.51,249.4,249.46,55
AMZN,2026-09-23 16:15:00-04:00,249.45,249.51,249.27,249.4,2268
AMZN,2026-09-23 16:20:00-04:00,249.46,249.47,249.4,249.4,52
AMZN,2026-09-23 16:25:00-04:00,249.45,249.52,249.3,249.38,22
AMZN,2026-09-23 16:30:00-04:00,249.33,249.49,249.33,249.49,2
AMZN,2026-09-23 16:35:00-04:00,249.42,249.62,249.35,249.57,81
AMZN,2026-09-23 16:40:00-04:00,249.57,249.6,249.53,249.55,23
AMZN,2026-09-23 16:45:00-04:00,249.5,249.54,249.42,249.54,13
AMZN,2026-09-23 16:50:00-04:00,249.54,249.55,249.5,249.5,39
AMZN,2026-09-23 16:55:00-04:00,249.52,249.56,249.5,249.53,24
AMZN,2026-09-23 17:00:00-04:00,249.5,249.63,249.5,249.63,54
AMZN,2026-09-23 17:05:00-04:00,249.5,249.5,249.41,249.42,15
AMZN,2026-09-23 17:10:00-04:00,249.46,249.48,249.41,249.45,60
AMZN,2026-09-23 17:15:00-04:00,249.48,249.48,249.33,249.4,28
AMZN,2026-09-23 17:20:00-04:00,249.41,249.41,249.34,249.34,37
AMZN,2026-09-23 17:25:00-04:00,249.34,249.41,249.33,249.33,7
AMZN,2026-09-23 17:30:00-04:00,249.34,249.37,249.34,249.37,3
AMZN,2026-09-23 17:35:00-04:00,249.38,249.41,249.38,249.4,7
AMZN,2026-09-23 17:40:00-04:00,249.38,249.41,249.38,249.41,12
AMZN,2026-09-23 17:45:00-04:00,249.4,249.41,249.34,249.34,42
AMZN,2026-09-23 17:50:00-04:00,249.38,249.4,249.38,249.4,9
AMZN,2026-09-23 17:55:00-04:00,249.37,249.41,249.37,249.41,14
AMZN,2026-09-23 18:00:00-04:00,249.41,249.6,249.41,249.6,66
AMZN,2026-09-23 18:05:00-04:00,249.51,249.6,249.51,249.58,9
AMZN,2026-09-23 18:10:00-04:00,249.65,249.67,249.65,249.67,19
AMZN,2026-09-23 18:15:00-04:00,249.68,249.68,249.5,249.5,17
AMZN,2026-09-23 18:20:00-04:00,249.69,249.78,249.55,249.68,13
AMZN,2026-09-23 18:25:00-04:00,249.7,249.7,249.7,249.7,2
AMZN,2026-09-23 18:30:00-04:00,249.5,249.7,249.5,249.6,45
AMZN,2026-09-23 18:35:00-04:00,249.67,249.67,249.54,249.56,14
AMZN,2026-09-23 18:40:00-04:00,249.59,249.7,249.59,249.65,55
AMZN,2026-09-23 18:45:00-04:00,249.55,249.6,249.55,249.57,18
AMZN,2026-09-23 18:50:00-04:00,249.66,249.66,249.46,249.51,37
AMZN,2026-09-23 18:55:00-04:00,249.49,249.63,249.49,249.63,27
AMZN,2026-09-23 19:00:00-04:00,249.49,249.55,249.49,249.55,2
AMZN,2026-09-23 19:05:00-04:00,249.49,249.5,249.49,249.49,18
AMZN,2026-09-23 19:10:00-04:00,249.5,249.56,249.38,249.4,27
AMZN,2026-09-23 19:15:00-04:00,249.38,249.38,248.86,248.99,284
AMZN,2026-09-23 19:20:00-04:00,248.98,249.0,248.75,248.75,84
AMZN,2026-09-23 19:25:00-04:00,248.53,248.76,248.4,248.44,120
AMZN,2026-09-23 19:30:00-04:00,248.45,248.69,248.41,248.55,63
AMZN,2026-09-23 19:35:00-04:00,248.6,248.66,248.2,248.27,148
AMZN,2026-09-23 19:40:00-04:00,248.2,248.25,248.0,248.0,88
AMZN,2026-09-23 19:45:00-04:00,248.17,248.33,247.86,247.93,170
AMZN,2026-09-23 19:50:00-04:00,248.0,248.1,247.85,247.99,89
AMZN,2026-09-23 19:55:00-04:00,247.91,247.98,247.83,247.85,146
AMZN,2026-09-24 04:00:00-04:00,248.27,248.8,247.66,248.18,388
AMZN,2026-09-24 04:05:00-04:00,248.15,248.15,247.8,247.8,12
AMZN,2026-09-24 04:10:00-04:00,247.87,247.87,247.55,247.55,11
AMZN,2026-09-24 04:15:00-04:00,247.55,247.6,247.22,247.6,148
AMZN,2026-09-24 04:20:00-04:00,247.52,247.76,247.52,247.6,5
AMZN,2026-09-24 04:25:00-04:00,247.55,247.56,247.22,247.4,47
AMZN,2026-09-24 04:30:00-04:00,247.4,247.5,247.4,247.41,25
AMZN,2026-09-24 04:35:00-04:00,247.23,247.23,246.91,247.01,75
AMZN,2026-09-24 04:40:00-04:00,247.0,247.42,247.0,247.42,5
AMZN,2026-09-24 04:45:00-04:00,247.48,247.48,247.15,247.15,2
AMZN,2026-09-24 04:50:00-04:00,247.48,247.48,247.25,247.31,19
AMZN,2026-09-24 04:55:00-04:00,247.32,247.32,247.07,247.25,41
AMZN,2026-09-24 05:00:00-04:00,247.25,247.5,247.25,247.32,12
AMZN,2026-09-24 05:05:00-04:00,247.5,247.55,247.5,247.55,5
AMZN,2026-09-24 05:10:00-04:00,247.55,247.55,247.33,247.33,6
AMZN,2026-09-24 05:15:00-04:00,247.39,247.39,247.3,247.3,18
AMZN,2026-09-24 05:20:00-04:00,247.3,247.3,247.3,247.3,0
AMZN,2026-09-24 05:25:00-04:00,247.26,247.26,247.21,247.21,4
AMZN,2026-09-24 05:30:00-04:00,247.25,247.25,247.1,247.1,27
AMZN,2026-09-24 05:35:00-04:00,247.09,247.11,246.9,246.91,24
AMZN,2026-09-24 05:40:00-04:00,246.95,246.95,246.84,246.84,11
AMZN,2026-09-24 05:45:00-04:00,246.8,247.0,246.8,247.0,27
AMZN,2026-09-24 05:50:00-04:00,247.06,247.15,247.02,247.02,21
AMZN,2026-09-24 05:55:00-04:00,247.12,247.26,247.12,247.26,4
AMZN,2026-09-24 06:00:00-04:00,247.48,247.48,247.28,247.28,5
AMZN,2026-09-24 06:05:00-04:00,247.14,247.14,247.14,247.14,1
AMZN,2026-09-24 06:10:00-04:00,247.14,247.14,247.14,247.14,0
AMZN,2026-09-24 06:15:00-04:00,247.3,247.3,247.3,247.3,1
AMZN,2026-09-24 06:20:00-04:00,247.32,247.32,247.32,247.32,2
AMZN,2026-09-24 06:25:00-04:00,247.42,247.42,247.42,247.42,6
AMZN,2026-09-24 06:30:00-04:00,247.67,247.76,247.62,247.71,5
AMZN,2026-09-24 06:35:00-04:00,247.7,247.76,247.67,247.67,26
AMZN,2026-09-24 06:40:00-04:00,247.85,247.99,247.85,247.94,8
AMZN,2026-09-24 06:45:00-04:00,247.91,248.09,247.91,248.09,22
AMZN,2026-09-24 06:50:00-04:00,248.1,248.1,247.72,247.72,8
AMZN,2026-09-24 06:55:00-04:00,247.67,247.71,247.56,247.56,58
AMZN,2026-09-24 07:00:00-04:00,247.7,247.7,247.5,247.5,58
AMZN,2026-09-24 07:05:00-04:00,247.55,247.7,247.48,247.55,106
AMZN,2026-09-24 07:10:00-04:00,247.59,247.59,247.41,247.55,239
AMZN,2026-09-24 07:15:00-04:00,247.4,247.65,247.4,247.43,97
AMZN,2026-09-24 07:20:00-04:00,247.44,247.5,247.17,247.3,96
AMZN,2026-09-24 07:25:00-04:00,247.37,247.37,247.01,247.2,77
AMZN,2026-09-24 07:30:00-04:00,247.2,247.3,247.03,247.03,87
AMZN,2026-09-24 07:35:00-04:00,247.02,247.1,246.88,246.95,99
AMZN,2026-09-24 07:40:00-04:00,246.99,247.0,246.9,246.91,103
AMZN,2026-09-24 07:45:00-04:00,246.98,247.25,246.87,247.0,77
AMZN,2026-09-24 07:50:00-04:00,247.01,247.49,247.01,247.49,103
AMZN,2026-09-24 07:55:00-04:00,247.33,247.44,247.28,247.44,30
AMZN,2026-09-24 08:00:00-04:00,247.33,247.35,246.8,246.8,104
AMZN,2026-09-24 08:05:00-04:00,246.8,247.14,246.8,247.0,38
AMZN,2026-09-24 08:10:00-04:00,246.9,247.0,246.9,247.0,24
AMZN,2026-09-24 08:15:00-04:00,247.08,249.89,247.0,247.35,119
AMZN,2026-09-24 08:20:00-04:00,247.32,247.35,247.12,247.12,26
AMZN,2026-09-24 08:25:00-04:00,247.2,247.3,246.91,246.91,67
AMZN,2026-09-24 08:30:00-04:00,246.9,247.0,246.7,246.75,85
AMZN,2026-09-24 08:35:00-04:00,246.94,246.94,246.62,246.62,141
AMZN,2026-09-24 08:40:00-04:00,246.56,246.73,246.47,246.55,131
AMZN,2026-09-24 08:45:00-04:00,246.58,246.58,246.28,246.38,305
AMZN,2026-09-24 08:50:00-04:00,246.35,246.4,246.02,246.1,275
AMZN,2026-09-24 08:55:00-04:00,246.2,246.5,246.16,246.37,183
AMZN,2026-09-24 09:00:00-04:00,246.49,246.94,246.49,246.55,247
AMZN,2026-09-24 09:05:00-04:00,246.55,246.55,246.31,246.42,135
AMZN,2026-09-24 09:10:00-04:00,246.4,246.55,246.35,246.46,253
AMZN,2026-09-24 09:15:00-04:00,246.48,246.52,246.4,246.43,88
AMZN,2026-09-24 09:20:00-04:00,246.4,246.49,246.39,246.48,208
AMZN,2026-09-24 09:25:00-04:00,246.45,246.45,245.65,246.0,366
AMZN,2026-09-24 09:30:00-04:00,246.02,247.49,245.73,247.31,12358
AMZN,2026-09-24 09:35:00-04:00,247.33,247.52,246.87,246.99,5181
AMZN,2026-09-24 09:40:00-04:00,246.98,247.06,246.33,246.62,3816
AMZN,2026-09-24 09:45:00-04:00,246.63,246.8,246.05,246.5,2944
AMZN,2026-09-24 09:50:00-04:00,246.56,246.58,245.83,246.06,5009
AMZN,2026-09-24 09:55:00-04:00,246.06,246.14,245.64,245.69,4053
AMZN,2026-09-24 10:00:00-04:00,245.72,246.5,245.6,246.1,3518
AMZN,2026-09-24 10:05:00-04:00,246.07,246.8,245.99,246.6,2613
AMZN,2026-09-24 10:10:00-04:00,246.58,246.65,245.94,246.34,2452
AMZN,2026-09-24 10:15:00-04:00,246.34,246.73,245.66,246.65,4143
AMZN,2026-09-24 10:20:00-04:00,246.67,246.94,246.3,246.78,2318
AMZN,2026-09-24 10:25:00-04:00,246.81,247.07,246.46,246.61,2199
AMZN,2026-09-24 10:30:00-04:00,246.62,246.97,246.48,246.97,2031
AMZN,2026-09-24 10:35:00-04:00,246.94,247.03,246.52,246.6,1070
AMZN,2026-09-24 10:40:00-04:00,246.6,246.63,246.08,246.09,1284
AMZN,2026-09-24 10:45:00-04:00,246.09,246.44,246.05,246.4,1836
AMZN,2026-09-24 10:50:00-04:00,246.39,247.08,246.39,246.87,2482
AMZN,2026-09-24 10:55:00-04:00,246.86,246.93,246.46,246.57,1188
AMZN,2026-09-24 11:00:00-04:00,246.56,246.79,246.48,246.52,1416
AMZN,2026-09-24 11:05:00-04:00,246.5,246.68,246.31,246.33,1241
AMZN,2026-09-24 11:10:00-04:00,246.33,246.42,245.86,245.98,3126
AMZN,2026-09-24 11:15:00-04:00,245.97,246.34,245.9,246.14,2341
AMZN,2026-09-24 11:20:00-04:00,246.13,246.72,246.06,246.45,5250
AMZN,2026-09-24 11:25:00-04:00,246.45,246.48,246.1,246.11,1055
AMZN,2026-09-24 11:30:00-04:00,246.1,246.32,246.08,246.28,2169
AMZN,2026-09-24 11:35:00-04:00,246.33,246.46,246.17,246.26,1237
AMZN,2026-09-24 11:40:00-04:00,246.28,246.49,246.15,246.43,1159
AMZN,2026-09-24 11:45:00-04:00,246.46,246.61,246.16,246.24,1564
AMZN,2026-09-24 11:50:00-04:00,246.24,246.77,246.23,246.69,1830
AMZN,2026-09-24 11:55:00-04:00,246.71,246.9,246.65,246.78,1332
AMZN,2026-09-24 12:00:00-04:00,246.8,246.85,246.5,246.54,1324
AMZN,2026-09-24 12:05:00-04:00,246.54,246.6,246.18,246.22,1352
AMZN,2026-09-24 12:10:00-04:00,246.22,246.66,245.88,246.66,2419
AMZN,2026-09-24 12:15:00-04:00,246.65,248.34,246.62,247.57,6799
AMZN,2026-09-24 12:20:00-04:00,247.58,247.9,247.44,247.67,2816
AMZN,2026-09-24 12:25:00-04:00,247.65,247.96,247.17,247.88,2067
AMZN,2026-09-24 12:30:00-04:00,247.9,248.04,247.45,247.84,1749
AMZN,2026-09-24 12:35:00-04:00,247.83,248.66,247.78,248.46,2912
AMZN,2026-09-24 12:40:00-04:00,248.47,249.07,248.24,248.4,2962
AMZN,2026-09-24 12:45:00-04:00,248.42,248.96,248.25,248.87,1533
AMZN,2026-09-24 12:50:00-04:00,248.88,248.97,248.61,248.97,1350
AMZN,2026-09-24 12:55:00-04:00,248.96,249.74,248.96,249.31,2667
AMZN,2026-09-24 13:00:00-04:00,249.3,249.4,248.83,249.24,1952
AMZN,2026-09-24 13:05:00-04:00,249.27,249.44,249.07,249.26,1397
AMZN,2026-09-24 13:10:00-04:00,249.24,249.55,248.9,249.5,1807
AMZN,2026-09-24 13:15:00-04:00,249.5,249.61,249.3,249.34,1629
AMZN,2026-09-24 13:20:00-04:00,249.32,249.37,249.11,249.22,1605
AMZN,2026-09-24 13:25:00-04:00,249.21,249.35,248.91,249.31,1737
AMZN,2026-09-24 13:30:00-04:00,249.3,249.46,248.91,248.95,2033
AMZN,2026-09-24 13:35:00-04:00,248.96,249.01,248.57,248.72,1934
AMZN,2026-09-24 13:40:00-04:00,248.73,248.83,248.35,248.52,1522
AMZN,2026-09-24 13:45:00-04:00,248.54,248.92,248.52,248.8,1190
AMZN,2026-09-24 13:50:00-04:00,248.78,249.14,248.7,249.12,815
AMZN,2026-09-24 13:55:00-04:00,249.11,249.6,249.0,249.52,1077
AMZN,2026-09-24 14:00:00-04:00,249.51,249.8,248.92,249.06,1204
AMZN,2026-09-24 14:05:00-04:00,249.07,249.93,249.07,249.71,1409
AMZN,2026-09-24 14:10:00-04:00,249.74,249.87,249.42,249.73,2130
AMZN,2026-09-24 14:15:00-04:00,249.73,250.01,249.69,249.88,2018
AMZN,2026-09-24 14:20:00-04:00,249.86,249.88,249.58,249.63,1330
AMZN,2026-09-24 14:25:00-04:00,249.58,249.97,249.56,249.88,1820
AMZN,2026-09-24 14:30:00-04:00,249.88,250.02,249.75,249.94,1347
AMZN,2026-09-24 14:35:00-04:00,249.94,250.43,249.86,250.14,1989
AMZN,2026-09-24 14:40:00-04:00,250.12,250.15,249.82,250.01,2174
AMZN,2026-09-24 14:45:00-04:00,250.01,250.09,249.84,249.97,1945
AMZN,2026-09-24 14:50:00-04:00,249.92,250.01,249.75,249.93,1497
AMZN,2026-09-24 14:55:00-04:00,249.93,250.31,249.92,250.11,1578
AMZN,2026-09-24 15:00:00-04:00,250.15,250.18,249.55,249.63,1628
AMZN,2026-09-24 15:05:00-04:00,249.67,249.76,249.6,249.62,1014
AMZN,2026-09-24 15:10:00-04:00,249.62,249.82,249.57,249.73,1108
AMZN,2026-09-24 15:15:00-04:00,249.73,249.78,249.44,249.61,1847
AMZN,2026-09-24 15:20:00-04:00,249.61,249.73,249.44,249.61,1285
AMZN,2026-09-24 15:25:00-04:00,249.62,249.63,249.36,249.44,1345
AMZN,2026-09-24 15:30:00-04:00,249.44,249.47,249.17,249.43,1615
AMZN,2026-09-24 15:35:00-04:00,249.43,249.56,249.25,249.44,1040
AMZN,2026-09-24 15:40:00-04:00,249.46,249.47,249.32,249.32,1055
AMZN,2026-09-24 15:45:00-04:00,249.31,249.38,249.09,249.28,2407
AMZN,2026-09-24 15:50:00-04:00,249.29,249.76,249.28,249.36,5365
AMZN,2026-09-24 15:55:00-04:00,249.35,249.78,249.21,249.34,9481
AMZN,2026-09-24 16:00:00-04:00,249.32,249.55,249.05,249.05,41672
AMZN,2026-09-24 16:05:00-04:00,249.03,249.1,249.02,249.03,54
AMZN,2026-09-24 16:10:00-04:00,249.08,249.08,248.67,248.9,65
AMZN,2026-09-24 16:15:00-04:00,248.65,249.0,248.62,248.63,80
AMZN,2026-09-24 16:20:00-04:00,248.64,248.95,248.62,248.64,26
AMZN,2026-09-24 16:25:00-04:00,248.66,248.98,248.62,248.91,43
AMZN,2026-09-24 16:30:00-04:00,248.88,248.9,248.88,248.9,11
AMZN,2026-09-24 16:35:00-04:00,248.91,248.98,248.72,248.8,12
AMZN,2026-09-24 16:40:00-04:00,248.9,249.1,248.83,249.1,74
AMZN,2026-09-24 16:45:00-04:00,249.03,249.15,249.01,249.15,26
AMZN,2026-09-24 16:50:00-04:00,249.21,249.31,249.2,249.31,15
AMZN,2026-09-24 16:55:00-04:00,249.37,249.45,249.12,249.22,80
AMZN,2026-09-24 17:00:00-04:00,249.32,249.32,249.25,249.25,6
AMZN,2026-09-24 17:05:00-04:00,249.2,249.31,249.12,249.12,10
AMZN,2026-09-24 17:10:00-04:00,249.2,249.2,249.03,249.03,18
AMZN,2026-09-24 17:15:00-04:00,249.05,249.18,249.04,249.04,18
AMZN,2026-09-24 17:20:00-04:00,249.06,249.13,249.04,249.04,4
AMZN,2026-09-24 17:25:00-04:00,249.06,249.06,249.05,249.05,11
AMZN,2026-09-24 17:30:00-04:00,249.08,249.15,249.08,249.15,9
AMZN,2026-09-24 17:35:00-04:00,249.22,249.23,246.74,249.23,957
AMZN,2026-09-24 17:40:00-04:00,249.22,249.22,249.2,249.21,23
AMZN,2026-09-24 17:45:00-04:00,249.19,249.28,249.19,249.28,17
AMZN,2026-09-24 17:50:00-04:00,249.23,249.23,249.23,249.23,2
AMZN,2026-09-24 17:55:00-04:00,249.2,249.2,249.0,249.0,35
AMZN,2026-09-24 18:00:00-04:00,249.0,249.23,249.0,249.22,6
AMZN,2026-09-24 18:05:00-04:00,249.12,249.2,249.12,249.2,10
AMZN,2026-09-24 18:10:00-04:00,249.1,249.21,249.1,249.21,3
AMZN,2026-09-24 18:15:00-04:00,249.18,249.38,249.18,249.38,139
AMZN,2026-09-24 18:20:00-04:00,249.1,249.26,249.0,249.0,46
AMZN,2026-09-24 18:25:00-04:00,249.0,249.0,249.0,249.0,0
CAT,2026-09-22 04:00:00-04:00,811.0,817.35,808.01,813.0,22
CAT,2026-09-22 04:05:00-04:00,813.0,813.0,813.0,813.0,0
CAT,2026-09-22 04:10:00-04:00,809.47,809.47,808.55,808.55,21
CAT,2026-09-22 04:15:00-04:00,808.55,808.55,808.55,808.55,0
CAT,2026-09-22 04:20:00-04:00,808.55,808.55,808.55,808.55,0
CAT,2026-09-22 04:25:00-04:00,808.55,808.55,808.55,808.55,0
CAT,2026-09-22 04:30:00-04:00,808.58,808.58,808.16,808.56,4
CAT,2026-09-22 04:35:00-04:00,808.71,809.55,808.71,809.55,8
CAT,2026-09-22 04:40:00-04:00,809.53,809.55,809.53,809.55,2
CAT,2026-09-22 04:45:00-04:00,809.55,809.55,809.55,809.55,0
CAT,2026-09-22 04:50:00-04:00,811.78,811.78,811.78,811.78,1
CAT,2026-09-22 04:55:00-04:00,811.36,811.36,811.36,811.36,1
CAT,2026-09-22 05:00:00-04:00,811.36,811.36,811.36,811.36,0
CAT,2026-09-22 05:05:00-04:00,811.36,811.36,811.36,811.36,0
CAT,2026-09-22 05:10:00-04:00,811.36,811.36,811.36,811.36,0
CAT,2026-09-22 05:15:00-04:00,811.36,811.36,811.36,811.36,0
CAT,2026-09-22 05:20:00-04:00,812.54,812.54,812.53,812.53,2
CAT,2026-09-22 05:25:00-04:00,812.53,812.53,812.53,812.53,0
CAT,2026-09-22 05:30:00-04:00,812.53,812.53,812.53,812.53,0
CAT,2026-09-22 05:35:00-04:00,812.53,812.53,812.53,812.53,0
CAT,2026-09-22 05:40:00-04:00,812.53,812.53,812.53,812.53,0
CAT,2026-09-22 05:45:00-04:00,812.53,812.53,812.53,812.53,0
CAT,2026-09-22 05:50:00-04:00,812.53,812.53,812.53,812.53,0
CAT,2026-09-22 05:55:00-04:00,812.53,812.53,812.53,812.53,0
CAT,2026-09-22 06:00:00-04:00,812.53,812.53,812.53,812.53,0
CAT,2026-09-22 06:05:00-04:00,812.53,812.53,812.53,812.53,0
CAT,2026-09-22 06:10:00-04:00,812.53,812.53,812.53,812.53,0
CAT,2026-09-22 06:15:00-04:00,812.53,812.53,812.53,812.53,0
CAT,2026-09-22 06:20:00-04:00,812.53,812.53,812.53,812.53,0
CAT,2026-09-22 06:25:00-04:00,812.53,812.53,812.53,812.53,0
CAT,2026-09-22 06:30:00-04:00,812.53,812.53,812.53,812.53,0
CAT,2026-09-22 06:35:00-04:00,812.53,812.53,812.53,812.53,0
CAT,2026-09-22 06:40:00-04:00,816.36,816.36,816.36,816.36,1
CAT,2026-09-22 06:45:00-04:00,816.36,816.36,816.36,816.36,0
CAT,2026-09-22 06:50:00-04:00,816.36,816.36,816.36,816.36,0
CAT,2026-09-22 06:55:00-04:00,816.36,816.36,816.36,816.36,0
CAT,2026-09-22 07:00:00-04:00,817.01,817.02,817.0,817.0,5
CAT,2026-09-22 07:05:00-04:00,817.0,817.0,817.0,817.0,0
CAT,2026-09-22 07:10:00-04:00,817.0,817.0,817.0,817.0,0
CAT,2026-09-22 07:15:00-04:00,816.7,816.97,816.37,816.37,8
CAT,2026-09-22 07:20:00-04:00,816.02,816.19,815.47,815.47,44
CAT,2026-09-22 07:25:00-04:00,816.15,816.15,815.46,815.46,2
CAT,2026-09-22 07:30:00-04:00,815.46,815.46,815.46,815.46,0
CAT,2026-09-22 07:35:00-04:00,815.46,815.46,815.46,815.46,0
CAT,2026-09-22 07:40:00-04:00,815.78,816.98,815.78,816.98,6
CAT,2026-09-22 07:45:00-04:00,816.98,816.98,816.98,816.98,0
CAT,2026-09-22 07:50:00-04:00,816.98,816.98,816.98,816.98,0
CAT,2026-09-22 07:55:00-04:00,815.2,815.2,814.69,814.69,10
CAT,2026-09-22 08:00:00-04:00,814.68,814.68,814.68,814.68,1
CAT,2026-09-22 08:05:00-04:00,814.49,814.49,814.0,814.0,2
CAT,2026-09-22 08:10:00-04:00,813.62,813.62,813.0,813.0,27
CAT,2026-09-22 08:15:00-04:00,813.0,813.0,813.0,813.0,0
CAT,2026-09-22 08:20:00-04:00,813.0,813.0,813.0,813.0,0
CAT,2026-09-22 08:25:00-04:00,813.0,813.0,813.0,813.0,0
CAT,2026-09-22 08:30:00-04:00,813.0,813.0,813.0,813.0,0
CAT,2026-09-22 08:35:00-04:00,813.54,813.54,813.54,813.54,1
CAT,2026-09-22 08:40:00-04:00,813.54,813.54,813.54,813.54,0
CAT,2026-09-22 08:45:00-04:00,813.68,813.68,813.68,813.68,2
CAT,2026-09-22 08:50:00-04:00,813.48,813.48,813.4,813.4,9
CAT,2026-09-22 08:55:00-04:00,813.02,813.02,813.0,813.0,3
CAT,2026-09-22 09:00:00-04:00,813.0,813.0,813.0,813.0,0
CAT,2026-09-22 09:05:00-04:00,812.97,812.97,812.95,812.95,2
CAT,2026-09-22 09:10:00-04:00,812.15,812.18,811.99,812.18,10
CAT,2026-09-22 09:15:00-04:00,812.18,812.18,812.0,812.0,5
CAT,2026-09-22 09:20:00-04:00,811.86,811.88,809.58,809.58,24
CAT,2026-09-22 09:25:00-04:00,809.08,809.08,805.98,806.02,31
CAT,2026-09-22 09:30:00-04:00,808.63,809.09,802.61,807.69,2060
CAT,2026-09-22 09:35:00-04:00,807.69,808.0,803.73,806.4,711
CAT,2026-09-22 09:40:00-04:00,806.0,809.09,805.01,808.34,395
CAT,2026-09-22 09:45:00-04:00,808.23,808.23,805.28,806.4,490
CAT,2026-09-22 09:50:00-04:00,806.79,808.5,804.51,808.0,645
CAT,2026-09-22 09:55:00-04:00,808.05,811.57,808.04,811.57,653
CAT,2026-09-22 10:00:00-04:00,811.57,811.6,810.15,811.32,517
CAT,2026-09-22 10:05:00-04:00,811.32,812.46,810.43,810.43,342
CAT,2026-09-22 10:10:00-04:00,811.0,811.6,809.58,809.59,285
CAT,2026-09-22 10:15:00-04:00,809.4,809.64,807.19,808.14,312
CAT,2026-09-22 10:20:00-04:00,808.03,808.03,804.82,807.0,510
CAT,2026-09-22 10:25:00-04:00,807.44,808.38,806.48,807.84,361
CAT,2026-09-22 10:30:00-04:00,807.55,812.03,807.55,810.37,255
CAT,2026-09-22 10:35:00-04:00,810.17,810.54,807.33,808.84,322
CAT,2026-09-22 10:40:00-04:00,808.81,808.81,807.27,807.37,254
CAT,2026-09-22 10:45:00-04:00,807.37,807.37,804.5,805.61,288
CAT,2026-09-22 10:50:00-04:00,805.96,806.41,805.13,806.14,535
CAT,2026-09-22 10:55:00-04:00,806.25,807.87,805.32,805.84,223
CAT,2026-09-22 11:00:00-04:00,805.42,807.67,805.24,807.62,225
CAT,2026-09-22 11:05:00-04:00,807.47,807.52,805.47,806.39,304
CAT,2026-09-22 11:10:00-04:00,805.98,808.63,805.98,808.5,334
CAT,2026-09-22 11:15:00-04:00,808.09,808.09,805.29,806.05,208
CAT,2026-09-22 11:20:00-04:00,805.92,806.77,805.15,805.68,381
CAT,2026-09-22 11:25:00-04:00,805.9,806.67,805.15,805.22,418
CAT,2026-09-22 11:30:00-04:00,805.15,805.46,804.61,804.92,456
CAT,2026-09-22 11:35:00-04:00,804.92,806.75,804.64,805.69,156
CAT,2026-09-22 11:40:00-04:00,805.55,805.98,805.46,805.8,78
CAT,2026-09-22 11:45:00-04:00,805.54,807.27,805.54,807.08,167
CAT,2026-09-22 11:50:00-04:00,807.28,808.49,807.13,808.39,110
CAT,2026-09-22 11:55:00-04:00,808.34,808.95,807.98,808.95,385
CAT,2026-09-22 12:00:00-04:00,808.8,809.27,808.0,808.28,153
CAT,2026-09-22 12:05:00-04:00,808.05,808.6,807.58,807.91,130
CAT,2026-09-22 12:10:00-04:00,808.06,808.41,807.41,807.43,124
CAT,2026-09-22 12:15:00-04:00,807.43,807.62,806.41,806.7,148
CAT,2026-09-22 12:20:00-04:00,806.7,806.75,806.0,806.06,157
CAT,2026-09-22 12:25:00-04:00,806.07,806.42,805.63,805.78,159
CAT,2026-09-22 12:30:00-04:00,805.95,807.0,805.95,806.93,190
CAT,2026-09-22 12:35:00-04:00,806.74,807.1,806.58,806.79,130
CAT,2026-09-22 12:40:00-04:00,806.79,807.35,806.78,806.93,97
CAT,2026-09-22 12:45:00-04:00,806.82,808.41,806.51,808.41,184
CAT,2026-09-22 12:50:00-04:00,808.25,808.25,807.05,807.08,92
CAT,2026-09-22 12:55:00-04:00,807.14,807.34,806.19,807.12,181
CAT,2026-09-22 13:00:00-04:00,807.19,807.3,805.45,805.49,144
CAT,2026-09-22 13:05:00-04:00,805.52,806.18,804.86,806.08,193
CAT,2026-09-22 13:10:00-04:00,806.16,806.23,805.03,805.45,104
CAT,2026-09-22 13:15:00-04:00,805.34,806.34,805.34,806.07,130
CAT,2026-09-22 13:20:00-04:00,806.07,806.23,805.28,805.68,112
CAT,2026-09-22 13:25:00-04:00,805.68,805.83,805.17,805.55,300
CAT,2026-09-22 13:30:00-04:00,805.26,805.74,804.75,805.03,310
CAT,2026-09-22 13:35:00-04:00,805.28,805.28,803.23,803.38,363
CAT,2026-09-22 13:40:00-04:00,803.38,805.45,803.01,805.17,555
CAT,2026-09-22 13:45:00-04:00,805.17,805.54,804.07,804.65,240
CAT,2026-09-22 13:50:00-04:00,804.74,805.68,804.56,805.12,545
CAT,2026-09-22 13:55:00-04:00,805.17,806.1,804.84,805.91,360
CAT,2026-09-22 14:00:00-04:00,806.19,807.01,805.22,806.9,345
CAT,2026-09-22 14:05:00-04:00,807.23,807.53,806.32,807.26,260
CAT,2026-09-22 14:10:00-04:00,807.15,807.15,805.47,805.47,137
CAT,2026-09-22 14:15:00-04:00,805.58,805.85,805.41,805.85,117
CAT,2026-09-22 14:20:00-04:00,805.76,806.82,805.75,806.43,117
CAT,2026-09-22 14:25:00-04:00,806.3,806.41,805.68,806.16,110
CAT,2026-09-22 14:30:00-04:00,806.02,806.16,804.8,805.0,166
CAT,2026-09-22 14:35:00-04:00,805.0,805.0,803.32,804.4,315
CAT,2026-09-22 14:40:00-04:00,804.13,804.34,803.42,804.2,219
CAT,2026-09-22 14:45:00-04:00,804.28,805.23,804.28,805.23,170
CAT,2026-09-22 14:50:00-04:00,805.22,805.91,804.96,805.82,128
CAT,2026-09-22 14:55:00-04:00,805.78,806.41,805.69,806.0,303
CAT,2026-09-22 15:00:00-04:00,806.07,806.39,805.64,806.31,139
CAT,2026-09-22 15:05:00-04:00,806.31,807.25,806.04,806.5,202
CAT,2026-09-22 15:10:00-04:00,806.45,807.68,806.44,807.63,364
CAT,2026-09-22 15:15:00-04:00,807.77,807.82,806.98,807.43,221
CAT,2026-09-22 15:20:00-04:00,807.36,807.57,806.79,806.92,166
CAT,2026-09-22 15:25:00-04:00,806.64,807.29,805.83,805.83,220
CAT,2026-09-22 15:30:00-04:00,805.82,806.47,805.32,806.46,545
CAT,2026-09-22 15:35:00-04:00,806.46,807.87,806.45,807.78,330
CAT,2026-09-22 15:40:00-04:00,807.78,807.89,806.83,807.18,259
CAT,2026-09-22 15:45:00-04:00,807.18,808.41,806.99,807.93,720
CAT,2026-09-22 15:50:00-04:00,807.72,809.36,807.35,808.88,486
CAT,2026-09-22 15:55:00-04:00,809.05,810.29,807.78,808.27,2252
CAT,2026-09-22 16:00:00-04:00,808.15,808.29,804.64,806.45,10159
CAT,2026-09-22 16:05:00-04:00,807.35,807.62,807.35,807.5,5
CAT,2026-09-22 16:10:00-04:00,807.5,807.5,807.5,807.5,0
CAT,2026-09-22 16:15:00-04:00,809.0,809.0,808.15,808.15,7
CAT,2026-09-22 16:20:00-04:00,808.15,808.15,808.15,808.15,0
CAT,2026-09-22 16:25:00-04:00,808.16,808.17,808.15,808.15,17
CAT,2026-09-22 16:30:00-04:00,808.15,808.15,808.1,808.1,9
CAT,2026-09-22 16:35:00-04:00,808.1,808.1,808.1,808.1,0
CAT,2026-09-22 16:40:00-04:00,808.1,808.1,808.1,808.1,0
CAT,2026-09-22 16:45:00-04:00,808.1,808.1,808.1,808.1,0
CAT,2026-09-22 16:50:00-04:00,808.1,808.1,808.1,808.1,0
CAT,2026-09-22 16:55:00-04:00,807.55,807.55,807.55,807.55,2
CAT,2026-09-22 17:00:00-04:00,807.55,807.55,807.55,807.55,0
CAT,2026-09-22 17:05:00-04:00,807.55,807.55,807.55,807.55,0
CAT,2026-09-22 17:10:00-04:00,807.55,807.55,807.55,807.55,0
CAT,2026-09-22 17:15:00-04:00,807.55,807.55,807.55,807.55,0
CAT,2026-09-22 17:20:00-04:00,807.55,807.55,807.55,807.55,0
CAT,2026-09-22 17:25:00-04:00,807.55,807.55,807.55,807.55,0
CAT,2026-09-22 17:30:00-04:00,807.55,807.55,807.55,807.55,0
CAT,2026-09-22 17:35:00-04:00,807.55,807.55,807.55,807.55,0
CAT,2026-09-22 17:40:00-04:00,807.55,807.55,807.55,807.55,0
CAT,2026-09-22 17:45:00-04:00,807.55,807.55,807.55,807.55,0
CAT,2026-09-22 17:50:00-04:00,807.55,807.55,807.55,807.55,0
CAT,2026-09-22 17:55:00-04:00,807.55,807.55,807.55,807.55,0
CAT,2026-09-22 18:00:00-04:00,808.5,810.12,808.5,810.12,3
CAT,2026-09-22 18:05:00-04:00,810.12,810.12,810.12,810.12,0
CAT,2026-09-22 18:10:00-04:00,810.12,810.12,810.12,810.12,0
CAT,2026-09-22 18:15:00-04:00,809.2,809.2,809.2,809.2,2
CAT,2026-09-22 18:20:00-04:00,809.2,809.2,809.2,809.2,0
CAT,2026-09-22 18:25:00-04:00,809.82,809.83,809.82,809.82,2
CAT,2026-09-22 18:30:00-04:00,809.82,809.82,809.82,809.82,0
CAT,2026-09-22 18:35:00-04:00,809.82,809.82,809.82,809.82,0
CAT,2026-09-22 18:40:00-04:00,810.03,810.04,809.99,810.0,3
CAT,2026-09-22 18:45:00-04:00,810.0,810.0,810.0,810.0,0
CAT,2026-09-22 18:50:00-04:00,810.0,810.0,810.0,810.0,0
CAT,2026-09-22 18:55:00-04:00,810.0,810.0,810.0,810.0,0
CAT,2026-09-22 19:00:00-04:00,810.0,810.0,810.0,810.0,0
CAT,2026-09-22 19:05:00-04:00,810.0,810.0,810.0,810.0,0
CAT,2026-09-22 19:10:00-04:00,810.0,810.0,810.0,810.0,0
CAT,2026-09-22 19:15:00-04:00,810.0,810.0,810.0,810.0,0
CAT,2026-09-22 19:20:00-04:00,809.11,809.11,809.1,809.1,2
CAT,2026-09-22 19:25:00-04:00,809.1,809.1,809.1,809.1,0
CAT,2026-09-22 19:30:00-04:00,809.1,809.1,809.1,809.1,0
CAT,2026-09-22 19:35:00-04:00,809.1,809.1,809.1,809.1,0
CAT,2026-09-22 19:40:00-04:00,809.1,809.1,809.1,809.1,0
CAT,2026-09-22 19:45:00-04:00,809.1,809.1,809.1,809.1,0
CAT,2026-09-22 19:50:00-04:00,809.1,809.1,809.1,809.1,0
CAT,2026-09-22 19:55:00-04:00,809.56,809.56,809.56,809.56,1
CAT,2026-09-23 04:00:00-04:00,807.12,809.15,807.05,808.27,19
CAT,2026-09-23 04:05:00-04:00,807.28,809.98,807.23,809.98,6
CAT,2026-09-23 04:10:00-04:00,809.98,809.98,809.98,809.98,0
CAT,2026-09-23 04:15:00-04:00,809.98,809.98,809.98,809.98,0
CAT,2026-09-23 04:20:00-04:00,809.98,809.98,809.98,809.98,0
CAT,2026-09-23 04:25:00-04:00,809.98,809.98,809.98,809.98,0
CAT,2026-09-23 04:30:00-04:00,809.98,809.98,809.98,809.98,0
CAT,2026-09-23 04:35:00-04:00,809.98,809.98,809.98,809.98,0
CAT,2026-09-23 04:40:00-04:00,809.98,809.98,809.98,809.98,0
CAT,2026-09-23 04:45:00-04:00,809.98,809.98,809.98,809.98,0
CAT,2026-09-23 04:50:00-04:00,809.98,809.98,809.98,809.98,0
CAT,2026-09-23 04:55:00-04:00,807.96,807.96,807.96,807.96,2
CAT,2026-09-23 05:00:00-04:00,807.96,807.96,807.96,807.96,0
CAT,2026-09-23 05:05:00-04:00,806.0,806.0,805.99,805.99,3
CAT,2026-09-23 05:10:00-04:00,805.99,805.99,805.99,805.99,0
CAT,2026-09-23 05:15:00-04:00,805.99,805.99,805.99,805.99,0
CAT,2026-09-23 05:20:00-04:00,807.5,807.5,807.5,807.5,2
CAT,2026-09-23 05:25:00-04:00,807.5,807.5,807.5,807.5,0
CAT,2026-09-23 05:30:00-04:00,807.5,807.5,807.5,807.5,0
CAT,2026-09-23 05:35:00-04:00,807.5,807.5,807.5,807.5,0
CAT,2026-09-23 05:40:00-04:00,807.5,807.5,807.5,807.5,0
CAT,2026-09-23 05:45:00-04:00,807.5,807.5,807.5,807.5,0
CAT,2026-09-23 05:50:00-04:00,806.5,806.5,806.5,806.5,1
CAT,2026-09-23 05:55:00-04:00,806.5,806.5,806.5,806.5,0
CAT,2026-09-23 06:00:00-04:00,806.5,806.5,806.5,806.5,0
CAT,2026-09-23 06:05:00-04:00,806.5,806.5,806.5,806.5,0
CAT,2026-09-23 06:10:00-04:00,806.5,806.5,806.5,806.5,0
CAT,2026-09-23 06:15:00-04:00,806.5,806.5,806.5,806.5,0
CAT,2026-09-23 06:20:00-04:00,806.5,806.5,806.5,806.5,0
CAT,2026-09-23 06:25:00-04:00,806.5,806.5,806.5,806.5,0
CAT,2026-09-23 06:30:00-04:00,805.31,805.31,805.3,805.31,1
CAT,2026-09-23 06:35:00-04:00,805.31,805.31,805.31,805.31,0
CAT,2026-09-23 06:40:00-04:00,805.31,805.31,805.31,805.31,0
CAT,2026-09-23 06:45:00-04:00,805.25,805.25,805.25,805.25,11
CAT,2026-09-23 06:50:00-04:00,805.25,805.25,805.25,805.25,0
CAT,2026-09-23 06:55:00-04:00,805.25,805.25,805.25,805.25,0
CAT,2026-09-23 07:00:00-04:00,805.25,805.25,805.25,805.25,0
CAT,2026-09-23 07:05:00-04:00,804.5,804.5,804.0,804.0,10
CAT,2026-09-23 07:10:00-04:00,804.55,804.55,804.55,804.55,2
CAT,2026-09-23 07:15:00-04:00,804.55,804.55,804.55,804.55,0
CAT,2026-09-23 07:20:00-04:00,804.5,804.54,803.0,803.0,23
CAT,2026-09-23 07:25:00-04:00,803.0,803.0,803.0,803.0,0
CAT,2026-09-23 07:30:00-04:00,802.3,802.3,802.3,802.3,12
CAT,2026-09-23 07:35:00-04:00,802.2,802.2,802.2,802.2,1
CAT,2026-09-23 07:40:00-04:00,802.2,802.2,802.2,802.2,0
CAT,2026-09-23 07:45:00-04:00,802.0,802.0,802.0,802.0,2
CAT,2026-09-23 07:50:00-04:00,802.0,802.01,802.0,802.0,2
CAT,2026-09-23 07:55:00-04:00,802.01,802.6,802.0,802.1,15
CAT,2026-09-23 08:00:00-04:00,802.5,802.93,802.23,802.23,10
CAT,2026-09-23 08:05:00-04:00,802.0,802.0,802.0,802.0,3
CAT,2026-09-23 08:10:00-04:00,802.77,802.77,802.0,802.0,29
CAT,2026-09-23 08:15:00-04:00,802.0,802.0,802.0,802.0,0
CAT,2026-09-23 08:20:00-04:00,801.3,801.3,801.18,801.18,5
CAT,2026-09-23 08:25:00-04:00,801.18,801.18,801.18,801.18,0
CAT,2026-09-23 08:30:00-04:00,801.8,801.8,801.8,801.8,1
CAT,2026-09-23 08:35:00-04:00,801.31,801.98,801.3,801.98,28
CAT,2026-09-23 08:40:00-04:00,801.98,801.98,801.98,801.98,0
CAT,2026-09-23 08:45:00-04:00,801.98,801.98,801.98,801.98,0
CAT,2026-09-23 08:50:00-04:00,801.98,801.98,801.98,801.98,0
CAT,2026-09-23 08:55:00-04:00,802.37,802.37,802.37,802.37,2
CAT,2026-09-23 09:00:00-04:00,802.4,802.4,802.01,802.01,2
CAT,2026-09-23 09:05:00-04:00,801.82,802.78,801.61,802.78,9
CAT,2026-09-23 09:10:00-04:00,802.78,802.78,802.78,802.78,0
CAT,2026-09-23 09:15:00-04:00,802.78,802.78,802.78,802.78,0
CAT,2026-09-23 09:20:00-04:00,802.56,802.56,802.56,802.56,4
CAT,2026-09-23 09:25:00-04:00,804.83,805.0,804.83,805.0,34
CAT,2026-09-23 09:30:00-04:00,803.97,806.27,799.62,799.95,2123
CAT,2026-09-23 09:35:00-04:00,800.0,802.41,798.53,800.77,787
CAT,2026-09-23 09:40:00-04:00,800.95,802.8,799.73,802.8,373
CAT,2026-09-23 09:45:00-04:00,802.85,803.54,799.33,801.38,475
CAT,2026-09-23 09:50:00-04:00,801.47,805.28,800.97,805.19,473
CAT,2026-09-23 09:55:00-04:00,805.55,807.57,805.26,807.1,391
CAT,2026-09-23 10:00:00-04:00,807.24,809.11,805.97,807.08,482
CAT,2026-09-23 10:05:00-04:00,807.74,808.22,805.49,806.05,872
CAT,2026-09-23 10:10:00-04:00,806.33,809.99,806.08,808.75,455
CAT,2026-09-23 10:15:00-04:00,808.67,809.5,807.13,807.41,329
CAT,2026-09-23 10:20:00-04:00,807.13,808.19,806.73,807.0,322
CAT,2026-09-23 10:25:00-04:00,807.12,808.01,806.05,807.22,284
CAT,2026-09-23 10:30:00-04:00,807.38,807.76,805.38,807.04,297
CAT,2026-09-23 10:35:00-04:00,807.04,808.63,806.23,806.23,315
CAT,2026-09-23 10:40:00-04:00,806.33,806.98,805.79,806.98,324
CAT,2026-09-23 10:45:00-04:00,806.79,806.79,804.26,805.35,358
CAT,2026-09-23 10:50:00-04:00,805.52,810.21,804.35,809.86,641
CAT,2026-09-23 10:55:00-04:00,809.86,810.1,808.19,808.73,196
CAT,2026-09-23 11:00:00-04:00,808.88,809.0,806.28,806.38,323
CAT,2026-09-23 11:05:00-04:00,806.38,807.55,806.02,807.47,288
CAT,2026-09-23 11:10:00-04:00,807.48,809.64,807.48,809.51,274
CAT,2026-09-23 11:15:00-04:00,809.36,809.5,807.59,808.85,157
CAT,2026-09-23 11:20:00-04:00,808.86,809.22,808.0,808.57,358
CAT,2026-09-23 11:25:00-04:00,808.84,809.0,806.95,806.95,283
CAT,2026-09-23 11:30:00-04:00,806.96,807.31,805.63,806.16,471
CAT,2026-09-23 11:35:00-04:00,806.02,806.98,805.22,806.35,196
CAT,2026-09-23 11:40:00-04:00,806.18,807.76,806.02,807.76,488
CAT,2026-09-23 11:45:00-04:00,807.67,807.69,805.54,805.54,189
CAT,2026-09-23 11:50:00-04:00,805.54,805.63,804.64,805.01,189
CAT,2026-09-23 11:55:00-04:00,805.03,805.19,804.66,805.05,134
CAT,2026-09-23 12:00:00-04:00,805.02,805.41,804.18,804.51,295
CAT,2026-09-23 12:05:00-04:00,804.51,805.74,804.5,805.72,107
CAT,2026-09-23 12:10:00-04:00,805.85,806.02,805.45,806.01,183
CAT,2026-09-23 12:15:00-04:00,805.92,806.84,805.65,805.81,244
CAT,2026-09-23 12:20:00-04:00,805.94,805.96,805.55,805.74,119
CAT,2026-09-23 12:25:00-04:00,805.74,810.07,805.63,809.8,1610
CAT,2026-09-23 12:30:00-04:00,809.8,811.16,809.61,810.65,436
CAT,2026-09-23 12:35:00-04:00,810.48,811.5,810.41,811.25,302
CAT,2026-09-23 12:40:00-04:00,811.15,811.25,810.0,810.37,315
CAT,2026-09-23 12:45:00-04:00,810.12,810.65,808.87,808.88,254
CAT,2026-09-23 12:50:00-04:00,808.73,809.16,807.92,808.41,203
CAT,2026-09-23 12:55:00-04:00,808.41,809.99,808.41,809.68,114
CAT,2026-09-23 13:00:00-04:00,809.68,810.0,807.76,809.19,342
CAT,2026-09-23 13:05:00-04:00,809.4,809.41,808.11,808.86,161
CAT,2026-09-23 13:10:00-04:00,809.01,809.21,808.38,809.21,103
CAT,2026-09-23 13:15:00-04:00,808.67,810.53,808.67,810.46,188
CAT,2026-09-23 13:20:00-04:00,810.45,810.6,809.74,809.74,234
CAT,2026-09-23 13:25:00-04:00,809.94,809.99,809.65,809.79,111
CAT,2026-09-23 13:30:00-04:00,809.65,809.81,808.74,809.29,236
CAT,2026-09-23 13:35:00-04:00,809.06,809.24,808.65,808.89,97
CAT,2026-09-23 13:40:00-04:00,808.7,810.67,807.99,810.57,267
CAT,2026-09-23 13:45:00-04:00,810.6,811.35,810.21,811.3,160
CAT,2026-09-23 13:50:00-04:00,811.5,811.9,811.1,811.89,241
CAT,2026-09-23 13:55:00-04:00,811.96,812.93,811.6,812.9,226
CAT,2026-09-23 14:00:00-04:00,812.92,812.94,810.19,810.19,322
CAT,2026-09-23 14:05:00-04:00,810.39,812.51,810.32,812.23,215
CAT,2026-09-23 14:10:00-04:00,812.16,812.43,811.08,811.88,209
CAT,2026-09-23 14:15:00-04:00,811.89,812.2,811.7,811.8,90
CAT,2026-09-23 14:20:00-04:00,811.8,811.81,811.21,811.45,197
CAT,2026-09-23 14:25:00-04:00,811.28,811.76,810.81,811.02,151
CAT,2026-09-23 14:30:00-04:00,811.04,811.32,810.5,810.9,154
CAT,2026-09-23 14:35:00-04:00,810.76,810.92,810.26,810.26,175
CAT,2026-09-23 14:40:00-04:00,810.46,810.87,809.5,809.5,166
CAT,2026-09-23 14:45:00-04:00,809.49,810.12,809.21,810.02,243
CAT,2026-09-23 14:50:00-04:00,809.95,811.32,809.92,811.32,98
CAT,2026-09-23 14:55:00-04:00,811.35,811.85,811.28,811.85,143
CAT,2026-09-23 15:00:00-04:00,811.73,812.18,811.44,811.48,195
CAT,2026-09-23 15:05:00-04:00,811.55,812.79,811.24,811.85,177
CAT,2026-09-23 15:10:00-04:00,811.99,812.18,811.26,811.32,189
CAT,2026-09-23 15:15:00-04:00,811.32,811.66,810.49,810.77,207
CAT,2026-09-23 15:20:00-04:00,810.63,811.93,810.63,811.78,323
CAT,2026-09-23 15:25:00-04:00,811.65,811.99,810.76,810.79,507
CAT,2026-09-23 15:30:00-04:00,810.79,814.93,810.65,814.75,954
CAT,2026-09-23 15:35:00-04:00,814.82,816.39,814.58,816.32,972
CAT,2026-09-23 15:40:00-04:00,816.34,816.76,814.24,814.6,1197
CAT,2026-09-23 15:45:00-04:00,814.54,815.28,813.2,813.72,1152
CAT,2026-09-23 15:50:00-04:00,813.81,813.94,812.56,812.72,945
CAT,2026-09-23 15:55:00-04:00,812.8,813.05,811.4,812.12,3908
CAT,2026-09-23 16:00:00-04:00,812.02,812.02,812.02,812.02,15675
CAT,2026-09-23 16:05:00-04:00,812.02,812.02,812.02,812.02,0
CAT,2026-09-23 16:10:00-04:00,812.02,812.02,812.02,812.02,0
CAT,2026-09-23 16:15:00-04:00,812.02,812.02,812.02,812.02,259
CAT,2026-09-23 16:20:00-04:00,812.02,812.02,812.02,812.02,0
CAT,2026-09-23 16:25:00-04:00,812.02,812.02,812.02,812.02,0
CAT,2026-09-23 16:30:00-04:00,812.02,812.02,812.02,812.02,0
CAT,2026-09-23 16:35:00-04:00,812.02,812.02,812.02,812.02,0
CAT,2026-09-23 16:40:00-04:00,812.02,812.02,812.02,812.02,0
CAT,2026-09-23 16:45:00-04:00,812.02,812.02,812.02,812.02,0
CAT,2026-09-23 16:50:00-04:00,812.02,812.02,812.02,812.02,0
CAT,2026-09-23 16:55:00-04:00,812.02,812.02,812.02,812.02,0
CAT,2026-09-23 17:00:00-04:00,812.02,812.02,812.02,812.02,0
CAT,2026-09-23 17:05:00-04:00,812.02,812.02,812.02,812.02,0
CAT,2026-09-23 17:10:00-04:00,812.02,812.02,812.02,812.02,0
CAT,2026-09-23 17:15:00-04:00,812.02,812.02,812.02,812.02,0
CAT,2026-09-23 17:20:00-04:00,812.02,812.02,812.02,812.02,0
CAT,2026-09-23 17:25:00-04:00,812.02,812.02,812.02,812.02,0
CAT,2026-09-23 17:30:00-04:00,812.02,812.02,812.02,812.02,0
CAT,2026-09-23 17:35:00-04:00,812.02,812.02,812.02,812.02,0
CAT,2026-09-23 17:40:00-04:00,811.1,811.1,811.09,811.1,2
CAT,2026-09-23 17:45:00-04:00,811.1,811.1,811.1,811.1,0
CAT,2026-09-23 17:50:00-04:00,811.1,811.1,811.1,811.1,0
CAT,2026-09-23 17:55:00-04:00,812.02,812.02,812.02,812.02,764
CAT,2026-09-23 18:00:00-04:00,812.02,812.02,812.02,812.02,0
CAT,2026-09-23 18:05:00-04:00,812.02,812.02,812.02,812.02,0
CAT,2026-09-23 18:10:00-04:00,812.02,812.02,812.02,812.02,0
CAT,2026-09-23 18:15:00-04:00,812.02,812.02,812.02,812.02,0
CAT,2026-09-23 18:20:00-04:00,812.02,812.02,812.02,812.02,0
CAT,2026-09-23 18:25:00-04:00,812.02,812.02,812.02,812.02,0
CAT,2026-09-23 18:30:00-04:00,812.02,812.02,812.02,812.02,0
CAT,2026-09-23 18:35:00-04:00,812.02,812.02,812.02,812.02,0
CAT,2026-09-23 18:40:00-04:00,812.02,812.02,812.02,812.02,0
CAT,2026-09-23 18:45:00-04:00,812.02,812.02,812.02,812.02,0
CAT,2026-09-23 18:50:00-04:00,812.02,812.02,812.02,812.02,0
CAT,2026-09-23 18:55:00-04:00,815.0,815.0,815.0,815.0,1
CAT,2026-09-23 19:00:00-04:00,815.0,815.0,815.0,815.0,0
CAT,2026-09-23 19:05:00-04:00,815.0,815.0,815.0,815.0,0
CAT,2026-09-23 19:10:00-04:00,815.0,815.0,815.0,815.0,0
CAT,2026-09-23 19:15:00-04:00,815.0,815.0,815.0,815.0,0
CAT,2026-09-23 19:20:00-04:00,815.0,815.0,815.0,815.0,0
CAT,2026-09-23 19:25:00-04:00,813.0,813.0,813.0,813.0,13
CAT,2026-09-23 19:30:00-04:00,813.0,813.0,813.0,813.0,0
CAT,2026-09-23 19:35:00-04:00,813.0,813.0,813.0,813.0,0
CAT,2026-09-23 19:40:00-04:00,812.4,812.4,812.4,812.4,2
CAT,2026-09-23 19:45:00-04:00,812.4,812.4,812.4,812.4,0
CAT,2026-09-23 19:50:00-04:00,812.4,812.4,812.4,812.4,0
CAT,2026-09-23 19:55:00-04:00,812.4,812.4,812.4,812.4,0
CAT,2026-09-24 04:00:00-04:00,807.1,809.02,806.01,806.01,39
CAT,2026-09-24 04:05:00-04:00,806.01,806.01,806.01,806.01,0
CAT,2026-09-24 04:10:00-04:00,806.01,806.01,806.01,806.01,0
CAT,2026-09-24 04:15:00-04:00,804.01,804.01,804.0,804.0,30
CAT,2026-09-24 04:20:00-04:00,804.01,804.01,804.01,804.01,1
CAT,2026-09-24 04:25:00-04:00,803.5,803.5,803.25,803.25,12
CAT,2026-09-24 04:30:00-04:00,803.25,803.25,803.25,803.25,0
CAT,2026-09-24 04:35:00-04:00,802.05,802.05,802.05,802.05,2
CAT,2026-09-24 04:40:00-04:00,802.05,802.05,802.05,802.05,0
CAT,2026-09-24 04:45:00-04:00,802.11,802.11,802.06,802.06,3
CAT,2026-09-24 04:50:00-04:00,802.05,802.05,802.05,802.05,2
CAT,2026-09-24 04:55:00-04:00,802.05,802.05,802.05,802.05,0
CAT,2026-09-24 05:00:00-04:00,802.05,802.05,802.05,802.05,0
CAT,2026-09-24 05:05:00-04:00,802.05,802.05,802.05,802.05,0
CAT,2026-09-24 05:10:00-04:00,802.05,802.05,802.05,802.05,0
CAT,2026-09-24 05:15:00-04:00,802.05,802.05,802.05,802.05,0
CAT,2026-09-24 05:20:00-04:00,802.05,802.05,802.05,802.05,0
CAT,2026-09-24 05:25:00-04:00,802.05,802.05,802.05,802.05,0
CAT,2026-09-24 05:30:00-04:00,802.05,802.05,802.05,802.05,0
CAT,2026-09-24 05:35:00-04:00,802.05,802.05,802.05,802.05,1
CAT,2026-09-24 05:40:00-04:00,802.05,802.05,802.05,802.05,0
CAT,2026-09-24 05:45:00-04:00,802.05,802.05,802.05,802.05,0
CAT,2026-09-24 05:50:00-04:00,802.05,802.05,802.05,802.05,0
CAT,2026-09-24 05:55:00-04:00,802.05,802.05,802.05,802.05,0
CAT,2026-09-24 06:00:00-04:00,802.05,802.05,802.05,802.05,0
CAT,2026-09-24 06:05:00-04:00,802.05,802.05,802.05,802.05,0
CAT,2026-09-24 06:10:00-04:00,802.05,802.05,802.05,802.05,0
CAT,2026-09-24 06:15:00-04:00,802.05,802.05,802.05,802.05,0
CAT,2026-09-24 06:20:00-04:00,802.05,802.05,802.05,802.05,0
CAT,2026-09-24 06:25:00-04:00,802.05,802.05,802.05,802.05,0
CAT,2026-09-24 06:30:00-04:00,802.05,802.05,802.05,802.05,0
CAT,2026-09-24 06:35:00-04:00,803.0,803.0,803.0,803.0,2
CAT,2026-09-24 06:40:00-04:00,803.98,804.04,803.98,804.04,3
CAT,2026-09-24 06:45:00-04:00,804.04,804.04,804.04,804.04,0
CAT,2026-09-24 06:50:00-04:00,804.04,804.04,804.04,804.04,0
CAT,2026-09-24 06:55:00-04:00,804.25,804.25,804.25,804.25,7
CAT,2026-09-24 07:00:00-04:00,804.25,804.25,804.25,804.25,0
CAT,2026-09-24 07:05:00-04:00,803.46,804.0,803.46,804.0,10
CAT,2026-09-24 07:10:00-04:00,803.75,804.0,803.75,804.0,13
CAT,2026-09-24 07:15:00-04:00,805.52,805.52,805.52,805.52,1
CAT,2026-09-24 07:20:00-04:00,804.52,805.0,804.33,805.0,10
CAT,2026-09-24 07:25:00-04:00,804.96,804.97,804.96,804.97,2
CAT,2026-09-24 07:30:00-04:00,804.77,804.77,804.77,804.77,1
CAT,2026-09-24 07:35:00-04:00,804.77,804.77,804.77,804.77,0
CAT,2026-09-24 07:40:00-04:00,803.55,803.55,803.54,803.55,6
CAT,2026-09-24 07:45:00-04:00,803.0,803.0,803.0,803.0,4
CAT,2026-09-24 07:50:00-04:00,803.5,803.5,803.5,803.5,1
CAT,2026-09-24 07:55:00-04:00,803.5,803.5,803.5,803.5,0
CAT,2026-09-24 08:00:00-04:00,802.25,802.25,802.0,802.0,4
CAT,2026-09-24 08:05:00-04:00,801.35,803.0,801.35,803.0,3
CAT,2026-09-24 08:10:00-04:00,803.0,803.0,803.0,803.0,0
CAT,2026-09-24 08:15:00-04:00,803.0,803.0,803.0,803.0,2
CAT,2026-09-24 08:20:00-04:00,804.08,804.36,803.5,803.5,9
CAT,2026-09-24 08:25:00-04:00,803.5,803.5,803.5,803.5,2
CAT,2026-09-24 08:30:00-04:00,802.0,802.0,798.0,798.0,92
CAT,2026-09-24 08:35:00-04:00,797.84,797.99,796.34,796.7,31
CAT,2026-09-24 08:40:00-04:00,797.0,798.0,796.9,797.6,30
CAT,2026-09-24 08:45:00-04:00,797.56,797.56,797.56,797.56,1
CAT,2026-09-24 08:50:00-04:00,797.29,797.29,797.0,797.0,12
CAT,2026-09-24 08:55:00-04:00,798.0,798.6,798.0,798.6,42
CAT,2026-09-24 09:00:00-04:00,798.68,799.0,798.68,799.0,5
CAT,2026-09-24 09:05:00-04:00,798.52,799.44,797.52,797.52,21
CAT,2026-09-24 09:10:00-04:00,797.9,797.9,797.69,797.69,3
CAT,2026-09-24 09:15:00-04:00,799.95,800.0,799.95,800.0,3
CAT,2026-09-24 09:20:00-04:00,798.2,798.2,797.0,797.79,16
CAT,2026-09-24 09:25:00-04:00,797.8,799.64,796.53,796.53,28
CAT,2026-09-24 09:30:00-04:00,798.87,799.99,794.2,795.4,1731
CAT,2026-09-24 09:35:00-04:00,795.39,798.91,795.39,798.51,494
CAT,2026-09-24 09:40:00-04:00,798.56,800.0,797.6,798.57,518
CAT,2026-09-24 09:45:00-04:00,798.1,801.85,797.84,801.66,422
CAT,2026-09-24 09:50:00-04:00,801.46,803.21,800.36,800.91,336
CAT,2026-09-24 09:55:00-04:00,800.91,801.14,799.55,800.84,387
CAT,2026-09-24 10:00:00-04:00,801.07,802.49,800.5,802.29,351
CAT,2026-09-24 10:05:00-04:00,802.21,803.85,800.76,800.9,560
CAT,2026-09-24 10:10:00-04:00,800.92,802.51,800.0,800.69,378
CAT,2026-09-24 10:15:00-04:00,801.02,801.9,800.49,800.87,239
CAT,2026-09-24 10:20:00-04:00,801.14,801.33,799.81,800.03,286
CAT,2026-09-24 10:25:00-04:00,799.81,800.67,798.98,800.43,384
CAT,2026-09-24 10:30:00-04:00,799.88,802.09,799.09,802.09,380
CAT,2026-09-24 10:35:00-04:00,802.07,802.22,799.01,799.22,382
CAT,2026-09-24 10:40:00-04:00,799.06,799.65,798.5,798.54,315
CAT,2026-09-24 10:45:00-04:00,798.98,798.98,797.71,798.05,182
CAT,2026-09-24 10:50:00-04:00,798.36,798.76,796.05,797.14,966
CAT,2026-09-24 10:55:00-04:00,796.58,797.41,795.92,796.29,240
CAT,2026-09-24 11:00:00-04:00,796.29,797.54,795.84,797.13,339
CAT,2026-09-24 11:05:00-04:00,797.02,797.46,796.25,796.91,307
CAT,2026-09-24 11:10:00-04:00,797.02,797.1,795.0,795.24,664
CAT,2026-09-24 11:15:00-04:00,795.45,796.83,795.23,795.59,280
CAT,2026-09-24 11:20:00-04:00,795.47,796.28,794.61,796.28,638
CAT,2026-09-24 11:25:00-04:00,796.01,796.01,794.64,795.38,378
CAT,2026-09-24 11:30:00-04:00,795.31,796.09,794.92,795.22,401
CAT,2026-09-24 11:35:00-04:00,795.2,796.81,794.6,796.59,509
CAT,2026-09-24 11:40:00-04:00,796.46,796.71,795.45,796.6,170
CAT,2026-09-24 11:45:00-04:00,796.84,797.16,796.23,796.97,189
CAT,2026-09-24 11:50:00-04:00,796.77,797.17,796.11,796.16,165
CAT,2026-09-24 11:55:00-04:00,796.34,797.01,796.29,796.39,141
CAT,2026-09-24 12:00:00-04:00,796.39,797.47,795.3,797.47,296
CAT,2026-09-24 12:05:00-04:00,797.8,797.8,796.22,796.24,92
CAT,2026-09-24 12:10:00-04:00,796.4,797.3,795.76,797.29,126
CAT,2026-09-24 12:15:00-04:00,798.0,805.77,797.79,803.88,1273
CAT,2026-09-24 12:20:00-04:00,804.29,806.9,803.63,805.34,747
CAT,2026-09-24 12:25:00-04:00,805.38,805.51,802.71,802.72,157
CAT,2026-09-24 12:30:00-04:00,802.92,802.99,801.51,802.27,252
CAT,2026-09-24 12:35:00-04:00,802.58,806.0,802.58,805.2,425
CAT,2026-09-24 12:40:00-04:00,805.49,809.14,805.15,807.56,528
CAT,2026-09-24 12:45:00-04:00,806.71,807.07,805.68,806.71,116
CAT,2026-09-24 12:50:00-04:00,807.05,807.1,805.57,805.65,108
CAT,2026-09-24 12:55:00-04:00,805.89,807.12,805.66,806.57,189
CAT,2026-09-24 13:00:00-04:00,806.14,807.35,805.57,806.38,158
CAT,2026-09-24 13:05:00-04:00,806.96,807.99,806.81,807.12,75
CAT,2026-09-24 13:10:00-04:00,806.69,807.28,805.71,806.94,160
CAT,2026-09-24 13:15:00-04:00,806.72,807.05,805.79,805.8,87
CAT,2026-09-24 13:20:00-04:00,805.94,806.51,805.08,805.68,569
CAT,2026-09-24 13:25:00-04:00,805.66,805.66,803.54,804.46,395
CAT,2026-09-24 13:30:00-04:00,804.27,804.98,804.03,804.34,207
CAT,2026-09-24 13:35:00-04:00,804.33,804.33,803.47,803.66,122
CAT,2026-09-24 13:40:00-04:00,803.76,804.09,801.8,802.43,110
CAT,2026-09-24 13:45:00-04:00,802.11,803.76,802.11,803.73,78
CAT,2026-09-24 13:50:00-04:00,803.73,804.25,803.29,803.54,375
CAT,2026-09-24 13:55:00-04:00,803.7,805.56,803.63,804.95,206
CAT,2026-09-24 14:00:00-04:00,805.07,805.55,801.64,801.64,559
CAT,2026-09-24 14:05:00-04:00,801.74,804.46,801.66,804.14,162
CAT,2026-09-24 14:10:00-04:00,804.41,805.31,803.71,804.27,194
CAT,2026-09-24 14:15:00-04:00,804.27,805.75,804.01,805.3,327
CAT,2026-09-24 14:20:00-04:00,805.02,805.3,804.3,804.76,266
CAT,2026-09-24 14:25:00-04:00,805.04,806.31,804.39,804.98,169
CAT,2026-09-24 14:30:00-04:00,804.63,804.71,802.32,803.31,192
CAT,2026-09-24 14:35:00-04:00,802.99,805.34,802.25,803.96,220
CAT,2026-09-24 14:40:00-04:00,803.77,803.79,802.63,802.8,145
CAT,2026-09-24 14:45:00-04:00,802.89,803.28,802.6,803.02,83
CAT,2026-09-24 14:50:00-04:00,803.17,804.45,802.9,804.06,171
CAT,2026-09-24 14:55:00-04:00,804.06,804.29,803.62,803.68,145
CAT,2026-09-24 15:00:00-04:00,803.86,803.9,802.28,802.47,97
CAT,2026-09-24 15:05:00-04:00,802.28,803.46,802.28,803.01,118
CAT,2026-09-24 15:10:00-04:00,803.19,803.48,802.76,803.35,174
CAT,2026-09-24 15:15:00-04:00,803.16,803.25,802.6,802.72,202
CAT,2026-09-24 15:20:00-04:00,802.78,804.07,802.63,804.06,192
CAT,2026-09-24 15:25:00-04:00,804.0,804.86,804.0,804.23,375
CAT,2026-09-24 15:30:00-04:00,804.2,805.53,804.2,805.34,326
CAT,2026-09-24 15:35:00-04:00,805.37,805.37,803.23,803.28,236
CAT,2026-09-24 15:40:00-04:00,803.38,804.07,802.96,803.52,310
CAT,2026-09-24 15:45:00-04:00,803.41,803.46,802.88,803.2,556
CAT,2026-09-24 15:50:00-04:00,803.27,805.45,803.27,805.04,474
CAT,2026-09-24 15:55:00-04:00,805.17,805.47,804.78,805.07,1159
CAT,2026-09-24 16:00:00-04:00,804.85,805.25,804.64,804.65,12003
CAT,2026-09-24 16:05:00-04:00,804.65,804.65,804.65,804.65,0
CAT,2026-09-24 16:10:00-04:00,804.65,804.65,804.65,804.65,0
CAT,2026-09-24 16:15:00-04:00,804.65,804.65,804.65,804.65,0
CAT,2026-09-24 16:20:00-04:00,804.65,804.65,804.65,804.65,0
CAT,2026-09-24 16:25:00-04:00,804.65,804.65,804.65,804.65,0
CAT,2026-09-24 16:30:00-04:00,804.65,804.65,804.65,804.65,0
CAT,2026-09-24 16:35:00-04:00,804.0,804.43,804.0,804.43,5
CAT,2026-09-24 16:40:00-04:00,804.76,804.76,804.76,804.76,3
CAT,2026-09-24 16:45:00-04:00,804.9,804.91,804.9,804.9,7
CAT,2026-09-24 16:50:00-04:00,804.9,804.9,804.9,804.9,0
CAT,2026-09-24 16:55:00-04:00,804.89,804.89,804.89,804.89,1
CAT,2026-09-24 17:00:00-04:00,804.89,804.89,804.89,804.89,0
CAT,2026-09-24 17:05:00-04:00,804.89,804.89,804.89,804.89,0
CAT,2026-09-24 17:10:00-04:00,804.89,804.89,804.89,804.89,0
CAT,2026-09-24 17:15:00-04:00,804.89,804.89,804.89,804.89,0
CAT,2026-09-24 17:20:00-04:00,804.89,804.89,804.89,804.89,0
CAT,2026-09-24 17:25:00-04:00,804.89,804.89,804.89,804.89,0
CAT,2026-09-24 17:30:00-04:00,804.89,804.89,804.89,804.89,0
CAT,2026-09-24 17:35:00-04:00,803.62,803.62,803.62,803.62,37
CAT,2026-09-24 17:40:00-04:00,803.62,803.62,803.62,803.62,0
CAT,2026-09-24 17:45:00-04:00,803.62,803.62,803.62,803.62,0
CAT,2026-09-24 17:50:00-04:00,803.62,803.62,803.62,803.62,0
CAT,2026-09-24 17:55:00-04:00,803.62,803.62,803.62,803.62,0
CAT,2026-09-24 18:00:00-04:00,803.62,803.62,803.62,803.62,0
CAT,2026-09-24 18:05:00-04:00,803.62,803.62,803.62,803.62,0
CAT,2026-09-24 18:10:00-04:00,803.62,803.62,803.62,803.62,0
CAT,2026-09-24 18:15:00-04:00,803.62,803.62,803.62,803.62,0
CAT,2026-09-24 18:20:00-04:00,803.62,803.62,803.62,803.62,0
CAT,2026-09-24 18:25:00-04:00,803.62,803.62,803.62,803.62,0
COST,2026-09-22 04:00:00-04:00,901.0,903.0,899.8,902.38,36
COST,2026-09-22 04:05:00-04:00,902.38,902.38,902.38,902.38,0
COST,2026-09-22 04:10:00-04:00,902.38,902.38,902.38,902.38,0
COST,2026-09-22 04:15:00-04:00,902.38,902.38,902.38,902.38,0
COST,2026-09-22 04:20:00-04:00,902.38,902.38,902.38,902.38,0
COST,2026-09-22 04:25:00-04:00,902.5,902.5,902.5,902.5,1
COST,2026-09-22 04:30:00-04:00,902.5,902.5,902.5,902.5,0
COST,2026-09-22 04:35:00-04:00,902.5,902.5,902.5,902.5,0
COST,2026-09-22 04:40:00-04:00,902.5,902.5,902.5,902.5,0
COST,2026-09-22 04:45:00-04:00,902.5,902.5,902.5,902.5,0
COST,2026-09-22 04:50:00-04:00,902.5,902.5,902.5,902.5,0
COST,2026-09-22 04:55:00-04:00,902.5,902.5,902.5,902.5,0
COST,2026-09-22 05:00:00-04:00,902.5,902.5,902.5,902.5,0
COST,2026-09-22 05:05:00-04:00,902.5,902.5,902.5,902.5,0
COST,2026-09-22 05:10:00-04:00,902.5,902.5,902.5,902.5,0
COST,2026-09-22 05:15:00-04:00,901.98,901.98,901.98,901.98,1
COST,2026-09-22 05:20:00-04:00,901.98,901.98,901.98,901.98,0
COST,2026-09-22 05:25:00-04:00,901.98,901.98,901.98,901.98,0
COST,2026-09-22 05:30:00-04:00,901.98,901.98,901.98,901.98,0
COST,2026-09-22 05:35:00-04:00,901.98,901.98,901.98,901.98,0
COST,2026-09-22 05:40:00-04:00,901.98,901.98,901.98,901.98,0
COST,2026-09-22 05:45:00-04:00,901.98,901.98,901.98,901.98,1
COST,2026-09-22 05:50:00-04:00,901.98,901.98,901.98,901.98,0
COST,2026-09-22 05:55:00-04:00,901.0,901.0,901.0,901.0,2
COST,2026-09-22 06:00:00-04:00,900.07,900.07,900.07,900.07,2
COST,2026-09-22 06:05:00-04:00,900.07,900.07,900.07,900.07,0
COST,2026-09-22 06:10:00-04:00,900.07,900.07,900.07,900.07,0
COST,2026-09-22 06:15:00-04:00,900.07,900.07,900.07,900.07,0
COST,2026-09-22 06:20:00-04:00,900.07,900.07,900.07,900.07,0
COST,2026-09-22 06:25:00-04:00,900.07,900.07,900.07,900.07,0
COST,2026-09-22 06:30:00-04:00,900.4,901.5,900.4,901.5,3
COST,2026-09-22 06:35:00-04:00,901.5,901.5,901.5,901.5,0
COST,2026-09-22 06:40:00-04:00,901.5,901.5,901.5,901.5,0
COST,2026-09-22 06:45:00-04:00,901.5,901.5,901.5,901.5,0
COST,2026-09-22 06:50:00-04:00,900.69,900.69,900.69,900.69,12
COST,2026-09-22 06:55:00-04:00,900.5,900.5,900.5,900.5,2
COST,2026-09-22 07:00:00-04:00,901.1,901.1,899.85,899.85,20
COST,2026-09-22 07:05:00-04:00,899.1,899.1,899.1,899.1,2
COST,2026-09-22 07:10:00-04:00,899.5,899.5,899.5,899.5,2
COST,2026-09-22 07:15:00-04:00,899.0,899.0,899.0,899.0,1
COST,2026-09-22 07:20:00-04:00,899.23,899.24,899.23,899.23,4
COST,2026-09-22 07:25:00-04:00,899.5,899.5,899.12,899.12,4
COST,2026-09-22 07:30:00-04:00,899.12,899.12,899.12,899.12,0
COST,2026-09-22 07:35:00-04:00,899.12,899.12,899.12,899.12,0
COST,2026-09-22 07:40:00-04:00,899.12,899.12,899.12,899.12,0
COST,2026-09-22 07:45:00-04:00,900.57,900.57,900.14,900.5,27
COST,2026-09-22 07:50:00-04:00,900.5,900.5,900.5,900.5,0
COST,2026-09-22 07:55:00-04:00,900.5,900.5,900.5,900.5,0
COST,2026-09-22 08:00:00-04:00,899.82,900.39,899.82,900.39,5
COST,2026-09-22 08:05:00-04:00,900.39,900.39,900.39,900.39,0
COST,2026-09-22 08:10:00-04:00,900.5,902.0,900.5,902.0,28
COST,2026-09-22 08:15:00-04:00,901.5,902.0,901.5,902.0,7
COST,2026-09-22 08:20:00-04:00,902.1,902.1,902.0,902.0,2
COST,2026-09-22 08:25:00-04:00,902.0,902.0,902.0,902.0,0
COST,2026-09-22 08:30:00-04:00,902.52,902.52,902.51,902.52,3
COST,2026-09-22 08:35:00-04:00,902.61,902.61,902.6,902.61,2
COST,2026-09-22 08:40:00-04:00,902.6,902.6,902.6,902.6,21
COST,2026-09-22 08:45:00-04:00,902.5,902.69,902.5,902.69,5
COST,2026-09-22 08:50:00-04:00,902.67,902.67,902.25,902.41,4
COST,2026-09-22 08:55:00-04:00,902.16,902.5,902.16,902.5,3
COST,2026-09-22 09:00:00-04:00,902.7,902.7,902.7,902.7,1
COST,2026-09-22 09:05:00-04:00,902.7,902.7,902.7,902.7,0
COST,2026-09-22 09:10:00-04:00,902.72,903.31,902.5,902.5,37
COST,2026-09-22 09:15:00-04:00,903.26,903.84,903.01,903.83,8
COST,2026-09-22 09:20:00-04:00,903.5,903.57,903.44,903.53,8
COST,2026-09-22 09:25:00-04:00,903.33,904.0,901.0,901.0,22
COST,2026-09-22 09:30:00-04:00,903.1,903.27,898.98,899.67,1537
COST,2026-09-22 09:35:00-04:00,899.93,900.58,898.4,898.91,596
COST,2026-09-22 09:40:00-04:00,898.72,899.71,898.1,899.71,563
COST,2026-09-22 09:45:00-04:00,899.85,901.0,899.36,900.26,350
COST,2026-09-22 09:50:00-04:00,900.43,900.43,896.56,896.65,847
COST,2026-09-22 09:55:00-04:00,896.65,896.83,895.84,896.23,359
COST,2026-09-22 10:00:00-04:00,896.15,899.0,896.13,898.75,409
COST,2026-09-22 10:05:00-04:00,898.75,899.64,897.51,898.63,262
COST,2026-09-22 10:10:00-04:00,898.75,899.13,897.77,898.65,548
COST,2026-09-22 10:15:00-04:00,898.65,900.54,898.64,900.16,458
COST,2026-09-22 10:20:00-04:00,900.28,900.53,899.83,900.13,287
COST,2026-09-22 10:25:00-04:00,900.43,901.19,900.05,900.19,230
COST,2026-09-22 10:30:00-04:00,900.4,900.9,900.24,900.43,270
COST,2026-09-22 10:35:00-04:00,900.32,902.16,899.95,901.9,285
COST,2026-09-22 10:40:00-04:00,901.99,902.43,901.4,901.68,281
COST,2026-09-22 10:45:00-04:00,901.43,903.25,901.4,903.22,240
COST,2026-09-22 10:50:00-04:00,903.02,903.4,901.24,901.25,234
COST,2026-09-22 10:55:00-04:00,901.52,902.09,901.37,901.6,102
COST,2026-09-22 11:00:00-04:00,901.48,902.43,901.47,901.78,201
COST,2026-09-22 11:05:00-04:00,901.61,901.75,900.53,900.54,161
COST,2026-09-22 11:10:00-04:00,900.37,901.76,900.37,901.61,368
COST,2026-09-22 11:15:00-04:00,901.63,902.22,901.33,902.19,188
COST,2026-09-22 11:20:00-04:00,902.2,903.08,902.1,903.0,320
COST,2026-09-22 11:25:00-04:00,902.91,902.96,901.56,901.61,180
COST,2026-09-22 11:30:00-04:00,901.75,902.04,900.65,900.75,392
COST,2026-09-22 11:35:00-04:00,900.71,900.91,899.98,900.48,336
COST,2026-09-22 11:40:00-04:00,900.35,900.61,900.07,900.46,149
COST,2026-09-22 11:45:00-04:00,900.74,901.42,900.74,901.23,118
COST,2026-09-22 11:50:00-04:00,901.23,901.6,901.0,901.22,104
COST,2026-09-22 11:55:00-04:00,901.23,901.81,901.13,901.73,243
COST,2026-09-22 12:00:00-04:00,901.73,902.28,900.75,901.17,200
COST,2026-09-22 12:05:00-04:00,901.01,901.01,899.76,900.7,337
COST,2026-09-22 12:10:00-04:00,900.89,900.99,900.44,900.91,112
COST,2026-09-22 12:15:00-04:00,900.91,900.91,899.91,899.99,345
COST,2026-09-22 12:20:00-04:00,900.17,900.63,900.11,900.33,73
COST,2026-09-22 12:25:00-04:00,900.24,901.25,899.42,901.02,242
COST,2026-09-22 12:30:00-04:00,901.01,901.53,900.79,901.24,170
COST,2026-09-22 12:35:00-04:00,901.2,901.78,901.01,901.63,200
COST,2026-09-22 12:40:00-04:00,901.71,901.71,901.04,901.66,355
COST,2026-09-22 12:45:00-04:00,901.8,902.63,901.58,902.4,459
COST,2026-09-22 12:50:00-04:00,902.4,902.92,902.17,902.17,354
COST,2026-09-22 12:55:00-04:00,902.35,902.9,901.93,901.95,197
COST,2026-09-22 13:00:00-04:00,902.05,902.05,900.89,900.89,344
COST,2026-09-22 13:05:00-04:00,900.76,901.13,899.78,899.86,234
COST,2026-09-22 13:10:00-04:00,899.68,900.0,899.15,899.2,175
COST,2026-09-22 13:15:00-04:00,899.2,899.38,898.51,898.65,142
COST,2026-09-22 13:20:00-04:00,898.69,899.41,898.69,899.41,191
COST,2026-09-22 13:25:00-04:00,899.49,899.94,899.44,899.78,178
COST,2026-09-22 13:30:00-04:00,899.94,899.94,898.69,898.71,230
COST,2026-09-22 13:35:00-04:00,898.71,899.0,898.61,898.88,98
COST,2026-09-22 13:40:00-04:00,898.93,899.37,898.65,898.81,134
COST,2026-09-22 13:45:00-04:00,898.76,898.8,898.12,898.36,169
COST,2026-09-22 13:50:00-04:00,898.29,899.0,897.71,897.85,251
COST,2026-09-22 13:55:00-04:00,898.14,898.47,897.37,897.39,362
COST,2026-09-22 14:00:00-04:00,897.23,897.8,897.1,897.66,275
COST,2026-09-22 14:05:00-04:00,897.55,897.55,896.1,896.44,274
COST,2026-09-22 14:10:00-04:00,896.3,897.46,896.01,897.46,255
COST,2026-09-22 14:15:00-04:00,897.49,897.63,896.89,897.43,229
COST,2026-09-22 14:20:00-04:00,897.49,897.6,897.29,897.53,251
COST,2026-09-22 14:25:00-04:00,897.54,897.54,896.66,896.96,248
COST,2026-09-22 14:30:00-04:00,896.79,897.12,896.47,896.48,272
COST,2026-09-22 14:35:00-04:00,896.38,897.51,896.38,897.38,123
COST,2026-09-22 14:40:00-04:00,897.38,898.19,897.16,898.13,138
COST,2026-09-22 14:45:00-04:00,898.33,898.94,898.08,898.84,242
COST,2026-09-22 14:50:00-04:00,898.79,900.27,898.51,899.75,179
COST,2026-09-22 14:55:00-04:00,899.76,900.0,899.0,900.0,202
COST,2026-09-22 15:00:00-04:00,899.97,900.06,899.47,899.47,156
COST,2026-09-22 15:05:00-04:00,899.35,899.49,899.0,899.39,134
COST,2026-09-22 15:10:00-04:00,899.44,899.47,898.77,899.05,259
COST,2026-09-22 15:15:00-04:00,899.16,899.47,898.28,898.64,144
COST,2026-09-22 15:20:00-04:00,898.63,899.11,898.37,898.81,158
COST,2026-09-22 15:25:00-04:00,898.99,899.04,898.73,899.04,197
COST,2026-09-22 15:30:00-04:00,898.96,899.62,898.16,899.61,231
COST,2026-09-22 15:35:00-04:00,899.63,899.88,899.44,899.5,249
COST,2026-09-22 15:40:00-04:00,899.5,899.73,899.08,899.62,243
COST,2026-09-22 15:45:00-04:00,899.62,899.74,898.63,898.94,423
COST,2026-09-22 15:50:00-04:00,898.83,900.1,898.5,899.73,752
COST,2026-09-22 15:55:00-04:00,899.6,899.61,898.52,899.07,2485
COST,2026-09-22 16:00:00-04:00,899.08,900.6,899.08,899.66,7924
COST,2026-09-22 16:05:00-04:00,899.4,900.0,899.4,900.0,12
COST,2026-09-22 16:10:00-04:00,899.41,899.41,899.41,899.41,431
COST,2026-09-22 16:15:00-04:00,899.46,899.46,899.46,899.46,1
COST,2026-09-22 16:20:00-04:00,898.78,898.78,898.77,898.78,1
COST,2026-09-22 16:25:00-04:00,899.3,899.65,899.26,899.65,4
COST,2026-09-22 16:30:00-04:00,899.03,899.03,899.03,899.03,1
COST,2026-09-22 16:35:00-04:00,899.03,899.03,899.03,899.03,0
COST,2026-09-22 16:40:00-04:00,899.32,899.32,899.32,899.32,1
COST,2026-09-22 16:45:00-04:00,899.32,899.32,899.32,899.32,0
COST,2026-09-22 16:50:00-04:00,899.5,899.5,899.5,899.5,2
COST,2026-09-22 16:55:00-04:00,899.5,899.5,899.5,899.5,0
COST,2026-09-22 17:00:00-04:00,899.5,899.5,899.5,899.5,0
COST,2026-09-22 17:05:00-04:00,899.5,899.5,899.5,899.5,0
COST,2026-09-22 17:10:00-04:00,899.5,899.5,899.5,899.5,0
COST,2026-09-22 17:15:00-04:00,899.8,899.8,899.8,899.8,2
COST,2026-09-22 17:20:00-04:00,899.8,899.8,899.8,899.8,0
COST,2026-09-22 17:25:00-04:00,900.0,900.0,900.0,900.0,1
COST,2026-09-22 17:30:00-04:00,900.0,900.0,900.0,900.0,0
COST,2026-09-22 17:35:00-04:00,900.0,900.0,900.0,900.0,4
COST,2026-09-22 17:40:00-04:00,900.0,900.0,900.0,900.0,0
COST,2026-09-22 17:45:00-04:00,900.27,900.27,900.26,900.27,2
COST,2026-09-22 17:50:00-04:00,900.27,900.27,900.27,900.27,0
COST,2026-09-22 17:55:00-04:00,899.36,899.37,899.36,899.36,1
COST,2026-09-22 18:00:00-04:00,899.36,899.36,899.36,899.36,0
COST,2026-09-22 18:05:00-04:00,898.79,898.8,898.79,898.79,2
COST,2026-09-22 18:10:00-04:00,898.79,898.79,898.79,898.79,0
COST,2026-09-22 18:15:00-04:00,899.99,899.99,899.99,899.99,1
COST,2026-09-22 18:20:00-04:00,899.99,899.99,899.99,899.99,0
COST,2026-09-22 18:25:00-04:00,899.99,899.99,899.99,899.99,0
COST,2026-09-22 18:30:00-04:00,899.99,899.99,899.99,899.99,0
COST,2026-09-22 18:35:00-04:00,899.99,899.99,899.99,899.99,0
COST,2026-09-22 18:40:00-04:00,899.99,899.99,899.99,899.99,0
COST,2026-09-22 18:45:00-04:00,899.99,899.99,899.99,899.99,0
COST,2026-09-22 18:50:00-04:00,899.99,899.99,899.99,899.99,0
COST,2026-09-22 18:55:00-04:00,899.9,899.9,899.9,899.9,2
COST,2026-09-22 19:00:00-04:00,899.9,899.9,899.9,899.9,0
COST,2026-09-22 19:05:00-04:00,899.52,899.52,899.51,899.52,2
COST,2026-09-22 19:10:00-04:00,899.85,899.85,899.85,899.85,1
COST,2026-09-22 19:15:00-04:00,899.85,899.85,899.85,899.85,0
COST,2026-09-22 19:20:00-04:00,899.85,899.85,899.85,899.85,0
COST,2026-09-22 19:25:00-04:00,899.85,899.85,899.85,899.85,0
COST,2026-09-22 19:30:00-04:00,899.85,899.85,899.85,899.85,0
COST,2026-09-22 19:35:00-04:00,899.85,899.85,899.85,899.85,0
COST,2026-09-22 19:40:00-04:00,899.94,899.94,899.94,899.94,1
COST,2026-09-22 19:45:00-04:00,899.94,899.94,899.94,899.94,0
COST,2026-09-22 19:50:00-04:00,899.52,899.52,899.52,899.52,1
COST,2026-09-22 19:55:00-04:00,899.45,899.9,899.45,899.72,26
COST,2026-09-23 04:00:00-04:00,902.42,902.42,900.39,901.1,22
COST,2026-09-23 04:05:00-04:00,901.1,901.1,901.1,901.1,0
COST,2026-09-23 04:10:00-04:00,901.1,901.1,901.1,901.1,0
COST,2026-09-23 04:15:00-04:00,901.1,901.1,901.1,901.1,0
COST,2026-09-23 04:20:00-04:00,901.1,901.1,901.1,901.1,0
COST,2026-09-23 04:25:00-04:00,901.1,901.1,901.1,901.1,0
COST,2026-09-23 04:30:00-04:00,901.1,901.1,901.1,901.1,0
COST,2026-09-23 04:35:00-04:00,901.1,901.1,901.1,901.1,0
COST,2026-09-23 04:40:00-04:00,901.1,901.1,901.1,901.1,0
COST,2026-09-23 04:45:00-04:00,901.1,901.1,901.1,901.1,0
COST,2026-09-23 04:50:00-04:00,901.1,901.1,901.1,901.1,0
COST,2026-09-23 04:55:00-04:00,901.1,901.1,901.1,901.1,0
COST,2026-09-23 05:00:00-04:00,901.1,901.1,901.1,901.1,0
COST,2026-09-23 05:05:00-04:00,901.1,901.1,901.1,901.1,0
COST,2026-09-23 05:10:00-04:00,901.1,901.1,901.1,901.1,0
COST,2026-09-23 05:15:00-04:00,901.1,901.1,901.1,901.1,0
COST,2026-09-23 05:20:00-04:00,901.1,901.1,901.1,901.1,0
COST,2026-09-23 05:25:00-04:00,901.1,901.1,901.1,901.1,0
COST,2026-09-23 05:30:00-04:00,901.1,901.1,901.1,901.1,0
COST,2026-09-23 05:35:00-04:00,901.1,901.1,901.1,901.1,0
COST,2026-09-23 05:40:00-04:00,901.1,901.1,901.1,901.1,0
COST,2026-09-23 05:45:00-04:00,901.1,901.1,901.1,901.1,0
COST,2026-09-23 05:50:00-04:00,901.1,901.1,901.1,901.1,0
COST,2026-09-23 05:55:00-04:00,901.1,901.1,901.1,901.1,0
COST,2026-09-23 06:00:00-04:00,901.1,901.1,901.1,901.1,0
COST,2026-09-23 06:05:00-04:00,901.1,901.1,901.1,901.1,0
COST,2026-09-23 06:10:00-04:00,901.1,901.1,901.1,901.1,0
COST,2026-09-23 06:15:00-04:00,900.66,900.66,900.66,900.66,1
COST,2026-09-23 06:20:00-04:00,901.5,901.5,901.5,901.5,6
COST,2026-09-23 06:25:00-04:00,901.5,901.5,901.5,901.5,0
COST,2026-09-23 06:30:00-04:00,901.5,901.5,901.5,901.5,0
COST,2026-09-23 06:35:00-04:00,900.5,900.5,900.5,900.5,5
COST,2026-09-23 06:40:00-04:00,900.5,900.5,900.5,900.5,0
COST,2026-09-23 06:45:00-04:00,900.5,900.5,900.5,900.5,0
COST,2026-09-23 06:50:00-04:00,900.5,900.5,900.5,900.5,0
COST,2026-09-23 06:55:00-04:00,900.5,900.5,900.5,900.5,0
COST,2026-09-23 07:00:00-04:00,900.5,900.5,900.5,900.5,0
COST,2026-09-23 07:05:00-04:00,900.65,900.66,900.65,900.65,2
COST,2026-09-23 07:10:00-04:00,900.65,900.65,900.65,900.65,0
COST,2026-09-23 07:15:00-04:00,900.65,900.65,900.65,900.65,0
COST,2026-09-23 07:20:00-04:00,900.65,900.65,900.65,900.65,0
COST,2026-09-23 07:25:00-04:00,901.5,901.5,901.5,901.5,2
COST,2026-09-23 07:30:00-04:00,901.5,901.5,901.5,901.5,0
COST,2026-09-23 07:35:00-04:00,901.5,902.0,901.5,902.0,11
COST,2026-09-23 07:40:00-04:00,902.0,902.0,902.0,902.0,0
COST,2026-09-23 07:45:00-04:00,902.5,902.5,902.18,902.18,11
COST,2026-09-23 07:50:00-04:00,902.0,902.0,902.0,902.0,1
COST,2026-09-23 07:55:00-04:00,902.74,903.0,902.74,903.0,9
COST,2026-09-23 08:00:00-04:00,902.6,902.6,902.6,902.6,1
COST,2026-09-23 08:05:00-04:00,903.04,903.34,902.99,903.34,74
COST,2026-09-23 08:10:00-04:00,903.0,904.25,903.0,904.0,20
COST,2026-09-23 08:15:00-04:00,903.32,903.33,903.32,903.32,1
COST,2026-09-23 08:20:00-04:00,904.0,904.0,904.0,904.0,7
COST,2026-09-23 08:25:00-04:00,903.75,903.75,903.75,903.75,1
COST,2026-09-23 08:30:00-04:00,904.0,904.0,903.75,903.8,12
COST,2026-09-23 08:35:00-04:00,903.87,904.16,903.87,904.16,8
COST,2026-09-23 08:40:00-04:00,904.16,904.16,904.16,904.16,0
COST,2026-09-23 08:45:00-04:00,904.05,904.07,904.05,904.07,2
COST,2026-09-23 08:50:00-04:00,903.96,904.0,903.96,904.0,8
COST,2026-09-23 08:55:00-04:00,904.1,904.15,904.1,904.15,7
COST,2026-09-23 09:00:00-04:00,903.98,903.99,903.51,903.51,3
COST,2026-09-23 09:05:00-04:00,903.52,903.52,903.5,903.51,4
COST,2026-09-23 09:10:00-04:00,903.51,903.51,903.51,903.51,0
COST,2026-09-23 09:15:00-04:00,903.77,903.77,903.75,903.75,8
COST,2026-09-23 09:20:00-04:00,903.62,903.62,903.62,903.62,1
COST,2026-09-23 09:25:00-04:00,903.72,903.77,900.0,902.97,39
COST,2026-09-23 09:30:00-04:00,900.53,901.31,898.0,901.08,860
COST,2026-09-23 09:35:00-04:00,901.27,901.27,897.59,897.59,270
COST,2026-09-23 09:40:00-04:00,897.62,897.63,895.9,896.01,365
COST,2026-09-23 09:45:00-04:00,896.21,898.39,895.81,897.63,388
COST,2026-09-23 09:50:00-04:00,897.42,897.46,896.2,896.7,271
COST,2026-09-23 09:55:00-04:00,896.35,896.7,893.36,894.49,568
COST,2026-09-23 10:00:00-04:00,894.54,894.85,893.75,893.98,392
COST,2026-09-23 10:05:00-04:00,893.83,897.48,893.83,897.29,217
COST,2026-09-23 10:10:00-04:00,897.1,899.2,897.01,899.16,552
COST,2026-09-23 10:15:00-04:00,899.17,901.69,898.81,901.69,481
COST,2026-09-23 10:20:00-04:00,901.87,901.87,900.0,900.45,287
COST,2026-09-23 10:25:00-04:00,900.23,900.24,898.35,898.61,321
COST,2026-09-23 10:30:00-04:00,898.22,900.54,898.22,899.07,370
COST,2026-09-23 10:35:00-04:00,898.83,899.21,898.31,898.31,123
COST,2026-09-23 10:40:00-04:00,898.29,899.09,898.0,898.0,118
COST,2026-09-23 10:45:00-04:00,898.0,898.0,896.77,897.14,164
COST,2026-09-23 10:50:00-04:00,897.2,898.43,895.94,896.0,329
COST,2026-09-23 10:55:00-04:00,896.11,896.11,894.75,895.25,313
COST,2026-09-23 11:00:00-04:00,895.25,895.3,894.0,894.75,463
COST,2026-09-23 11:05:00-04:00,894.88,895.42,894.71,895.42,345
COST,2026-09-23 11:10:00-04:00,895.42,896.24,895.33,895.6,155
COST,2026-09-23 11:15:00-04:00,895.7,895.96,895.55,895.74,135
COST,2026-09-23 11:20:00-04:00,895.53,895.93,895.5,895.6,115
COST,2026-09-23 11:25:00-04:00,895.7,895.86,894.85,894.97,179
COST,2026-09-23 11:30:00-04:00,894.8,895.6,894.75,895.54,191
COST,2026-09-23 11:35:00-04:00,895.54,896.19,895.54,896.11,153
COST,2026-09-23 11:40:00-04:00,896.33,896.34,895.32,895.81,201
COST,2026-09-23 11:45:00-04:00,895.59,896.34,895.55,895.92,157
COST,2026-09-23 11:50:00-04:00,896.1,896.49,895.89,895.89,106
COST,2026-09-23 11:55:00-04:00,895.89,895.97,895.3,895.58,59
COST,2026-09-23 12:00:00-04:00,895.39,896.5,895.39,896.36,86
COST,2026-09-23 12:05:00-04:00,896.3,896.3,895.56,895.72,112
COST,2026-09-23 12:10:00-04:00,895.75,896.2,895.59,895.95,60
COST,2026-09-23 12:15:00-04:00,895.75,896.0,895.46,895.68,127
COST,2026-09-23 12:20:00-04:00,895.7,896.52,895.64,896.17,58
COST,2026-09-23 12:25:00-04:00,896.19,896.9,896.03,896.88,137
COST,2026-09-23 12:30:00-04:00,896.7,899.35,896.66,899.2,482
COST,2026-09-23 12:35:00-04:00,899.25,899.36,898.14,899.0,184
COST,2026-09-23 12:40:00-04:00,898.97,900.44,898.97,900.07,170
COST,2026-09-23 12:45:00-04:00,899.99,900.5,899.65,899.83,146
COST,2026-09-23 12:50:00-04:00,900.0,900.88,899.97,900.75,167
COST,2026-09-23 12:55:00-04:00,900.69,900.69,899.91,899.96,148
COST,2026-09-23 13:00:00-04:00,899.94,901.73,899.94,901.41,350
COST,2026-09-23 13:05:00-04:00,901.54,902.3,900.79,901.6,254
COST,2026-09-23 13:10:00-04:00,901.8,902.21,900.7,900.92,243
COST,2026-09-23 13:15:00-04:00,900.92,900.94,899.68,900.79,225
COST,2026-09-23 13:20:00-04:00,900.61,900.8,900.23,900.23,101
COST,2026-09-23 13:25:00-04:00,900.28,900.79,899.93,900.79,99
COST,2026-09-23 13:30:00-04:00,900.79,901.05,900.47,900.84,145
COST,2026-09-23 13:35:00-04:00,900.9,901.1,900.66,900.86,82
COST,2026-09-23 13:40:00-04:00,901.03,901.24,900.81,901.08,118
COST,2026-09-23 13:45:00-04:00,901.22,901.53,900.62,900.62,138
COST,2026-09-23 13:50:00-04:00,900.53,901.12,900.45,900.79,137
COST,2026-09-23 13:55:00-04:00,900.8,901.49,900.61,901.49,91
COST,2026-09-23 14:00:00-04:00,901.56,902.5,901.54,902.43,206
COST,2026-09-23 14:05:00-04:00,902.38,902.55,901.88,902.3,220
COST,2026-09-23 14:10:00-04:00,902.34,902.35,901.69,901.71,142
COST,2026-09-23 14:15:00-04:00,901.7,901.85,900.81,901.85,205
COST,2026-09-23 14:20:00-04:00,901.81,902.03,901.67,901.82,121
COST,2026-09-23 14:25:00-04:00,901.79,902.18,901.74,901.88,116
COST,2026-09-23 14:30:00-04:00,901.88,903.72,901.47,903.2,394
COST,2026-09-23 14:35:00-04:00,903.38,903.38,902.33,902.6,247
COST,2026-09-23 14:40:00-04:00,902.42,903.73,902.41,903.59,133
COST,2026-09-23 14:45:00-04:00,903.51,905.04,903.51,904.52,359
COST,2026-09-23 14:50:00-04:00,904.51,904.84,904.03,904.49,194
COST,2026-09-23 14:55:00-04:00,904.37,904.58,903.37,903.44,180
COST,2026-09-23 15:00:00-04:00,903.52,904.01,903.37,903.88,100
COST,2026-09-23 15:05:00-04:00,903.98,904.39,903.89,904.35,146
COST,2026-09-23 15:10:00-04:00,904.35,904.5,903.9,904.13,144
COST,2026-09-23 15:15:00-04:00,904.17,904.75,904.16,904.55,219
COST,2026-09-23 15:20:00-04:00,904.37,904.6,903.8,904.21,361
COST,2026-09-23 15:25:00-04:00,904.19,904.52,903.9,904.32,126
COST,2026-09-23 15:30:00-04:00,904.21,904.57,903.38,903.55,377
COST,2026-09-23 15:35:00-04:00,903.49,904.67,903.39,904.66,245
COST,2026-09-23 15:40:00-04:00,904.52,904.96,904.24,904.66,448
COST,2026-09-23 15:45:00-04:00,904.58,905.12,904.33,904.78,479
COST,2026-09-23 15:50:00-04:00,904.59,904.59,902.76,904.07,922
COST,2026-09-23 15:55:00-04:00,904.29,905.59,904.21,904.81,2867
COST,2026-09-23 16:00:00-04:00,904.7,905.0,904.01,905.0,10649
COST,2026-09-23 16:05:00-04:00,904.07,904.08,904.0,904.0,2
COST,2026-09-23 16:10:00-04:00,904.0,904.0,904.0,904.0,0
COST,2026-09-23 16:15:00-04:00,904.7,904.7,904.0,904.7,1391
COST,2026-09-23 16:20:00-04:00,904.7,904.7,904.7,904.7,0
COST,2026-09-23 16:25:00-04:00,904.1,904.1,904.1,904.1,72
COST,2026-09-23 16:30:00-04:00,904.1,904.1,904.1,904.1,0
COST,2026-09-23 16:35:00-04:00,904.1,904.1,904.1,904.1,0
COST,2026-09-23 16:40:00-04:00,904.1,904.1,904.1,904.1,0
COST,2026-09-23 16:45:00-04:00,904.5,904.5,904.5,904.5,1
COST,2026-09-23 16:50:00-04:00,904.5,904.5,904.49,904.49,2
COST,2026-09-23 16:55:00-04:00,904.65,904.66,904.65,904.65,6
COST,2026-09-23 17:00:00-04:00,904.67,904.67,904.66,904.67,1
COST,2026-09-23 17:05:00-04:00,904.67,904.67,904.67,904.67,0
COST,2026-09-23 17:10:00-04:00,904.67,904.67,904.67,904.67,0
COST,2026-09-23 17:15:00-04:00,904.67,904.67,904.67,904.67,0
COST,2026-09-23 17:20:00-04:00,904.67,904.67,904.67,904.67,0
COST,2026-09-23 17:25:00-04:00,904.67,904.67,904.67,904.67,0
COST,2026-09-23 17:30:00-04:00,904.67,904.67,904.67,904.67,0
COST,2026-09-23 17:35:00-04:00,904.67,904.67,904.67,904.67,0
COST,2026-09-23 17:40:00-04:00,904.46,904.46,904.45,904.46,1
COST,2026-09-23 17:45:00-04:00,904.5,904.51,904.5,904.5,2
COST,2026-09-23 17:50:00-04:00,904.33,904.34,904.33,904.33,1
COST,2026-09-23 17:55:00-04:00,904.33,904.33,904.33,904.33,0
COST,2026-09-23 18:00:00-04:00,904.33,904.33,904.33,904.33,0
COST,2026-09-23 18:05:00-04:00,904.5,904.57,904.5,904.57,2
COST,2026-09-23 18:10:00-04:00,904.55,904.55,904.55,904.55,1
COST,2026-09-23 18:15:00-04:00,904.57,904.71,904.57,904.71,6
COST,2026-09-23 18:20:00-04:00,904.83,904.83,904.82,904.83,1
COST,2026-09-23 18:25:00-04:00,904.83,904.83,904.83,904.83,0
COST,2026-09-23 18:30:00-04:00,904.71,904.71,904.71,904.71,2
COST,2026-09-23 18:35:00-04:00,904.71,904.71,904.51,904.51,2
COST,2026-09-23 18:40:00-04:00,904.43,904.43,904.43,904.43,9
COST,2026-09-23 18:45:00-04:00,904.43,904.43,904.43,904.43,0
COST,2026-09-23 18:50:00-04:00,904.45,904.45,904.45,904.45,2
COST,2026-09-23 18:55:00-04:00,904.45,904.45,904.45,904.45,0
COST,2026-09-23 19:00:00-04:00,904.65,904.66,904.65,904.65,1
COST,2026-09-23 19:05:00-04:00,904.49,904.49,904.49,904.49,1
COST,2026-09-23 19:10:00-04:00,904.6,904.6,904.6,904.6,2
COST,2026-09-23 19:15:00-04:00,904.6,904.6,904.6,904.6,0
COST,2026-09-23 19:20:00-04:00,904.6,904.6,904.6,904.6,0
COST,2026-09-23 19:25:00-04:00,904.6,904.6,904.6,904.6,0
COST,2026-09-23 19:30:00-04:00,904.6,904.6,904.6,904.6,0
COST,2026-09-23 19:35:00-04:00,904.6,904.6,904.6,904.6,0
COST,2026-09-23 19:40:00-04:00,904.6,904.6,904.6,904.6,0
COST,2026-09-23 19:45:00-04:00,904.52,904.52,904.51,904.52,1
COST,2026-09-23 19:50:00-04:00,904.52,904.52,904.52,904.52,0
COST,2026-09-23 19:55:00-04:00,904.5,904.6,904.5,904.6,3
COST,2026-09-24 04:00:00-04:00,906.91,907.24,905.66,906.91,23
COST,2026-09-24 04:05:00-04:00,906.91,906.91,906.91,906.91,0
COST,2026-09-24 04:10:00-04:00,906.5,906.5,906.5,906.5,1
COST,2026-09-24 04:15:00-04:00,906.5,906.5,906.5,906.5,0
COST,2026-09-24 04:20:00-04:00,906.5,906.5,906.5,906.5,0
COST,2026-09-24 04:25:00-04:00,906.5,906.5,906.5,906.5,0
COST,2026-09-24 04:30:00-04:00,905.96,905.96,905.96,905.96,5
COST,2026-09-24 04:35:00-04:00,905.96,905.96,905.96,905.96,0
COST,2026-09-24 04:40:00-04:00,905.96,905.96,905.96,905.96,0
COST,2026-09-24 04:45:00-04:00,905.96,905.96,905.96,905.96,0
COST,2026-09-24 04:50:00-04:00,905.96,905.96,905.96,905.96,0
COST,2026-09-24 04:55:00-04:00,905.96,905.96,905.96,905.96,0
COST,2026-09-24 05:00:00-04:00,905.96,905.96,905.96,905.96,0
COST,2026-09-24 05:05:00-04:00,907.06,907.06,907.02,907.02,3
COST,2026-09-24 05:10:00-04:00,907.05,907.05,907.05,907.05,1
COST,2026-09-24 05:15:00-04:00,907.05,907.05,907.05,907.05,0
COST,2026-09-24 05:20:00-04:00,907.63,907.63,907.63,907.63,1
COST,2026-09-24 05:25:00-04:00,908.43,908.43,908.43,908.43,12
COST,2026-09-24 05:30:00-04:00,908.0,908.54,908.0,908.54,3
COST,2026-09-24 05:35:00-04:00,908.54,908.54,908.54,908.54,0
COST,2026-09-24 05:40:00-04:00,908.54,908.54,908.54,908.54,0
COST,2026-09-24 05:45:00-04:00,908.54,908.54,908.54,908.54,0
COST,2026-09-24 05:50:00-04:00,908.54,908.54,908.54,908.54,0
COST,2026-09-24 05:55:00-04:00,908.54,908.54,908.54,908.54,0
COST,2026-09-24 06:00:00-04:00,908.54,908.54,908.54,908.54,0
COST,2026-09-24 06:05:00-04:00,908.0,908.0,908.0,908.0,3
COST,2026-09-24 06:10:00-04:00,908.0,908.0,908.0,908.0,0
COST,2026-09-24 06:15:00-04:00,907.1,907.57,907.1,907.57,2
COST,2026-09-24 06:20:00-04:00,907.05,907.05,907.05,907.05,1
COST,2026-09-24 06:25:00-04:00,906.98,907.0,906.98,907.0,5
COST,2026-09-24 06:30:00-04:00,907.0,907.0,907.0,907.0,0
COST,2026-09-24 06:35:00-04:00,907.0,907.0,907.0,907.0,0
COST,2026-09-24 06:40:00-04:00,906.99,906.99,906.99,906.99,1
COST,2026-09-24 06:45:00-04:00,906.99,906.99,906.99,906.99,0
COST,2026-09-24 06:50:00-04:00,906.99,906.99,906.99,906.99,0
COST,2026-09-24 06:55:00-04:00,906.99,906.99,906.99,906.99,0
COST,2026-09-24 07:00:00-04:00,907.0,907.14,906.55,907.14,23
COST,2026-09-24 07:05:00-04:00,907.14,907.14,907.14,907.14,0
COST,2026-09-24 07:10:00-04:00,907.4,907.4,907.27,907.4,4
COST,2026-09-24 07:15:00-04:00,907.5,907.5,906.5,906.5,3
COST,2026-09-24 07:20:00-04:00,906.5,906.5,906.5,906.5,0
COST,2026-09-24 07:25:00-04:00,907.51,907.51,907.51,907.51,1
COST,2026-09-24 07:30:00-04:00,907.59,907.59,907.59,907.59,1
COST,2026-09-24 07:35:00-04:00,906.5,906.5,906.5,906.5,1
COST,2026-09-24 07:40:00-04:00,906.5,906.5,906.5,906.5,0
COST,2026-09-24 07:45:00-04:00,906.5,906.5,906.5,906.5,0
COST,2026-09-24 07:50:00-04:00,907.63,907.63,907.63,907.63,1
COST,2026-09-24 07:55:00-04:00,907.5,907.5,907.5,907.5,1
COST,2026-09-24 08:00:00-04:00,907.59,907.66,907.54,907.66,14
COST,2026-09-24 08:05:00-04:00,907.64,907.64,907.64,907.64,2
COST,2026-09-24 08:10:00-04:00,908.0,908.0,908.0,908.0,38
COST,2026-09-24 08:15:00-04:00,908.28,908.68,908.28,908.31,28
COST,2026-09-24 08:20:00-04:00,908.31,908.31,908.31,908.31,0
COST,2026-09-24 08:25:00-04:00,908.73,909.95,908.4,909.95,22
COST,2026-09-24 08:30:00-04:00,909.49,909.79,909.49,909.79,2
COST,2026-09-24 08:35:00-04:00,909.95,910.58,909.95,910.35,67
COST,2026-09-24 08:40:00-04:00,910.54,911.63,910.16,911.0,62
COST,2026-09-24 08:45:00-04:00,910.49,910.49,910.49,910.49,1
COST,2026-09-24 08:50:00-04:00,910.55,910.55,910.17,910.17,12
COST,2026-09-24 08:55:00-04:00,910.25,910.41,910.25,910.41,2
COST,2026-09-24 09:00:00-04:00,910.95,910.95,910.5,910.71,40
COST,2026-09-24 09:05:00-04:00,910.78,910.78,910.78,910.78,1
COST,2026-09-24 09:10:00-04:00,910.21,910.21,910.21,910.21,2
COST,2026-09-24 09:15:00-04:00,910.67,910.67,910.56,910.56,9
COST,2026-09-24 09:20:00-04:00,910.95,911.4,910.95,911.26,30
COST,2026-09-24 09:25:00-04:00,909.0,910.82,908.3,908.36,56
COST,2026-09-24 09:30:00-04:00,909.29,909.43,904.96,906.25,1475
COST,2026-09-24 09:35:00-04:00,906.08,908.27,905.61,906.74,531
COST,2026-09-24 09:40:00-04:00,906.61,907.37,905.27,906.64,308
COST,2026-09-24 09:45:00-04:00,906.65,907.43,905.5,905.72,540
COST,2026-09-24 09:50:00-04:00,905.6,907.54,905.54,907.12,507
COST,2026-09-24 09:55:00-04:00,907.18,907.18,905.96,906.72,323
COST,2026-09-24 10:00:00-04:00,906.43,906.84,904.1,904.1,568
COST,2026-09-24 10:05:00-04:00,904.11,904.37,903.07,903.3,539
COST,2026-09-24 10:10:00-04:00,903.26,904.27,902.83,903.11,774
COST,2026-09-24 10:15:00-04:00,902.95,906.12,902.58,905.88,710
COST,2026-09-24 10:20:00-04:00,905.95,906.5,904.02,904.07,523
COST,2026-09-24 10:25:00-04:00,904.1,904.39,902.66,903.7,695
COST,2026-09-24 10:30:00-04:00,903.4,903.65,901.87,902.34,597
COST,2026-09-24 10:35:00-04:00,902.39,903.23,902.1,902.56,175
COST,2026-09-24 10:40:00-04:00,902.69,902.74,901.44,902.56,215
COST,2026-09-24 10:45:00-04:00,902.27,903.19,901.27,902.96,192
COST,2026-09-24 10:50:00-04:00,902.98,903.73,900.8,900.88,283
COST,2026-09-24 10:55:00-04:00,901.2,901.82,900.95,901.62,181
COST,2026-09-24 11:00:00-04:00,901.63,901.73,901.0,901.3,240
COST,2026-09-24 11:05:00-04:00,901.3,902.79,900.82,902.49,220
COST,2026-09-24 11:10:00-04:00,902.33,902.78,901.77,902.22,270
COST,2026-09-24 11:15:00-04:00,902.04,903.05,901.67,902.34,269
COST,2026-09-24 11:20:00-04:00,902.01,902.99,901.86,902.63,246
COST,2026-09-24 11:25:00-04:00,902.44,903.09,902.08,903.09,256
COST,2026-09-24 11:30:00-04:00,903.09,903.13,901.58,901.66,656
COST,2026-09-24 11:35:00-04:00,901.95,902.96,901.22,901.78,1074
COST,2026-09-24 11:40:00-04:00,901.87,901.93,901.13,901.24,381
COST,2026-09-24 11:45:00-04:00,901.31,901.35,899.89,900.15,775
COST,2026-09-24 11:50:00-04:00,899.91,900.37,899.78,900.2,403
COST,2026-09-24 11:55:00-04:00,900.37,900.92,899.99,900.57,589
COST,2026-09-24 12:00:00-04:00,900.61,900.61,898.95,899.33,820
COST,2026-09-24 12:05:00-04:00,899.33,900.12,898.44,898.79,393
COST,2026-09-24 12:10:00-04:00,898.81,900.27,898.68,899.62,404
COST,2026-09-24 12:15:00-04:00,899.83,901.48,898.94,899.01,592
COST,2026-09-24 12:20:00-04:00,899.31,899.62,897.61,898.48,225
COST,2026-09-24 12:25:00-04:00,898.5,899.36,898.14,898.9,247
COST,2026-09-24 12:30:00-04:00,898.96,898.96,898.14,898.73,218
COST,2026-09-24 12:35:00-04:00,898.79,899.24,898.41,898.97,202
COST,2026-09-24 12:40:00-04:00,899.05,899.1,897.92,898.63,260
COST,2026-09-24 12:45:00-04:00,898.47,899.38,897.92,899.34,248
COST,2026-09-24 12:50:00-04:00,899.41,899.5,898.29,898.71,199
COST,2026-09-24 12:55:00-04:00,898.74,899.07,898.0,898.66,274
COST,2026-09-24 13:00:00-04:00,898.57,898.88,897.32,897.64,367
COST,2026-09-24 13:05:00-04:00,897.86,898.24,897.62,898.13,159
COST,2026-09-24 13:10:00-04:00,898.12,898.31,897.69,898.03,245
COST,2026-09-24 13:15:00-04:00,898.03,898.33,897.5,897.5,246
COST,2026-09-24 13:20:00-04:00,897.55,897.77,896.81,896.81,314
COST,2026-09-24 13:25:00-04:00,896.89,897.53,896.53,897.18,251
COST,2026-09-24 13:30:00-04:00,897.42,898.54,897.33,898.44,252
COST,2026-09-24 13:35:00-04:00,898.55,898.75,897.56,898.1,231
COST,2026-09-24 13:40:00-04:00,898.11,898.22,897.76,897.78,173
COST,2026-09-24 13:45:00-04:00,897.77,898.12,897.55,897.89,220
COST,2026-09-24 13:50:00-04:00,897.96,899.11,897.76,899.05,192
COST,2026-09-24 13:55:00-04:00,899.05,899.49,898.8,899.33,149
COST,2026-09-24 14:00:00-04:00,899.31,899.93,898.91,899.22,592
COST,2026-09-24 14:05:00-04:00,899.13,899.56,899.02,899.06,178
COST,2026-09-24 14:10:00-04:00,899.12,899.2,898.3,898.72,108
COST,2026-09-24 14:15:00-04:00,898.7,898.87,897.81,898.08,159
COST,2026-09-24 14:20:00-04:00,898.08,898.99,897.55,898.99,278
COST,2026-09-24 14:25:00-04:00,898.84,899.65,898.71,899.13,169
COST,2026-09-24 14:30:00-04:00,899.11,899.36,898.3,898.55,315
COST,2026-09-24 14:35:00-04:00,898.55,898.93,898.2,898.84,221
COST,2026-09-24 14:40:00-04:00,898.74,898.88,898.42,898.5,226
COST,2026-09-24 14:45:00-04:00,898.4,898.61,897.61,897.8,174
COST,2026-09-24 14:50:00-04:00,897.81,898.4,897.61,898.33,242
COST,2026-09-24 14:55:00-04:00,898.26,898.66,897.35,897.77,307
COST,2026-09-24 15:00:00-04:00,897.72,898.28,897.51,898.09,177
COST,2026-09-24 15:05:00-04:00,897.95,898.77,897.82,898.56,364
COST,2026-09-24 15:10:00-04:00,898.62,899.36,898.52,899.0,249
COST,2026-09-24 15:15:00-04:00,899.13,899.57,898.78,899.41,543
COST,2026-09-24 15:20:00-04:00,899.35,899.45,898.15,898.24,365
COST,2026-09-24 15:25:00-04:00,898.11,898.58,897.95,898.37,489
COST,2026-09-24 15:30:00-04:00,898.48,898.55,897.51,898.46,625
COST,2026-09-24 15:35:00-04:00,898.47,898.9,898.36,898.61,487
COST,2026-09-24 15:40:00-04:00,898.61,899.22,898.19,899.1,659
COST,2026-09-24 15:45:00-04:00,899.09,899.12,897.5,897.65,697
COST,2026-09-24 15:50:00-04:00,897.58,898.45,896.22,896.42,1604
COST,2026-09-24 15:55:00-04:00,896.74,897.0,895.26,896.71,3771
COST,2026-09-24 16:00:00-04:00,896.48,898.0,896.48,897.22,12246
COST,2026-09-24 16:05:00-04:00,897.39,898.0,897.25,897.4,85
COST,2026-09-24 16:10:00-04:00,897.75,898.72,897.48,898.58,104
COST,2026-09-24 16:15:00-04:00,899.49,910.6,893.74,896.35,1205
COST,2026-09-24 16:20:00-04:00,896.0,899.82,892.25,898.0,415
COST,2026-09-24 16:25:00-04:00,897.51,899.5,896.08,896.14,110
COST,2026-09-24 16:30:00-04:00,896.55,897.76,894.2,895.0,111
COST,2026-09-24 16:35:00-04:00,895.4,897.49,895.0,896.2,75
COST,2026-09-24 16:40:00-04:00,896.87,896.87,895.05,895.4,47
COST,2026-09-24 16:45:00-04:00,895.5,895.5,893.8,894.51,176
COST,2026-09-24 16:50:00-04:00,894.75,895.6,894.5,895.0,127
COST,2026-09-24 16:55:00-04:00,895.02,896.77,895.01,896.77,70
COST,2026-09-24 17:00:00-04:00,896.7,896.75,895.21,895.5,37
COST,2026-09-24 17:05:00-04:00,895.93,897.0,895.7,897.0,59
COST,2026-09-24 17:10:00-04:00,897.0,899.0,897.0,897.88,168
COST,2026-09-24 17:15:00-04:00,898.0,898.0,897.0,897.05,21
COST,2026-09-24 17:20:00-04:00,896.55,897.67,896.5,897.67,83
COST,2026-09-24 17:25:00-04:00,897.5,897.5,896.5,897.0,33
COST,2026-09-24 17:30:00-04:00,897.44,897.44,896.56,896.75,17
COST,2026-09-24 17:35:00-04:00,896.5,896.99,896.5,896.57,16
COST,2026-09-24 17:40:00-04:00,896.91,897.61,896.7,896.7,59
COST,2026-09-24 17:45:00-04:00,896.85,897.85,896.85,897.8,45
COST,2026-09-24 17:50:00-04:00,897.52,899.35,897.25,899.35,108
COST,2026-09-24 17:55:00-04:00,899.0,899.18,898.5,898.5,33
COST,2026-09-24 18:00:00-04:00,898.5,899.01,898.5,898.5,43
COST,2026-09-24 18:05:00-04:00,898.57,898.57,898.52,898.52,3
COST,2026-09-24 18:10:00-04:00,898.5,898.51,898.0,898.0,42
COST,2026-09-24 18:15:00-04:00,898.12,898.65,898.0,898.65,26
COST,2026-09-24 18:20:00-04:00,898.8,898.8,898.0,898.45,20
COST,2026-09-24 18:25:00-04:00,898.45,898.45,898.45,898.45,0
FRVO,2026-09-22 04:00:00-04:00,16.78,16.88,16.6,16.63,38
FRVO,2026-09-22 04:05:00-04:00,16.63,16.63,16.63,16.63,0
FRVO,2026-09-22 04:10:00-04:00,16.55,16.56,16.55,16.55,4
FRVO,2026-09-22 04:15:00-04:00,16.62,16.62,16.62,16.62,1
FRVO,2026-09-22 04:20:00-04:00,16.65,16.65,16.52,16.55,6
FRVO,2026-09-22 04:25:00-04:00,16.55,16.55,16.55,16.55,0
FRVO,2026-09-22 04:30:00-04:00,16.55,16.55,16.55,16.55,0
FRVO,2026-09-22 04:35:00-04:00,16.55,16.55,16.55,16.55,0
FRVO,2026-09-22 04:40:00-04:00,16.55,16.55,16.55,16.55,0
FRVO,2026-09-22 04:45:00-04:00,16.55,16.55,16.55,16.55,0
FRVO,2026-09-22 04:50:00-04:00,16.55,16.55,16.55,16.55,0
FRVO,2026-09-22 04:55:00-04:00,16.55,16.55,16.55,16.55,0
FRVO,2026-09-22 05:00:00-04:00,16.62,16.62,16.61,16.61,9
FRVO,2026-09-22 05:05:00-04:00,16.61,16.61,16.61,16.61,0
FRVO,2026-09-22 05:10:00-04:00,16.61,16.61,16.61,16.61,0
FRVO,2026-09-22 05:15:00-04:00,16.61,16.61,16.61,16.61,0
FRVO,2026-09-22 05:20:00-04:00,16.61,16.61,16.61,16.61,0
FRVO,2026-09-22 05:25:00-04:00,16.61,16.61,16.61,16.61,0
FRVO,2026-09-22 05:30:00-04:00,16.61,16.61,16.61,16.61,0
FRVO,2026-09-22 05:35:00-04:00,16.61,16.61,16.61,16.61,0
FRVO,2026-09-22 05:40:00-04:00,16.61,16.61,16.61,16.61,0
FRVO,2026-09-22 05:45:00-04:00,16.61,16.61,16.61,16.61,0
FRVO,2026-09-22 05:50:00-04:00,16.61,16.61,16.61,16.61,0
FRVO,2026-09-22 05:55:00-04:00,16.61,16.61,16.61,16.61,0
FRVO,2026-09-22 06:00:00-04:00,16.61,16.61,16.61,16.61,0
FRVO,2026-09-22 06:05:00-04:00,16.61,16.61,16.61,16.61,0
FRVO,2026-09-22 06:10:00-04:00,16.61,16.61,16.61,16.61,0
FRVO,2026-09-22 06:15:00-04:00,16.61,16.61,16.61,16.61,0
FRVO,2026-09-22 06:20:00-04:00,16.61,16.61,16.61,16.61,0
FRVO,2026-09-22 06:25:00-04:00,16.61,16.61,16.61,16.61,0
FRVO,2026-09-22 06:30:00-04:00,16.61,16.61,16.61,16.61,0
FRVO,2026-09-22 06:35:00-04:00,16.61,16.61,16.61,16.61,0
FRVO,2026-09-22 06:40:00-04:00,16.61,16.61,16.61,16.61,0
FRVO,2026-09-22 06:45:00-04:00,16.61,16.61,16.61,16.61,0
FRVO,2026-09-22 06:50:00-04:00,16.61,16.61,16.61,16.61,0
FRVO,2026-09-22 06:55:00-04:00,16.73,16.73,16.73,16.73,8
FRVO,2026-09-22 07:00:00-04:00,16.81,16.82,16.81,16.81,10
FRVO,2026-09-22 07:05:00-04:00,16.77,16.77,16.77,16.77,1
FRVO,2026-09-22 07:10:00-04:00,16.77,16.77,16.77,16.77,0
FRVO,2026-09-22 07:15:00-04:00,16.71,16.71,16.71,16.71,1
FRVO,2026-09-22 07:20:00-04:00,16.71,16.71,16.71,16.71,0
FRVO,2026-09-22 07:25:00-04:00,16.71,16.71,16.71,16.71,0
FRVO,2026-09-22 07:30:00-04:00,16.71,16.71,16.71,16.71,0
FRVO,2026-09-22 07:35:00-04:00,16.75,16.76,16.71,16.71,10
FRVO,2026-09-22 07:40:00-04:00,16.71,16.71,16.71,16.71,0
FRVO,2026-09-22 07:45:00-04:00,16.77,16.77,16.77,16.77,1
FRVO,2026-09-22 07:50:00-04:00,16.77,16.77,16.77,16.77,0
FRVO,2026-09-22 07:55:00-04:00,16.74,16.75,16.73,16.74,10
FRVO,2026-09-22 08:00:00-04:00,16.74,16.74,16.74,16.74,0
FRVO,2026-09-22 08:05:00-04:00,16.75,16.75,16.71,16.71,13
FRVO,2026-09-22 08:10:00-04:00,16.72,16.73,16.72,16.72,61
FRVO,2026-09-22 08:15:00-04:00,16.7,16.7,16.7,16.7,15
FRVO,2026-09-22 08:20:00-04:00,16.75,16.75,16.75,16.75,1
FRVO,2026-09-22 08:25:00-04:00,16.75,16.75,16.75,16.75,0
FRVO,2026-09-22 08:30:00-04:00,16.7,16.7,16.7,16.7,6
FRVO,2026-09-22 08:35:00-04:00,16.74,16.74,16.74,16.74,2
FRVO,2026-09-22 08:40:00-04:00,16.74,16.74,16.74,16.74,0
FRVO,2026-09-22 08:45:00-04:00,16.75,16.83,16.75,16.83,42
FRVO,2026-09-22 08:50:00-04:00,16.83,16.83,16.83,16.83,0
FRVO,2026-09-22 08:55:00-04:00,16.69,16.8,16.68,16.8,30
FRVO,2026-09-22 09:00:00-04:00,16.77,16.87,16.66,16.7,36
FRVO,2026-09-22 09:05:00-04:00,16.69,16.74,16.69,16.7,5
FRVO,2026-09-22 09:10:00-04:00,16.7,16.7,16.7,16.7,0
FRVO,2026-09-22 09:15:00-04:00,16.7,16.7,16.7,16.7,0
FRVO,2026-09-22 09:20:00-04:00,16.66,16.66,16.61,16.64,6
FRVO,2026-09-22 09:25:00-04:00,16.78,16.9,16.63,16.89,56
FRVO,2026-09-22 09:30:00-04:00,16.88,16.9,16.51,16.63,413
FRVO,2026-09-22 09:35:00-04:00,16.61,16.8,16.58,16.77,227
FRVO,2026-09-22 09:40:00-04:00,16.77,16.92,16.75,16.83,430
FRVO,2026-09-22 09:45:00-04:00,16.83,16.86,16.59,16.67,504
FRVO,2026-09-22 09:50:00-04:00,16.7,16.74,16.61,16.64,403
FRVO,2026-09-22 09:55:00-04:00,16.61,16.62,16.36,16.5,1510
FRVO,2026-09-22 10:00:00-04:00,16.52,16.75,16.52,16.75,1678
FRVO,2026-09-22 10:05:00-04:00,16.72,16.77,16.64,16.68,292
FRVO,2026-09-22 10:10:00-04:00,16.68,16.86,16.66,16.8,944
FRVO,2026-09-22 10:15:00-04:00,16.83,16.97,16.76,16.9,691
FRVO,2026-09-22 10:20:00-04:00,16.88,16.92,16.78,16.88,495
FRVO,2026-09-22 10:25:00-04:00,16.88,16.92,16.76,16.8,279
FRVO,2026-09-22 10:30:00-04:00,16.81,16.87,16.8,16.82,143
FRVO,2026-09-22 10:35:00-04:00,16.82,16.84,16.75,16.81,141
FRVO,2026-09-22 10:40:00-04:00,16.81,16.81,16.7,16.78,196
FRVO,2026-09-22 10:45:00-04:00,16.76,16.76,16.68,16.73,143
FRVO,2026-09-22 10:50:00-04:00,16.72,16.76,16.7,16.73,191
FRVO,2026-09-22 10:55:00-04:00,16.74,16.79,16.71,16.76,170
FRVO,2026-09-22 11:00:00-04:00,16.73,16.8,16.73,16.76,130
FRVO,2026-09-22 11:05:00-04:00,16.75,16.81,16.73,16.79,139
FRVO,2026-09-22 11:10:00-04:00,16.79,16.92,16.76,16.89,358
FRVO,2026-09-22 11:15:00-04:00,16.89,16.92,16.84,16.86,206
FRVO,2026-09-22 11:20:00-04:00,16.88,16.93,16.85,16.9,542
FRVO,2026-09-22 11:25:00-04:00,16.9,16.93,16.76,16.77,737
FRVO,2026-09-22 11:30:00-04:00,16.77,16.78,16.65,16.66,301
FRVO,2026-09-22 11:35:00-04:00,16.65,16.74,16.63,16.7,257
FRVO,2026-09-22 11:40:00-04:00,16.7,16.74,16.69,16.74,115
FRVO,2026-09-22 11:45:00-04:00,16.72,16.73,16.68,16.7,87
FRVO,2026-09-22 11:50:00-04:00,16.69,16.72,16.59,16.6,202
FRVO,2026-09-22 11:55:00-04:00,16.59,16.6,16.55,16.57,247
FRVO,2026-09-22 12:00:00-04:00,16.57,16.58,16.53,16.56,128
FRVO,2026-09-22 12:05:00-04:00,16.58,16.59,16.56,16.59,57
FRVO,2026-09-22 12:10:00-04:00,16.59,16.61,16.53,16.55,130
FRVO,2026-09-22 12:15:00-04:00,16.54,16.6,16.53,16.57,246
FRVO,2026-09-22 12:20:00-04:00,16.57,16.59,16.53,16.55,152
FRVO,2026-09-22 12:25:00-04:00,16.55,16.57,16.55,16.55,22
FRVO,2026-09-22 12:30:00-04:00,16.56,16.58,16.55,16.57,80
FRVO,2026-09-22 12:35:00-04:00,16.57,16.59,16.56,16.57,145
FRVO,2026-09-22 12:40:00-04:00,16.57,16.66,16.45,16.49,670
FRVO,2026-09-22 12:45:00-04:00,16.49,16.53,16.46,16.52,108
FRVO,2026-09-22 12:50:00-04:00,16.53,16.55,16.51,16.54,68
FRVO,2026-09-22 12:55:00-04:00,16.55,16.56,16.52,16.55,101
FRVO,2026-09-22 13:00:00-04:00,16.55,16.56,16.45,16.5,213
FRVO,2026-09-22 13:05:00-04:00,16.48,16.57,16.45,16.54,141
FRVO,2026-09-22 13:10:00-04:00,16.51,16.53,16.49,16.5,60
FRVO,2026-09-22 13:15:00-04:00,16.5,16.56,16.5,16.56,35
FRVO,2026-09-22 13:20:00-04:00,16.53,16.56,16.52,16.55,29
FRVO,2026-09-22 13:25:00-04:00,16.55,16.61,16.52,16.53,142
FRVO,2026-09-22 13:30:00-04:00,16.52,16.55,16.51,16.53,81
FRVO,2026-09-22 13:35:00-04:00,16.55,16.55,16.51,16.52,63
FRVO,2026-09-22 13:40:00-04:00,16.52,16.56,16.5,16.51,95
FRVO,2026-09-22 13:45:00-04:00,16.52,16.56,16.52,16.54,100
FRVO,2026-09-22 13:50:00-04:00,16.56,16.56,16.51,16.55,131
FRVO,2026-09-22 13:55:00-04:00,16.53,16.54,16.47,16.51,181
FRVO,2026-09-22 14:00:00-04:00,16.49,16.5,16.43,16.48,192
FRVO,2026-09-22 14:05:00-04:00,16.48,16.55,16.47,16.54,109
FRVO,2026-09-22 14:10:00-04:00,16.54,16.55,16.52,16.54,131
FRVO,2026-09-22 14:15:00-04:00,16.54,16.65,16.5,16.63,622
FRVO,2026-09-22 14:20:00-04:00,16.63,16.77,16.62,16.76,371
FRVO,2026-09-22 14:25:00-04:00,16.77,16.82,16.76,16.79,189
FRVO,2026-09-22 14:30:00-04:00,16.79,16.79,16.73,16.75,111
FRVO,2026-09-22 14:35:00-04:00,16.75,16.76,16.67,16.68,377
FRVO,2026-09-22 14:40:00-04:00,16.68,16.68,16.63,16.63,109
FRVO,2026-09-22 14:45:00-04:00,16.64,16.7,16.64,16.65,130
FRVO,2026-09-22 14:50:00-04:00,16.64,16.7,16.63,16.66,175
FRVO,2026-09-22 14:55:00-04:00,16.67,16.69,16.65,16.68,81
FRVO,2026-09-22 15:00:00-04:00,16.67,16.7,16.64,16.67,113
FRVO,2026-09-22 15:05:00-04:00,16.67,16.7,16.66,16.69,99
FRVO,2026-09-22 15:10:00-04:00,16.69,16.74,16.69,16.7,256
FRVO,2026-09-22 15:15:00-04:00,16.7,16.71,16.68,16.71,136
FRVO,2026-09-22 15:20:00-04:00,16.71,16.71,16.67,16.68,114
FRVO,2026-09-22 15:25:00-04:00,16.68,16.77,16.67,16.68,1081
FRVO,2026-09-22 15:30:00-04:00,16.68,16.68,16.55,16.57,297
FRVO,2026-09-22 15:35:00-04:00,16.56,16.62,16.56,16.61,446
FRVO,2026-09-22 15:40:00-04:00,16.61,16.62,16.56,16.59,339
FRVO,2026-09-22 15:45:00-04:00,16.58,16.59,16.49,16.51,546
FRVO,2026-09-22 15:50:00-04:00,16.5,16.5,16.3,16.33,1191
FRVO,2026-09-22 15:55:00-04:00,16.34,16.51,16.34,16.44,2462
FRVO,2026-09-22 16:00:00-04:00,16.44,16.61,16.44,16.47,2960
FRVO,2026-09-22 16:05:00-04:00,16.5,16.5,16.5,16.5,1
FRVO,2026-09-22 16:10:00-04:00,16.5,16.5,16.5,16.5,0
FRVO,2026-09-22 16:15:00-04:00,16.5,16.5,16.5,16.5,0
FRVO,2026-09-22 16:20:00-04:00,16.5,16.5,16.5,16.5,0
FRVO,2026-09-22 16:25:00-04:00,16.5,16.5,16.5,16.5,0
FRVO,2026-09-22 16:30:00-04:00,16.5,16.5,16.5,16.5,0
FRVO,2026-09-22 16:35:00-04:00,16.5,16.5,16.5,16.5,0
FRVO,2026-09-22 16:40:00-04:00,16.55,16.55,16.55,16.55,1
FRVO,2026-09-22 16:45:00-04:00,16.5,16.54,16.5,16.54,4
FRVO,2026-09-22 16:50:00-04:00,16.54,16.54,16.53,16.54,5
FRVO,2026-09-22 16:55:00-04:00,16.47,16.47,16.47,16.47,5
FRVO,2026-09-22 17:00:00-04:00,16.47,16.47,16.47,16.47,0
FRVO,2026-09-22 17:05:00-04:00,16.54,16.55,16.54,16.54,2
FRVO,2026-09-22 17:10:00-04:00,16.54,16.54,16.54,16.54,0
FRVO,2026-09-22 17:15:00-04:00,16.54,16.54,16.54,16.54,0
FRVO,2026-09-22 17:20:00-04:00,16.54,16.54,16.54,16.54,0
FRVO,2026-09-22 17:25:00-04:00,16.54,16.54,16.54,16.54,0
FRVO,2026-09-22 17:30:00-04:00,16.51,16.51,16.51,16.51,1
FRVO,2026-09-22 17:35:00-04:00,16.52,16.52,16.52,16.52,1
FRVO,2026-09-22 17:40:00-04:00,16.52,16.52,16.52,16.52,0
FRVO,2026-09-22 17:45:00-04:00,16.47,16.48,16.47,16.47,4
FRVO,2026-09-22 17:50:00-04:00,16.55,16.55,16.54,16.55,5
FRVO,2026-09-22 17:55:00-04:00,16.55,16.55,16.55,16.55,0
FRVO,2026-09-22 18:00:00-04:00,16.55,16.55,16.55,16.55,0
FRVO,2026-09-22 18:05:00-04:00,16.51,16.51,16.46,16.46,3
FRVO,2026-09-22 18:10:00-04:00,16.54,16.54,16.53,16.54,1
FRVO,2026-09-22 18:15:00-04:00,16.54,16.54,16.54,16.54,0
FRVO,2026-09-22 18:20:00-04:00,16.54,16.55,16.54,16.54,1
FRVO,2026-09-22 18:25:00-04:00,16.54,16.54,16.54,16.54,0
FRVO,2026-09-22 18:30:00-04:00,16.53,16.53,16.53,16.53,3
FRVO,2026-09-22 18:35:00-04:00,16.53,16.53,16.53,16.53,0
FRVO,2026-09-22 18:40:00-04:00,16.53,16.53,16.53,16.53,0
FRVO,2026-09-22 18:45:00-04:00,16.53,16.53,16.53,16.53,0
FRVO,2026-09-22 18:50:00-04:00,16.53,16.53,16.53,16.53,0
FRVO,2026-09-22 18:55:00-04:00,16.53,16.53,16.53,16.53,0
FRVO,2026-09-22 19:00:00-04:00,16.53,16.53,16.53,16.53,0
FRVO,2026-09-22 19:05:00-04:00,16.53,16.53,16.53,16.53,0
FRVO,2026-09-22 19:10:00-04:00,16.48,16.49,16.48,16.48,2
FRVO,2026-09-22 19:15:00-04:00,16.48,16.48,16.48,16.48,0
FRVO,2026-09-22 19:20:00-04:00,16.48,16.48,16.48,16.48,0
FRVO,2026-09-22 19:25:00-04:00,16.48,16.48,16.48,16.48,0
FRVO,2026-09-22 19:30:00-04:00,16.54,16.54,16.53,16.54,1
FRVO,2026-09-22 19:35:00-04:00,16.52,16.54,16.52,16.54,46
FRVO,2026-09-22 19:40:00-04:00,16.55,16.55,16.54,16.55,6
FRVO,2026-09-22 19:45:00-04:00,16.69,16.69,16.69,16.69,56
FRVO,2026-09-22 19:50:00-04:00,16.69,16.69,16.69,16.69,0
FRVO,2026-09-22 19:55:00-04:00,16.5,16.51,16.48,16.48,15
FRVO,2026-09-23 04:00:00-04:00,16.6,16.6,16.6,16.6,1
FRVO,2026-09-23 04:05:00-04:00,16.6,16.6,16.6,16.6,0
FRVO,2026-09-23 04:10:00-04:00,16.6,16.6,16.6,16.6,0
FRVO,2026-09-23 04:15:00-04:00,16.6,16.6,16.6,16.6,0
FRVO,2026-09-23 04:20:00-04:00,16.6,16.6,16.6,16.6,0
FRVO,2026-09-23 04:25:00-04:00,16.6,16.6,16.6,16.6,0
FRVO,2026-09-23 04:30:00-04:00,16.6,16.6,16.6,16.6,0
FRVO,2026-09-23 04:35:00-04:00,16.6,16.6,16.6,16.6,0
FRVO,2026-09-23 04:40:00-04:00,16.6,16.6,16.6,16.6,0
FRVO,2026-09-23 04:45:00-04:00,16.6,16.6,16.6,16.6,0
FRVO,2026-09-23 04:50:00-04:00,16.6,16.6,16.6,16.6,0
FRVO,2026-09-23 04:55:00-04:00,16.51,16.51,16.5,16.5,2
FRVO,2026-09-23 05:00:00-04:00,16.5,16.5,16.5,16.5,0
FRVO,2026-09-23 05:05:00-04:00,16.5,16.5,16.5,16.5,0
FRVO,2026-09-23 05:10:00-04:00,16.5,16.5,16.5,16.5,0
FRVO,2026-09-23 05:15:00-04:00,16.5,16.5,16.5,16.5,0
FRVO,2026-09-23 05:20:00-04:00,16.5,16.5,16.5,16.5,0
FRVO,2026-09-23 05:25:00-04:00,16.5,16.5,16.5,16.5,0
FRVO,2026-09-23 05:30:00-04:00,16.5,16.5,16.5,16.5,0
FRVO,2026-09-23 05:35:00-04:00,16.5,16.5,16.5,16.5,0
FRVO,2026-09-23 05:40:00-04:00,16.5,16.5,16.5,16.5,0
FRVO,2026-09-23 05:45:00-04:00,16.47,16.47,16.47,16.47,2
FRVO,2026-09-23 05:50:00-04:00,16.47,16.47,16.47,16.47,0
FRVO,2026-09-23 05:55:00-04:00,16.47,16.47,16.47,16.47,0
FRVO,2026-09-23 06:00:00-04:00,16.44,16.44,16.44,16.44,1
FRVO,2026-09-23 06:05:00-04:00,16.44,16.44,16.44,16.44,0
FRVO,2026-09-23 06:10:00-04:00,16.44,16.44,16.44,16.44,0
FRVO,2026-09-23 06:15:00-04:00,16.44,16.44,16.44,16.44,0
FRVO,2026-09-23 06:20:00-04:00,16.46,16.47,16.46,16.47,3
FRVO,2026-09-23 06:25:00-04:00,16.5,16.5,16.5,16.5,1
FRVO,2026-09-23 06:30:00-04:00,16.5,16.5,16.5,16.5,0
FRVO,2026-09-23 06:35:00-04:00,16.5,16.5,16.5,16.5,0
FRVO,2026-09-23 06:40:00-04:00,16.5,16.5,16.5,16.5,0
FRVO,2026-09-23 06:45:00-04:00,16.5,16.5,16.5,16.5,0
FRVO,2026-09-23 06:50:00-04:00,16.5,16.5,16.5,16.5,0
FRVO,2026-09-23 06:55:00-04:00,16.5,16.5,16.5,16.5,0
FRVO,2026-09-23 07:00:00-04:00,16.46,16.5,16.46,16.5,3
FRVO,2026-09-23 07:05:00-04:00,16.5,16.5,16.5,16.5,0
FRVO,2026-09-23 07:10:00-04:00,16.51,16.51,16.43,16.43,136
FRVO,2026-09-23 07:15:00-04:00,16.52,16.52,16.5,16.5,2
FRVO,2026-09-23 07:20:00-04:00,16.42,16.52,16.4,16.4,8
FRVO,2026-09-23 07:25:00-04:00,16.4,16.4,16.4,16.4,0
FRVO,2026-09-23 07:30:00-04:00,16.4,16.4,16.4,16.4,0
FRVO,2026-09-23 07:35:00-04:00,16.38,16.38,16.37,16.38,5
FRVO,2026-09-23 07:40:00-04:00,16.38,16.38,16.38,16.38,0
FRVO,2026-09-23 07:45:00-04:00,16.38,16.38,16.38,16.38,0
FRVO,2026-09-23 07:50:00-04:00,16.68,16.68,16.68,16.68,1
FRVO,2026-09-23 07:55:00-04:00,16.64,16.64,16.63,16.64,3
FRVO,2026-09-23 08:00:00-04:00,16.64,16.64,16.64,16.64,0
FRVO,2026-09-23 08:05:00-04:00,16.64,16.64,16.64,16.64,0
FRVO,2026-09-23 08:10:00-04:00,16.64,16.64,16.64,16.64,0
FRVO,2026-09-23 08:15:00-04:00,16.64,16.64,16.64,16.64,0
FRVO,2026-09-23 08:20:00-04:00,16.4,16.4,16.4,16.4,5
FRVO,2026-09-23 08:25:00-04:00,16.47,16.48,16.47,16.48,3
FRVO,2026-09-23 08:30:00-04:00,16.48,16.48,16.48,16.48,0
FRVO,2026-09-23 08:35:00-04:00,16.36,16.68,16.3,16.3,5
FRVO,2026-09-23 08:40:00-04:00,16.36,16.38,16.3,16.3,8
FRVO,2026-09-23 08:45:00-04:00,16.3,16.38,16.29,16.38,6
FRVO,2026-09-23 08:50:00-04:00,16.38,16.38,16.38,16.38,0
FRVO,2026-09-23 08:55:00-04:00,16.3,16.3,16.3,16.3,3
FRVO,2026-09-23 09:00:00-04:00,16.3,16.3,16.3,16.3,0
FRVO,2026-09-23 09:05:00-04:00,16.3,16.3,16.3,16.3,0
FRVO,2026-09-23 09:10:00-04:00,16.3,16.3,16.3,16.3,0
FRVO,2026-09-23 09:15:00-04:00,16.34,16.34,16.34,16.34,1
FRVO,2026-09-23 09:20:00-04:00,16.34,16.34,16.34,16.34,0
FRVO,2026-09-23 09:25:00-04:00,16.4,16.43,16.36,16.37,29
FRVO,2026-09-23 09:30:00-04:00,16.35,16.47,16.17,16.23,473
FRVO,2026-09-23 09:35:00-04:00,16.18,16.24,16.01,16.09,895
FRVO,2026-09-23 09:40:00-04:00,16.09,16.2,16.05,16.2,101
FRVO,2026-09-23 09:45:00-04:00,16.17,16.36,16.16,16.29,177
FRVO,2026-09-23 09:50:00-04:00,16.3,16.3,16.13,16.16,72
FRVO,2026-09-23 09:55:00-04:00,16.16,16.2,16.06,16.09,116
FRVO,2026-09-23 10:00:00-04:00,16.07,16.14,16.06,16.11,111
FRVO,2026-09-23 10:05:00-04:00,16.11,16.11,16.0,16.03,256
FRVO,2026-09-23 10:10:00-04:00,16.03,16.06,15.98,16.01,675
FRVO,2026-09-23 10:15:00-04:00,16.05,16.18,16.01,16.12,326
FRVO,2026-09-23 10:20:00-04:00,16.1,16.1,16.05,16.05,69
FRVO,2026-09-23 10:25:00-04:00,16.08,16.14,16.06,16.13,90
FRVO,2026-09-23 10:30:00-04:00,16.11,16.22,16.09,16.19,125
FRVO,2026-09-23 10:35:00-04:00,16.2,16.25,16.16,16.16,113
FRVO,2026-09-23 10:40:00-04:00,16.17,16.28,16.15,16.24,105
FRVO,2026-09-23 10:45:00-04:00,16.25,16.4,16.21,16.38,355
FRVO,2026-09-23 10:50:00-04:00,16.37,16.4,16.3,16.38,252
FRVO,2026-09-23 10:55:00-04:00,16.4,16.59,16.39,16.57,675
FRVO,2026-09-23 11:00:00-04:00,16.57,16.58,16.49,16.52,239
FRVO,2026-09-23 11:05:00-04:00,16.53,16.59,16.51,16.56,136
FRVO,2026-09-23 11:10:00-04:00,16.58,16.65,16.54,16.64,398
FRVO,2026-09-23 11:15:00-04:00,16.64,16.67,16.6,16.64,191
FRVO,2026-09-23 11:20:00-04:00,16.65,16.65,16.6,16.64,191
FRVO,2026-09-23 11:25:00-04:00,16.64,16.67,16.55,16.55,214
FRVO,2026-09-23 11:30:00-04:00,16.56,16.56,16.48,16.48,189
FRVO,2026-09-23 11:35:00-04:00,16.47,16.49,16.45,16.46,245
FRVO,2026-09-23 11:40:00-04:00,16.45,16.59,16.45,16.58,129
FRVO,2026-09-23 11:45:00-04:00,16.6,16.61,16.55,16.58,169
FRVO,2026-09-23 11:50:00-04:00,16.59,16.59,16.46,16.49,132
FRVO,2026-09-23 11:55:00-04:00,16.48,16.5,16.47,16.48,53
FRVO,2026-09-23 12:00:00-04:00,16.48,16.49,16.44,16.45,103
FRVO,2026-09-23 12:05:00-04:00,16.46,16.51,16.44,16.47,345
FRVO,2026-09-23 12:10:00-04:00,16.45,16.5,16.45,16.5,59
FRVO,2026-09-23 12:15:00-04:00,16.5,16.5,16.46,16.47,87
FRVO,2026-09-23 12:20:00-04:00,16.47,16.48,16.44,16.45,110
FRVO,2026-09-23 12:25:00-04:00,16.45,16.46,16.42,16.42,114
FRVO,2026-09-23 12:30:00-04:00,16.43,16.44,16.37,16.39,181
FRVO,2026-09-23 12:35:00-04:00,16.38,16.38,16.36,16.37,425
FRVO,2026-09-23 12:40:00-04:00,16.37,16.39,16.37,16.38,113
FRVO,2026-09-23 12:45:00-04:00,16.38,16.41,16.34,16.34,158
FRVO,2026-09-23 12:50:00-04:00,16.34,16.34,16.27,16.27,156
FRVO,2026-09-23 12:55:00-04:00,16.26,16.3,16.26,16.28,79
FRVO,2026-09-23 13:00:00-04:00,16.28,16.28,16.24,16.26,45
FRVO,2026-09-23 13:05:00-04:00,16.24,16.26,16.21,16.22,98
FRVO,2026-09-23 13:10:00-04:00,16.21,16.21,16.16,16.2,183
FRVO,2026-09-23 13:15:00-04:00,16.2,16.25,16.2,16.25,75
FRVO,2026-09-23 13:20:00-04:00,16.25,16.29,16.24,16.28,80
FRVO,2026-09-23 13:25:00-04:00,16.28,16.3,16.24,16.29,124
FRVO,2026-09-23 13:30:00-04:00,16.28,16.28,16.27,16.28,123
FRVO,2026-09-23 13:35:00-04:00,16.29,16.3,16.26,16.28,86
FRVO,2026-09-23 13:40:00-04:00,16.27,16.34,16.27,16.32,110
FRVO,2026-09-23 13:45:00-04:00,16.33,16.34,16.3,16.34,118
FRVO,2026-09-23 13:50:00-04:00,16.32,16.36,16.31,16.33,66
FRVO,2026-09-23 13:55:00-04:00,16.32,16.34,16.31,16.32,85
FRVO,2026-09-23 14:00:00-04:00,16.33,16.35,16.3,16.31,102
FRVO,2026-09-23 14:05:00-04:00,16.31,16.37,16.29,16.37,139
FRVO,2026-09-23 14:10:00-04:00,16.36,16.39,16.34,16.36,114
FRVO,2026-09-23 14:15:00-04:00,16.36,16.41,16.36,16.38,101
FRVO,2026-09-23 14:20:00-04:00,16.38,16.4,16.37,16.4,53
FRVO,2026-09-23 14:25:00-04:00,16.38,16.41,16.38,16.41,190
FRVO,2026-09-23 14:30:00-04:00,16.41,16.44,16.4,16.44,92
FRVO,2026-09-23 14:35:00-04:00,16.44,16.45,16.36,16.44,153
FRVO,2026-09-23 14:40:00-04:00,16.43,16.57,16.41,16.56,414
FRVO,2026-09-23 14:45:00-04:00,16.56,16.56,16.43,16.45,179
FRVO,2026-09-23 14:50:00-04:00,16.46,16.49,16.45,16.46,202
FRVO,2026-09-23 14:55:00-04:00,16.46,16.5,16.45,16.47,135
FRVO,2026-09-23 15:00:00-04:00,16.48,16.48,16.43,16.44,160
FRVO,2026-09-23 15:05:00-04:00,16.44,16.51,16.43,16.5,174
FRVO,2026-09-23 15:10:00-04:00,16.49,16.54,16.48,16.52,161
FRVO,2026-09-23 15:15:00-04:00,16.53,16.56,16.51,16.55,260
FRVO,2026-09-23 15:20:00-04:00,16.55,16.61,16.5,16.55,312
FRVO,2026-09-23 15:25:00-04:00,16.55,16.56,16.5,16.51,259
FRVO,2026-09-23 15:30:00-04:00,16.51,16.53,16.44,16.48,452
FRVO,2026-09-23 15:35:00-04:00,16.47,16.49,16.45,16.48,489
FRVO,2026-09-23 15:40:00-04:00,16.49,16.51,16.43,16.43,520
FRVO,2026-09-23 15:45:00-04:00,16.43,16.48,16.41,16.48,901
FRVO,2026-09-23 15:50:00-04:00,16.48,16.49,16.37,16.37,734
FRVO,2026-09-23 15:55:00-04:00,16.36,16.37,16.26,16.36,2585
FRVO,2026-09-23 16:00:00-04:00,16.35,16.35,16.35,16.35,2925
FRVO,2026-09-23 16:05:00-04:00,16.42,16.42,16.42,16.42,5
FRVO,2026-09-23 16:10:00-04:00,16.35,16.35,16.35,16.35,1
FRVO,2026-09-23 16:15:00-04:00,16.35,16.35,16.35,16.35,0
FRVO,2026-09-23 16:20:00-04:00,16.35,16.35,16.35,16.35,0
FRVO,2026-09-23 16:25:00-04:00,16.46,16.46,16.46,16.46,2
FRVO,2026-09-23 16:30:00-04:00,16.35,16.36,16.35,16.35,1
FRVO,2026-09-23 16:35:00-04:00,16.35,16.35,16.35,16.35,0
FRVO,2026-09-23 16:40:00-04:00,16.35,16.35,16.35,16.35,0
FRVO,2026-09-23 16:45:00-04:00,16.35,16.35,16.35,16.35,0
FRVO,2026-09-23 16:50:00-04:00,16.35,16.35,16.35,16.35,0
FRVO,2026-09-23 16:55:00-04:00,16.35,16.35,16.35,16.35,0
FRVO,2026-09-23 17:00:00-04:00,16.41,16.41,16.41,16.41,1
FRVO,2026-09-23 17:05:00-04:00,16.41,16.41,16.41,16.41,0
FRVO,2026-09-23 17:10:00-04:00,16.47,16.47,16.47,16.47,1
FRVO,2026-09-23 17:15:00-04:00,16.47,16.47,16.47,16.47,0
FRVO,2026-09-23 17:20:00-04:00,16.47,16.47,16.47,16.47,0
FRVO,2026-09-23 17:25:00-04:00,16.47,16.47,16.47,16.47,0
FRVO,2026-09-23 17:30:00-04:00,16.47,16.47,16.47,16.47,0
FRVO,2026-09-23 17:35:00-04:00,16.47,16.47,16.47,16.47,0
FRVO,2026-09-23 17:40:00-04:00,16.25,16.26,16.25,16.25,5
FRVO,2026-09-23 17:45:00-04:00,16.25,16.25,16.25,16.25,0
FRVO,2026-09-23 17:50:00-04:00,16.25,16.25,16.25,16.25,0
FRVO,2026-09-23 17:55:00-04:00,16.36,16.36,16.36,16.36,1
FRVO,2026-09-23 18:00:00-04:00,16.36,16.36,16.36,16.36,0
FRVO,2026-09-23 18:05:00-04:00,16.36,16.36,16.36,16.36,0
FRVO,2026-09-23 18:10:00-04:00,16.36,16.36,16.36,16.36,0
FRVO,2026-09-23 18:15:00-04:00,16.36,16.36,16.36,16.36,0
FRVO,2026-09-23 18:20:00-04:00,16.38,16.41,16.37,16.41,4
FRVO,2026-09-23 18:25:00-04:00,16.37,16.38,16.37,16.37,5
FRVO,2026-09-23 18:30:00-04:00,16.37,16.37,16.37,16.37,0
FRVO,2026-09-23 18:35:00-04:00,16.37,16.37,16.37,16.37,0
FRVO,2026-09-23 18:40:00-04:00,16.37,16.37,16.37,16.37,0
FRVO,2026-09-23 18:45:00-04:00,16.37,16.37,16.37,16.37,0
FRVO,2026-09-23 18:50:00-04:00,16.37,16.37,16.37,16.37,0
FRVO,2026-09-23 18:55:00-04:00,16.37,16.37,16.37,16.37,0
FRVO,2026-09-23 19:00:00-04:00,16.37,16.37,16.37,16.37,0
FRVO,2026-09-23 19:05:00-04:00,16.48,16.5,16.48,16.5,13
FRVO,2026-09-23 19:10:00-04:00,16.5,16.5,16.5,16.5,0
FRVO,2026-09-23 19:15:00-04:00,16.5,16.5,16.5,16.5,0
FRVO,2026-09-23 19:20:00-04:00,16.5,16.5,16.5,16.5,3
FRVO,2026-09-23 19:25:00-04:00,16.5,16.5,16.5,16.5,0
FRVO,2026-09-23 19:30:00-04:00,16.5,16.5,16.5,16.5,0
FRVO,2026-09-23 19:35:00-04:00,16.5,16.5,16.5,16.5,0
FRVO,2026-09-23 19:40:00-04:00,16.5,16.5,16.5,16.5,0
FRVO,2026-09-23 19:45:00-04:00,16.5,16.5,16.5,16.5,0
FRVO,2026-09-23 19:50:00-04:00,16.5,16.5,16.5,16.5,0
FRVO,2026-09-23 19:55:00-04:00,16.5,16.5,16.5,16.5,0
FRVO,2026-09-24 04:00:00-04:00,16.43,16.43,16.37,16.37,9
FRVO,2026-09-24 04:05:00-04:00,16.37,16.37,16.37,16.37,0
FRVO,2026-09-24 04:10:00-04:00,16.37,16.37,16.37,16.37,0
FRVO,2026-09-24 04:15:00-04:00,16.37,16.37,16.37,16.37,0
FRVO,2026-09-24 04:20:00-04:00,16.37,16.37,16.37,16.37,0
FRVO,2026-09-24 04:25:00-04:00,16.37,16.37,16.37,16.37,0
FRVO,2026-09-24 04:30:00-04:00,16.37,16.37,16.37,16.37,0
FRVO,2026-09-24 04:35:00-04:00,16.37,16.37,16.37,16.37,0
FRVO,2026-09-24 04:40:00-04:00,16.37,16.37,16.37,16.37,0
FRVO,2026-09-24 04:45:00-04:00,16.37,16.37,16.37,16.37,0
FRVO,2026-09-24 04:50:00-04:00,16.37,16.37,16.37,16.37,0
FRVO,2026-09-24 04:55:00-04:00,16.37,16.37,16.37,16.37,0
FRVO,2026-09-24 05:00:00-04:00,16.37,16.37,16.37,16.37,0
FRVO,2026-09-24 05:05:00-04:00,16.37,16.37,16.37,16.37,0
FRVO,2026-09-24 05:10:00-04:00,16.37,16.37,16.37,16.37,0
FRVO,2026-09-24 05:15:00-04:00,16.37,16.37,16.37,16.37,0
FRVO,2026-09-24 05:20:00-04:00,16.37,16.37,16.37,16.37,0
FRVO,2026-09-24 05:25:00-04:00,16.37,16.37,16.37,16.37,0
FRVO,2026-09-24 05:30:00-04:00,16.37,16.37,16.37,16.37,0
FRVO,2026-09-24 05:35:00-04:00,16.37,16.37,16.37,16.37,0
FRVO,2026-09-24 05:40:00-04:00,16.2,16.2,16.2,16.2,1
FRVO,2026-09-24 05:45:00-04:00,16.2,16.2,16.2,16.2,0
FRVO,2026-09-24 05:50:00-04:00,16.2,16.2,16.2,16.2,0
FRVO,2026-09-24 05:55:00-04:00,16.2,16.2,16.2,16.2,0
FRVO,2026-09-24 06:00:00-04:00,16.2,16.2,16.2,16.2,0
FRVO,2026-09-24 06:05:00-04:00,16.2,16.2,16.2,16.2,0
FRVO,2026-09-24 06:10:00-04:00,16.55,16.98,16.46,16.98,86
FRVO,2026-09-24 06:15:00-04:00,16.98,16.98,16.84,16.84,8
FRVO,2026-09-24 06:20:00-04:00,16.84,16.84,16.84,16.84,0
FRVO,2026-09-24 06:25:00-04:00,16.87,16.87,16.87,16.87,2
FRVO,2026-09-24 06:30:00-04:00,16.75,17.14,16.75,17.1,79
FRVO,2026-09-24 06:35:00-04:00,17.1,17.1,17.1,17.1,2
FRVO,2026-09-24 06:40:00-04:00,17.01,17.01,16.85,16.85,4
FRVO,2026-09-24 06:45:00-04:00,16.85,16.85,16.85,16.85,3
FRVO,2026-09-24 06:50:00-04:00,16.72,16.84,16.7,16.84,15
FRVO,2026-09-24 06:55:00-04:00,16.96,16.96,16.96,16.96,1
FRVO,2026-09-24 07:00:00-04:00,17.06,17.1,16.91,17.1,19
FRVO,2026-09-24 07:05:00-04:00,17.01,17.18,16.92,17.0,54
FRVO,2026-09-24 07:10:00-04:00,17.0,17.19,17.0,17.0,64
FRVO,2026-09-24 07:15:00-04:00,17.17,17.18,17.07,17.1,38
FRVO,2026-09-24 07:20:00-04:00,17.1,17.21,16.86,17.21,124
FRVO,2026-09-24 07:25:00-04:00,17.32,17.62,17.15,17.5,56
FRVO,2026-09-24 07:30:00-04:00,17.55,17.57,17.49,17.5,62
FRVO,2026-09-24 07:35:00-04:00,17.45,17.65,17.39,17.65,222
FRVO,2026-09-24 07:40:00-04:00,17.61,17.72,17.53,17.72,52
FRVO,2026-09-24 07:45:00-04:00,17.61,17.7,17.56,17.56,62
FRVO,2026-09-24 07:50:00-04:00,17.56,17.66,17.51,17.66,70
FRVO,2026-09-24 07:55:00-04:00,17.66,17.74,17.61,17.74,101
FRVO,2026-09-24 08:00:00-04:00,17.7,17.73,17.65,17.65,36
FRVO,2026-09-24 08:05:00-04:00,17.68,17.77,17.64,17.75,56
FRVO,2026-09-24 08:10:00-04:00,17.7,17.75,17.65,17.74,28
FRVO,2026-09-24 08:15:00-04:00,17.76,18.1,17.7,18.08,371
FRVO,2026-09-24 08:20:00-04:00,18.08,18.68,18.08,18.6,443
FRVO,2026-09-24 08:25:00-04:00,18.55,18.8,18.5,18.6,308
FRVO,2026-09-24 08:30:00-04:00,18.61,18.65,18.48,18.48,467
FRVO,2026-09-24 08:35:00-04:00,18.45,18.48,18.25,18.25,136
FRVO,2026-09-24 08:40:00-04:00,18.26,18.7,18.25,18.65,374
FRVO,2026-09-24 08:45:00-04:00,18.58,18.59,18.25,18.5,204
FRVO,2026-09-24 08:50:00-04:00,18.26,18.45,18.05,18.05,108
FRVO,2026-09-24 08:55:00-04:00,18.01,18.25,18.0,18.0,145
FRVO,2026-09-24 09:00:00-04:00,18.1,18.42,18.09,18.1,187
FRVO,2026-09-24 09:05:00-04:00,18.14,18.52,18.1,18.5,298
FRVO,2026-09-24 09:10:00-04:00,18.43,18.63,18.43,18.45,195
FRVO,2026-09-24 09:15:00-04:00,18.44,18.53,18.3,18.34,62
FRVO,2026-09-24 09:20:00-04:00,18.25,18.36,18.18,18.25,204
FRVO,2026-09-24 09:25:00-04:00,18.19,18.51,18.15,18.44,191
FRVO,2026-09-24 09:30:00-04:00,18.49,18.5,17.41,18.21,8754
FRVO,2026-09-24 09:35:00-04:00,18.22,18.5,18.05,18.3,6252
FRVO,2026-09-24 09:40:00-04:00,18.3,18.51,18.01,18.13,3127
FRVO,2026-09-24 09:45:00-04:00,18.15,18.18,17.55,17.61,3784
FRVO,2026-09-24 09:50:00-04:00,17.63,17.72,17.34,17.57,3601
FRVO,2026-09-24 09:55:00-04:00,17.57,17.74,17.2,17.63,3112
FRVO,2026-09-24 10:00:00-04:00,17.64,17.9,17.48,17.58,2568
FRVO,2026-09-24 10:05:00-04:00,17.58,17.61,17.05,17.55,3955
FRVO,2026-09-24 10:10:00-04:00,17.53,17.68,17.36,17.56,2769
FRVO,2026-09-24 10:15:00-04:00,17.56,17.6,17.2,17.22,1984
FRVO,2026-09-24 10:20:00-04:00,17.23,17.27,16.92,17.03,2543
FRVO,2026-09-24 10:25:00-04:00,17.03,17.33,17.01,17.26,1410
FRVO,2026-09-24 10:30:00-04:00,17.27,17.51,17.23,17.5,970
FRVO,2026-09-24 10:35:00-04:00,17.49,17.49,17.17,17.2,1166
FRVO,2026-09-24 10:40:00-04:00,17.22,17.23,17.08,17.1,722
FRVO,2026-09-24 10:45:00-04:00,17.1,17.1,16.78,16.79,2406
FRVO,2026-09-24 10:50:00-04:00,16.78,16.94,16.53,16.61,3131
FRVO,2026-09-24 10:55:00-04:00,16.61,16.78,16.52,16.75,2682
FRVO,2026-09-24 11:00:00-04:00,16.77,16.9,16.74,16.8,2879
FRVO,2026-09-24 11:05:00-04:00,16.8,16.81,16.35,16.39,1710
FRVO,2026-09-24 11:10:00-04:00,16.37,16.54,16.35,16.43,3193
FRVO,2026-09-24 11:15:00-04:00,16.43,16.44,16.23,16.39,2252
FRVO,2026-09-24 11:20:00-04:00,16.37,16.51,16.27,16.47,1801
FRVO,2026-09-24 11:25:00-04:00,16.44,16.48,16.34,16.4,745
FRVO,2026-09-24 11:30:00-04:00,16.4,16.5,16.39,16.48,513
FRVO,2026-09-24 11:35:00-04:00,16.48,16.48,16.29,16.31,858
FRVO,2026-09-24 11:40:00-04:00,16.32,16.41,16.31,16.38,448
FRVO,2026-09-24 11:45:00-04:00,16.39,16.45,16.35,16.44,504
FRVO,2026-09-24 11:50:00-04:00,16.42,16.51,16.27,16.29,1003
FRVO,2026-09-24 11:55:00-04:00,16.28,16.41,16.28,16.36,500
FRVO,2026-09-24 12:00:00-04:00,16.35,16.35,16.16,16.25,1174
FRVO,2026-09-24 12:05:00-04:00,16.25,16.27,16.17,16.25,355
FRVO,2026-09-24 12:10:00-04:00,16.24,16.32,16.24,16.25,360
FRVO,2026-09-24 12:15:00-04:00,16.26,16.5,16.26,16.46,1119
FRVO,2026-09-24 12:20:00-04:00,16.46,16.75,16.46,16.72,1513
FRVO,2026-09-24 12:25:00-04:00,16.72,16.73,16.52,16.62,854
FRVO,2026-09-24 12:30:00-04:00,16.62,16.72,16.51,16.54,906
FRVO,2026-09-24 12:35:00-04:00,16.54,16.61,16.5,16.51,414
FRVO,2026-09-24 12:40:00-04:00,16.51,16.65,16.51,16.6,379
FRVO,2026-09-24 12:45:00-04:00,16.6,16.74,16.58,16.73,680
FRVO,2026-09-24 12:50:00-04:00,16.74,16.79,16.64,16.66,996
FRVO,2026-09-24 12:55:00-04:00,16.66,16.75,16.64,16.74,483
FRVO,2026-09-24 13:00:00-04:00,16.74,16.74,16.63,16.67,618
FRVO,2026-09-24 13:05:00-04:00,16.67,16.74,16.66,16.71,402
FRVO,2026-09-24 13:10:00-04:00,16.71,16.77,16.67,16.75,354
FRVO,2026-09-24 13:15:00-04:00,16.73,16.78,16.67,16.68,580
FRVO,2026-09-24 13:20:00-04:00,16.67,16.69,16.59,16.64,571
FRVO,2026-09-24 13:25:00-04:00,16.64,16.69,16.63,16.67,229
FRVO,2026-09-24 13:30:00-04:00,16.67,16.67,16.57,16.6,395
FRVO,2026-09-24 13:35:00-04:00,16.6,16.84,16.58,16.81,762
FRVO,2026-09-24 13:40:00-04:00,16.83,16.91,16.81,16.87,713
FRVO,2026-09-24 13:45:00-04:00,16.89,16.98,16.85,16.98,780
FRVO,2026-09-24 13:50:00-04:00,16.96,17.0,16.95,16.96,468
FRVO,2026-09-24 13:55:00-04:00,16.96,17.16,16.9,17.14,997
FRVO,2026-09-24 14:00:00-04:00,17.14,17.16,16.96,16.96,675
FRVO,2026-09-24 14:05:00-04:00,16.96,17.07,16.95,17.07,519
FRVO,2026-09-24 14:10:00-04:00,17.07,17.09,17.0,17.08,740
FRVO,2026-09-24 14:15:00-04:00,17.08,17.09,17.0,17.05,419
FRVO,2026-09-24 14:20:00-04:00,17.04,17.06,16.93,16.98,1391
FRVO,2026-09-24 14:25:00-04:00,16.98,16.99,16.86,16.87,425
FRVO,2026-09-24 14:30:00-04:00,16.9,16.9,16.78,16.84,826
FRVO,2026-09-24 14:35:00-04:00,16.83,16.93,16.79,16.91,881
FRVO,2026-09-24 14:40:00-04:00,16.92,16.92,16.81,16.86,575
FRVO,2026-09-24 14:45:00-04:00,16.86,16.91,16.75,16.82,731
FRVO,2026-09-24 14:50:00-04:00,16.82,16.9,16.76,16.87,586
FRVO,2026-09-24 14:55:00-04:00,16.87,16.87,16.82,16.83,415
FRVO,2026-09-24 15:00:00-04:00,16.83,16.85,16.79,16.8,470
FRVO,2026-09-24 15:05:00-04:00,16.8,16.87,16.78,16.86,448
FRVO,2026-09-24 15:10:00-04:00,16.86,17.06,16.86,17.04,815
FRVO,2026-09-24 15:15:00-04:00,17.03,17.23,17.03,17.19,1466
FRVO,2026-09-24 15:20:00-04:00,17.19,17.2,17.07,17.08,1487
FRVO,2026-09-24 15:25:00-04:00,17.08,17.13,17.03,17.04,797
FRVO,2026-09-24 15:30:00-04:00,17.04,17.04,16.83,16.89,1177
FRVO,2026-09-24 15:35:00-04:00,16.9,16.94,16.87,16.89,932
FRVO,2026-09-24 15:40:00-04:00,16.88,16.9,16.8,16.81,719
FRVO,2026-09-24 15:45:00-04:00,16.82,16.83,16.65,16.66,1329
FRVO,2026-09-24 15:50:00-04:00,16.67,16.74,16.61,16.65,2132
FRVO,2026-09-24 15:55:00-04:00,16.66,16.76,16.65,16.73,5055
FRVO,2026-09-24 16:00:00-04:00,16.71,16.83,16.71,16.83,5354
FRVO,2026-09-24 16:05:00-04:00,16.8,16.85,16.8,16.85,12
FRVO,2026-09-24 16:10:00-04:00,16.78,16.78,16.78,16.78,6
FRVO,2026-09-24 16:15:00-04:00,16.78,16.78,16.78,16.78,15
FRVO,2026-09-24 16:20:00-04:00,16.82,16.84,16.82,16.84,8
FRVO,2026-09-24 16:25:00-04:00,16.84,16.84,16.84,16.84,0
FRVO,2026-09-24 16:30:00-04:00,16.8,16.8,16.8,16.8,4
FRVO,2026-09-24 16:35:00-04:00,16.84,16.85,16.84,16.85,22
FRVO,2026-09-24 16:40:00-04:00,16.87,16.87,16.85,16.85,14
FRVO,2026-09-24 16:45:00-04:00,16.83,16.87,16.83,16.87,17
FRVO,2026-09-24 16:50:00-04:00,16.9,16.9,16.89,16.9,12
FRVO,2026-09-24 16:55:00-04:00,16.9,16.9,16.9,16.9,2
FRVO,2026-09-24 17:00:00-04:00,16.95,16.95,16.95,16.95,1
FRVO,2026-09-24 17:05:00-04:00,16.95,16.95,16.95,16.95,0
FRVO,2026-09-24 17:10:00-04:00,16.85,16.86,16.85,16.86,2
FRVO,2026-09-24 17:15:00-04:00,16.94,16.96,16.94,16.96,2
FRVO,2026-09-24 17:20:00-04:00,16.99,16.99,16.99,16.99,1
FRVO,2026-09-24 17:25:00-04:00,16.96,16.96,16.96,16.96,1
FRVO,2026-09-24 17:30:00-04:00,16.95,16.96,16.95,16.96,7
FRVO,2026-09-24 17:35:00-04:00,16.88,16.92,16.88,16.92,10
FRVO,2026-09-24 17:40:00-04:00,16.92,16.92,16.92,16.92,0
FRVO,2026-09-24 17:45:00-04:00,16.88,16.88,16.88,16.88,2
FRVO,2026-09-24 17:50:00-04:00,16.91,16.91,16.91,16.91,1
FRVO,2026-09-24 17:55:00-04:00,16.91,16.91,16.91,16.91,0
FRVO,2026-09-24 18:00:00-04:00,16.94,16.94,16.94,16.94,5
FRVO,2026-09-24 18:05:00-04:00,16.86,16.86,16.86,16.86,1
FRVO,2026-09-24 18:10:00-04:00,16.94,16.98,16.92,16.92,16
FRVO,2026-09-24 18:15:00-04:00,16.92,16.92,16.92,16.92,0
FRVO,2026-09-24 18:20:00-04:00,16.92,16.92,16.92,16.92,0
FRVO,2026-09-24 18:25:00-04:00,16.95,16.95,16.94,16.95,5
FSLR,2026-09-22 04:00:00-04:00,200.0,200.0,200.0,200.0,2
FSLR,2026-09-22 04:05:00-04:00,200.0,200.0,200.0,200.0,0
FSLR,2026-09-22 04:10:00-04:00,200.0,200.0,200.0,200.0,0
FSLR,2026-09-22 04:15:00-04:00,200.0,200.0,200.0,200.0,0
FSLR,2026-09-22 04:20:00-04:00,200.0,200.0,200.0,200.0,0
FSLR,2026-09-22 04:25:00-04:00,200.0,200.0,200.0,200.0,0
FSLR,2026-09-22 04:30:00-04:00,200.0,200.0,200.0,200.0,0
FSLR,2026-09-22 04:35:00-04:00,200.0,200.0,200.0,200.0,0
FSLR,2026-09-22 04:40:00-04:00,200.0,200.0,200.0,200.0,0
FSLR,2026-09-22 04:45:00-04:00,200.0,200.0,200.0,200.0,0
FSLR,2026-09-22 04:50:00-04:00,200.0,200.0,200.0,200.0,0
FSLR,2026-09-22 04:55:00-04:00,200.0,200.0,200.0,200.0,0
FSLR,2026-09-22 05:00:00-04:00,200.0,200.0,200.0,200.0,0
FSLR,2026-09-22 05:05:00-04:00,200.0,200.0,200.0,200.0,0
FSLR,2026-09-22 05:10:00-04:00,200.0,200.0,200.0,200.0,0
FSLR,2026-09-22 05:15:00-04:00,200.5,200.5,200.5,200.5,1
FSLR,2026-09-22 05:20:00-04:00,200.5,200.5,200.5,200.5,0
FSLR,2026-09-22 05:25:00-04:00,200.5,200.5,200.5,200.5,0
FSLR,2026-09-22 05:30:00-04:00,199.5,199.5,199.5,199.5,1
FSLR,2026-09-22 05:35:00-04:00,199.5,199.5,199.5,199.5,0
FSLR,2026-09-22 05:40:00-04:00,199.5,199.5,199.5,199.5,0
FSLR,2026-09-22 05:45:00-04:00,200.15,200.15,199.03,199.04,2
FSLR,2026-09-22 05:50:00-04:00,199.04,199.04,199.04,199.04,0
FSLR,2026-09-22 05:55:00-04:00,199.04,199.04,199.04,199.04,0
FSLR,2026-09-22 06:00:00-04:00,199.9,199.9,199.9,199.9,2
FSLR,2026-09-22 06:05:00-04:00,200.5,200.5,200.5,200.5,5
FSLR,2026-09-22 06:10:00-04:00,200.5,200.5,200.5,200.5,0
FSLR,2026-09-22 06:15:00-04:00,200.5,200.5,200.5,200.5,0
FSLR,2026-09-22 06:20:00-04:00,200.5,200.5,200.5,200.5,0
FSLR,2026-09-22 06:25:00-04:00,200.5,200.5,200.5,200.5,0
FSLR,2026-09-22 06:30:00-04:00,200.5,200.5,200.5,200.5,0
FSLR,2026-09-22 06:35:00-04:00,200.5,200.5,200.5,200.5,0
FSLR,2026-09-22 06:40:00-04:00,200.5,200.5,200.5,200.5,0
FSLR,2026-09-22 06:45:00-04:00,200.5,200.5,200.5,200.5,0
FSLR,2026-09-22 06:50:00-04:00,200.5,200.5,200.5,200.5,0
FSLR,2026-09-22 06:55:00-04:00,200.5,200.5,200.5,200.5,0
FSLR,2026-09-22 07:00:00-04:00,200.5,200.5,200.5,200.5,0
FSLR,2026-09-22 07:05:00-04:00,200.5,200.5,200.5,200.5,0
FSLR,2026-09-22 07:10:00-04:00,200.5,200.5,200.5,200.5,0
FSLR,2026-09-22 07:15:00-04:00,200.5,200.5,200.5,200.5,0
FSLR,2026-09-22 07:20:00-04:00,200.5,200.5,200.5,200.5,0
FSLR,2026-09-22 07:25:00-04:00,201.55,201.8,200.79,201.79,17
FSLR,2026-09-22 07:30:00-04:00,202.0,211.38,201.67,211.38,133
FSLR,2026-09-22 07:35:00-04:00,210.0,212.86,207.11,207.11,62
FSLR,2026-09-22 07:40:00-04:00,207.31,207.31,205.0,205.0,11
FSLR,2026-09-22 07:45:00-04:00,205.2,208.15,204.31,205.56,26
FSLR,2026-09-22 07:50:00-04:00,205.0,205.0,204.02,204.02,4
FSLR,2026-09-22 07:55:00-04:00,204.0,204.0,203.5,203.5,9
FSLR,2026-09-22 08:00:00-04:00,203.4,203.4,202.78,202.79,8
FSLR,2026-09-22 08:05:00-04:00,203.4,203.4,203.4,203.4,3
FSLR,2026-09-22 08:10:00-04:00,203.4,203.4,203.4,203.4,1
FSLR,2026-09-22 08:15:00-04:00,203.4,203.4,203.4,203.4,0
FSLR,2026-09-22 08:20:00-04:00,203.4,203.4,203.4,203.4,0
FSLR,2026-09-22 08:25:00-04:00,203.4,203.4,203.4,203.4,0
FSLR,2026-09-22 08:30:00-04:00,203.4,203.4,203.4,203.4,0
FSLR,2026-09-22 08:35:00-04:00,203.4,203.4,203.4,203.4,0
FSLR,2026-09-22 08:40:00-04:00,203.4,203.4,203.4,203.4,0
FSLR,2026-09-22 08:45:00-04:00,203.5,203.5,203.5,203.5,5
FSLR,2026-09-22 08:50:00-04:00,203.5,203.5,203.5,203.5,0
FSLR,2026-09-22 08:55:00-04:00,203.7,203.75,203.7,203.75,12
FSLR,2026-09-22 09:00:00-04:00,204.0,204.0,204.0,204.0,1
FSLR,2026-09-22 09:05:00-04:00,204.5,204.5,204.5,204.5,1
FSLR,2026-09-22 09:10:00-04:00,204.7,204.71,204.7,204.7,1
FSLR,2026-09-22 09:15:00-04:00,203.01,203.5,202.5,203.5,15
FSLR,2026-09-22 09:20:00-04:00,202.56,202.69,202.49,202.49,7
FSLR,2026-09-22 09:25:00-04:00,202.25,202.25,201.01,201.01,4
FSLR,2026-09-22 09:30:00-04:00,200.89,201.58,199.0,200.0,368
FSLR,2026-09-22 09:35:00-04:00,200.0,200.95,199.62,199.7,233
FSLR,2026-09-22 09:40:00-04:00,199.7,199.82,198.53,199.22,258
FSLR,2026-09-22 09:45:00-04:00,199.0,199.62,198.89,199.58,166
FSLR,2026-09-22 09:50:00-04:00,199.48,201.0,199.28,200.55,264
FSLR,2026-09-22 09:55:00-04:00,200.79,201.23,199.85,199.88,165
FSLR,2026-09-22 10:00:00-04:00,199.94,200.21,199.17,199.56,239
FSLR,2026-09-22 10:05:00-04:00,199.47,199.52,198.57,198.86,200
FSLR,2026-09-22 10:10:00-04:00,198.84,200.48,198.84,200.36,124
FSLR,2026-09-22 10:15:00-04:00,200.27,200.68,199.69,200.06,230
FSLR,2026-09-22 10:20:00-04:00,200.05,200.58,199.56,200.28,201
FSLR,2026-09-22 10:25:00-04:00,200.06,200.5,199.83,200.17,131
FSLR,2026-09-22 10:30:00-04:00,200.18,200.91,199.85,200.54,170
FSLR,2026-09-22 10:35:00-04:00,200.5,201.0,200.01,200.77,348
FSLR,2026-09-22 10:40:00-04:00,200.64,200.69,199.58,199.95,176
FSLR,2026-09-22 10:45:00-04:00,199.73,199.85,199.53,199.75,26
FSLR,2026-09-22 10:50:00-04:00,199.75,199.94,199.58,199.71,107
FSLR,2026-09-22 10:55:00-04:00,199.71,200.04,199.33,199.45,94
FSLR,2026-09-22 11:00:00-04:00,199.3,200.17,199.19,200.16,47
FSLR,2026-09-22 11:05:00-04:00,200.16,200.84,199.88,200.21,51
FSLR,2026-09-22 11:10:00-04:00,200.24,200.68,199.88,200.59,86
FSLR,2026-09-22 11:15:00-04:00,200.47,201.35,200.16,201.02,146
FSLR,2026-09-22 11:20:00-04:00,200.97,201.48,200.65,201.15,124
FSLR,2026-09-22 11:25:00-04:00,201.49,201.87,201.11,201.22,222
FSLR,2026-09-22 11:30:00-04:00,201.01,202.0,200.51,201.74,370
FSLR,2026-09-22 11:35:00-04:00,201.74,202.27,201.37,201.93,296
FSLR,2026-09-22 11:40:00-04:00,201.93,202.46,201.45,201.99,172
FSLR,2026-09-22 11:45:00-04:00,201.95,202.08,201.49,201.9,71
FSLR,2026-09-22 11:50:00-04:00,201.94,201.94,201.13,201.36,61
FSLR,2026-09-22 11:55:00-04:00,201.13,201.24,200.71,200.92,44
FSLR,2026-09-22 12:00:00-04:00,200.92,201.38,200.87,201.25,47
FSLR,2026-09-22 12:05:00-04:00,201.28,201.59,201.16,201.38,34
FSLR,2026-09-22 12:10:00-04:00,201.5,201.59,200.33,200.75,157
FSLR,2026-09-22 12:15:00-04:00,200.62,201.0,200.62,200.93,16
FSLR,2026-09-22 12:20:00-04:00,200.93,201.5,200.76,201.5,34
FSLR,2026-09-22 12:25:00-04:00,201.53,201.73,201.32,201.42,41
FSLR,2026-09-22 12:30:00-04:00,201.42,201.88,201.42,201.86,144
FSLR,2026-09-22 12:35:00-04:00,201.75,201.97,201.64,201.74,20
FSLR,2026-09-22 12:40:00-04:00,201.76,201.91,201.46,201.46,76
FSLR,2026-09-22 12:45:00-04:00,201.18,201.47,200.83,201.11,98
FSLR,2026-09-22 12:50:00-04:00,201.11,201.4,200.96,201.16,57
FSLR,2026-09-22 12:55:00-04:00,201.16,201.77,201.07,201.63,72
FSLR,2026-09-22 13:00:00-04:00,201.63,201.63,200.81,201.08,57
FSLR,2026-09-22 13:05:00-04:00,200.93,201.26,200.87,201.04,38
FSLR,2026-09-22 13:10:00-04:00,200.85,201.17,200.81,200.84,32
FSLR,2026-09-22 13:15:00-04:00,200.81,201.46,200.81,201.42,30
FSLR,2026-09-22 13:20:00-04:00,201.41,201.55,200.98,201.2,97
FSLR,2026-09-22 13:25:00-04:00,200.97,201.23,200.93,201.23,22
FSLR,2026-09-22 13:30:00-04:00,201.01,201.23,200.83,201.0,23
FSLR,2026-09-22 13:35:00-04:00,201.0,201.09,200.7,200.73,41
FSLR,2026-09-22 13:40:00-04:00,200.8,201.21,200.79,201.21,12
FSLR,2026-09-22 13:45:00-04:00,200.97,201.25,200.96,201.16,12
FSLR,2026-09-22 13:50:00-04:00,201.07,201.54,201.04,201.54,47
FSLR,2026-09-22 13:55:00-04:00,201.38,201.44,201.18,201.4,49
FSLR,2026-09-22 14:00:00-04:00,201.28,201.37,201.17,201.24,18
FSLR,2026-09-22 14:05:00-04:00,201.37,201.39,201.1,201.28,15
FSLR,2026-09-22 14:10:00-04:00,201.15,201.15,200.33,200.39,48
FSLR,2026-09-22 14:15:00-04:00,200.45,201.17,200.45,201.16,46
FSLR,2026-09-22 14:20:00-04:00,201.22,201.45,201.15,201.19,29
FSLR,2026-09-22 14:25:00-04:00,201.19,201.19,200.75,200.81,39
FSLR,2026-09-22 14:30:00-04:00,200.8,200.8,200.27,200.27,26
FSLR,2026-09-22 14:35:00-04:00,200.3,200.36,199.98,199.98,34
FSLR,2026-09-22 14:40:00-04:00,199.62,199.83,199.5,199.65,20
FSLR,2026-09-22 14:45:00-04:00,199.5,199.9,199.5,199.68,381
FSLR,2026-09-22 14:50:00-04:00,199.68,200.41,199.5,199.96,121
FSLR,2026-09-22 14:55:00-04:00,200.19,200.19,199.78,199.84,7
FSLR,2026-09-22 15:00:00-04:00,199.84,199.88,199.58,199.7,126
FSLR,2026-09-22 15:05:00-04:00,199.52,199.87,199.35,199.48,108
FSLR,2026-09-22 15:10:00-04:00,199.52,200.03,199.51,200.03,80
FSLR,2026-09-22 15:15:00-04:00,199.69,200.07,199.59,199.96,79
FSLR,2026-09-22 15:20:00-04:00,199.98,200.28,199.71,199.78,218
FSLR,2026-09-22 15:25:00-04:00,199.8,200.11,199.69,199.73,91
FSLR,2026-09-22 15:30:00-04:00,199.71,200.44,199.68,200.35,72
FSLR,2026-09-22 15:35:00-04:00,200.35,200.61,200.35,200.59,76
FSLR,2026-09-22 15:40:00-04:00,200.63,200.69,200.2,200.4,46
FSLR,2026-09-22 15:45:00-04:00,200.35,200.69,200.34,200.51,56
FSLR,2026-09-22 15:50:00-04:00,200.5,200.89,200.25,200.89,261
FSLR,2026-09-22 15:55:00-04:00,200.99,201.15,200.65,200.78,299
FSLR,2026-09-22 16:00:00-04:00,200.67,200.78,200.67,200.78,6253
FSLR,2026-09-22 16:05:00-04:00,200.78,200.78,200.78,200.78,0
FSLR,2026-09-22 16:10:00-04:00,200.78,200.78,200.78,200.78,0
FSLR,2026-09-22 16:15:00-04:00,200.78,200.78,200.78,200.78,0
FSLR,2026-09-22 16:20:00-04:00,200.83,200.83,200.83,200.83,14
FSLR,2026-09-22 16:25:00-04:00,200.83,200.83,200.83,200.83,0
FSLR,2026-09-22 16:30:00-04:00,200.83,200.83,200.83,200.83,0
FSLR,2026-09-22 16:35:00-04:00,200.83,200.83,200.83,200.83,0
FSLR,2026-09-22 16:40:00-04:00,200.83,200.83,200.83,200.83,0
FSLR,2026-09-22 16:45:00-04:00,200.83,200.83,200.83,200.83,0
FSLR,2026-09-22 16:50:00-04:00,200.83,200.83,200.83,200.83,0
FSLR,2026-09-22 16:55:00-04:00,200.83,200.83,200.83,200.83,0
FSLR,2026-09-22 17:00:00-04:00,200.55,200.55,200.55,200.55,1
FSLR,2026-09-22 17:05:00-04:00,200.55,200.55,200.55,200.55,0
FSLR,2026-09-22 17:10:00-04:00,200.55,200.55,200.55,200.55,0
FSLR,2026-09-22 17:15:00-04:00,200.5,200.5,200.5,200.5,1
FSLR,2026-09-22 17:20:00-04:00,200.5,200.5,200.5,200.5,0
FSLR,2026-09-22 17:25:00-04:00,200.5,200.5,200.5,200.5,0
FSLR,2026-09-22 17:30:00-04:00,200.5,200.5,200.5,200.5,0
FSLR,2026-09-22 17:35:00-04:00,200.5,200.5,200.5,200.5,0
FSLR,2026-09-22 17:40:00-04:00,200.5,200.5,200.5,200.5,0
FSLR,2026-09-22 17:45:00-04:00,200.5,200.5,200.5,200.5,0
FSLR,2026-09-22 17:50:00-04:00,200.5,200.5,200.5,200.5,0
FSLR,2026-09-22 17:55:00-04:00,200.5,200.5,200.5,200.5,0
FSLR,2026-09-22 18:00:00-04:00,200.5,200.5,200.5,200.5,0
FSLR,2026-09-22 18:05:00-04:00,200.5,200.5,200.5,200.5,0
FSLR,2026-09-22 18:10:00-04:00,200.5,200.5,200.5,200.5,0
FSLR,2026-09-22 18:15:00-04:00,200.5,200.5,200.5,200.5,0
FSLR,2026-09-22 18:20:00-04:00,200.5,200.5,200.5,200.5,0
FSLR,2026-09-22 18:25:00-04:00,200.5,200.5,200.5,200.5,0
FSLR,2026-09-22 18:30:00-04:00,200.5,200.5,200.5,200.5,0
FSLR,2026-09-22 18:35:00-04:00,200.5,200.5,200.5,200.5,0
FSLR,2026-09-22 18:40:00-04:00,200.11,200.11,200.1,200.11,5
FSLR,2026-09-22 18:45:00-04:00,200.5,200.5,200.5,200.5,2
FSLR,2026-09-22 18:50:00-04:00,200.5,200.5,200.5,200.5,0
FSLR,2026-09-22 18:55:00-04:00,200.5,200.5,200.5,200.5,0
FSLR,2026-09-22 19:00:00-04:00,200.5,200.5,200.5,200.5,0
FSLR,2026-09-22 19:05:00-04:00,200.5,200.5,200.5,200.5,0
FSLR,2026-09-22 19:10:00-04:00,200.5,200.5,200.5,200.5,0
FSLR,2026-09-22 19:15:00-04:00,200.5,200.5,200.5,200.5,0
FSLR,2026-09-22 19:20:00-04:00,200.5,200.5,200.5,200.5,0
FSLR,2026-09-22 19:25:00-04:00,200.5,200.5,200.5,200.5,0
FSLR,2026-09-22 19:30:00-04:00,200.52,200.52,200.52,200.52,1
FSLR,2026-09-22 19:35:00-04:00,200.52,200.52,200.52,200.52,0
FSLR,2026-09-22 19:40:00-04:00,200.52,200.52,200.52,200.52,0
FSLR,2026-09-22 19:45:00-04:00,200.52,200.52,200.52,200.52,0
FSLR,2026-09-22 19:50:00-04:00,200.52,200.52,200.52,200.52,0
FSLR,2026-09-22 19:55:00-04:00,200.52,200.52,200.52,200.52,0
FSLR,2026-09-23 04:00:00-04:00,201.3,202.1,201.3,201.7,5
FSLR,2026-09-23 04:05:00-04:00,201.7,201.7,201.7,201.7,0
FSLR,2026-09-23 04:10:00-04:00,201.7,201.7,201.7,201.7,0
FSLR,2026-09-23 04:15:00-04:00,201.7,201.7,201.7,201.7,0
FSLR,2026-09-23 04:20:00-04:00,201.7,201.7,201.7,201.7,0
FSLR,2026-09-23 04:25:00-04:00,201.7,201.7,201.7,201.7,0
FSLR,2026-09-23 04:30:00-04:00,201.7,201.7,201.7,201.7,0
FSLR,2026-09-23 04:35:00-04:00,201.7,201.7,201.7,201.7,0
FSLR,2026-09-23 04:40:00-04:00,201.7,201.7,201.7,201.7,0
FSLR,2026-09-23 04:45:00-04:00,201.7,201.7,201.7,201.7,0
FSLR,2026-09-23 04:50:00-04:00,201.87,201.87,201.87,201.87,1
FSLR,2026-09-23 04:55:00-04:00,201.87,201.87,201.87,201.87,0
FSLR,2026-09-23 05:00:00-04:00,201.87,201.87,201.87,201.87,0
FSLR,2026-09-23 05:05:00-04:00,201.83,201.83,201.83,201.83,1
FSLR,2026-09-23 05:10:00-04:00,201.83,201.83,201.83,201.83,0
FSLR,2026-09-23 05:15:00-04:00,201.83,201.83,201.83,201.83,0
FSLR,2026-09-23 05:20:00-04:00,201.83,201.83,201.83,201.83,0
FSLR,2026-09-23 05:25:00-04:00,201.83,201.83,201.83,201.83,0
FSLR,2026-09-23 05:30:00-04:00,202.4,202.4,202.4,202.4,2
FSLR,2026-09-23 05:35:00-04:00,202.4,202.4,202.4,202.4,0
FSLR,2026-09-23 05:40:00-04:00,202.4,202.4,202.4,202.4,0
FSLR,2026-09-23 05:45:00-04:00,202.4,202.4,202.4,202.4,0
FSLR,2026-09-23 05:50:00-04:00,202.4,202.4,202.4,202.4,0
FSLR,2026-09-23 05:55:00-04:00,202.4,202.4,202.4,202.4,0
FSLR,2026-09-23 06:00:00-04:00,202.4,202.4,202.4,202.4,0
FSLR,2026-09-23 06:05:00-04:00,202.4,202.4,202.4,202.4,0
FSLR,2026-09-23 06:10:00-04:00,202.4,202.4,202.4,202.4,0
FSLR,2026-09-23 06:15:00-04:00,202.4,202.4,202.4,202.4,0
FSLR,2026-09-23 06:20:00-04:00,202.4,202.4,202.4,202.4,0
FSLR,2026-09-23 06:25:00-04:00,202.4,202.4,202.4,202.4,0
FSLR,2026-09-23 06:30:00-04:00,202.4,202.4,202.4,202.4,0
FSLR,2026-09-23 06:35:00-04:00,202.4,202.4,202.4,202.4,0
FSLR,2026-09-23 06:40:00-04:00,202.4,202.4,202.4,202.4,0
FSLR,2026-09-23 06:45:00-04:00,201.6,201.6,201.6,201.6,1
FSLR,2026-09-23 06:50:00-04:00,201.6,201.6,201.6,201.6,0
FSLR,2026-09-23 06:55:00-04:00,201.6,201.6,201.6,201.6,0
FSLR,2026-09-23 07:00:00-04:00,201.6,201.6,201.6,201.6,1
FSLR,2026-09-23 07:05:00-04:00,201.36,201.37,201.15,201.15,2
FSLR,2026-09-23 07:10:00-04:00,201.15,201.15,201.15,201.15,0
FSLR,2026-09-23 07:15:00-04:00,201.15,201.15,201.15,201.15,0
FSLR,2026-09-23 07:20:00-04:00,201.15,201.15,201.15,201.15,0
FSLR,2026-09-23 07:25:00-04:00,200.61,200.61,200.61,200.61,4
FSLR,2026-09-23 07:30:00-04:00,200.5,200.5,200.5,200.5,1
FSLR,2026-09-23 07:35:00-04:00,200.5,200.5,200.5,200.5,0
FSLR,2026-09-23 07:40:00-04:00,200.5,200.5,200.5,200.5,0
FSLR,2026-09-23 07:45:00-04:00,200.0,200.0,200.0,200.0,1
FSLR,2026-09-23 07:50:00-04:00,200.0,200.0,200.0,200.0,0
FSLR,2026-09-23 07:55:00-04:00,200.0,200.0,200.0,200.0,0
FSLR,2026-09-23 08:00:00-04:00,200.0,200.0,200.0,200.0,0
FSLR,2026-09-23 08:05:00-04:00,200.01,200.01,200.01,200.01,1
FSLR,2026-09-23 08:10:00-04:00,200.01,200.01,200.01,200.01,0
FSLR,2026-09-23 08:15:00-04:00,200.01,200.01,200.01,200.01,0
FSLR,2026-09-23 08:20:00-04:00,198.88,198.89,198.88,198.88,1
FSLR,2026-09-23 08:25:00-04:00,198.88,198.88,198.88,198.88,0
FSLR,2026-09-23 08:30:00-04:00,198.88,198.88,198.88,198.88,0
FSLR,2026-09-23 08:35:00-04:00,199.86,199.86,199.86,199.86,5
FSLR,2026-09-23 08:40:00-04:00,198.99,199.0,198.99,198.99,1
FSLR,2026-09-23 08:45:00-04:00,198.99,198.99,198.99,198.99,0
FSLR,2026-09-23 08:50:00-04:00,198.99,198.99,198.99,198.99,0
FSLR,2026-09-23 08:55:00-04:00,198.99,198.99,198.99,198.99,0
FSLR,2026-09-23 09:00:00-04:00,199.67,199.74,198.9,198.9,20
FSLR,2026-09-23 09:05:00-04:00,198.75,198.75,198.75,198.75,16
FSLR,2026-09-23 09:10:00-04:00,198.37,198.37,198.37,198.37,3
FSLR,2026-09-23 09:15:00-04:00,198.37,198.37,198.37,198.37,0
FSLR,2026-09-23 09:20:00-04:00,199.0,199.0,198.86,198.86,7
FSLR,2026-09-23 09:25:00-04:00,199.55,201.87,199.55,200.8,12
FSLR,2026-09-23 09:30:00-04:00,200.8,201.1,199.63,199.63,297
FSLR,2026-09-23 09:35:00-04:00,199.63,200.2,199.01,199.87,110
FSLR,2026-09-23 09:40:00-04:00,199.9,200.54,199.74,200.54,115
FSLR,2026-09-23 09:45:00-04:00,200.58,201.42,199.88,199.96,58
FSLR,2026-09-23 09:50:00-04:00,200.39,200.81,199.9,200.73,24
FSLR,2026-09-23 09:55:00-04:00,200.37,200.89,200.12,200.2,261
FSLR,2026-09-23 10:00:00-04:00,200.11,200.81,200.08,200.19,54
FSLR,2026-09-23 10:05:00-04:00,200.34,200.46,199.0,199.0,49
FSLR,2026-09-23 10:10:00-04:00,198.8,199.4,198.74,198.8,54
FSLR,2026-09-23 10:15:00-04:00,199.12,199.37,198.0,198.19,50
FSLR,2026-09-23 10:20:00-04:00,198.07,198.92,197.77,198.8,78
FSLR,2026-09-23 10:25:00-04:00,198.98,199.2,198.49,199.16,51
FSLR,2026-09-23 10:30:00-04:00,199.12,200.54,199.0,200.53,177
FSLR,2026-09-23 10:35:00-04:00,200.53,200.64,199.76,199.77,44
FSLR,2026-09-23 10:40:00-04:00,199.78,200.12,199.68,199.91,31
FSLR,2026-09-23 10:45:00-04:00,199.94,200.03,199.66,199.75,52
FSLR,2026-09-23 10:50:00-04:00,199.69,200.15,199.0,199.18,201
FSLR,2026-09-23 10:55:00-04:00,200.08,200.13,199.04,199.78,27
FSLR,2026-09-23 11:00:00-04:00,199.7,200.0,199.38,199.39,7
FSLR,2026-09-23 11:05:00-04:00,199.51,199.94,199.47,199.94,47
FSLR,2026-09-23 11:10:00-04:00,199.97,200.22,199.75,199.85,175
FSLR,2026-09-23 11:15:00-04:00,199.89,200.39,199.88,200.39,45
FSLR,2026-09-23 11:20:00-04:00,200.2,201.0,200.11,200.82,133
FSLR,2026-09-23 11:25:00-04:00,200.98,201.45,200.51,200.81,112
FSLR,2026-09-23 11:30:00-04:00,200.54,200.76,200.33,200.46,27
FSLR,2026-09-23 11:35:00-04:00,200.75,201.0,200.53,200.87,53
FSLR,2026-09-23 11:40:00-04:00,200.78,201.17,200.61,201.17,16
FSLR,2026-09-23 11:45:00-04:00,201.1,201.49,200.58,200.72,45
FSLR,2026-09-23 11:50:00-04:00,200.7,201.03,200.17,200.35,82
FSLR,2026-09-23 11:55:00-04:00,200.38,200.48,200.28,200.39,28
FSLR,2026-09-23 12:00:00-04:00,200.39,200.73,200.16,200.63,21
FSLR,2026-09-23 12:05:00-04:00,200.75,200.75,200.26,200.3,84
FSLR,2026-09-23 12:10:00-04:00,200.15,200.32,199.99,200.11,34
FSLR,2026-09-23 12:15:00-04:00,200.38,200.45,200.08,200.08,16
FSLR,2026-09-23 12:20:00-04:00,200.08,200.08,199.73,199.75,31
FSLR,2026-09-23 12:25:00-04:00,199.75,199.94,199.75,199.81,16
FSLR,2026-09-23 12:30:00-04:00,199.81,200.42,199.81,200.19,17
FSLR,2026-09-23 12:35:00-04:00,200.19,200.84,200.19,200.72,109
FSLR,2026-09-23 12:40:00-04:00,200.81,200.93,200.63,200.78,23
FSLR,2026-09-23 12:45:00-04:00,200.8,201.39,200.46,200.78,197
FSLR,2026-09-23 12:50:00-04:00,200.69,200.73,200.1,200.55,21
FSLR,2026-09-23 12:55:00-04:00,199.95,200.15,199.84,200.15,16
FSLR,2026-09-23 13:00:00-04:00,199.86,199.86,198.94,199.13,258
FSLR,2026-09-23 13:05:00-04:00,199.46,199.46,198.8,198.97,42
FSLR,2026-09-23 13:10:00-04:00,199.0,199.35,198.96,199.35,34
FSLR,2026-09-23 13:15:00-04:00,199.24,200.2,199.23,200.13,32
FSLR,2026-09-23 13:20:00-04:00,200.41,200.41,200.0,200.02,25
FSLR,2026-09-23 13:25:00-04:00,199.83,199.96,199.83,199.95,6
FSLR,2026-09-23 13:30:00-04:00,199.97,200.02,199.76,200.02,25
FSLR,2026-09-23 13:35:00-04:00,199.87,200.0,199.82,199.96,15
FSLR,2026-09-23 13:40:00-04:00,199.85,200.49,199.63,200.49,36
FSLR,2026-09-23 13:45:00-04:00,200.33,200.33,199.91,200.02,51
FSLR,2026-09-23 13:50:00-04:00,200.0,200.04,199.82,199.94,14
FSLR,2026-09-23 13:55:00-04:00,199.72,199.98,199.72,199.88,27
FSLR,2026-09-23 14:00:00-04:00,199.92,199.92,199.65,199.66,54
FSLR,2026-09-23 14:05:00-04:00,199.62,199.77,199.44,199.52,34
FSLR,2026-09-23 14:10:00-04:00,199.53,199.53,199.42,199.43,3
FSLR,2026-09-23 14:15:00-04:00,199.41,199.64,198.38,199.64,541
FSLR,2026-09-23 14:20:00-04:00,199.48,199.48,199.04,199.15,122
FSLR,2026-09-23 14:25:00-04:00,199.0,199.02,198.0,198.23,131
FSLR,2026-09-23 14:30:00-04:00,198.38,198.39,197.92,198.0,77
FSLR,2026-09-23 14:35:00-04:00,197.96,198.15,197.66,197.86,49
FSLR,2026-09-23 14:40:00-04:00,197.96,197.96,197.09,197.24,173
FSLR,2026-09-23 14:45:00-04:00,197.02,197.13,195.93,196.21,459
FSLR,2026-09-23 14:50:00-04:00,196.31,196.77,195.54,195.88,169
FSLR,2026-09-23 14:55:00-04:00,196.12,196.55,195.46,195.53,113
FSLR,2026-09-23 15:00:00-04:00,195.78,195.98,194.35,194.45,214
FSLR,2026-09-23 15:05:00-04:00,194.17,194.63,194.0,194.14,338
FSLR,2026-09-23 15:10:00-04:00,194.14,194.41,193.07,193.5,372
FSLR,2026-09-23 15:15:00-04:00,193.37,193.65,192.91,193.51,390
FSLR,2026-09-23 15:20:00-04:00,193.47,193.65,192.97,193.46,219
FSLR,2026-09-23 15:25:00-04:00,193.39,193.39,192.45,192.52,182
FSLR,2026-09-23 15:30:00-04:00,192.53,192.86,192.35,192.42,346
FSLR,2026-09-23 15:35:00-04:00,192.3,192.5,192.0,192.15,277
FSLR,2026-09-23 15:40:00-04:00,192.18,192.46,191.91,192.09,257
FSLR,2026-09-23 15:45:00-04:00,192.09,192.73,191.87,192.66,257
FSLR,2026-09-23 15:50:00-04:00,192.48,192.76,191.66,191.66,671
FSLR,2026-09-23 15:55:00-04:00,191.63,192.18,191.15,192.05,1523
FSLR,2026-09-23 16:00:00-04:00,191.97,192.52,191.97,192.52,3894
FSLR,2026-09-23 16:05:00-04:00,192.73,192.73,192.72,192.73,1
FSLR,2026-09-23 16:10:00-04:00,192.51,192.51,192.51,192.51,1
FSLR,2026-09-23 16:15:00-04:00,192.71,192.76,191.97,191.97,27
FSLR,2026-09-23 16:20:00-04:00,192.74,192.75,192.73,192.75,3
FSLR,2026-09-23 16:25:00-04:00,192.7,192.85,192.7,192.85,4
FSLR,2026-09-23 16:30:00-04:00,193.4,193.4,193.4,193.4,4
FSLR,2026-09-23 16:35:00-04:00,195.43,195.44,195.43,195.43,2
FSLR,2026-09-23 16:40:00-04:00,195.43,195.43,195.43,195.43,0
FSLR,2026-09-23 16:45:00-04:00,193.01,193.01,193.01,193.01,1
FSLR,2026-09-23 16:50:00-04:00,193.3,193.3,193.02,193.04,4
FSLR,2026-09-23 16:55:00-04:00,193.04,193.04,193.04,193.04,0
FSLR,2026-09-23 17:00:00-04:00,193.35,193.35,193.34,193.35,3
FSLR,2026-09-23 17:05:00-04:00,193.15,193.15,193.15,193.15,1
FSLR,2026-09-23 17:10:00-04:00,193.15,193.15,193.15,193.15,0
FSLR,2026-09-23 17:15:00-04:00,193.15,193.15,193.15,193.15,0
FSLR,2026-09-23 17:20:00-04:00,193.0,193.0,193.0,193.0,1
FSLR,2026-09-23 17:25:00-04:00,192.99,192.99,192.94,192.94,2
FSLR,2026-09-23 17:30:00-04:00,192.94,192.94,192.94,192.94,0
FSLR,2026-09-23 17:35:00-04:00,192.94,192.94,192.94,192.94,0
FSLR,2026-09-23 17:40:00-04:00,192.94,192.94,192.94,192.94,0
FSLR,2026-09-23 17:45:00-04:00,192.94,192.94,192.94,192.94,0
FSLR,2026-09-23 17:50:00-04:00,192.94,192.94,192.94,192.94,0
FSLR,2026-09-23 17:55:00-04:00,192.95,192.95,192.95,192.95,1
FSLR,2026-09-23 18:00:00-04:00,192.95,192.95,192.95,192.95,0
FSLR,2026-09-23 18:05:00-04:00,192.95,192.95,192.95,192.95,0
FSLR,2026-09-23 18:10:00-04:00,192.95,192.95,192.95,192.95,0
FSLR,2026-09-23 18:15:00-04:00,193.17,193.17,193.17,193.17,3
FSLR,2026-09-23 18:20:00-04:00,193.17,193.17,193.17,193.17,0
FSLR,2026-09-23 18:25:00-04:00,193.17,193.17,193.17,193.17,0
FSLR,2026-09-23 18:30:00-04:00,193.17,193.17,193.17,193.17,0
FSLR,2026-09-23 18:35:00-04:00,193.15,193.15,193.15,193.15,1
FSLR,2026-09-23 18:40:00-04:00,193.15,193.15,193.15,193.15,0
FSLR,2026-09-23 18:45:00-04:00,192.2,192.2,192.2,192.2,1
FSLR,2026-09-23 18:50:00-04:00,192.2,192.2,192.2,192.2,0
FSLR,2026-09-23 18:55:00-04:00,192.2,192.2,192.2,192.2,0
FSLR,2026-09-23 19:00:00-04:00,192.2,192.2,192.2,192.2,0
FSLR,2026-09-23 19:05:00-04:00,193.35,193.35,193.35,193.35,1
FSLR,2026-09-23 19:10:00-04:00,193.35,193.35,193.35,193.35,0
FSLR,2026-09-23 19:15:00-04:00,193.35,193.35,193.35,193.35,0
FSLR,2026-09-23 19:20:00-04:00,193.35,193.35,193.35,193.35,0
FSLR,2026-09-23 19:25:00-04:00,193.35,193.35,193.35,193.35,0
FSLR,2026-09-23 19:30:00-04:00,193.35,193.35,193.35,193.35,0
FSLR,2026-09-23 19:35:00-04:00,193.35,193.35,193.35,193.35,0
FSLR,2026-09-23 19:40:00-04:00,193.35,193.35,193.35,193.35,0
FSLR,2026-09-23 19:45:00-04:00,193.35,193.35,193.35,193.35,0
FSLR,2026-09-23 19:50:00-04:00,192.3,192.3,192.3,192.3,5
FSLR,2026-09-23 19:55:00-04:00,192.3,192.3,192.3,192.3,0
FSLR,2026-09-24 04:00:00-04:00,191.88,191.88,191.88,191.88,1
FSLR,2026-09-24 04:05:00-04:00,191.88,191.88,191.88,191.88,0
FSLR,2026-09-24 04:10:00-04:00,191.5,191.5,191.5,191.5,2
FSLR,2026-09-24 04:15:00-04:00,191.5,191.5,191.5,191.5,0
FSLR,2026-09-24 04:20:00-04:00,191.5,191.5,191.5,191.5,0
FSLR,2026-09-24 04:25:00-04:00,191.5,191.5,191.5,191.5,0
FSLR,2026-09-24 04:30:00-04:00,191.5,191.5,191.5,191.5,0
FSLR,2026-09-24 04:35:00-04:00,191.5,191.5,191.5,191.5,0
FSLR,2026-09-24 04:40:00-04:00,191.5,191.5,191.5,191.5,0
FSLR,2026-09-24 04:45:00-04:00,191.5,191.5,191.5,191.5,0
FSLR,2026-09-24 04:50:00-04:00,191.5,191.5,191.5,191.5,0
FSLR,2026-09-24 04:55:00-04:00,191.5,191.5,191.5,191.5,0
FSLR,2026-09-24 05:00:00-04:00,191.5,191.5,191.5,191.5,0
FSLR,2026-09-24 05:05:00-04:00,191.5,191.5,191.5,191.5,0
FSLR,2026-09-24 05:10:00-04:00,191.5,191.5,191.5,191.5,0
FSLR,2026-09-24 05:15:00-04:00,191.5,191.5,191.5,191.5,0
FSLR,2026-09-24 05:20:00-04:00,191.5,191.5,191.5,191.5,0
FSLR,2026-09-24 05:25:00-04:00,191.5,191.5,191.5,191.5,1
FSLR,2026-09-24 05:30:00-04:00,191.5,191.5,191.5,191.5,0
FSLR,2026-09-24 05:35:00-04:00,191.5,191.5,191.5,191.5,0
FSLR,2026-09-24 05:40:00-04:00,191.5,191.5,191.5,191.5,0
FSLR,2026-09-24 05:45:00-04:00,191.5,191.5,191.5,191.5,0
FSLR,2026-09-24 05:50:00-04:00,191.5,191.5,191.5,191.5,0
FSLR,2026-09-24 05:55:00-04:00,191.5,191.5,191.5,191.5,0
FSLR,2026-09-24 06:00:00-04:00,191.34,191.34,191.34,191.34,1
FSLR,2026-09-24 06:05:00-04:00,191.34,191.34,191.34,191.34,0
FSLR,2026-09-24 06:10:00-04:00,191.34,191.34,191.34,191.34,0
FSLR,2026-09-24 06:15:00-04:00,191.34,191.34,191.34,191.34,0
FSLR,2026-09-24 06:20:00-04:00,191.34,191.34,191.34,191.34,0
FSLR,2026-09-24 06:25:00-04:00,191.25,191.25,191.25,191.25,10
FSLR,2026-09-24 06:30:00-04:00,191.25,191.25,191.25,191.25,0
FSLR,2026-09-24 06:35:00-04:00,191.25,191.25,191.25,191.25,0
FSLR,2026-09-24 06:40:00-04:00,191.25,191.25,191.25,191.25,0
FSLR,2026-09-24 06:45:00-04:00,191.25,191.25,191.25,191.25,0
FSLR,2026-09-24 06:50:00-04:00,191.25,191.25,191.25,191.25,0
FSLR,2026-09-24 06:55:00-04:00,192.26,192.3,192.26,192.3,2
FSLR,2026-09-24 07:00:00-04:00,192.3,192.3,192.3,192.3,0
FSLR,2026-09-24 07:05:00-04:00,192.04,192.04,191.91,191.91,2
FSLR,2026-09-24 07:10:00-04:00,191.64,191.64,191.64,191.64,8
FSLR,2026-09-24 07:15:00-04:00,191.5,191.5,191.5,191.5,1
FSLR,2026-09-24 07:20:00-04:00,192.0,192.0,192.0,192.0,1
FSLR,2026-09-24 07:25:00-04:00,192.0,192.0,192.0,192.0,0
FSLR,2026-09-24 07:30:00-04:00,192.0,192.0,192.0,192.0,0
FSLR,2026-09-24 07:35:00-04:00,192.0,192.0,192.0,192.0,0
FSLR,2026-09-24 07:40:00-04:00,191.35,191.35,191.35,191.35,2
FSLR,2026-09-24 07:45:00-04:00,191.35,191.35,191.35,191.35,0
FSLR,2026-09-24 07:50:00-04:00,191.35,191.35,191.35,191.35,0
FSLR,2026-09-24 07:55:00-04:00,191.35,191.35,191.35,191.35,0
FSLR,2026-09-24 08:00:00-04:00,191.36,191.36,191.36,191.36,9
FSLR,2026-09-24 08:05:00-04:00,191.35,191.35,191.35,191.35,1
FSLR,2026-09-24 08:10:00-04:00,191.99,191.99,191.99,191.99,4
FSLR,2026-09-24 08:15:00-04:00,191.99,191.99,191.99,191.99,0
FSLR,2026-09-24 08:20:00-04:00,192.54,192.54,192.54,192.54,2
FSLR,2026-09-24 08:25:00-04:00,192.54,192.54,192.54,192.54,0
FSLR,2026-09-24 08:30:00-04:00,192.54,192.54,192.54,192.54,0
FSLR,2026-09-24 08:35:00-04:00,192.23,192.23,192.23,192.23,1
FSLR,2026-09-24 08:40:00-04:00,192.23,192.23,192.23,192.23,0
FSLR,2026-09-24 08:45:00-04:00,192.23,192.23,192.23,192.23,0
FSLR,2026-09-24 08:50:00-04:00,191.3,191.33,191.28,191.33,9
FSLR,2026-09-24 08:55:00-04:00,191.32,191.32,191.32,191.32,0
FSLR,2026-09-24 09:00:00-04:00,191.32,191.32,191.32,191.32,0
FSLR,2026-09-24 09:05:00-04:00,191.4,192.37,191.4,192.37,6
FSLR,2026-09-24 09:10:00-04:00,192.37,192.37,192.37,192.37,0
FSLR,2026-09-24 09:15:00-04:00,191.25,191.25,191.25,191.25,1
FSLR,2026-09-24 09:20:00-04:00,191.2,191.2,191.09,191.09,11
FSLR,2026-09-24 09:25:00-04:00,191.0,191.0,189.87,189.87,23
FSLR,2026-09-24 09:30:00-04:00,190.0,190.0,186.71,187.66,1163
FSLR,2026-09-24 09:35:00-04:00,187.66,188.45,187.0,187.51,384
FSLR,2026-09-24 09:40:00-04:00,187.51,187.94,184.54,184.7,922
FSLR,2026-09-24 09:45:00-04:00,184.58,185.01,183.2,183.36,636
FSLR,2026-09-24 09:50:00-04:00,183.45,183.47,181.61,182.19,567
FSLR,2026-09-24 09:55:00-04:00,182.06,182.95,181.8,182.28,544
FSLR,2026-09-24 10:00:00-04:00,182.35,184.26,182.24,183.93,1485
FSLR,2026-09-24 10:05:00-04:00,184.15,184.75,183.38,184.0,722
FSLR,2026-09-24 10:10:00-04:00,183.95,184.75,183.87,184.61,216
FSLR,2026-09-24 10:15:00-04:00,184.7,184.73,182.42,182.52,424
FSLR,2026-09-24 10:20:00-04:00,182.51,182.66,180.85,181.01,471
FSLR,2026-09-24 10:25:00-04:00,181.16,182.16,180.85,181.43,211
FSLR,2026-09-24 10:30:00-04:00,181.3,181.63,180.33,180.69,641
FSLR,2026-09-24 10:35:00-04:00,180.53,180.66,178.87,179.93,1545
FSLR,2026-09-24 10:40:00-04:00,179.93,180.25,178.03,178.44,810
FSLR,2026-09-24 10:45:00-04:00,178.48,179.03,178.28,178.84,578
FSLR,2026-09-24 10:50:00-04:00,179.03,179.3,178.56,178.64,308
FSLR,2026-09-24 10:55:00-04:00,178.51,179.05,177.74,178.94,810
FSLR,2026-09-24 11:00:00-04:00,178.83,179.72,178.54,179.49,372
FSLR,2026-09-24 11:05:00-04:00,179.47,179.66,178.75,178.75,306
FSLR,2026-09-24 11:10:00-04:00,178.75,178.9,177.53,177.64,500
FSLR,2026-09-24 11:15:00-04:00,177.62,177.74,177.03,177.43,777
FSLR,2026-09-24 11:20:00-04:00,177.4,177.43,176.43,176.97,944
FSLR,2026-09-24 11:25:00-04:00,177.09,177.56,176.14,176.24,1110
FSLR,2026-09-24 11:30:00-04:00,176.44,177.12,176.23,176.45,617
FSLR,2026-09-24 11:35:00-04:00,176.55,176.6,175.59,175.97,551
FSLR,2026-09-24 11:40:00-04:00,175.89,176.94,175.78,176.62,332
FSLR,2026-09-24 11:45:00-04:00,176.62,177.99,176.5,177.71,602
FSLR,2026-09-24 11:50:00-04:00,177.58,178.1,177.56,177.77,176
FSLR,2026-09-24 11:55:00-04:00,177.83,178.08,177.23,177.6,274
FSLR,2026-09-24 12:00:00-04:00,177.4,177.6,177.1,177.34,156
FSLR,2026-09-24 12:05:00-04:00,177.43,177.45,176.83,176.93,204
FSLR,2026-09-24 12:10:00-04:00,176.93,177.88,176.63,177.88,269
FSLR,2026-09-24 12:15:00-04:00,177.9,179.62,177.72,179.13,595
FSLR,2026-09-24 12:20:00-04:00,179.15,179.47,178.23,178.23,320
FSLR,2026-09-24 12:25:00-04:00,178.32,178.57,177.54,177.92,401
FSLR,2026-09-24 12:30:00-04:00,178.05,178.05,176.41,176.41,344
FSLR,2026-09-24 12:35:00-04:00,176.48,177.0,176.34,176.6,329
FSLR,2026-09-24 12:40:00-04:00,176.53,177.37,176.5,176.71,333
FSLR,2026-09-24 12:45:00-04:00,176.67,176.67,176.01,176.38,432
FSLR,2026-09-24 12:50:00-04:00,176.38,176.62,175.92,176.6,521
FSLR,2026-09-24 12:55:00-04:00,176.5,177.27,176.46,177.03,465
FSLR,2026-09-24 13:00:00-04:00,176.87,177.35,176.45,177.17,325
FSLR,2026-09-24 13:05:00-04:00,177.19,177.38,176.5,176.71,291
FSLR,2026-09-24 13:10:00-04:00,176.71,177.36,176.4,177.35,346
FSLR,2026-09-24 13:15:00-04:00,177.3,177.45,176.69,176.78,419
FSLR,2026-09-24 13:20:00-04:00,176.77,177.23,176.68,176.78,313
FSLR,2026-09-24 13:25:00-04:00,176.73,176.76,176.25,176.44,253
FSLR,2026-09-24 13:30:00-04:00,176.51,176.62,176.23,176.37,297
FSLR,2026-09-24 13:35:00-04:00,176.31,176.99,176.27,176.89,221
FSLR,2026-09-24 13:40:00-04:00,176.89,177.31,176.56,177.2,248
FSLR,2026-09-24 13:45:00-04:00,177.19,177.36,176.64,176.64,464
FSLR,2026-09-24 13:50:00-04:00,176.79,176.79,176.07,176.48,272
FSLR,2026-09-24 13:55:00-04:00,176.5,176.83,176.4,176.58,134
FSLR,2026-09-24 14:00:00-04:00,176.5,176.58,174.89,174.89,1035
FSLR,2026-09-24 14:05:00-04:00,174.88,175.29,174.5,174.8,254
FSLR,2026-09-24 14:10:00-04:00,174.96,175.1,174.53,174.73,203
FSLR,2026-09-24 14:15:00-04:00,174.76,175.15,174.43,174.72,272
FSLR,2026-09-24 14:20:00-04:00,174.58,174.95,174.3,174.63,258
FSLR,2026-09-24 14:25:00-04:00,174.52,175.19,174.51,174.65,185
FSLR,2026-09-24 14:30:00-04:00,174.54,174.77,173.8,174.0,554
FSLR,2026-09-24 14:35:00-04:00,173.8,174.47,173.6,174.34,651
FSLR,2026-09-24 14:40:00-04:00,174.26,174.3,173.69,173.94,184
FSLR,2026-09-24 14:45:00-04:00,173.9,173.92,173.46,173.64,232
FSLR,2026-09-24 14:50:00-04:00,173.62,173.87,173.44,173.48,234
FSLR,2026-09-24 14:55:00-04:00,173.42,173.6,172.86,172.95,805
FSLR,2026-09-24 15:00:00-04:00,172.91,173.07,172.53,172.7,640
FSLR,2026-09-24 15:05:00-04:00,172.71,172.8,172.0,172.06,789
FSLR,2026-09-24 15:10:00-04:00,172.02,172.26,171.58,171.65,547
FSLR,2026-09-24 15:15:00-04:00,171.65,171.85,171.48,171.65,694
FSLR,2026-09-24 15:20:00-04:00,171.65,171.72,171.18,171.66,652
FSLR,2026-09-24 15:25:00-04:00,171.67,171.89,171.01,171.01,664
FSLR,2026-09-24 15:30:00-04:00,171.02,171.83,170.8,171.75,1081
FSLR,2026-09-24 15:35:00-04:00,171.86,172.75,171.81,172.37,742
FSLR,2026-09-24 15:40:00-04:00,172.43,172.84,172.07,172.27,732
FSLR,2026-09-24 15:45:00-04:00,172.22,172.5,171.97,172.5,595
FSLR,2026-09-24 15:50:00-04:00,172.4,172.53,171.58,172.31,1657
FSLR,2026-09-24 15:55:00-04:00,172.31,172.5,171.82,172.16,2145
FSLR,2026-09-24 16:00:00-04:00,172.16,173.11,172.15,172.16,4417
FSLR,2026-09-24 16:05:00-04:00,172.47,172.49,172.3,172.49,22
FSLR,2026-09-24 16:10:00-04:00,172.22,172.87,172.22,172.67,4
FSLR,2026-09-24 16:15:00-04:00,172.5,172.5,172.25,172.43,7
FSLR,2026-09-24 16:20:00-04:00,172.55,172.69,172.5,172.69,7
FSLR,2026-09-24 16:25:00-04:00,172.27,172.44,172.27,172.44,5
FSLR,2026-09-24 16:30:00-04:00,172.58,172.66,172.53,172.53,6
FSLR,2026-09-24 16:35:00-04:00,172.65,172.69,172.5,172.69,21
FSLR,2026-09-24 16:40:00-04:00,172.8,172.88,172.8,172.86,9
FSLR,2026-09-24 16:45:00-04:00,172.86,172.86,172.86,172.86,0
FSLR,2026-09-24 16:50:00-04:00,172.65,172.69,172.65,172.69,3
FSLR,2026-09-24 16:55:00-04:00,172.82,173.0,172.82,173.0,35
FSLR,2026-09-24 17:00:00-04:00,173.05,173.09,173.05,173.07,6
FSLR,2026-09-24 17:05:00-04:00,172.75,172.87,172.75,172.76,7
FSLR,2026-09-24 17:10:00-04:00,172.87,172.87,172.87,172.87,1
FSLR,2026-09-24 17:15:00-04:00,172.8,172.8,172.8,172.8,2
FSLR,2026-09-24 17:20:00-04:00,172.88,173.0,172.8,172.98,13
FSLR,2026-09-24 17:25:00-04:00,172.8,173.05,172.8,173.05,10
FSLR,2026-09-24 17:30:00-04:00,173.06,173.06,173.0,173.01,15
FSLR,2026-09-24 17:35:00-04:00,173.06,173.06,173.06,173.06,1
FSLR,2026-09-24 17:40:00-04:00,173.1,173.1,173.1,173.1,2
FSLR,2026-09-24 17:45:00-04:00,173.1,173.74,173.1,173.6,17
FSLR,2026-09-24 17:50:00-04:00,173.6,173.6,173.6,173.6,2
FSLR,2026-09-24 17:55:00-04:00,173.29,173.3,173.29,173.3,3
FSLR,2026-09-24 18:00:00-04:00,173.35,173.35,173.35,173.35,1
FSLR,2026-09-24 18:05:00-04:00,173.4,173.4,173.37,173.37,6
FSLR,2026-09-24 18:10:00-04:00,173.35,173.35,173.35,173.35,2
FSLR,2026-09-24 18:15:00-04:00,173.32,173.32,173.16,173.16,2
FSLR,2026-09-24 18:20:00-04:00,173.13,173.13,173.13,173.13,11
FSLR,2026-09-24 18:25:00-04:00,173.13,173.13,173.13,173.13,0
GOOGL,2026-09-22 04:00:00-04:00,357.2,357.69,356.4,356.83,1314
GOOGL,2026-09-22 04:05:00-04:00,356.89,357.59,356.42,356.98,92
GOOGL,2026-09-22 04:10:00-04:00,357.13,357.57,357.07,357.55,684
GOOGL,2026-09-22 04:15:00-04:00,357.36,357.55,356.76,357.36,633
GOOGL,2026-09-22 04:20:00-04:00,357.38,357.49,357.14,357.49,102
GOOGL,2026-09-22 04:25:00-04:00,357.31,357.5,356.77,356.95,61
GOOGL,2026-09-22 04:30:00-04:00,356.87,356.87,356.29,356.44,69
GOOGL,2026-09-22 04:35:00-04:00,356.3,356.87,356.3,356.87,40
GOOGL,2026-09-22 04:40:00-04:00,357.0,357.31,357.0,357.31,47
GOOGL,2026-09-22 04:45:00-04:00,357.17,357.93,357.17,357.93,194
GOOGL,2026-09-22 04:50:00-04:00,357.94,358.5,357.8,358.47,147
GOOGL,2026-09-22 04:55:00-04:00,358.47,358.55,358.16,358.27,84
GOOGL,2026-09-22 05:00:00-04:00,358.31,358.47,358.09,358.13,58
GOOGL,2026-09-22 05:05:00-04:00,358.13,358.25,358.1,358.1,48
GOOGL,2026-09-22 05:10:00-04:00,358.3,358.3,357.99,357.99,22
GOOGL,2026-09-22 05:15:00-04:00,357.99,358.15,357.99,358.07,39
GOOGL,2026-09-22 05:20:00-04:00,358.16,358.26,358.05,358.05,15
GOOGL,2026-09-22 05:25:00-04:00,358.03,358.22,358.03,358.19,18
GOOGL,2026-09-22 05:30:00-04:00,358.29,358.61,358.29,358.6,94
GOOGL,2026-09-22 05:35:00-04:00,358.66,358.67,358.44,358.58,53
GOOGL,2026-09-22 05:40:00-04:00,358.58,358.63,358.5,358.57,44
GOOGL,2026-09-22 05:45:00-04:00,358.56,359.0,358.56,358.89,71
GOOGL,2026-09-22 05:50:00-04:00,358.88,359.0,358.66,358.85,210
GOOGL,2026-09-22 05:55:00-04:00,358.7,359.1,358.7,359.09,79
GOOGL,2026-09-22 06:00:00-04:00,359.05,359.05,357.19,358.0,451
GOOGL,2026-09-22 06:05:00-04:00,357.83,357.99,357.5,357.5,75
GOOGL,2026-09-22 06:10:00-04:00,357.51,357.84,357.3,357.43,81
GOOGL,2026-09-22 06:15:00-04:00,357.61,357.65,357.5,357.65,20
GOOGL,2026-09-22 06:20:00-04:00,357.65,357.65,356.6,357.3,204
GOOGL,2026-09-22 06:25:00-04:00,357.49,357.58,357.34,357.5,56
GOOGL,2026-09-22 06:30:00-04:00,357.58,357.58,357.27,357.27,21
GOOGL,2026-09-22 06:35:00-04:00,357.25,357.43,357.22,357.43,19
GOOGL,2026-09-22 06:40:00-04:00,357.22,357.5,357.22,357.5,45
GOOGL,2026-09-22 06:45:00-04:00,357.44,357.44,357.22,357.33,30
GOOGL,2026-09-22 06:50:00-04:00,357.26,357.49,357.22,357.4,44
GOOGL,2026-09-22 06:55:00-04:00,357.43,357.5,357.26,357.4,6
GOOGL,2026-09-22 07:00:00-04:00,357.39,357.4,356.86,356.86,202
GOOGL,2026-09-22 07:05:00-04:00,357.15,357.25,356.78,356.9,68
GOOGL,2026-09-22 07:10:00-04:00,356.9,356.99,356.75,356.92,65
GOOGL,2026-09-22 07:15:00-04:00,356.91,356.97,356.85,356.85,19
GOOGL,2026-09-22 07:20:00-04:00,356.81,357.34,356.8,357.3,91
GOOGL,2026-09-22 07:25:00-04:00,357.41,357.41,356.88,356.94,144
GOOGL,2026-09-22 07:30:00-04:00,356.98,357.05,356.89,356.97,65
GOOGL,2026-09-22 07:35:00-04:00,356.97,357.16,356.9,357.16,167
GOOGL,2026-09-22 07:40:00-04:00,357.18,357.25,356.91,356.91,185
GOOGL,2026-09-22 07:45:00-04:00,356.91,357.14,356.84,357.14,44
GOOGL,2026-09-22 07:50:00-04:00,357.15,357.15,357.0,357.13,84
GOOGL,2026-09-22 07:55:00-04:00,357.13,357.13,356.48,356.57,139
GOOGL,2026-09-22 08:00:00-04:00,356.6,356.8,356.6,356.8,47
GOOGL,2026-09-22 08:05:00-04:00,356.79,356.84,356.27,356.35,175
GOOGL,2026-09-22 08:10:00-04:00,356.52,356.53,356.22,356.35,148
GOOGL,2026-09-22 08:15:00-04:00,356.25,356.31,356.0,356.07,171
GOOGL,2026-09-22 08:20:00-04:00,356.15,356.2,356.07,356.17,96
GOOGL,2026-09-22 08:25:00-04:00,356.18,356.37,356.09,356.26,117
GOOGL,2026-09-22 08:30:00-04:00,356.25,356.5,356.25,356.37,106
GOOGL,2026-09-22 08:35:00-04:00,356.44,356.5,356.25,356.36,93
GOOGL,2026-09-22 08:40:00-04:00,356.38,356.48,356.29,356.31,102
GOOGL,2026-09-22 08:45:00-04:00,356.33,356.81,356.32,356.71,337
GOOGL,2026-09-22 08:50:00-04:00,356.71,356.74,356.43,356.62,83
GOOGL,2026-09-22 08:55:00-04:00,356.6,356.6,356.3,356.3,39
GOOGL,2026-09-22 09:00:00-04:00,356.29,356.55,356.25,356.25,58
GOOGL,2026-09-22 09:05:00-04:00,356.25,356.37,356.04,356.37,147
GOOGL,2026-09-22 09:10:00-04:00,356.45,356.94,356.25,356.94,103
GOOGL,2026-09-22 09:15:00-04:00,356.8,357.0,356.7,356.86,98
GOOGL,2026-09-22 09:20:00-04:00,356.82,356.94,356.4,356.46,155
GOOGL,2026-09-22 09:25:00-04:00,356.59,357.75,356.46,357.75,823
GOOGL,2026-09-22 09:30:00-04:00,357.75,359.95,357.15,359.94,22787
GOOGL,2026-09-22 09:35:00-04:00,359.91,361.11,359.02,360.92,17222
GOOGL,2026-09-22 09:40:00-04:00,360.92,361.9,360.27,361.73,9760
GOOGL,2026-09-22 09:45:00-04:00,361.75,363.67,361.19,363.43,14987
GOOGL,2026-09-22 09:50:00-04:00,363.51,364.17,361.02,361.17,16239
GOOGL,2026-09-22 09:55:00-04:00,361.12,361.73,359.81,360.2,11558
GOOGL,2026-09-22 10:00:00-04:00,360.24,360.89,359.44,359.8,9027
GOOGL,2026-09-22 10:05:00-04:00,359.84,361.09,359.34,360.31,17475
GOOGL,2026-09-22 10:10:00-04:00,360.31,361.59,359.8,361.12,10301
GOOGL,2026-09-22 10:15:00-04:00,361.1,361.75,360.74,360.9,8039
GOOGL,2026-09-22 10:20:00-04:00,360.85,362.18,360.79,361.61,10051
GOOGL,2026-09-22 10:25:00-04:00,361.61,362.15,361.2,362.05,7168
GOOGL,2026-09-22 10:30:00-04:00,362.05,362.13,361.55,361.62,5123
GOOGL,2026-09-22 10:35:00-04:00,361.64,361.69,360.89,361.15,5485
GOOGL,2026-09-22 10:40:00-04:00,361.14,361.58,360.39,361.53,5766
GOOGL,2026-09-22 10:45:00-04:00,361.48,361.87,360.82,361.64,5712
GOOGL,2026-09-22 10:50:00-04:00,361.67,361.73,360.82,360.83,3470
GOOGL,2026-09-22 10:55:00-04:00,360.91,360.95,359.54,360.0,4744
GOOGL,2026-09-22 11:00:00-04:00,360.06,360.14,358.91,359.19,5988
GOOGL,2026-09-22 11:05:00-04:00,359.2,359.22,358.63,358.78,4885
GOOGL,2026-09-22 11:10:00-04:00,358.8,358.88,357.96,358.45,4136
GOOGL,2026-09-22 11:15:00-04:00,358.5,358.65,358.12,358.38,4072
GOOGL,2026-09-22 11:20:00-04:00,358.3,358.61,358.15,358.37,2458
GOOGL,2026-09-22 11:25:00-04:00,358.34,358.47,357.71,357.74,3304
GOOGL,2026-09-22 11:30:00-04:00,357.72,357.74,356.5,356.6,8165
GOOGL,2026-09-22 11:35:00-04:00,356.62,357.16,356.25,356.48,6759
GOOGL,2026-09-22 11:40:00-04:00,356.45,356.73,355.98,356.09,4398
GOOGL,2026-09-22 11:45:00-04:00,356.09,356.28,355.92,356.0,3984
GOOGL,2026-09-22 11:50:00-04:00,356.0,356.0,355.36,355.4,4947
GOOGL,2026-09-22 11:55:00-04:00,355.42,355.77,355.13,355.37,5386
GOOGL,2026-09-22 12:00:00-04:00,355.39,355.54,354.19,354.68,8721
GOOGL,2026-09-22 12:05:00-04:00,354.69,354.87,353.75,354.2,6209
GOOGL,2026-09-22 12:10:00-04:00,354.14,354.25,353.03,353.05,5197
GOOGL,2026-09-22 12:15:00-04:00,353.06,353.64,352.75,353.55,6463
GOOGL,2026-09-22 12:20:00-04:00,353.55,353.63,352.5,352.54,5712
GOOGL,2026-09-22 12:25:00-04:00,352.53,353.05,352.06,352.08,5701
GOOGL,2026-09-22 12:30:00-04:00,352.08,352.15,350.22,351.64,14053
GOOGL,2026-09-22 12:35:00-04:00,351.66,351.87,350.66,351.33,6025
GOOGL,2026-09-22 12:40:00-04:00,351.34,351.89,350.68,351.57,5913
GOOGL,2026-09-22 12:45:00-04:00,351.5,351.6,350.83,351.06,4598
GOOGL,2026-09-22 12:50:00-04:00,351.03,351.25,350.7,350.95,4466
GOOGL,2026-09-22 12:55:00-04:00,350.95,351.12,350.63,350.88,4611
GOOGL,2026-09-22 13:00:00-04:00,350.88,351.23,350.63,351.07,4293
GOOGL,2026-09-22 13:05:00-04:00,351.06,351.35,350.65,350.88,5444
GOOGL,2026-09-22 13:10:00-04:00,350.89,351.5,350.27,351.4,6085
GOOGL,2026-09-22 13:15:00-04:00,351.41,352.04,351.19,352.03,7535
GOOGL,2026-09-22 13:20:00-04:00,352.04,352.7,351.87,352.24,6937
GOOGL,2026-09-22 13:25:00-04:00,352.26,352.84,352.23,352.45,3812
GOOGL,2026-09-22 13:30:00-04:00,352.37,352.46,351.84,351.85,3448
GOOGL,2026-09-22 13:35:00-04:00,351.84,351.95,351.34,351.61,2860
GOOGL,2026-09-22 13:40:00-04:00,351.62,351.89,351.2,351.83,3365
GOOGL,2026-09-22 13:45:00-04:00,351.79,352.24,351.65,352.23,2355
GOOGL,2026-09-22 13:50:00-04:00,352.25,353.01,352.05,352.88,4547
GOOGL,2026-09-22 13:55:00-04:00,352.89,353.8,352.73,353.53,5536
GOOGL,2026-09-22 14:00:00-04:00,353.53,353.87,353.17,353.22,2932
GOOGL,2026-09-22 14:05:00-04:00,353.26,353.42,352.93,353.15,2594
GOOGL,2026-09-22 14:10:00-04:00,353.15,353.17,352.8,352.94,2038
GOOGL,2026-09-22 14:15:00-04:00,352.96,353.28,352.93,353.08,2060
GOOGL,2026-09-22 14:20:00-04:00,353.07,353.22,352.9,353.18,1471
GOOGL,2026-09-22 14:25:00-04:00,353.19,353.23,352.8,352.84,2599
GOOGL,2026-09-22 14:30:00-04:00,352.83,353.05,352.7,353.04,2450
GOOGL,2026-09-22 14:35:00-04:00,353.03,353.07,352.71,352.83,1820
GOOGL,2026-09-22 14:40:00-04:00,352.81,353.81,352.8,353.5,3261
GOOGL,2026-09-22 14:45:00-04:00,353.53,353.62,353.29,353.35,2699
GOOGL,2026-09-22 14:50:00-04:00,353.34,353.42,352.95,352.95,2780
GOOGL,2026-09-22 14:55:00-04:00,352.96,352.97,352.2,352.43,4314
GOOGL,2026-09-22 15:00:00-04:00,352.46,352.57,351.94,352.03,3164
GOOGL,2026-09-22 15:05:00-04:00,352.02,352.32,351.88,352.16,2850
GOOGL,2026-09-22 15:10:00-04:00,352.16,352.59,352.13,352.41,4796
GOOGL,2026-09-22 15:15:00-04:00,352.43,352.9,352.41,352.71,3257
GOOGL,2026-09-22 15:20:00-04:00,352.72,353.08,352.57,353.05,3759
GOOGL,2026-09-22 15:25:00-04:00,353.05,353.33,353.0,353.27,3154
GOOGL,2026-09-22 15:30:00-04:00,353.27,353.48,353.17,353.45,3588
GOOGL,2026-09-22 15:35:00-04:00,353.46,353.67,352.77,352.81,4474
GOOGL,2026-09-22 15:40:00-04:00,352.82,352.91,352.45,352.5,5418
GOOGL,2026-09-22 15:45:00-04:00,352.53,352.56,351.94,352.37,7328
GOOGL,2026-09-22 15:50:00-04:00,352.36,352.62,351.5,351.73,13118
GOOGL,2026-09-22 15:55:00-04:00,351.71,351.71,350.93,351.19,26588
GOOGL,2026-09-22 16:00:00-04:00,351.16,351.49,351.05,351.12,90980
GOOGL,2026-09-22 16:05:00-04:00,351.15,351.5,351.11,351.47,198
GOOGL,2026-09-22 16:10:00-04:00,351.48,351.5,351.32,351.41,173
GOOGL,2026-09-22 16:15:00-04:00,351.35,351.5,351.32,351.43,108
GOOGL,2026-09-22 16:20:00-04:00,351.43,351.43,351.31,351.39,83
GOOGL,2026-09-22 16:25:00-04:00,351.35,351.49,351.35,351.48,76
GOOGL,2026-09-22 16:30:00-04:00,351.43,351.5,351.38,351.45,48
GOOGL,2026-09-22 16:35:00-04:00,351.49,351.64,351.43,351.64,109
GOOGL,2026-09-22 16:40:00-04:00,351.51,351.8,351.51,351.68,81
GOOGL,2026-09-22 16:45:00-04:00,351.77,351.78,351.44,351.44,97
GOOGL,2026-09-22 16:50:00-04:00,351.59,351.6,351.4,351.58,53
GOOGL,2026-09-22 16:55:00-04:00,351.58,351.71,351.55,351.64,35
GOOGL,2026-09-22 17:00:00-04:00,351.66,351.8,351.66,351.73,184
GOOGL,2026-09-22 17:05:00-04:00,351.75,352.0,351.75,351.9,46
GOOGL,2026-09-22 17:10:00-04:00,351.81,351.83,351.68,351.7,54
GOOGL,2026-09-22 17:15:00-04:00,351.77,351.77,351.7,351.7,27
GOOGL,2026-09-22 17:20:00-04:00,351.7,351.9,351.69,351.76,196
GOOGL,2026-09-22 17:25:00-04:00,351.78,351.88,351.78,351.86,107
GOOGL,2026-09-22 17:30:00-04:00,351.9,352.05,351.83,352.05,98
GOOGL,2026-09-22 17:35:00-04:00,352.01,352.42,352.0,352.39,292
GOOGL,2026-09-22 17:40:00-04:00,352.39,352.39,352.0,352.17,226
GOOGL,2026-09-22 17:45:00-04:00,352.18,352.2,352.1,352.19,94
GOOGL,2026-09-22 17:50:00-04:00,352.2,352.22,352.11,352.19,86
GOOGL,2026-09-22 17:55:00-04:00,352.1,352.2,352.1,352.17,30
GOOGL,2026-09-22 18:00:00-04:00,352.17,352.39,352.17,352.37,163
GOOGL,2026-09-22 18:05:00-04:00,352.28,352.7,352.28,352.62,83
GOOGL,2026-09-22 18:10:00-04:00,352.68,352.78,352.5,352.78,118
GOOGL,2026-09-22 18:15:00-04:00,352.77,352.77,352.6,352.61,110
GOOGL,2026-09-22 18:20:00-04:00,352.65,352.76,352.6,352.67,69
GOOGL,2026-09-22 18:25:00-04:00,352.68,352.69,352.58,352.59,67
GOOGL,2026-09-22 18:30:00-04:00,352.67,352.68,352.53,352.58,77
GOOGL,2026-09-22 18:35:00-04:00,352.56,352.59,352.56,352.59,6
GOOGL,2026-09-22 18:40:00-04:00,352.57,352.57,352.11,352.45,91
GOOGL,2026-09-22 18:45:00-04:00,352.33,352.35,352.13,352.24,44
GOOGL,2026-09-22 18:50:00-04:00,352.3,352.43,352.0,352.42,108
GOOGL,2026-09-22 18:55:00-04:00,352.32,352.42,352.2,352.33,31
GOOGL,2026-09-22 19:00:00-04:00,352.33,352.45,352.33,352.45,51
GOOGL,2026-09-22 19:05:00-04:00,352.38,352.57,352.37,352.44,75
GOOGL,2026-09-22 19:10:00-04:00,352.38,352.47,352.33,352.4,21
GOOGL,2026-09-22 19:15:00-04:00,352.4,352.5,352.34,352.48,40
GOOGL,2026-09-22 19:20:00-04:00,352.46,352.5,352.37,352.45,77
GOOGL,2026-09-22 19:25:00-04:00,352.44,352.45,352.35,352.45,146
GOOGL,2026-09-22 19:30:00-04:00,352.44,352.45,352.33,352.33,75
GOOGL,2026-09-22 19:35:00-04:00,352.33,352.33,352.0,352.18,121
GOOGL,2026-09-22 19:40:00-04:00,352.18,352.35,352.11,352.16,27
GOOGL,2026-09-22 19:45:00-04:00,352.12,352.25,352.07,352.12,38
GOOGL,2026-09-22 19:50:00-04:00,352.0,352.15,352.0,352.1,33
GOOGL,2026-09-22 19:55:00-04:00,352.11,352.2,351.53,351.8,207
GOOGL,2026-09-23 04:00:00-04:00,352.2,353.01,352.2,352.4,987
GOOGL,2026-09-23 04:05:00-04:00,352.82,353.22,352.45,352.85,56
GOOGL,2026-09-23 04:10:00-04:00,353.0,353.0,352.77,352.77,11
GOOGL,2026-09-23 04:15:00-04:00,352.85,352.85,352.67,352.67,9
GOOGL,2026-09-23 04:20:00-04:00,352.62,352.66,352.62,352.66,8
GOOGL,2026-09-23 04:25:00-04:00,352.58,352.67,352.58,352.65,8
GOOGL,2026-09-23 04:30:00-04:00,352.68,352.78,352.6,352.6,46
GOOGL,2026-09-23 04:35:00-04:00,352.57,352.57,352.42,352.42,37
GOOGL,2026-09-23 04:40:00-04:00,352.41,352.49,352.41,352.45,22
GOOGL,2026-09-23 04:45:00-04:00,352.5,352.5,352.49,352.5,13
GOOGL,2026-09-23 04:50:00-04:00,352.47,352.47,352.39,352.4,15
GOOGL,2026-09-23 04:55:00-04:00,352.4,352.4,352.4,352.4,0
GOOGL,2026-09-23 05:00:00-04:00,352.43,352.6,352.43,352.6,50
GOOGL,2026-09-23 05:05:00-04:00,352.6,352.6,352.52,352.56,9
GOOGL,2026-09-23 05:10:00-04:00,352.59,352.59,352.58,352.59,1
GOOGL,2026-09-23 05:15:00-04:00,352.52,352.52,352.51,352.52,1
GOOGL,2026-09-23 05:20:00-04:00,352.44,352.51,352.43,352.51,7
GOOGL,2026-09-23 05:25:00-04:00,352.51,352.51,352.35,352.35,13
GOOGL,2026-09-23 05:30:00-04:00,352.3,352.4,352.25,352.4,16
GOOGL,2026-09-23 05:35:00-04:00,352.2,352.23,352.2,352.2,15
GOOGL,2026-09-23 05:40:00-04:00,352.2,352.23,352.19,352.19,4
GOOGL,2026-09-23 05:45:00-04:00,352.51,352.51,352.21,352.24,6
GOOGL,2026-09-23 05:50:00-04:00,352.38,352.64,352.38,352.64,36
GOOGL,2026-09-23 05:55:00-04:00,352.5,352.5,352.5,352.5,1
GOOGL,2026-09-23 06:00:00-04:00,352.65,352.68,352.49,352.62,19
GOOGL,2026-09-23 06:05:00-04:00,352.54,352.72,352.54,352.72,11
GOOGL,2026-09-23 06:10:00-04:00,352.83,352.95,352.82,352.95,6
GOOGL,2026-09-23 06:15:00-04:00,352.9,352.97,352.9,352.97,21
GOOGL,2026-09-23 06:20:00-04:00,352.99,353.07,352.9,353.07,12
GOOGL,2026-09-23 06:25:00-04:00,353.07,353.19,352.94,353.0,14
GOOGL,2026-09-23 06:30:00-04:00,352.94,352.94,352.78,352.78,21
GOOGL,2026-09-23 06:35:00-04:00,352.71,352.84,352.71,352.83,15
GOOGL,2026-09-23 06:40:00-04:00,352.83,352.83,352.83,352.83,0
GOOGL,2026-09-23 06:45:00-04:00,352.83,352.83,352.7,352.7,15
GOOGL,2026-09-23 06:50:00-04:00,352.8,352.9,352.76,352.9,10
GOOGL,2026-09-23 06:55:00-04:00,352.95,352.95,352.95,352.95,2
GOOGL,2026-09-23 07:00:00-04:00,352.87,352.95,352.23,352.28,218
GOOGL,2026-09-23 07:05:00-04:00,352.21,352.31,352.14,352.27,37
GOOGL,2026-09-23 07:10:00-04:00,352.2,352.3,351.85,351.95,81
GOOGL,2026-09-23 07:15:00-04:00,351.99,352.15,351.96,352.1,26
GOOGL,2026-09-23 07:20:00-04:00,352.16,352.2,351.91,351.91,59
GOOGL,2026-09-23 07:25:00-04:00,351.83,352.0,351.5,351.52,140
GOOGL,2026-09-23 07:30:00-04:00,351.55,351.56,351.15,351.17,162
GOOGL,2026-09-23 07:35:00-04:00,351.03,351.16,350.77,350.9,118
GOOGL,2026-09-23 07:40:00-04:00,350.9,350.99,350.56,350.78,207
GOOGL,2026-09-23 07:45:00-04:00,350.9,351.2,350.7,351.19,186
GOOGL,2026-09-23 07:50:00-04:00,351.2,351.2,350.95,351.0,114
GOOGL,2026-09-23 07:55:00-04:00,351.05,351.1,350.8,350.9,83
GOOGL,2026-09-23 08:00:00-04:00,351.06,351.23,350.9,350.96,60
GOOGL,2026-09-23 08:05:00-04:00,351.0,351.16,350.8,351.0,94
GOOGL,2026-09-23 08:10:00-04:00,350.92,351.0,350.5,350.65,106
GOOGL,2026-09-23 08:15:00-04:00,350.76,350.85,350.53,350.58,46
GOOGL,2026-09-23 08:20:00-04:00,350.6,350.7,350.34,350.38,106
GOOGL,2026-09-23 08:25:00-04:00,350.33,350.4,350.22,350.4,42
GOOGL,2026-09-23 08:30:00-04:00,350.54,350.71,350.42,350.42,174
GOOGL,2026-09-23 08:35:00-04:00,350.69,350.76,350.6,350.72,288
GOOGL,2026-09-23 08:40:00-04:00,350.58,350.71,350.22,350.22,173
GOOGL,2026-09-23 08:45:00-04:00,350.29,350.35,349.7,349.71,646
GOOGL,2026-09-23 08:50:00-04:00,349.75,349.82,348.84,349.65,530
GOOGL,2026-09-23 08:55:00-04:00,349.61,350.09,349.6,349.89,172
GOOGL,2026-09-23 09:00:00-04:00,349.95,350.15,349.86,350.05,122
GOOGL,2026-09-23 09:05:00-04:00,350.05,350.8,350.0,350.31,148
GOOGL,2026-09-23 09:10:00-04:00,350.42,351.16,350.28,350.47,459
GOOGL,2026-09-23 09:15:00-04:00,350.43,350.49,350.24,350.33,102
GOOGL,2026-09-23 09:20:00-04:00,350.21,350.41,349.77,350.1,315
GOOGL,2026-09-23 09:25:00-04:00,350.02,350.85,349.3,349.76,894
GOOGL,2026-09-23 09:30:00-04:00,349.59,350.0,347.73,347.74,24147
GOOGL,2026-09-23 09:35:00-04:00,347.75,348.23,345.81,346.82,12850
GOOGL,2026-09-23 09:40:00-04:00,346.81,347.2,346.08,346.92,9200
GOOGL,2026-09-23 09:45:00-04:00,346.88,347.0,345.89,346.08,8865
GOOGL,2026-09-23 09:50:00-04:00,346.08,346.24,345.02,345.04,8449
GOOGL,2026-09-23 09:55:00-04:00,345.02,345.06,343.27,343.65,15703
GOOGL,2026-09-23 10:00:00-04:00,343.65,343.78,341.87,342.99,19428
GOOGL,2026-09-23 10:05:00-04:00,342.94,343.27,341.71,341.94,14887
GOOGL,2026-09-23 10:10:00-04:00,341.95,342.09,341.38,341.5,9928
GOOGL,2026-09-23 10:15:00-04:00,341.5,341.68,340.19,340.49,15828
GOOGL,2026-09-23 10:20:00-04:00,340.49,341.23,340.13,341.16,12437
GOOGL,2026-09-23 10:25:00-04:00,341.19,341.62,340.76,341.21,11763
GOOGL,2026-09-23 10:30:00-04:00,341.23,342.04,341.04,341.85,7665
GOOGL,2026-09-23 10:35:00-04:00,341.86,341.97,341.27,341.62,5716
GOOGL,2026-09-23 10:40:00-04:00,341.61,341.88,341.22,341.87,5135
GOOGL,2026-09-23 10:45:00-04:00,341.87,342.15,341.69,341.78,5931
GOOGL,2026-09-23 10:50:00-04:00,341.78,342.38,341.45,342.13,14593
GOOGL,2026-09-23 10:55:00-04:00,342.14,342.76,341.9,342.66,6502
GOOGL,2026-09-23 11:00:00-04:00,342.68,342.73,341.73,342.4,8484
GOOGL,2026-09-23 11:05:00-04:00,342.4,342.4,341.82,342.17,5540
GOOGL,2026-09-23 11:10:00-04:00,342.18,342.47,341.29,341.52,7626
GOOGL,2026-09-23 11:15:00-04:00,341.52,341.86,341.15,341.6,5972
GOOGL,2026-09-23 11:20:00-04:00,341.57,341.85,341.21,341.33,6336
GOOGL,2026-09-23 11:25:00-04:00,341.31,341.55,340.78,341.02,7358
GOOGL,2026-09-23 11:30:00-04:00,341.02,341.03,340.56,340.7,5823
GOOGL,2026-09-23 11:35:00-04:00,340.69,341.06,340.51,340.91,6218
GOOGL,2026-09-23 11:40:00-04:00,340.9,341.14,340.46,340.91,5190
GOOGL,2026-09-23 11:45:00-04:00,340.92,341.08,340.44,340.5,5092
GOOGL,2026-09-23 11:50:00-04:00,340.49,340.74,340.27,340.74,4469
GOOGL,2026-09-23 11:55:00-04:00,340.73,341.28,340.42,340.66,5759
GOOGL,2026-09-23 12:00:00-04:00,340.66,340.87,340.51,340.79,2880
GOOGL,2026-09-23 12:05:00-04:00,340.79,341.0,340.38,340.8,4715
GOOGL,2026-09-23 12:10:00-04:00,340.79,340.82,340.6,340.72,3045
GOOGL,2026-09-23 12:15:00-04:00,340.7,340.81,340.11,340.23,5049
GOOGL,2026-09-23 12:20:00-04:00,340.23,340.28,339.48,339.81,7526
GOOGL,2026-09-23 12:25:00-04:00,339.8,340.01,338.88,338.96,8931
GOOGL,2026-09-23 12:30:00-04:00,338.96,339.13,338.51,339.09,9157
GOOGL,2026-09-23 12:35:00-04:00,339.1,339.48,338.8,338.81,7221
GOOGL,2026-09-23 12:40:00-04:00,338.81,339.01,338.44,338.52,5251
GOOGL,2026-09-23 12:45:00-04:00,338.51,338.95,338.41,338.64,4911
GOOGL,2026-09-23 12:50:00-04:00,338.62,338.66,337.78,337.8,9517
GOOGL,2026-09-23 12:55:00-04:00,337.79,338.28,337.73,337.98,5961
GOOGL,2026-09-23 13:00:00-04:00,337.97,338.31,337.88,338.09,5462
GOOGL,2026-09-23 13:05:00-04:00,338.1,338.57,338.04,338.51,5237
GOOGL,2026-09-23 13:10:00-04:00,338.53,338.53,337.78,337.92,5360
GOOGL,2026-09-23 13:15:00-04:00,337.9,338.33,337.84,338.17,3774
GOOGL,2026-09-23 13:20:00-04:00,338.15,338.55,337.91,337.93,5048
GOOGL,2026-09-23 13:25:00-04:00,337.91,338.42,337.86,338.37,2610
GOOGL,2026-09-23 13:30:00-04:00,338.35,338.45,338.05,338.34,2951
GOOGL,2026-09-23 13:35:00-04:00,338.35,338.36,338.0,338.22,3097
GOOGL,2026-09-23 13:40:00-04:00,338.21,338.97,338.0,338.65,4016
GOOGL,2026-09-23 13:45:00-04:00,338.64,339.3,338.61,339.01,4529
GOOGL,2026-09-23 13:50:00-04:00,339.01,339.08,338.73,338.88,3715
GOOGL,2026-09-23 13:55:00-04:00,338.89,339.38,338.72,339.29,3926
GOOGL,2026-09-23 14:00:00-04:00,339.28,339.28,338.85,339.11,2926
GOOGL,2026-09-23 14:05:00-04:00,339.1,339.27,338.91,339.23,2330
GOOGL,2026-09-23 14:10:00-04:00,339.24,339.76,339.22,339.71,3357
GOOGL,2026-09-23 14:15:00-04:00,339.72,339.89,339.62,339.72,2921
GOOGL,2026-09-23 14:20:00-04:00,339.72,339.84,339.5,339.83,2445
GOOGL,2026-09-23 14:25:00-04:00,339.82,339.93,339.68,339.79,2685
GOOGL,2026-09-23 14:30:00-04:00,339.76,339.76,339.17,339.29,3367
GOOGL,2026-09-23 14:35:00-04:00,339.3,339.32,339.0,339.08,3290
GOOGL,2026-09-23 14:40:00-04:00,339.09,339.44,338.87,339.37,3924
GOOGL,2026-09-23 14:45:00-04:00,339.37,339.64,339.17,339.49,3169
GOOGL,2026-09-23 14:50:00-04:00,339.49,339.5,339.01,339.08,3188
GOOGL,2026-09-23 14:55:00-04:00,339.07,339.23,339.03,339.08,2089
GOOGL,2026-09-23 15:00:00-04:00,339.08,339.31,339.01,339.13,3017
GOOGL,2026-09-23 15:05:00-04:00,339.12,339.36,339.05,339.26,2782
GOOGL,2026-09-23 15:10:00-04:00,339.26,339.59,339.05,339.21,3862
GOOGL,2026-09-23 15:15:00-04:00,339.2,339.36,339.05,339.15,3410
GOOGL,2026-09-23 15:20:00-04:00,339.09,339.21,338.89,339.08,5053
GOOGL,2026-09-23 15:25:00-04:00,339.08,339.18,338.93,339.03,3851
GOOGL,2026-09-23 15:30:00-04:00,339.05,339.47,338.92,339.36,4680
GOOGL,2026-09-23 15:35:00-04:00,339.35,339.35,338.37,338.38,6062
GOOGL,2026-09-23 15:40:00-04:00,338.37,338.44,337.82,338.11,8940
GOOGL,2026-09-23 15:45:00-04:00,338.11,338.23,337.95,338.22,8368
GOOGL,2026-09-23 15:50:00-04:00,338.21,338.26,337.45,337.66,18307
GOOGL,2026-09-23 15:55:00-04:00,337.67,338.07,337.59,337.86,42416
GOOGL,2026-09-23 16:00:00-04:00,337.85,338.5,337.83,338.13,126271
GOOGL,2026-09-23 16:05:00-04:00,338.08,338.15,337.89,337.99,600
GOOGL,2026-09-23 16:10:00-04:00,337.97,338.24,337.96,338.24,130
GOOGL,2026-09-23 16:15:00-04:00,338.24,338.26,337.83,338.18,3492
GOOGL,2026-09-23 16:20:00-04:00,338.17,338.21,338.12,338.15,191
GOOGL,2026-09-23 16:25:00-04:00,338.17,338.28,338.15,338.27,230
GOOGL,2026-09-23 16:30:00-04:00,338.28,338.58,338.27,338.55,344
GOOGL,2026-09-23 16:35:00-04:00,338.53,338.75,338.53,338.65,394
GOOGL,2026-09-23 16:40:00-04:00,338.7,338.7,338.6,338.7,99
GOOGL,2026-09-23 16:45:00-04:00,338.7,338.7,338.6,338.69,97
GOOGL,2026-09-23 16:50:00-04:00,338.65,338.7,338.61,338.7,118
GOOGL,2026-09-23 16:55:00-04:00,338.69,338.69,338.54,338.64,70
GOOGL,2026-09-23 17:00:00-04:00,338.63,338.66,338.59,338.62,74
GOOGL,2026-09-23 17:05:00-04:00,338.62,338.62,338.56,338.62,109
GOOGL,2026-09-23 17:10:00-04:00,338.61,338.62,338.55,338.55,59
GOOGL,2026-09-23 17:15:00-04:00,338.55,338.55,338.16,338.3,225
GOOGL,2026-09-23 17:20:00-04:00,338.4,338.6,338.31,338.59,67
GOOGL,2026-09-23 17:25:00-04:00,338.59,338.68,338.52,338.66,113
GOOGL,2026-09-23 17:30:00-04:00,338.68,338.68,338.6,338.66,95
GOOGL,2026-09-23 17:35:00-04:00,338.66,338.79,338.66,338.79,129
GOOGL,2026-09-23 17:40:00-04:00,338.8,338.9,338.8,338.9,247
GOOGL,2026-09-23 17:45:00-04:00,338.88,339.3,338.87,339.11,237
GOOGL,2026-09-23 17:50:00-04:00,339.17,339.18,338.98,339.02,98
GOOGL,2026-09-23 17:55:00-04:00,339.01,339.02,338.74,338.79,90
GOOGL,2026-09-23 18:00:00-04:00,338.76,338.97,338.76,338.88,195
GOOGL,2026-09-23 18:05:00-04:00,338.86,338.97,338.77,338.97,114
GOOGL,2026-09-23 18:10:00-04:00,338.97,339.17,338.97,339.11,144
GOOGL,2026-09-23 18:15:00-04:00,339.11,339.24,339.0,339.24,178
GOOGL,2026-09-23 18:20:00-04:00,339.21,339.25,339.02,339.14,45
GOOGL,2026-09-23 18:25:00-04:00,339.13,339.18,338.98,339.0,216
GOOGL,2026-09-23 18:30:00-04:00,338.99,339.19,338.98,339.03,45
GOOGL,2026-09-23 18:35:00-04:00,339.19,339.19,339.07,339.16,45
GOOGL,2026-09-23 18:40:00-04:00,339.15,339.19,339.14,339.14,46
GOOGL,2026-09-23 18:45:00-04:00,339.12,339.17,339.1,339.17,63
GOOGL,2026-09-23 18:50:00-04:00,339.17,339.18,339.09,339.16,147
GOOGL,2026-09-23 18:55:00-04:00,339.11,339.15,339.03,339.03,89
GOOGL,2026-09-23 19:00:00-04:00,339.03,339.35,339.01,339.34,120
GOOGL,2026-09-23 19:05:00-04:00,339.29,339.35,339.21,339.25,89
GOOGL,2026-09-23 19:10:00-04:00,339.25,339.3,339.01,339.11,51
GOOGL,2026-09-23 19:15:00-04:00,339.09,339.16,338.9,338.9,100
GOOGL,2026-09-23 19:20:00-04:00,339.1,339.11,338.9,339.02,36
GOOGL,2026-09-23 19:25:00-04:00,339.03,339.1,339.0,339.0,48
GOOGL,2026-09-23 19:30:00-04:00,339.02,339.19,338.95,338.99,86
GOOGL,2026-09-23 19:35:00-04:00,338.9,338.94,338.8,338.82,63
GOOGL,2026-09-23 19:40:00-04:00,338.9,338.95,338.8,338.9,131
GOOGL,2026-09-23 19:45:00-04:00,338.88,338.97,338.86,338.95,37
GOOGL,2026-09-23 19:50:00-04:00,338.87,339.15,338.8,339.05,207
GOOGL,2026-09-23 19:55:00-04:00,339.05,339.1,338.81,339.05,183
GOOGL,2026-09-24 04:00:00-04:00,338.77,341.28,338.24,338.6,2996
GOOGL,2026-09-24 04:05:00-04:00,338.6,340.32,338.08,338.08,167
GOOGL,2026-09-24 04:10:00-04:00,338.04,338.1,337.63,337.85,277
GOOGL,2026-09-24 04:15:00-04:00,338.0,338.43,337.85,338.29,164
GOOGL,2026-09-24 04:20:00-04:00,338.1,338.17,337.88,338.01,52
GOOGL,2026-09-24 04:25:00-04:00,338.12,338.12,337.6,337.68,91
GOOGL,2026-09-24 04:30:00-04:00,337.6,338.0,337.18,337.18,307
GOOGL,2026-09-24 04:35:00-04:00,337.14,337.3,336.71,336.8,253
GOOGL,2026-09-24 04:40:00-04:00,336.83,336.99,336.4,336.85,331
GOOGL,2026-09-24 04:45:00-04:00,336.96,337.06,336.51,336.67,137
GOOGL,2026-09-24 04:50:00-04:00,336.67,336.67,336.0,336.27,289
GOOGL,2026-09-24 04:55:00-04:00,336.29,336.77,336.15,336.55,169
GOOGL,2026-09-24 05:00:00-04:00,336.65,336.91,336.52,336.71,60
GOOGL,2026-09-24 05:05:00-04:00,336.71,337.1,336.69,336.93,172
GOOGL,2026-09-24 05:10:00-04:00,336.88,336.98,336.64,336.68,62
GOOGL,2026-09-24 05:15:00-04:00,336.61,336.95,336.61,336.9,50
GOOGL,2026-09-24 05:20:00-04:00,336.85,336.95,335.96,336.21,561
GOOGL,2026-09-24 05:25:00-04:00,336.18,336.33,336.03,336.1,39
GOOGL,2026-09-24 05:30:00-04:00,336.06,336.49,336.05,336.49,64
GOOGL,2026-09-24 05:35:00-04:00,336.35,336.41,336.3,336.41,6
GOOGL,2026-09-24 05:40:00-04:00,336.5,336.56,335.93,335.93,222
GOOGL,2026-09-24 05:45:00-04:00,335.93,336.4,335.55,336.36,194
GOOGL,2026-09-24 05:50:00-04:00,336.37,336.47,336.18,336.2,46
GOOGL,2026-09-24 05:55:00-04:00,336.23,336.57,336.23,336.55,28
GOOGL,2026-09-24 06:00:00-04:00,336.64,336.89,336.58,336.58,107
GOOGL,2026-09-24 06:05:00-04:00,336.6,336.7,336.57,336.6,30
GOOGL,2026-09-24 06:10:00-04:00,336.63,336.99,336.62,336.99,21
GOOGL,2026-09-24 06:15:00-04:00,337.01,337.3,336.96,337.15,166
GOOGL,2026-09-24 06:20:00-04:00,337.14,337.14,336.99,337.0,173
GOOGL,2026-09-24 06:25:00-04:00,336.76,337.23,336.76,337.04,49
GOOGL,2026-09-24 06:30:00-04:00,336.86,336.9,336.67,336.8,34
GOOGL,2026-09-24 06:35:00-04:00,336.91,337.44,336.8,337.44,79
GOOGL,2026-09-24 06:40:00-04:00,337.26,337.45,337.26,337.32,71
GOOGL,2026-09-24 06:45:00-04:00,337.4,337.4,337.13,337.28,94
GOOGL,2026-09-24 06:50:00-04:00,337.3,337.3,337.03,337.3,46
GOOGL,2026-09-24 06:55:00-04:00,337.2,337.2,337.2,337.2,1
GOOGL,2026-09-24 07:00:00-04:00,337.19,337.3,336.48,336.5,362
GOOGL,2026-09-24 07:05:00-04:00,336.47,336.58,336.1,336.13,162
GOOGL,2026-09-24 07:10:00-04:00,336.11,336.58,336.1,336.58,89
GOOGL,2026-09-24 07:15:00-04:00,336.68,336.77,336.22,336.29,98
GOOGL,2026-09-24 07:20:00-04:00,336.19,336.29,335.61,335.88,192
GOOGL,2026-09-24 07:25:00-04:00,335.89,335.92,335.36,335.77,197
GOOGL,2026-09-24 07:30:00-04:00,335.8,335.85,335.43,335.43,213
GOOGL,2026-09-24 07:35:00-04:00,335.58,335.58,335.08,335.13,144
GOOGL,2026-09-24 07:40:00-04:00,335.13,335.57,335.13,335.51,163
GOOGL,2026-09-24 07:45:00-04:00,335.57,335.9,335.4,335.4,311
GOOGL,2026-09-24 07:50:00-04:00,335.4,335.5,335.2,335.5,124
GOOGL,2026-09-24 07:55:00-04:00,335.31,335.87,335.31,335.71,226
GOOGL,2026-09-24 08:00:00-04:00,335.73,335.79,335.41,335.56,56
GOOGL,2026-09-24 08:05:00-04:00,335.53,335.71,335.41,335.53,192
GOOGL,2026-09-24 08:10:00-04:00,335.64,335.69,335.51,335.68,139
GOOGL,2026-09-24 08:15:00-04:00,335.81,335.87,335.53,335.77,70
GOOGL,2026-09-24 08:20:00-04:00,335.82,336.2,335.82,336.16,171
GOOGL,2026-09-24 08:25:00-04:00,336.13,336.41,335.88,335.95,239
GOOGL,2026-09-24 08:30:00-04:00,335.96,336.09,335.72,335.85,99
GOOGL,2026-09-24 08:35:00-04:00,335.89,336.35,335.89,336.31,478
GOOGL,2026-09-24 08:40:00-04:00,336.29,336.67,336.25,336.67,178
GOOGL,2026-09-24 08:45:00-04:00,336.7,337.05,336.7,336.78,230
GOOGL,2026-09-24 08:50:00-04:00,336.77,336.85,336.61,336.85,110
GOOGL,2026-09-24 08:55:00-04:00,336.97,337.38,336.87,337.33,210
GOOGL,2026-09-24 09:00:00-04:00,337.35,338.1,337.33,338.01,496
GOOGL,2026-09-24 09:05:00-04:00,338.11,338.68,337.5,338.4,879
GOOGL,2026-09-24 09:10:00-04:00,338.35,338.43,338.06,338.2,414
GOOGL,2026-09-24 09:15:00-04:00,338.12,338.15,337.81,338.01,193
GOOGL,2026-09-24 09:20:00-04:00,338.16,338.38,338.0,338.0,252
GOOGL,2026-09-24 09:25:00-04:00,337.9,338.07,336.05,336.38,828
GOOGL,2026-09-24 09:30:00-04:00,336.22,338.33,336.02,337.5,22202
GOOGL,2026-09-24 09:35:00-04:00,337.5,339.57,337.33,338.75,15610
GOOGL,2026-09-24 09:40:00-04:00,338.75,338.99,337.02,337.51,12043
GOOGL,2026-09-24 09:45:00-04:00,337.48,338.5,337.21,338.22,6620
GOOGL,2026-09-24 09:50:00-04:00,338.22,338.31,337.52,337.85,4381
GOOGL,2026-09-24 09:55:00-04:00,337.82,338.0,337.19,337.73,6365
GOOGL,2026-09-24 10:00:00-04:00,337.7,338.89,337.66,338.43,5644
GOOGL,2026-09-24 10:05:00-04:00,338.42,339.75,338.39,339.64,7586
GOOGL,2026-09-24 10:10:00-04:00,339.67,339.8,338.25,338.61,6256
GOOGL,2026-09-24 10:15:00-04:00,338.6,339.0,338.29,338.78,4378
GOOGL,2026-09-24 10:20:00-04:00,338.81,339.48,338.74,339.36,6644
GOOGL,2026-09-24 10:25:00-04:00,339.36,339.74,339.15,339.27,4505
GOOGL,2026-09-24 10:30:00-04:00,339.27,339.55,338.57,338.9,5423
GOOGL,2026-09-24 10:35:00-04:00,338.91,339.25,338.68,339.11,2783
GOOGL,2026-09-24 10:40:00-04:00,339.13,339.13,338.28,338.31,3458
GOOGL,2026-09-24 10:45:00-04:00,338.32,338.97,338.24,338.84,2453
GOOGL,2026-09-24 10:50:00-04:00,338.84,340.3,338.84,340.02,6950
GOOGL,2026-09-24 10:55:00-04:00,340.04,340.1,338.68,338.99,5102
GOOGL,2026-09-24 11:00:00-04:00,339.0,339.09,338.33,338.48,3295
GOOGL,2026-09-24 11:05:00-04:00,338.47,338.5,337.46,337.55,6227
GOOGL,2026-09-24 11:10:00-04:00,337.56,338.22,337.35,337.55,4107
GOOGL,2026-09-24 11:15:00-04:00,337.54,338.1,337.44,337.88,3046
GOOGL,2026-09-24 11:20:00-04:00,337.85,339.1,337.81,339.07,3054
GOOGL,2026-09-24 11:25:00-04:00,339.07,339.13,338.07,338.23,3228
GOOGL,2026-09-24 11:30:00-04:00,338.2,338.49,337.9,338.39,2506
GOOGL,2026-09-24 11:35:00-04:00,338.39,338.94,338.38,338.54,3017
GOOGL,2026-09-24 11:40:00-04:00,338.54,338.62,337.74,338.37,2647
GOOGL,2026-09-24 11:45:00-04:00,338.37,338.39,337.71,337.93,3100
GOOGL,2026-09-24 11:50:00-04:00,337.94,338.53,337.81,338.52,3298
GOOGL,2026-09-24 11:55:00-04:00,338.52,339.33,338.35,339.29,3961
GOOGL,2026-09-24 12:00:00-04:00,339.27,339.59,338.93,339.5,2948
GOOGL,2026-09-24 12:05:00-04:00,339.5,339.69,339.21,339.43,3032
GOOGL,2026-09-24 12:10:00-04:00,339.4,340.3,339.39,340.25,4282
GOOGL,2026-09-24 12:15:00-04:00,340.25,342.11,340.2,341.11,9841
GOOGL,2026-09-24 12:20:00-04:00,341.13,341.41,340.55,340.75,5611
GOOGL,2026-09-24 12:25:00-04:00,340.77,341.23,340.28,340.91,4518
GOOGL,2026-09-24 12:30:00-04:00,340.87,341.55,340.57,341.35,4087
GOOGL,2026-09-24 12:35:00-04:00,341.37,341.78,341.15,341.72,3442
GOOGL,2026-09-24 12:40:00-04:00,341.74,342.3,341.51,341.68,6532
GOOGL,2026-09-24 12:45:00-04:00,341.67,342.4,341.4,342.14,5165
GOOGL,2026-09-24 12:50:00-04:00,342.18,342.44,342.02,342.34,5363
GOOGL,2026-09-24 12:55:00-04:00,342.33,343.09,342.13,342.6,5731
GOOGL,2026-09-24 13:00:00-04:00,342.54,342.81,342.04,342.65,3637
GOOGL,2026-09-24 13:05:00-04:00,342.66,342.83,342.33,342.4,2824
GOOGL,2026-09-24 13:10:00-04:00,342.37,342.86,342.02,342.77,3280
GOOGL,2026-09-24 13:15:00-04:00,342.79,342.79,341.86,341.98,3213
GOOGL,2026-09-24 13:20:00-04:00,341.97,342.01,341.64,341.73,2486
GOOGL,2026-09-24 13:25:00-04:00,341.73,341.76,340.94,341.47,2826
GOOGL,2026-09-24 13:30:00-04:00,341.5,341.64,341.05,341.1,1711
GOOGL,2026-09-24 13:35:00-04:00,341.1,341.57,341.06,341.36,1583
GOOGL,2026-09-24 13:40:00-04:00,341.36,341.52,340.9,341.09,1873
GOOGL,2026-09-24 13:45:00-04:00,341.07,341.34,340.98,341.15,1352
GOOGL,2026-09-24 13:50:00-04:00,341.15,341.31,340.92,341.22,1975
GOOGL,2026-09-24 13:55:00-04:00,341.25,341.6,341.16,341.56,1461
GOOGL,2026-09-24 14:00:00-04:00,341.53,341.73,341.23,341.49,2219
GOOGL,2026-09-24 14:05:00-04:00,341.49,342.44,341.49,342.16,3131
GOOGL,2026-09-24 14:10:00-04:00,342.19,342.43,342.03,342.31,2117
GOOGL,2026-09-24 14:15:00-04:00,342.35,342.67,342.07,342.13,2908
GOOGL,2026-09-24 14:20:00-04:00,342.12,342.14,341.81,341.88,1906
GOOGL,2026-09-24 14:25:00-04:00,341.89,342.25,341.77,341.79,2233
GOOGL,2026-09-24 14:30:00-04:00,341.8,342.22,341.7,342.1,2311
GOOGL,2026-09-24 14:35:00-04:00,342.11,342.54,341.95,342.29,2686
GOOGL,2026-09-24 14:40:00-04:00,342.29,342.5,342.11,342.24,1875
GOOGL,2026-09-24 14:45:00-04:00,342.23,342.56,342.2,342.35,2372
GOOGL,2026-09-24 14:50:00-04:00,342.32,342.42,342.03,342.11,2385
GOOGL,2026-09-24 14:55:00-04:00,342.13,342.26,341.7,341.73,2032
GOOGL,2026-09-24 15:00:00-04:00,341.71,341.88,341.36,341.43,3155
GOOGL,2026-09-24 15:05:00-04:00,341.41,341.49,341.14,341.2,3578
GOOGL,2026-09-24 15:10:00-04:00,341.19,341.64,340.99,341.53,5321
GOOGL,2026-09-24 15:15:00-04:00,341.53,341.9,341.49,341.78,3859
GOOGL,2026-09-24 15:20:00-04:00,341.8,342.06,341.57,341.94,2220
GOOGL,2026-09-24 15:25:00-04:00,341.96,342.09,341.81,342.05,2426
GOOGL,2026-09-24 15:30:00-04:00,342.05,342.13,341.65,341.79,3528
GOOGL,2026-09-24 15:35:00-04:00,341.79,341.9,341.66,341.85,3022
GOOGL,2026-09-24 15:40:00-04:00,341.85,342.24,341.75,342.06,4158
GOOGL,2026-09-24 15:45:00-04:00,342.06,342.19,341.67,342.15,4164
GOOGL,2026-09-24 15:50:00-04:00,342.15,342.77,341.97,342.52,10807
GOOGL,2026-09-24 15:55:00-04:00,342.52,343.02,342.32,342.33,23376
GOOGL,2026-09-24 16:00:00-04:00,342.36,342.5,342.0,342.1,77750
GOOGL,2026-09-24 16:05:00-04:00,342.02,342.24,342.01,342.09,140
GOOGL,2026-09-24 16:10:00-04:00,342.05,342.19,342.0,342.03,130
GOOGL,2026-09-24 16:15:00-04:00,342.06,342.06,341.51,341.74,105
GOOGL,2026-09-24 16:20:00-04:00,341.8,341.94,341.63,341.76,66
GOOGL,2026-09-24 16:25:00-04:00,341.76,341.76,341.23,341.38,50
GOOGL,2026-09-24 16:30:00-04:00,341.27,341.71,341.27,341.71,62
GOOGL,2026-09-24 16:35:00-04:00,341.54,341.74,341.5,341.69,68
GOOGL,2026-09-24 16:40:00-04:00,341.5,341.6,341.5,341.6,53
GOOGL,2026-09-24 16:45:00-04:00,341.7,341.99,341.7,341.9,24
GOOGL,2026-09-24 16:50:00-04:00,341.85,341.97,341.84,341.84,36
GOOGL,2026-09-24 16:55:00-04:00,341.95,342.15,341.8,342.15,138
GOOGL,2026-09-24 17:00:00-04:00,342.09,342.09,342.0,342.0,9
GOOGL,2026-09-24 17:05:00-04:00,341.8,341.96,341.8,341.83,18
GOOGL,2026-09-24 17:10:00-04:00,341.82,341.99,341.81,341.94,28
GOOGL,2026-09-24 17:15:00-04:00,341.88,341.95,341.82,341.82,19
GOOGL,2026-09-24 17:20:00-04:00,341.77,341.77,341.72,341.74,7
GOOGL,2026-09-24 17:25:00-04:00,341.74,341.85,341.74,341.85,13
GOOGL,2026-09-24 17:30:00-04:00,341.81,341.81,341.7,341.7,10
GOOGL,2026-09-24 17:35:00-04:00,341.81,341.81,341.78,341.78,4
GOOGL,2026-09-24 17:40:00-04:00,341.73,341.81,341.73,341.81,9
GOOGL,2026-09-24 17:45:00-04:00,341.89,342.0,341.88,341.88,63
GOOGL,2026-09-24 17:50:00-04:00,341.95,341.95,341.67,341.85,94
GOOGL,2026-09-24 17:55:00-04:00,341.66,341.72,341.54,341.55,90
GOOGL,2026-09-24 18:00:00-04:00,341.92,341.92,341.52,341.74,18
GOOGL,2026-09-24 18:05:00-04:00,341.7,341.7,341.46,341.5,66
GOOGL,2026-09-24 18:10:00-04:00,341.67,341.87,341.67,341.68,22
GOOGL,2026-09-24 18:15:00-04:00,341.7,341.7,341.65,341.65,14
GOOGL,2026-09-24 18:20:00-04:00,341.5,341.7,341.38,341.41,65
JPM,2026-09-22 04:00:00-04:00,351.95,352.25,351.8,352.25,46
JPM,2026-09-22 04:05:00-04:00,352.25,352.25,352.25,352.25,0
JPM,2026-09-22 04:10:00-04:00,352.25,352.25,352.25,352.25,0
JPM,2026-09-22 04:15:00-04:00,352.25,352.25,352.25,352.25,0
JPM,2026-09-22 04:20:00-04:00,352.25,352.25,352.25,352.25,0
JPM,2026-09-22 04:25:00-04:00,352.25,352.25,352.25,352.25,0
JPM,2026-09-22 04:30:00-04:00,352.25,352.25,352.25,352.25,0
JPM,2026-09-22 04:35:00-04:00,352.25,352.25,352.25,352.25,0
JPM,2026-09-22 04:40:00-04:00,352.25,352.25,352.25,352.25,0
JPM,2026-09-22 04:45:00-04:00,352.25,352.25,352.25,352.25,0
JPM,2026-09-22 04:50:00-04:00,352.25,352.25,352.25,352.25,0
JPM,2026-09-22 04:55:00-04:00,352.25,352.25,352.25,352.25,0
JPM,2026-09-22 05:00:00-04:00,352.25,352.25,352.25,352.25,0
JPM,2026-09-22 05:05:00-04:00,352.25,352.25,352.25,352.25,0
JPM,2026-09-22 05:10:00-04:00,352.25,352.25,352.25,352.25,0
JPM,2026-09-22 05:15:00-04:00,352.25,352.25,352.25,352.25,0
JPM,2026-09-22 05:20:00-04:00,352.25,352.25,352.25,352.25,0
JPM,2026-09-22 05:25:00-04:00,352.25,352.25,352.25,352.25,0
JPM,2026-09-22 05:30:00-04:00,352.25,352.25,352.25,352.25,0
JPM,2026-09-22 05:35:00-04:00,352.25,352.25,352.25,352.25,0
JPM,2026-09-22 05:40:00-04:00,352.25,352.25,352.25,352.25,0
JPM,2026-09-22 05:45:00-04:00,351.84,351.84,351.84,351.84,12
JPM,2026-09-22 05:50:00-04:00,351.93,351.93,351.93,351.93,7
JPM,2026-09-22 05:55:00-04:00,351.93,351.93,351.93,351.93,0
JPM,2026-09-22 06:00:00-04:00,351.93,351.93,351.93,351.93,0
JPM,2026-09-22 06:05:00-04:00,351.93,351.93,351.93,351.93,0
JPM,2026-09-22 06:10:00-04:00,352.5,352.5,352.5,352.5,50
JPM,2026-09-22 06:15:00-04:00,352.5,352.5,352.5,352.5,0
JPM,2026-09-22 06:20:00-04:00,352.5,352.5,352.5,352.5,0
JPM,2026-09-22 06:25:00-04:00,352.5,352.5,352.5,352.5,0
JPM,2026-09-22 06:30:00-04:00,352.5,352.5,352.5,352.5,0
JPM,2026-09-22 06:35:00-04:00,352.5,352.5,352.5,352.5,0
JPM,2026-09-22 06:40:00-04:00,352.5,352.5,352.5,352.5,0
JPM,2026-09-22 06:45:00-04:00,352.5,352.5,352.5,352.5,0
JPM,2026-09-22 06:50:00-04:00,352.5,352.5,352.5,352.5,0
JPM,2026-09-22 06:55:00-04:00,352.5,352.5,352.5,352.5,0
JPM,2026-09-22 07:00:00-04:00,352.39,352.39,352.39,352.39,1
JPM,2026-09-22 07:05:00-04:00,352.39,352.39,352.39,352.39,0
JPM,2026-09-22 07:10:00-04:00,352.39,352.39,352.39,352.39,0
JPM,2026-09-22 07:15:00-04:00,352.39,352.39,352.39,352.39,0
JPM,2026-09-22 07:20:00-04:00,352.2,352.2,352.2,352.2,1
JPM,2026-09-22 07:25:00-04:00,352.19,352.2,352.19,352.19,2
JPM,2026-09-22 07:30:00-04:00,352.19,352.19,352.19,352.19,0
JPM,2026-09-22 07:35:00-04:00,352.74,352.74,352.67,352.68,8
JPM,2026-09-22 07:40:00-04:00,352.68,352.68,352.68,352.68,0
JPM,2026-09-22 07:45:00-04:00,352.75,352.75,352.75,352.75,2
JPM,2026-09-22 07:50:00-04:00,353.18,353.18,353.17,353.18,1
JPM,2026-09-22 07:55:00-04:00,353.0,353.0,353.0,353.0,58
JPM,2026-09-22 08:00:00-04:00,353.22,353.22,353.22,353.22,1
JPM,2026-09-22 08:05:00-04:00,352.7,352.7,352.51,352.51,3
JPM,2026-09-22 08:10:00-04:00,352.51,352.51,352.51,352.51,0
JPM,2026-09-22 08:15:00-04:00,352.51,352.51,352.51,352.51,0
JPM,2026-09-22 08:20:00-04:00,352.51,352.51,352.51,352.51,0
JPM,2026-09-22 08:25:00-04:00,352.73,352.73,352.73,352.73,3
JPM,2026-09-22 08:30:00-04:00,352.73,352.73,352.73,352.73,0
JPM,2026-09-22 08:35:00-04:00,353.0,353.0,352.61,352.61,2
JPM,2026-09-22 08:40:00-04:00,352.98,352.98,352.98,352.98,1
JPM,2026-09-22 08:45:00-04:00,352.88,353.0,352.88,353.0,5
JPM,2026-09-22 08:50:00-04:00,353.0,353.0,353.0,353.0,0
JPM,2026-09-22 08:55:00-04:00,352.71,352.84,352.65,352.71,74
JPM,2026-09-22 09:00:00-04:00,352.71,352.8,352.71,352.8,3
JPM,2026-09-22 09:05:00-04:00,352.8,352.8,352.8,352.8,0
JPM,2026-09-22 09:10:00-04:00,352.98,352.99,352.98,352.99,3
JPM,2026-09-22 09:15:00-04:00,352.77,352.82,352.77,352.82,6
JPM,2026-09-22 09:20:00-04:00,352.86,353.0,352.86,353.0,3
JPM,2026-09-22 09:25:00-04:00,352.52,352.52,352.19,352.19,23
JPM,2026-09-22 09:30:00-04:00,352.0,352.11,349.66,350.05,2513
JPM,2026-09-22 09:35:00-04:00,350.16,350.5,349.01,349.89,2271
JPM,2026-09-22 09:40:00-04:00,349.9,349.99,347.5,348.38,2135
JPM,2026-09-22 09:45:00-04:00,348.47,348.47,346.15,346.22,2566
JPM,2026-09-22 09:50:00-04:00,346.26,346.26,343.93,344.28,4409
JPM,2026-09-22 09:55:00-04:00,344.28,345.09,343.5,343.66,3420
JPM,2026-09-22 10:00:00-04:00,343.7,345.5,343.5,344.6,2566
JPM,2026-09-22 10:05:00-04:00,344.72,344.81,342.87,343.03,2772
JPM,2026-09-22 10:10:00-04:00,343.06,343.57,341.84,342.04,2887
JPM,2026-09-22 10:15:00-04:00,342.04,342.18,340.87,341.86,6016
JPM,2026-09-22 10:20:00-04:00,341.74,342.4,341.31,341.53,2532
JPM,2026-09-22 10:25:00-04:00,341.48,341.85,340.41,340.61,3174
JPM,2026-09-22 10:30:00-04:00,340.61,340.8,339.88,339.91,3057
JPM,2026-09-22 10:35:00-04:00,339.94,341.04,339.84,340.05,2672
JPM,2026-09-22 10:40:00-04:00,340.02,340.19,339.5,339.62,2981
JPM,2026-09-22 10:45:00-04:00,339.56,340.02,338.8,339.25,3739
JPM,2026-09-22 10:50:00-04:00,339.25,339.61,338.6,338.81,2007
JPM,2026-09-22 10:55:00-04:00,338.81,339.28,338.4,338.67,3274
JPM,2026-09-22 11:00:00-04:00,338.72,339.37,338.59,339.07,2070
JPM,2026-09-22 11:05:00-04:00,339.1,339.68,338.85,338.88,2751
JPM,2026-09-22 11:10:00-04:00,338.88,338.94,337.58,337.65,5182
JPM,2026-09-22 11:15:00-04:00,337.65,337.95,337.5,337.63,3030
JPM,2026-09-22 11:20:00-04:00,337.64,337.99,337.3,337.7,3056
JPM,2026-09-22 11:25:00-04:00,337.66,337.88,337.35,337.65,2156
JPM,2026-09-22 11:30:00-04:00,337.54,338.03,337.54,337.79,2681
JPM,2026-09-22 11:35:00-04:00,337.77,338.97,337.73,338.89,4164
JPM,2026-09-22 11:40:00-04:00,338.87,339.47,338.63,338.7,2404
JPM,2026-09-22 11:45:00-04:00,338.74,339.19,337.99,338.31,1818
JPM,2026-09-22 11:50:00-04:00,338.31,339.06,338.12,339.03,1532
JPM,2026-09-22 11:55:00-04:00,339.02,339.25,338.7,339.12,2198
JPM,2026-09-22 12:00:00-04:00,339.13,340.02,339.12,339.4,1959
JPM,2026-09-22 12:05:00-04:00,339.4,339.72,339.14,339.53,2083
JPM,2026-09-22 12:10:00-04:00,339.53,340.31,339.25,340.27,1273
JPM,2026-09-22 12:15:00-04:00,340.23,341.0,339.68,340.69,2700
JPM,2026-09-22 12:20:00-04:00,340.68,340.89,339.75,339.88,2862
JPM,2026-09-22 12:25:00-04:00,339.92,340.13,339.64,340.07,1059
JPM,2026-09-22 12:30:00-04:00,340.11,340.52,340.03,340.22,1609
JPM,2026-09-22 12:35:00-04:00,340.17,340.41,340.01,340.3,814
JPM,2026-09-22 12:40:00-04:00,340.28,340.49,339.93,339.98,967
JPM,2026-09-22 12:45:00-04:00,340.0,340.26,339.8,340.22,948
JPM,2026-09-22 12:50:00-04:00,340.23,340.39,340.0,340.08,884
JPM,2026-09-22 12:55:00-04:00,340.1,340.32,340.06,340.15,880
JPM,2026-09-22 13:00:00-04:00,340.2,340.32,340.0,340.06,1220
JPM,2026-09-22 13:05:00-04:00,340.06,340.26,339.87,340.11,1140
JPM,2026-09-22 13:10:00-04:00,340.13,340.13,339.86,340.0,743
JPM,2026-09-22 13:15:00-04:00,340.0,340.0,339.55,339.74,1106
JPM,2026-09-22 13:20:00-04:00,339.75,340.01,339.67,339.91,946
JPM,2026-09-22 13:25:00-04:00,339.91,340.33,339.66,340.26,1492
JPM,2026-09-22 13:30:00-04:00,340.31,340.7,340.28,340.48,1582
JPM,2026-09-22 13:35:00-04:00,340.45,340.56,340.27,340.36,882
JPM,2026-09-22 13:40:00-04:00,340.37,340.61,340.32,340.57,1283
JPM,2026-09-22 13:45:00-04:00,340.57,340.88,340.56,340.7,1410
JPM,2026-09-22 13:50:00-04:00,340.7,341.12,340.5,340.99,1920
JPM,2026-09-22 13:55:00-04:00,340.99,341.27,340.74,340.8,2165
JPM,2026-09-22 14:00:00-04:00,340.76,341.0,340.24,340.4,1773
JPM,2026-09-22 14:05:00-04:00,340.42,340.47,340.04,340.42,1343
JPM,2026-09-22 14:10:00-04:00,340.46,340.81,340.32,340.39,1994
JPM,2026-09-22 14:15:00-04:00,340.4,340.59,340.1,340.35,1087
JPM,2026-09-22 14:20:00-04:00,340.35,340.94,340.32,340.81,967
JPM,2026-09-22 14:25:00-04:00,340.79,341.09,340.75,340.98,837
JPM,2026-09-22 14:30:00-04:00,340.98,341.22,340.9,341.06,1180
JPM,2026-09-22 14:35:00-04:00,341.06,341.39,340.83,341.21,1076
JPM,2026-09-22 14:40:00-04:00,341.21,341.26,340.86,341.05,753
JPM,2026-09-22 14:45:00-04:00,341.09,341.25,340.95,341.25,723
JPM,2026-09-22 14:50:00-04:00,341.24,341.41,340.9,340.98,1131
JPM,2026-09-22 14:55:00-04:00,340.99,341.1,340.62,340.77,1398
JPM,2026-09-22 15:00:00-04:00,340.78,340.91,340.62,340.8,972
JPM,2026-09-22 15:05:00-04:00,340.83,340.95,340.33,340.37,811
JPM,2026-09-22 15:10:00-04:00,340.37,340.69,340.23,340.51,2093
JPM,2026-09-22 15:15:00-04:00,340.51,340.58,340.34,340.54,1230
JPM,2026-09-22 15:20:00-04:00,340.52,340.71,340.25,340.38,1604
JPM,2026-09-22 15:25:00-04:00,340.39,340.48,340.22,340.46,1388
JPM,2026-09-22 15:30:00-04:00,340.48,340.89,340.36,340.73,1878
JPM,2026-09-22 15:35:00-04:00,340.73,340.82,340.59,340.74,1672
JPM,2026-09-22 15:40:00-04:00,340.74,340.79,340.13,340.36,1763
JPM,2026-09-22 15:45:00-04:00,340.36,340.53,340.16,340.33,2368
JPM,2026-09-22 15:50:00-04:00,340.31,340.43,339.77,339.91,4003
JPM,2026-09-22 15:55:00-04:00,339.93,340.43,339.87,340.0,13970
JPM,2026-09-22 16:00:00-04:00,340.15,340.44,339.99,340.15,48837
JPM,2026-09-22 16:05:00-04:00,340.1,340.18,340.03,340.18,18
JPM,2026-09-22 16:10:00-04:00,340.24,340.25,340.23,340.23,13
JPM,2026-09-22 16:15:00-04:00,340.03,340.29,340.0,340.22,89
JPM,2026-09-22 16:20:00-04:00,340.25,340.3,340.2,340.3,25
JPM,2026-09-22 16:25:00-04:00,340.25,340.3,340.25,340.3,13
JPM,2026-09-22 16:30:00-04:00,340.38,340.41,340.3,340.4,7
JPM,2026-09-22 16:35:00-04:00,340.49,340.5,340.4,340.5,9
JPM,2026-09-22 16:40:00-04:00,340.5,340.69,340.5,340.69,9
JPM,2026-09-22 16:45:00-04:00,340.7,340.7,340.0,340.0,1272
JPM,2026-09-22 16:50:00-04:00,340.0,340.0,340.0,340.0,0
JPM,2026-09-22 16:55:00-04:00,340.0,340.0,340.0,340.0,0
JPM,2026-09-22 17:00:00-04:00,340.58,340.59,340.58,340.58,1
JPM,2026-09-22 17:05:00-04:00,340.5,340.6,340.4,340.4,134
JPM,2026-09-22 17:10:00-04:00,340.55,340.55,340.41,340.41,9
JPM,2026-09-22 17:15:00-04:00,340.54,340.55,340.54,340.55,3
JPM,2026-09-22 17:20:00-04:00,340.5,340.6,340.5,340.5,30
JPM,2026-09-22 17:25:00-04:00,340.54,340.6,340.54,340.6,9
JPM,2026-09-22 17:30:00-04:00,340.6,340.6,340.6,340.6,0
JPM,2026-09-22 17:35:00-04:00,340.55,340.55,340.55,340.55,10
JPM,2026-09-22 17:40:00-04:00,340.59,340.6,340.57,340.6,9
JPM,2026-09-22 17:45:00-04:00,340.73,340.74,340.58,340.6,37
JPM,2026-09-22 17:50:00-04:00,340.68,340.69,340.6,340.6,7
JPM,2026-09-22 17:55:00-04:00,340.6,340.6,340.59,340.6,41
JPM,2026-09-22 18:00:00-04:00,340.6,340.6,340.55,340.55,6
JPM,2026-09-22 18:05:00-04:00,340.6,340.6,340.55,340.55,17
JPM,2026-09-22 18:10:00-04:00,340.61,340.61,340.61,340.61,7
JPM,2026-09-22 18:15:00-04:00,340.65,340.66,340.65,340.66,4
JPM,2026-09-22 18:20:00-04:00,340.6,340.71,340.6,340.69,24
JPM,2026-09-22 18:25:00-04:00,340.73,340.73,340.66,340.72,6
JPM,2026-09-22 18:30:00-04:00,340.73,340.75,340.62,340.72,17
JPM,2026-09-22 18:35:00-04:00,340.72,340.72,340.71,340.72,9
JPM,2026-09-22 18:40:00-04:00,340.74,340.75,340.59,340.6,11
JPM,2026-09-22 18:45:00-04:00,340.81,340.81,340.81,340.81,2
JPM,2026-09-22 18:50:00-04:00,340.82,340.93,340.82,340.93,8
JPM,2026-09-22 18:55:00-04:00,340.8,340.8,340.8,340.8,7
JPM,2026-09-22 19:00:00-04:00,340.8,340.8,340.8,340.8,4
JPM,2026-09-22 19:05:00-04:00,340.8,340.8,340.8,340.8,0
JPM,2026-09-22 19:10:00-04:00,340.93,340.93,340.8,340.8,8
JPM,2026-09-22 19:15:00-04:00,340.83,340.85,340.83,340.85,4
JPM,2026-09-22 19:20:00-04:00,340.9,340.91,340.81,340.83,24
JPM,2026-09-22 19:25:00-04:00,340.64,340.64,340.64,340.64,1
JPM,2026-09-22 19:30:00-04:00,340.9,340.9,340.87,340.87,11
JPM,2026-09-22 19:35:00-04:00,340.8,340.8,340.79,340.8,2
JPM,2026-09-22 19:40:00-04:00,340.89,340.9,340.89,340.89,1
JPM,2026-09-22 19:45:00-04:00,340.86,340.89,340.86,340.89,8
JPM,2026-09-22 19:50:00-04:00,340.86,340.89,340.86,340.87,13
JPM,2026-09-22 19:55:00-04:00,340.89,340.9,340.61,340.61,90
JPM,2026-09-23 04:00:00-04:00,340.91,341.3,340.62,340.96,83
JPM,2026-09-23 04:05:00-04:00,341.32,341.48,341.29,341.48,13
JPM,2026-09-23 04:10:00-04:00,341.48,341.48,341.48,341.48,0
JPM,2026-09-23 04:15:00-04:00,341.46,341.46,341.38,341.38,4
JPM,2026-09-23 04:20:00-04:00,341.34,341.41,341.34,341.41,3
JPM,2026-09-23 04:25:00-04:00,341.38,341.38,341.37,341.37,3
JPM,2026-09-23 04:30:00-04:00,341.37,341.37,341.37,341.37,0
JPM,2026-09-23 04:35:00-04:00,341.35,341.35,341.35,341.35,4
JPM,2026-09-23 04:40:00-04:00,341.35,341.35,341.35,341.35,0
JPM,2026-09-23 04:45:00-04:00,341.35,341.35,341.35,341.35,0
JPM,2026-09-23 04:50:00-04:00,341.35,341.35,341.22,341.22,2
JPM,2026-09-23 04:55:00-04:00,341.32,341.32,341.32,341.32,2
JPM,2026-09-23 05:00:00-04:00,341.34,341.34,341.34,341.34,3
JPM,2026-09-23 05:05:00-04:00,341.27,341.27,341.27,341.27,6
JPM,2026-09-23 05:10:00-04:00,341.47,341.48,341.47,341.48,2
JPM,2026-09-23 05:15:00-04:00,341.48,341.48,341.48,341.48,0
JPM,2026-09-23 05:20:00-04:00,341.33,341.33,341.33,341.33,5
JPM,2026-09-23 05:25:00-04:00,341.37,341.37,341.37,341.37,2
JPM,2026-09-23 05:30:00-04:00,341.37,341.37,341.37,341.37,0
JPM,2026-09-23 05:35:00-04:00,341.37,341.37,341.37,341.37,0
JPM,2026-09-23 05:40:00-04:00,341.33,341.33,341.33,341.33,1
JPM,2026-09-23 05:45:00-04:00,341.26,341.26,341.26,341.26,5
JPM,2026-09-23 05:50:00-04:00,341.26,341.26,341.26,341.26,0
JPM,2026-09-23 05:55:00-04:00,341.04,341.04,340.95,340.95,11
JPM,2026-09-23 06:00:00-04:00,341.01,341.1,341.01,341.08,8
JPM,2026-09-23 06:05:00-04:00,341.08,341.08,341.08,341.08,0
JPM,2026-09-23 06:10:00-04:00,341.06,341.11,341.06,341.11,122
JPM,2026-09-23 06:15:00-04:00,341.11,341.11,341.11,341.11,5
JPM,2026-09-23 06:20:00-04:00,341.14,341.14,341.09,341.09,7
JPM,2026-09-23 06:25:00-04:00,341.1,341.1,341.1,341.1,1
JPM,2026-09-23 06:30:00-04:00,341.05,341.05,340.95,340.95,11
JPM,2026-09-23 06:35:00-04:00,340.95,340.95,340.95,340.95,0
JPM,2026-09-23 06:40:00-04:00,340.95,340.95,340.95,340.95,0
JPM,2026-09-23 06:45:00-04:00,341.11,341.11,340.58,340.58,13
JPM,2026-09-23 06:50:00-04:00,341.0,341.02,341.0,341.02,8
JPM,2026-09-23 06:55:00-04:00,340.98,340.98,340.97,340.98,1
JPM,2026-09-23 07:00:00-04:00,340.98,340.98,340.72,340.72,18
JPM,2026-09-23 07:05:00-04:00,340.69,340.69,340.69,340.69,2
JPM,2026-09-23 07:10:00-04:00,340.67,340.71,340.32,340.41,42
JPM,2026-09-23 07:15:00-04:00,340.36,340.45,340.36,340.45,127
JPM,2026-09-23 07:20:00-04:00,340.45,340.59,340.3,340.46,17
JPM,2026-09-23 07:25:00-04:00,340.46,340.46,340.11,340.3,21
JPM,2026-09-23 07:30:00-04:00,340.28,340.65,340.28,340.65,6
JPM,2026-09-23 07:35:00-04:00,340.2,340.25,340.0,340.0,47
JPM,2026-09-23 07:40:00-04:00,340.0,340.0,339.99,339.99,3
JPM,2026-09-23 07:45:00-04:00,339.98,339.98,339.85,339.89,5
JPM,2026-09-23 07:50:00-04:00,339.75,339.75,339.6,339.73,14
JPM,2026-09-23 07:55:00-04:00,339.73,339.8,339.7,339.8,3
JPM,2026-09-23 08:00:00-04:00,339.7,339.78,339.4,339.4,14
JPM,2026-09-23 08:05:00-04:00,339.39,339.39,339.14,339.14,13
JPM,2026-09-23 08:10:00-04:00,339.3,339.3,339.01,339.14,21
JPM,2026-09-23 08:15:00-04:00,339.04,339.04,338.42,338.7,77
JPM,2026-09-23 08:20:00-04:00,338.57,338.57,338.0,338.26,154
JPM,2026-09-23 08:25:00-04:00,338.24,338.6,338.13,338.35,58
JPM,2026-09-23 08:30:00-04:00,338.36,338.5,338.11,338.27,48
JPM,2026-09-23 08:35:00-04:00,338.29,338.35,338.1,338.35,25
JPM,2026-09-23 08:40:00-04:00,338.36,338.37,337.6,337.8,85
JPM,2026-09-23 08:45:00-04:00,337.7,338.0,337.68,337.68,16
JPM,2026-09-23 08:50:00-04:00,338.1,338.1,337.8,337.85,18
JPM,2026-09-23 08:55:00-04:00,337.8,338.35,337.69,338.35,184
JPM,2026-09-23 09:00:00-04:00,338.3,338.3,338.01,338.3,42
JPM,2026-09-23 09:05:00-04:00,338.32,338.35,338.3,338.35,32
JPM,2026-09-23 09:10:00-04:00,338.3,338.3,338.12,338.23,29
JPM,2026-09-23 09:15:00-04:00,338.35,338.49,338.0,338.0,53
JPM,2026-09-23 09:20:00-04:00,338.0,338.0,338.0,338.0,31
JPM,2026-09-23 09:25:00-04:00,338.54,338.55,337.8,337.81,52
JPM,2026-09-23 09:30:00-04:00,337.61,339.92,336.98,338.31,4520
JPM,2026-09-23 09:35:00-04:00,338.32,339.45,337.7,338.52,2685
JPM,2026-09-23 09:40:00-04:00,338.71,338.9,337.99,338.25,1490
JPM,2026-09-23 09:45:00-04:00,338.25,338.53,337.85,337.89,2235
JPM,2026-09-23 09:50:00-04:00,337.95,339.2,337.54,338.24,2452
JPM,2026-09-23 09:55:00-04:00,338.24,338.91,338.1,338.64,2201
JPM,2026-09-23 10:00:00-04:00,338.6,338.95,338.26,338.46,1570
JPM,2026-09-23 10:05:00-04:00,338.56,340.08,338.47,340.03,2252
JPM,2026-09-23 10:10:00-04:00,340.07,340.73,339.88,340.49,1848
JPM,2026-09-23 10:15:00-04:00,340.59,340.85,340.24,340.83,1489
JPM,2026-09-23 10:20:00-04:00,340.83,341.0,340.26,340.75,1145
JPM,2026-09-23 10:25:00-04:00,340.73,341.15,340.4,340.87,1485
JPM,2026-09-23 10:30:00-04:00,341.0,341.44,340.23,340.25,1445
JPM,2026-09-23 10:35:00-04:00,340.24,340.71,340.1,340.18,1662
JPM,2026-09-23 10:40:00-04:00,340.18,340.61,340.16,340.35,1456
JPM,2026-09-23 10:45:00-04:00,340.34,340.5,339.94,340.2,1311
JPM,2026-09-23 10:50:00-04:00,340.11,340.31,339.64,339.9,1088
JPM,2026-09-23 10:55:00-04:00,339.85,339.99,338.88,338.92,1230
JPM,2026-09-23 11:00:00-04:00,338.96,339.09,338.28,338.65,961
JPM,2026-09-23 11:05:00-04:00,338.68,339.01,338.44,338.83,889
JPM,2026-09-23 11:10:00-04:00,338.83,338.99,338.43,338.48,950
JPM,2026-09-23 11:15:00-04:00,338.54,339.33,338.31,339.22,1672
JPM,2026-09-23 11:20:00-04:00,339.21,339.21,338.72,338.96,1402
JPM,2026-09-23 11:25:00-04:00,338.96,339.0,337.77,337.95,1336
JPM,2026-09-23 11:30:00-04:00,337.92,338.13,337.7,337.79,1050
JPM,2026-09-23 11:35:00-04:00,337.79,338.01,337.5,337.53,1302
JPM,2026-09-23 11:40:00-04:00,337.5,337.85,337.46,337.71,1508
JPM,2026-09-23 11:45:00-04:00,337.71,337.97,337.44,337.49,1458
JPM,2026-09-23 11:50:00-04:00,337.46,337.74,337.41,337.69,591
JPM,2026-09-23 11:55:00-04:00,337.68,337.95,337.66,337.83,733
JPM,2026-09-23 12:00:00-04:00,337.8,338.0,337.57,337.75,865
JPM,2026-09-23 12:05:00-04:00,337.76,338.14,337.71,338.08,809
JPM,2026-09-23 12:10:00-04:00,338.04,338.11,337.92,338.02,606
JPM,2026-09-23 12:15:00-04:00,337.99,338.01,337.67,337.89,578
JPM,2026-09-23 12:20:00-04:00,337.92,338.12,337.86,338.11,739
JPM,2026-09-23 12:25:00-04:00,338.12,338.39,337.9,338.35,845
JPM,2026-09-23 12:30:00-04:00,338.37,338.37,337.86,337.91,600
JPM,2026-09-23 12:35:00-04:00,337.89,337.93,337.7,337.92,547
JPM,2026-09-23 12:40:00-04:00,337.88,337.99,337.73,337.92,853
JPM,2026-09-23 12:45:00-04:00,337.92,338.0,337.64,337.75,467
JPM,2026-09-23 12:50:00-04:00,337.82,337.97,337.53,337.91,583
JPM,2026-09-23 12:55:00-04:00,337.89,338.13,337.73,338.1,791
JPM,2026-09-23 13:00:00-04:00,338.08,338.2,337.53,337.56,880
JPM,2026-09-23 13:05:00-04:00,337.54,337.82,337.35,337.62,461
JPM,2026-09-23 13:10:00-04:00,337.62,337.75,337.3,337.63,577
JPM,2026-09-23 13:15:00-04:00,337.65,338.01,337.61,337.97,931
JPM,2026-09-23 13:20:00-04:00,337.93,338.35,337.81,338.27,1453
JPM,2026-09-23 13:25:00-04:00,338.27,338.59,338.24,338.52,1115
JPM,2026-09-23 13:30:00-04:00,338.48,338.56,338.26,338.44,692
JPM,2026-09-23 13:35:00-04:00,338.44,338.44,337.74,337.84,784
JPM,2026-09-23 13:40:00-04:00,337.82,338.22,337.64,338.15,926
JPM,2026-09-23 13:45:00-04:00,338.2,338.4,338.16,338.29,414
JPM,2026-09-23 13:50:00-04:00,338.31,338.46,338.16,338.23,402
JPM,2026-09-23 13:55:00-04:00,338.18,338.33,338.03,338.32,357
JPM,2026-09-23 14:00:00-04:00,338.32,338.47,338.01,338.04,473
JPM,2026-09-23 14:05:00-04:00,338.07,338.22,337.96,338.14,798
JPM,2026-09-23 14:10:00-04:00,338.19,338.24,337.54,337.96,719
JPM,2026-09-23 14:15:00-04:00,337.93,338.0,337.81,337.81,398
JPM,2026-09-23 14:20:00-04:00,337.8,338.09,337.77,338.02,614
JPM,2026-09-23 14:25:00-04:00,338.03,338.04,337.77,337.81,379
JPM,2026-09-23 14:30:00-04:00,337.81,337.92,337.69,337.84,514
JPM,2026-09-23 14:35:00-04:00,337.82,337.82,337.53,337.53,589
JPM,2026-09-23 14:40:00-04:00,337.55,337.78,337.55,337.67,480
JPM,2026-09-23 14:45:00-04:00,337.67,337.68,337.43,337.47,1045
JPM,2026-09-23 14:50:00-04:00,337.48,337.5,337.31,337.4,696
JPM,2026-09-23 14:55:00-04:00,337.46,337.66,337.37,337.62,1278
JPM,2026-09-23 15:00:00-04:00,337.61,337.7,337.45,337.7,689
JPM,2026-09-23 15:05:00-04:00,337.7,337.97,337.61,337.89,746
JPM,2026-09-23 15:10:00-04:00,337.92,338.13,337.85,337.86,490
JPM,2026-09-23 15:15:00-04:00,337.85,337.94,337.68,337.68,590
JPM,2026-09-23 15:20:00-04:00,337.71,338.04,337.56,337.89,1180
JPM,2026-09-23 15:25:00-04:00,337.89,338.12,337.72,337.93,857
JPM,2026-09-23 15:30:00-04:00,337.91,338.04,337.83,337.92,1304
JPM,2026-09-23 15:35:00-04:00,337.91,338.03,337.82,337.98,1082
JPM,2026-09-23 15:40:00-04:00,337.98,338.16,337.74,337.79,1386
JPM,2026-09-23 15:45:00-04:00,337.76,338.22,337.56,337.62,2377
JPM,2026-09-23 15:50:00-04:00,337.64,337.87,337.3,337.61,2719
JPM,2026-09-23 15:55:00-04:00,337.65,337.83,337.19,337.79,8904
JPM,2026-09-23 16:00:00-04:00,337.77,337.79,337.53,337.56,36321
JPM,2026-09-23 16:05:00-04:00,338.13,338.13,338.12,338.13,6
JPM,2026-09-23 16:10:00-04:00,338.13,338.13,338.13,338.13,0
JPM,2026-09-23 16:15:00-04:00,337.53,337.89,337.53,337.89,1963
JPM,2026-09-23 16:20:00-04:00,337.93,338.08,337.93,338.04,4
JPM,2026-09-23 16:25:00-04:00,338.04,338.04,338.04,338.04,0
JPM,2026-09-23 16:30:00-04:00,337.66,337.66,337.65,337.66,2
JPM,2026-09-23 16:35:00-04:00,337.95,337.95,337.95,337.95,2
JPM,2026-09-23 16:40:00-04:00,337.95,337.95,337.95,337.95,0
JPM,2026-09-23 16:45:00-04:00,337.53,337.53,337.53,337.53,237
JPM,2026-09-23 16:50:00-04:00,338.01,338.01,338.0,338.0,2
JPM,2026-09-23 16:55:00-04:00,338.0,338.0,338.0,338.0,0
JPM,2026-09-23 17:00:00-04:00,337.91,337.91,337.91,337.91,1
JPM,2026-09-23 17:05:00-04:00,337.91,337.91,337.91,337.91,0
JPM,2026-09-23 17:10:00-04:00,337.9,337.9,337.9,337.9,5
JPM,2026-09-23 17:15:00-04:00,337.9,337.9,337.9,337.9,0
JPM,2026-09-23 17:20:00-04:00,337.82,337.82,337.82,337.82,18
JPM,2026-09-23 17:25:00-04:00,337.88,337.9,337.87,337.88,4
JPM,2026-09-23 17:30:00-04:00,337.9,337.9,337.9,337.9,1
JPM,2026-09-23 17:35:00-04:00,337.9,338.15,337.9,338.13,69
JPM,2026-09-23 17:40:00-04:00,338.03,338.03,338.03,338.03,1
JPM,2026-09-23 17:45:00-04:00,338.13,338.15,337.85,337.86,19
JPM,2026-09-23 17:50:00-04:00,338.24,338.24,338.19,338.19,5
JPM,2026-09-23 17:55:00-04:00,338.19,338.19,338.19,338.19,0
JPM,2026-09-23 18:00:00-04:00,338.19,338.19,338.19,338.19,0
JPM,2026-09-23 18:05:00-04:00,338.2,338.2,338.04,338.04,15
JPM,2026-09-23 18:10:00-04:00,338.2,338.25,338.08,338.08,4
JPM,2026-09-23 18:15:00-04:00,338.08,338.08,338.08,338.08,0
JPM,2026-09-23 18:20:00-04:00,338.08,338.08,338.08,338.08,0
JPM,2026-09-23 18:25:00-04:00,338.08,338.08,338.08,338.08,0
JPM,2026-09-23 18:30:00-04:00,338.08,338.08,338.08,338.08,0
JPM,2026-09-23 18:35:00-04:00,338.06,338.06,338.04,338.04,2
JPM,2026-09-23 18:40:00-04:00,338.08,338.08,338.05,338.05,2
JPM,2026-09-23 18:45:00-04:00,338.07,338.07,338.07,338.07,1
JPM,2026-09-23 18:50:00-04:00,338.06,338.14,338.06,338.14,7
JPM,2026-09-23 18:55:00-04:00,338.14,338.14,338.14,338.14,0
JPM,2026-09-23 19:00:00-04:00,338.14,338.14,338.14,338.14,0
JPM,2026-09-23 19:05:00-04:00,338.14,338.14,338.14,338.14,0
JPM,2026-09-23 19:10:00-04:00,338.04,338.13,338.03,338.13,3
JPM,2026-09-23 19:15:00-04:00,338.1,338.1,338.1,338.1,2
JPM,2026-09-23 19:20:00-04:00,338.02,338.03,338.02,338.02,1
JPM,2026-09-23 19:25:00-04:00,338.02,338.02,338.0,338.0,64
JPM,2026-09-23 19:30:00-04:00,338.0,338.01,338.0,338.0,7
JPM,2026-09-23 19:35:00-04:00,338.0,338.0,338.0,338.0,0
JPM,2026-09-23 19:40:00-04:00,338.0,338.01,337.86,338.01,24
JPM,2026-09-23 19:45:00-04:00,338.01,338.01,338.01,338.01,0
JPM,2026-09-23 19:50:00-04:00,338.01,338.01,338.01,338.01,0
JPM,2026-09-23 19:55:00-04:00,337.85,337.98,337.85,337.9,14
JPM,2026-09-24 04:00:00-04:00,337.04,337.53,337.0,337.1,6
JPM,2026-09-24 04:05:00-04:00,337.18,337.18,337.15,337.15,3
JPM,2026-09-24 04:10:00-04:00,337.22,337.23,337.02,337.02,10
JPM,2026-09-24 04:15:00-04:00,337.02,337.02,337.02,337.02,0
JPM,2026-09-24 04:20:00-04:00,337.14,337.14,337.14,337.14,3
JPM,2026-09-24 04:25:00-04:00,337.13,337.14,337.0,337.0,10
JPM,2026-09-24 04:30:00-04:00,336.98,337.02,336.98,337.02,4
JPM,2026-09-24 04:35:00-04:00,337.02,337.02,337.02,337.02,0
JPM,2026-09-24 04:40:00-04:00,337.02,337.02,337.02,337.02,0
JPM,2026-09-24 04:45:00-04:00,337.02,337.02,337.02,337.02,0
JPM,2026-09-24 04:50:00-04:00,337.15,337.15,337.15,337.15,2
JPM,2026-09-24 04:55:00-04:00,337.15,337.15,337.15,337.15,0
JPM,2026-09-24 05:00:00-04:00,337.15,337.15,337.15,337.15,0
JPM,2026-09-24 05:05:00-04:00,337.15,337.15,337.15,337.15,0
JPM,2026-09-24 05:10:00-04:00,336.81,336.81,336.81,336.81,25
JPM,2026-09-24 05:15:00-04:00,337.0,337.16,337.0,337.16,2
JPM,2026-09-24 05:20:00-04:00,337.16,337.16,337.16,337.16,0
JPM,2026-09-24 05:25:00-04:00,337.16,337.16,337.16,337.16,0
JPM,2026-09-24 05:30:00-04:00,337.16,337.16,337.16,337.16,0
JPM,2026-09-24 05:35:00-04:00,337.16,337.16,337.16,337.16,0
JPM,2026-09-24 05:40:00-04:00,336.78,336.78,336.78,336.78,4
JPM,2026-09-24 05:45:00-04:00,336.32,336.32,336.32,336.32,10
JPM,2026-09-24 05:50:00-04:00,336.32,336.32,336.32,336.32,0
JPM,2026-09-24 05:55:00-04:00,336.32,336.32,336.32,336.32,0
JPM,2026-09-24 06:00:00-04:00,336.32,336.32,336.32,336.32,0
JPM,2026-09-24 06:05:00-04:00,337.09,337.09,337.09,337.09,1
JPM,2026-09-24 06:10:00-04:00,337.09,337.09,337.09,337.09,0
JPM,2026-09-24 06:15:00-04:00,337.09,337.09,337.09,337.09,0
JPM,2026-09-24 06:20:00-04:00,337.09,337.09,337.09,337.09,0
JPM,2026-09-24 06:25:00-04:00,337.38,337.43,337.28,337.28,8
JPM,2026-09-24 06:30:00-04:00,337.28,337.28,337.28,337.28,0
JPM,2026-09-24 06:35:00-04:00,337.28,337.28,337.28,337.28,0
JPM,2026-09-24 06:40:00-04:00,337.28,337.28,337.28,337.28,0
JPM,2026-09-24 06:45:00-04:00,337.28,337.28,337.28,337.28,0
JPM,2026-09-24 06:50:00-04:00,337.28,337.28,337.28,337.28,0
JPM,2026-09-24 06:55:00-04:00,337.28,337.28,337.28,337.28,0
JPM,2026-09-24 07:00:00-04:00,337.25,337.5,337.25,337.28,40
JPM,2026-09-24 07:05:00-04:00,337.4,337.8,337.4,337.5,16
JPM,2026-09-24 07:10:00-04:00,337.54,337.54,337.54,337.54,1
JPM,2026-09-24 07:15:00-04:00,337.44,337.44,337.4,337.4,15
JPM,2026-09-24 07:20:00-04:00,337.4,337.4,337.15,337.15,23
JPM,2026-09-24 07:25:00-04:00,337.32,337.32,337.32,337.32,5
JPM,2026-09-24 07:30:00-04:00,337.32,337.32,337.32,337.32,0
JPM,2026-09-24 07:35:00-04:00,337.32,337.32,337.32,337.32,0
JPM,2026-09-24 07:40:00-04:00,337.14,337.3,337.11,337.3,15
JPM,2026-09-24 07:45:00-04:00,337.24,337.24,337.24,337.24,7
JPM,2026-09-24 07:50:00-04:00,337.08,337.08,337.08,337.08,2
JPM,2026-09-24 07:55:00-04:00,337.15,337.2,337.12,337.19,14
JPM,2026-09-24 08:00:00-04:00,337.19,337.19,337.19,337.19,0
JPM,2026-09-24 08:05:00-04:00,337.19,337.19,337.19,337.19,0
JPM,2026-09-24 08:10:00-04:00,337.34,337.37,337.34,337.34,10
JPM,2026-09-24 08:15:00-04:00,337.39,337.54,337.37,337.54,10
JPM,2026-09-24 08:20:00-04:00,337.61,337.78,337.61,337.7,9
JPM,2026-09-24 08:25:00-04:00,337.7,337.7,337.7,337.7,0
JPM,2026-09-24 08:30:00-04:00,337.7,337.7,337.63,337.63,21
JPM,2026-09-24 08:35:00-04:00,337.63,337.63,337.63,337.63,0
JPM,2026-09-24 08:40:00-04:00,337.82,337.9,337.82,337.9,10
JPM,2026-09-24 08:45:00-04:00,337.9,337.9,337.9,337.9,0
JPM,2026-09-24 08:50:00-04:00,337.62,337.85,337.62,337.85,7
JPM,2026-09-24 08:55:00-04:00,337.76,337.76,337.69,337.69,10
JPM,2026-09-24 09:00:00-04:00,337.7,338.81,337.69,338.0,27
JPM,2026-09-24 09:05:00-04:00,338.0,338.0,338.0,338.0,3
JPM,2026-09-24 09:10:00-04:00,337.99,337.99,337.71,337.72,5
JPM,2026-09-24 09:15:00-04:00,337.89,337.99,337.88,337.89,92
JPM,2026-09-24 09:20:00-04:00,338.41,338.41,337.36,337.43,67
JPM,2026-09-24 09:25:00-04:00,337.6,338.1,337.28,337.32,43
JPM,2026-09-24 09:30:00-04:00,338.12,339.37,337.15,338.26,5066
JPM,2026-09-24 09:35:00-04:00,338.19,338.42,335.9,336.44,2463
JPM,2026-09-24 09:40:00-04:00,336.5,336.94,336.29,336.66,1602
JPM,2026-09-24 09:45:00-04:00,336.5,336.83,336.25,336.73,1239
JPM,2026-09-24 09:50:00-04:00,336.86,337.56,336.67,337.14,1097
JPM,2026-09-24 09:55:00-04:00,337.13,337.6,337.1,337.47,1032
JPM,2026-09-24 10:00:00-04:00,337.47,338.28,337.22,338.25,2285
JPM,2026-09-24 10:05:00-04:00,338.22,339.15,338.12,338.87,3359
JPM,2026-09-24 10:10:00-04:00,338.82,339.11,338.03,338.1,2885
JPM,2026-09-24 10:15:00-04:00,338.07,338.77,338.0,338.2,1181
JPM,2026-09-24 10:20:00-04:00,338.17,338.17,337.42,337.42,975
JPM,2026-09-24 10:25:00-04:00,337.38,337.55,337.08,337.4,935
JPM,2026-09-24 10:30:00-04:00,337.43,337.87,337.19,337.28,964
JPM,2026-09-24 10:35:00-04:00,337.34,337.84,337.05,337.21,775
JPM,2026-09-24 10:40:00-04:00,337.26,337.36,336.83,336.94,951
JPM,2026-09-24 10:45:00-04:00,337.0,337.0,336.57,336.79,761
JPM,2026-09-24 10:50:00-04:00,336.8,337.15,336.78,336.97,683
JPM,2026-09-24 10:55:00-04:00,336.98,337.24,336.6,336.71,743
JPM,2026-09-24 11:00:00-04:00,336.74,336.74,336.19,336.21,1012
JPM,2026-09-24 11:05:00-04:00,336.23,336.45,336.17,336.37,758
JPM,2026-09-24 11:10:00-04:00,336.37,336.49,335.4,335.57,835
JPM,2026-09-24 11:15:00-04:00,335.56,336.12,335.53,335.96,813
JPM,2026-09-24 11:20:00-04:00,335.94,336.29,335.9,336.19,492
JPM,2026-09-24 11:25:00-04:00,336.19,336.19,335.88,336.05,768
JPM,2026-09-24 11:30:00-04:00,336.07,336.11,335.57,335.62,662
JPM,2026-09-24 11:35:00-04:00,335.59,335.74,335.28,335.58,1000
JPM,2026-09-24 11:40:00-04:00,335.58,336.48,335.54,336.11,856
JPM,2026-09-24 11:45:00-04:00,336.07,336.27,335.87,336.0,733
JPM,2026-09-24 11:50:00-04:00,336.0,336.22,335.95,336.18,414
JPM,2026-09-24 11:55:00-04:00,336.18,336.42,336.09,336.23,562
JPM,2026-09-24 12:00:00-04:00,336.17,336.43,336.0,336.34,894
JPM,2026-09-24 12:05:00-04:00,336.35,336.77,336.27,336.71,419
JPM,2026-09-24 12:10:00-04:00,336.65,337.1,336.6,337.08,577
JPM,2026-09-24 12:15:00-04:00,337.09,338.39,336.88,337.73,3470
JPM,2026-09-24 12:20:00-04:00,337.76,338.02,336.88,337.07,1182
JPM,2026-09-24 12:25:00-04:00,337.07,337.58,336.65,337.21,546
JPM,2026-09-24 12:30:00-04:00,337.21,337.31,336.89,337.27,646
JPM,2026-09-24 12:35:00-04:00,337.27,337.67,337.13,337.61,1077
JPM,2026-09-24 12:40:00-04:00,337.59,337.89,337.45,337.54,1525
JPM,2026-09-24 12:45:00-04:00,337.48,338.5,337.37,338.42,2320
JPM,2026-09-24 12:50:00-04:00,338.43,338.5,337.94,338.17,756
JPM,2026-09-24 12:55:00-04:00,338.21,338.47,337.62,337.63,1073
JPM,2026-09-24 13:00:00-04:00,337.6,337.64,337.21,337.31,1027
JPM,2026-09-24 13:05:00-04:00,337.37,337.59,337.2,337.24,650
JPM,2026-09-24 13:10:00-04:00,337.17,337.48,336.63,337.36,910
JPM,2026-09-24 13:15:00-04:00,337.36,337.49,336.98,336.98,460
JPM,2026-09-24 13:20:00-04:00,336.93,337.47,336.88,337.24,805
JPM,2026-09-24 13:25:00-04:00,337.26,337.29,336.85,336.94,561
JPM,2026-09-24 13:30:00-04:00,336.96,337.14,336.7,336.84,735
JPM,2026-09-24 13:35:00-04:00,336.75,336.88,336.59,336.88,429
JPM,2026-09-24 13:40:00-04:00,336.83,336.93,336.76,336.87,563
JPM,2026-09-24 13:45:00-04:00,336.75,336.96,336.7,336.95,398
JPM,2026-09-24 13:50:00-04:00,336.97,337.16,336.85,337.07,651
JPM,2026-09-24 13:55:00-04:00,337.06,337.26,336.98,337.22,507
JPM,2026-09-24 14:00:00-04:00,337.23,337.3,336.74,336.77,678
JPM,2026-09-24 14:05:00-04:00,336.77,337.33,336.63,337.21,1825
JPM,2026-09-24 14:10:00-04:00,337.26,337.76,337.15,337.56,1022
JPM,2026-09-24 14:15:00-04:00,337.57,337.6,337.34,337.53,330
JPM,2026-09-24 14:20:00-04:00,337.5,337.51,337.09,337.44,548
JPM,2026-09-24 14:25:00-04:00,337.47,337.7,337.33,337.37,750
JPM,2026-09-24 14:30:00-04:00,337.37,337.5,337.14,337.29,425
JPM,2026-09-24 14:35:00-04:00,337.3,337.71,337.24,337.51,824
JPM,2026-09-24 14:40:00-04:00,337.55,337.55,336.73,337.06,1024
JPM,2026-09-24 14:45:00-04:00,337.03,337.35,336.96,337.2,687
JPM,2026-09-24 14:50:00-04:00,337.2,337.33,337.12,337.22,793
JPM,2026-09-24 14:55:00-04:00,337.21,337.42,337.21,337.37,1104
JPM,2026-09-24 15:00:00-04:00,337.41,337.43,337.02,337.2,473
JPM,2026-09-24 15:05:00-04:00,337.19,337.58,337.17,337.5,473
JPM,2026-09-24 15:10:00-04:00,337.54,337.57,337.27,337.46,512
JPM,2026-09-24 15:15:00-04:00,337.49,337.54,337.32,337.38,702
JPM,2026-09-24 15:20:00-04:00,337.37,337.48,337.13,337.23,2078
JPM,2026-09-24 15:25:00-04:00,337.23,337.27,337.0,337.09,799
JPM,2026-09-24 15:30:00-04:00,337.12,337.38,337.05,337.38,1861
JPM,2026-09-24 15:35:00-04:00,337.38,337.63,337.03,337.59,2005
JPM,2026-09-24 15:40:00-04:00,337.6,338.05,337.5,338.02,2476
JPM,2026-09-24 15:45:00-04:00,338.03,338.32,337.89,338.17,2975
JPM,2026-09-24 15:50:00-04:00,338.17,338.26,337.82,338.15,3999
JPM,2026-09-24 15:55:00-04:00,338.13,338.56,337.95,338.36,12502
JPM,2026-09-24 16:00:00-04:00,338.47,338.56,337.62,337.63,36683
JPM,2026-09-24 16:05:00-04:00,338.3,338.3,337.73,337.73,5
JPM,2026-09-24 16:10:00-04:00,338.21,338.21,338.21,338.21,3
JPM,2026-09-24 16:15:00-04:00,338.21,338.21,338.21,338.21,0
JPM,2026-09-24 16:20:00-04:00,338.21,338.21,338.21,338.21,0
JPM,2026-09-24 16:25:00-04:00,338.21,338.21,338.21,338.21,0
JPM,2026-09-24 16:30:00-04:00,338.56,338.56,337.88,337.88,97
JPM,2026-09-24 16:35:00-04:00,337.88,337.88,337.88,337.88,0
JPM,2026-09-24 16:40:00-04:00,337.88,337.88,337.88,337.88,0
JPM,2026-09-24 16:45:00-04:00,338.28,338.28,338.28,338.28,2
JPM,2026-09-24 16:50:00-04:00,337.91,338.04,337.91,338.04,3
JPM,2026-09-24 16:55:00-04:00,338.04,338.04,338.04,338.04,0
JPM,2026-09-24 17:00:00-04:00,338.38,338.38,338.38,338.38,3
JPM,2026-09-24 17:05:00-04:00,338.38,338.38,338.38,338.38,0
JPM,2026-09-24 17:10:00-04:00,338.38,338.38,338.38,338.38,0
JPM,2026-09-24 17:15:00-04:00,338.07,338.07,338.07,338.07,1
JPM,2026-09-24 17:20:00-04:00,338.07,338.07,338.07,338.07,0
JPM,2026-09-24 17:25:00-04:00,338.37,338.37,338.37,338.37,14
JPM,2026-09-24 17:30:00-04:00,338.37,338.38,338.37,338.37,5
JPM,2026-09-24 17:35:00-04:00,338.37,338.37,338.37,338.37,0
JPM,2026-09-24 17:40:00-04:00,338.37,338.37,338.37,338.37,0
JPM,2026-09-24 17:45:00-04:00,338.37,338.37,338.37,338.37,0
JPM,2026-09-24 17:50:00-04:00,338.07,338.07,338.07,338.07,2
JPM,2026-09-24 17:55:00-04:00,338.31,338.33,338.31,338.33,5
JPM,2026-09-24 18:00:00-04:00,338.45,338.45,338.45,338.45,1
JPM,2026-09-24 18:05:00-04:00,338.47,338.47,338.47,338.47,1
JPM,2026-09-24 18:10:00-04:00,338.47,338.47,338.47,338.47,0
JPM,2026-09-24 18:15:00-04:00,338.56,338.56,338.56,338.56,72
JPM,2026-09-24 18:20:00-04:00,338.56,338.56,338.56,338.56,0
JPM,2026-09-24 18:25:00-04:00,338.56,338.56,338.56,338.56,0
LLY,2026-09-22 04:00:00-04:00,1165.09,1165.67,1163.19,1163.2,7
LLY,2026-09-22 04:05:00-04:00,1163.2,1163.2,1163.2,1163.2,0
LLY,2026-09-22 04:10:00-04:00,1163.2,1163.2,1163.2,1163.2,0
LLY,2026-09-22 04:15:00-04:00,1163.2,1163.2,1163.2,1163.2,0
LLY,2026-09-22 04:20:00-04:00,1163.2,1163.2,1163.2,1163.2,0
LLY,2026-09-22 04:25:00-04:00,1163.85,1163.85,1163.85,1163.85,3
LLY,2026-09-22 04:30:00-04:00,1163.5,1163.5,1163.5,1163.5,1
LLY,2026-09-22 04:35:00-04:00,1163.5,1163.5,1163.5,1163.5,0
LLY,2026-09-22 04:40:00-04:00,1163.5,1163.5,1163.5,1163.5,0
LLY,2026-09-22 04:45:00-04:00,1163.5,1163.5,1163.5,1163.5,0
LLY,2026-09-22 04:50:00-04:00,1163.5,1163.5,1163.5,1163.5,0
LLY,2026-09-22 04:55:00-04:00,1163.5,1163.5,1163.5,1163.5,0
LLY,2026-09-22 05:00:00-04:00,1163.5,1163.5,1163.5,1163.5,0
LLY,2026-09-22 05:05:00-04:00,1163.5,1163.5,1163.5,1163.5,0
LLY,2026-09-22 05:10:00-04:00,1163.5,1163.5,1163.5,1163.5,0
LLY,2026-09-22 05:15:00-04:00,1163.5,1163.5,1163.5,1163.5,0
LLY,2026-09-22 05:20:00-04:00,1162.13,1162.13,1160.0,1160.0,10
LLY,2026-09-22 05:25:00-04:00,1155.99,1155.99,1155.99,1155.99,4
LLY,2026-09-22 05:30:00-04:00,1155.99,1155.99,1155.99,1155.99,0
LLY,2026-09-22 05:35:00-04:00,1155.99,1155.99,1155.99,1155.99,0
LLY,2026-09-22 05:40:00-04:00,1155.99,1155.99,1155.99,1155.99,0
LLY,2026-09-22 05:45:00-04:00,1155.99,1155.99,1155.99,1155.99,0
LLY,2026-09-22 05:50:00-04:00,1155.99,1155.99,1155.99,1155.99,0
LLY,2026-09-22 05:55:00-04:00,1160.0,1160.0,1160.0,1160.0,9
LLY,2026-09-22 06:00:00-04:00,1160.0,1160.0,1160.0,1160.0,0
LLY,2026-09-22 06:05:00-04:00,1160.0,1160.0,1160.0,1160.0,0
LLY,2026-09-22 06:10:00-04:00,1160.0,1160.0,1160.0,1160.0,0
LLY,2026-09-22 06:15:00-04:00,1160.0,1160.0,1160.0,1160.0,0
LLY,2026-09-22 06:20:00-04:00,1160.0,1160.0,1160.0,1160.0,0
LLY,2026-09-22 06:25:00-04:00,1159.99,1160.0,1159.99,1160.0,2
LLY,2026-09-22 06:30:00-04:00,1160.0,1160.0,1160.0,1160.0,0
LLY,2026-09-22 06:35:00-04:00,1160.0,1160.0,1160.0,1160.0,0
LLY,2026-09-22 06:40:00-04:00,1160.0,1160.0,1160.0,1160.0,0
LLY,2026-09-22 06:45:00-04:00,1160.0,1160.0,1160.0,1160.0,0
LLY,2026-09-22 06:50:00-04:00,1160.0,1160.0,1160.0,1160.0,0
LLY,2026-09-22 06:55:00-04:00,1160.0,1160.0,1160.0,1160.0,0
LLY,2026-09-22 07:00:00-04:00,1161.0,1161.0,1161.0,1161.0,1
LLY,2026-09-22 07:05:00-04:00,1161.9,1161.9,1146.0,1146.0,36
LLY,2026-09-22 07:10:00-04:00,1144.0,1146.23,1144.0,1144.0,39
LLY,2026-09-22 07:15:00-04:00,1145.92,1147.62,1145.92,1147.0,8
LLY,2026-09-22 07:20:00-04:00,1148.25,1148.25,1140.0,1141.24,61
LLY,2026-09-22 07:25:00-04:00,1142.3,1142.3,1141.0,1142.0,22
LLY,2026-09-22 07:30:00-04:00,1144.94,1145.57,1144.94,1145.57,7
LLY,2026-09-22 07:35:00-04:00,1145.91,1148.0,1145.91,1148.0,21
LLY,2026-09-22 07:40:00-04:00,1144.8,1148.74,1144.8,1148.74,27
LLY,2026-09-22 07:45:00-04:00,1147.5,1148.99,1147.06,1147.06,12
LLY,2026-09-22 07:50:00-04:00,1147.89,1149.8,1147.89,1149.35,32
LLY,2026-09-22 07:55:00-04:00,1148.81,1149.48,1148.81,1149.48,3
LLY,2026-09-22 08:00:00-04:00,1151.0,1151.0,1151.0,1151.0,1
LLY,2026-09-22 08:05:00-04:00,1153.0,1154.1,1153.0,1153.77,15
LLY,2026-09-22 08:10:00-04:00,1153.73,1154.0,1153.15,1154.0,23
LLY,2026-09-22 08:15:00-04:00,1154.0,1154.0,1154.0,1154.0,0
LLY,2026-09-22 08:20:00-04:00,1154.64,1155.54,1154.61,1155.54,13
LLY,2026-09-22 08:25:00-04:00,1155.06,1157.43,1155.06,1157.43,5
LLY,2026-09-22 08:30:00-04:00,1155.0,1155.0,1152.85,1153.75,43
LLY,2026-09-22 08:35:00-04:00,1152.47,1152.47,1152.47,1152.47,1
LLY,2026-09-22 08:40:00-04:00,1152.28,1152.28,1152.22,1152.22,14
LLY,2026-09-22 08:45:00-04:00,1152.0,1152.0,1152.0,1152.0,1
LLY,2026-09-22 08:50:00-04:00,1154.31,1154.32,1151.82,1151.82,13
LLY,2026-09-22 08:55:00-04:00,1151.2,1151.2,1150.93,1150.94,65
LLY,2026-09-22 09:00:00-04:00,1150.94,1150.94,1150.94,1150.94,0
LLY,2026-09-22 09:05:00-04:00,1151.0,1152.48,1150.5,1150.5,4
LLY,2026-09-22 09:10:00-04:00,1152.2,1152.2,1151.19,1151.2,5
LLY,2026-09-22 09:15:00-04:00,1154.0,1154.0,1154.0,1154.0,8
LLY,2026-09-22 09:20:00-04:00,1153.44,1153.45,1150.0,1150.0,18
LLY,2026-09-22 09:25:00-04:00,1149.2,1149.2,1146.64,1146.64,9
LLY,2026-09-22 09:30:00-04:00,1146.15,1153.0,1139.88,1150.1,2997
LLY,2026-09-22 09:35:00-04:00,1149.95,1149.95,1141.33,1141.75,1233
LLY,2026-09-22 09:40:00-04:00,1141.43,1142.88,1139.26,1141.69,1051
LLY,2026-09-22 09:45:00-04:00,1141.25,1148.0,1140.7,1147.6,490
LLY,2026-09-22 09:50:00-04:00,1147.48,1154.39,1146.8,1152.26,691
LLY,2026-09-22 09:55:00-04:00,1152.77,1155.34,1151.0,1154.45,367
LLY,2026-09-22 10:00:00-04:00,1154.99,1159.76,1152.77,1158.98,557
LLY,2026-09-22 10:05:00-04:00,1158.97,1163.09,1158.06,1162.27,378
LLY,2026-09-22 10:10:00-04:00,1162.08,1164.89,1160.73,1161.12,356
LLY,2026-09-22 10:15:00-04:00,1161.42,1162.87,1159.5,1162.23,261
LLY,2026-09-22 10:20:00-04:00,1162.87,1162.87,1160.24,1161.0,257
LLY,2026-09-22 10:25:00-04:00,1160.67,1161.75,1160.0,1160.24,317
LLY,2026-09-22 10:30:00-04:00,1162.2,1163.31,1161.1,1163.3,330
LLY,2026-09-22 10:35:00-04:00,1162.6,1169.45,1162.26,1168.26,466
LLY,2026-09-22 10:40:00-04:00,1168.26,1174.65,1168.0,1173.38,461
LLY,2026-09-22 10:45:00-04:00,1173.37,1175.0,1171.22,1173.28,558
LLY,2026-09-22 10:50:00-04:00,1173.08,1173.31,1171.85,1172.2,449
LLY,2026-09-22 10:55:00-04:00,1172.44,1174.19,1171.76,1173.15,403
LLY,2026-09-22 11:00:00-04:00,1173.31,1174.67,1171.67,1173.37,151
LLY,2026-09-22 11:05:00-04:00,1172.5,1174.7,1172.5,1174.08,179
LLY,2026-09-22 11:10:00-04:00,1174.25,1176.76,1173.83,1176.13,473
LLY,2026-09-22 11:15:00-04:00,1176.13,1177.76,1175.39,1175.39,733
LLY,2026-09-22 11:20:00-04:00,1176.0,1178.87,1175.75,1178.38,195
LLY,2026-09-22 11:25:00-04:00,1178.6,1179.88,1177.7,1179.47,470
LLY,2026-09-22 11:30:00-04:00,1179.47,1180.53,1177.28,1177.54,395
LLY,2026-09-22 11:35:00-04:00,1177.54,1178.11,1175.58,1177.21,517
LLY,2026-09-22 11:40:00-04:00,1177.39,1178.97,1176.54,1177.28,308
LLY,2026-09-22 11:45:00-04:00,1177.43,1177.43,1173.21,1174.04,208
LLY,2026-09-22 11:50:00-04:00,1173.68,1174.18,1171.08,1171.43,981
LLY,2026-09-22 11:55:00-04:00,1171.5,1171.6,1166.33,1168.69,457
LLY,2026-09-22 12:00:00-04:00,1168.49,1168.83,1162.69,1164.8,867
LLY,2026-09-22 12:05:00-04:00,1164.8,1168.06,1164.54,1166.55,351
LLY,2026-09-22 12:10:00-04:00,1166.26,1167.46,1165.74,1167.13,185
LLY,2026-09-22 12:15:00-04:00,1167.13,1168.8,1166.53,1168.16,306
LLY,2026-09-22 12:20:00-04:00,1168.23,1168.93,1166.47,1167.07,312
LLY,2026-09-22 12:25:00-04:00,1166.84,1168.53,1166.55,1168.2,113
LLY,2026-09-22 12:30:00-04:00,1168.48,1169.0,1167.8,1168.03,167
LLY,2026-09-22 12:35:00-04:00,1168.0,1168.39,1166.32,1167.92,400
LLY,2026-09-22 12:40:00-04:00,1167.92,1168.76,1167.89,1167.93,139
LLY,2026-09-22 12:45:00-04:00,1168.36,1169.31,1167.87,1167.98,44
LLY,2026-09-22 12:50:00-04:00,1168.05,1171.2,1167.48,1169.67,342
LLY,2026-09-22 12:55:00-04:00,1169.67,1171.4,1168.57,1171.06,271
LLY,2026-09-22 13:00:00-04:00,1170.34,1171.06,1168.11,1168.11,144
LLY,2026-09-22 13:05:00-04:00,1169.64,1169.64,1168.27,1169.47,83
LLY,2026-09-22 13:10:00-04:00,1169.72,1169.83,1167.76,1168.35,249
LLY,2026-09-22 13:15:00-04:00,1168.86,1168.99,1168.02,1168.44,121
LLY,2026-09-22 13:20:00-04:00,1168.78,1169.29,1168.01,1168.77,337
LLY,2026-09-22 13:25:00-04:00,1168.6,1169.99,1168.6,1169.57,117
LLY,2026-09-22 13:30:00-04:00,1169.62,1170.64,1168.52,1169.18,361
LLY,2026-09-22 13:35:00-04:00,1169.13,1170.11,1168.09,1168.68,192
LLY,2026-09-22 13:40:00-04:00,1168.61,1170.36,1168.24,1170.12,77
LLY,2026-09-22 13:45:00-04:00,1170.35,1171.51,1169.91,1171.51,266
LLY,2026-09-22 13:50:00-04:00,1171.35,1172.43,1170.81,1171.81,197
LLY,2026-09-22 13:55:00-04:00,1171.81,1172.82,1171.0,1172.41,101
LLY,2026-09-22 14:00:00-04:00,1172.41,1173.21,1171.2,1172.63,121
LLY,2026-09-22 14:05:00-04:00,1172.51,1173.39,1171.09,1173.39,110
LLY,2026-09-22 14:10:00-04:00,1173.23,1174.76,1172.41,1173.89,114
LLY,2026-09-22 14:15:00-04:00,1172.79,1174.25,1172.17,1173.78,268
LLY,2026-09-22 14:20:00-04:00,1174.0,1174.0,1172.17,1173.04,382
LLY,2026-09-22 14:25:00-04:00,1173.04,1173.73,1170.61,1172.16,754
LLY,2026-09-22 14:30:00-04:00,1171.53,1172.79,1170.67,1171.68,405
LLY,2026-09-22 14:35:00-04:00,1171.48,1171.48,1168.13,1168.84,227
LLY,2026-09-22 14:40:00-04:00,1168.98,1171.39,1168.74,1171.11,587
LLY,2026-09-22 14:45:00-04:00,1170.46,1171.32,1169.01,1171.32,343
LLY,2026-09-22 14:50:00-04:00,1171.58,1171.58,1170.0,1170.09,479
LLY,2026-09-22 14:55:00-04:00,1170.3,1170.75,1169.42,1169.5,394
LLY,2026-09-22 15:00:00-04:00,1169.51,1171.29,1169.21,1170.31,375
LLY,2026-09-22 15:05:00-04:00,1169.71,1171.22,1169.71,1169.92,377
LLY,2026-09-22 15:10:00-04:00,1169.91,1170.69,1169.06,1169.38,216
LLY,2026-09-22 15:15:00-04:00,1169.3,1170.02,1168.76,1169.25,334
LLY,2026-09-22 15:20:00-04:00,1169.56,1169.62,1168.46,1168.97,363
LLY,2026-09-22 15:25:00-04:00,1169.39,1170.04,1168.73,1169.06,303
LLY,2026-09-22 15:30:00-04:00,1168.76,1170.6,1168.52,1169.76,613
LLY,2026-09-22 15:35:00-04:00,1170.07,1175.55,1170.0,1175.23,500
LLY,2026-09-22 15:40:00-04:00,1174.95,1175.71,1174.44,1174.76,424
LLY,2026-09-22 15:45:00-04:00,1174.75,1176.4,1174.31,1176.13,399
LLY,2026-09-22 15:50:00-04:00,1175.81,1176.72,1173.63,1174.93,752
LLY,2026-09-22 15:55:00-04:00,1175.44,1175.91,1170.33,1170.49,1833
LLY,2026-09-22 16:00:00-04:00,1171.09,1171.09,1170.14,1170.14,10381
LLY,2026-09-22 16:05:00-04:00,1169.0,1169.11,1169.0,1169.11,13
LLY,2026-09-22 16:10:00-04:00,1172.77,1172.77,1172.77,1172.77,1
LLY,2026-09-22 16:15:00-04:00,1172.38,1172.38,1172.37,1172.38,2
LLY,2026-09-22 16:20:00-04:00,1172.18,1172.18,1172.17,1172.18,2
LLY,2026-09-22 16:25:00-04:00,1171.98,1171.98,1171.98,1171.98,2
LLY,2026-09-22 16:30:00-04:00,1171.98,1171.98,1171.98,1171.98,0
LLY,2026-09-22 16:35:00-04:00,1171.98,1171.98,1171.98,1171.98,0
LLY,2026-09-22 16:40:00-04:00,1171.98,1171.98,1171.98,1171.98,0
LLY,2026-09-22 16:45:00-04:00,1171.98,1171.98,1171.98,1171.98,0
LLY,2026-09-22 16:50:00-04:00,1171.98,1171.98,1171.98,1171.98,0
LLY,2026-09-22 16:55:00-04:00,1171.88,1171.88,1171.88,1171.88,2
LLY,2026-09-22 17:00:00-04:00,1171.88,1171.88,1171.88,1171.88,0
LLY,2026-09-22 17:05:00-04:00,1171.88,1171.88,1171.88,1171.88,0
LLY,2026-09-22 17:10:00-04:00,1171.88,1171.88,1171.88,1171.88,0
LLY,2026-09-22 17:15:00-04:00,1171.88,1171.88,1171.88,1171.88,0
LLY,2026-09-22 17:20:00-04:00,1171.88,1171.88,1171.88,1171.88,0
LLY,2026-09-22 17:25:00-04:00,1172.0,1172.0,1172.0,1172.0,1
LLY,2026-09-22 17:30:00-04:00,1173.53,1173.53,1173.53,1173.53,2
LLY,2026-09-22 17:35:00-04:00,1172.99,1173.2,1172.99,1173.2,2
LLY,2026-09-22 17:40:00-04:00,1175.53,1175.53,1175.52,1175.53,10
LLY,2026-09-22 17:45:00-04:00,1175.53,1175.53,1175.53,1175.53,0
LLY,2026-09-22 17:50:00-04:00,1171.55,1171.55,1171.55,1171.55,1
LLY,2026-09-22 17:55:00-04:00,1172.56,1172.56,1172.56,1172.56,2
LLY,2026-09-22 18:00:00-04:00,1172.56,1172.56,1172.56,1172.56,0
LLY,2026-09-22 18:05:00-04:00,1172.64,1172.64,1172.64,1172.64,1
LLY,2026-09-22 18:10:00-04:00,1172.64,1172.64,1172.64,1172.64,0
LLY,2026-09-22 18:15:00-04:00,1172.64,1172.64,1172.64,1172.64,0
LLY,2026-09-22 18:20:00-04:00,1172.64,1172.64,1172.64,1172.64,0
LLY,2026-09-22 18:25:00-04:00,1172.64,1172.64,1172.64,1172.64,0
LLY,2026-09-22 18:30:00-04:00,1172.64,1172.64,1172.64,1172.64,0
LLY,2026-09-22 18:35:00-04:00,1172.64,1172.64,1172.64,1172.64,0
LLY,2026-09-22 18:40:00-04:00,1172.64,1172.64,1172.64,1172.64,0
LLY,2026-09-22 18:45:00-04:00,1173.0,1173.0,1173.0,1173.0,1
LLY,2026-09-22 18:50:00-04:00,1173.0,1173.0,1173.0,1173.0,0
LLY,2026-09-22 18:55:00-04:00,1173.0,1173.0,1173.0,1173.0,0
LLY,2026-09-22 19:00:00-04:00,1173.0,1173.0,1173.0,1173.0,0
LLY,2026-09-22 19:05:00-04:00,1173.0,1173.0,1173.0,1173.0,0
LLY,2026-09-22 19:10:00-04:00,1170.41,1170.42,1170.41,1170.41,1
LLY,2026-09-22 19:15:00-04:00,1170.41,1170.41,1170.41,1170.41,0
LLY,2026-09-22 19:20:00-04:00,1170.41,1170.41,1170.41,1170.41,0
LLY,2026-09-22 19:25:00-04:00,1170.41,1170.41,1170.41,1170.41,0
LLY,2026-09-22 19:30:00-04:00,1170.41,1170.41,1170.41,1170.41,0
LLY,2026-09-22 19:35:00-04:00,1170.62,1170.63,1170.62,1170.62,2
LLY,2026-09-22 19:40:00-04:00,1170.62,1170.62,1170.62,1170.62,0
LLY,2026-09-22 19:45:00-04:00,1170.62,1170.62,1170.62,1170.62,0
LLY,2026-09-22 19:50:00-04:00,1172.46,1172.46,1172.45,1172.46,1
LLY,2026-09-22 19:55:00-04:00,1170.23,1170.24,1170.23,1170.23,1
LLY,2026-09-23 04:00:00-04:00,1172.02,1175.0,1172.02,1175.0,5
LLY,2026-09-23 04:05:00-04:00,1172.52,1172.52,1172.52,1172.52,2
LLY,2026-09-23 04:10:00-04:00,1172.52,1172.52,1172.52,1172.52,0
LLY,2026-09-23 04:15:00-04:00,1180.0,1180.0,1176.32,1176.32,2
LLY,2026-09-23 04:20:00-04:00,1176.32,1176.32,1176.32,1176.32,0
LLY,2026-09-23 04:25:00-04:00,1176.32,1176.32,1176.32,1176.32,0
LLY,2026-09-23 04:30:00-04:00,1176.32,1176.32,1176.32,1176.32,0
LLY,2026-09-23 04:35:00-04:00,1176.32,1176.32,1176.32,1176.32,0
LLY,2026-09-23 04:40:00-04:00,1176.32,1176.32,1176.32,1176.32,0
LLY,2026-09-23 04:45:00-04:00,1175.85,1175.85,1175.85,1175.85,1
LLY,2026-09-23 04:50:00-04:00,1175.85,1175.85,1175.85,1175.85,0
LLY,2026-09-23 04:55:00-04:00,1175.85,1175.85,1175.85,1175.85,0
LLY,2026-09-23 05:00:00-04:00,1175.85,1175.85,1175.85,1175.85,0
LLY,2026-09-23 05:05:00-04:00,1175.85,1175.85,1175.85,1175.85,0
LLY,2026-09-23 05:10:00-04:00,1175.85,1175.85,1175.85,1175.85,0
LLY,2026-09-23 05:15:00-04:00,1175.85,1175.85,1175.85,1175.85,0
LLY,2026-09-23 05:20:00-04:00,1174.29,1174.29,1174.29,1174.29,1
LLY,2026-09-23 05:25:00-04:00,1175.03,1175.03,1175.03,1175.03,1
LLY,2026-09-23 05:30:00-04:00,1175.03,1175.03,1175.03,1175.03,0
LLY,2026-09-23 05:35:00-04:00,1175.03,1175.03,1175.03,1175.03,0
LLY,2026-09-23 05:40:00-04:00,1174.5,1174.5,1174.5,1174.5,2
LLY,2026-09-23 05:45:00-04:00,1174.5,1174.5,1174.5,1174.5,0
LLY,2026-09-23 05:50:00-04:00,1172.99,1173.34,1172.99,1173.34,2
LLY,2026-09-23 05:55:00-04:00,1173.02,1173.06,1173.02,1173.06,2
LLY,2026-09-23 06:00:00-04:00,1173.06,1173.06,1173.06,1173.06,0
LLY,2026-09-23 06:05:00-04:00,1173.06,1173.06,1173.06,1173.06,0
LLY,2026-09-23 06:10:00-04:00,1173.06,1173.06,1173.06,1173.06,0
LLY,2026-09-23 06:15:00-04:00,1173.06,1173.06,1173.06,1173.06,0
LLY,2026-09-23 06:20:00-04:00,1173.06,1173.06,1173.06,1173.06,0
LLY,2026-09-23 06:25:00-04:00,1173.06,1173.06,1173.06,1173.06,0
LLY,2026-09-23 06:30:00-04:00,1173.06,1173.06,1173.06,1173.06,0
LLY,2026-09-23 06:35:00-04:00,1173.63,1173.63,1173.63,1173.63,1
LLY,2026-09-23 06:40:00-04:00,1173.63,1173.63,1173.63,1173.63,0
LLY,2026-09-23 06:45:00-04:00,1173.63,1173.63,1173.63,1173.63,0
LLY,2026-09-23 06:50:00-04:00,1173.63,1173.63,1173.63,1173.63,0
LLY,2026-09-23 06:55:00-04:00,1173.63,1173.63,1173.63,1173.63,0
LLY,2026-09-23 07:00:00-04:00,1175.9,1175.9,1175.89,1175.9,2
LLY,2026-09-23 07:05:00-04:00,1175.9,1175.9,1175.9,1175.9,0
LLY,2026-09-23 07:10:00-04:00,1175.9,1175.9,1175.9,1175.9,0
LLY,2026-09-23 07:15:00-04:00,1175.0,1175.0,1173.22,1173.22,7
LLY,2026-09-23 07:20:00-04:00,1172.0,1172.0,1172.0,1172.0,1
LLY,2026-09-23 07:25:00-04:00,1173.0,1173.0,1173.0,1173.0,1
LLY,2026-09-23 07:30:00-04:00,1171.45,1171.45,1171.45,1171.45,1
LLY,2026-09-23 07:35:00-04:00,1171.55,1171.91,1171.14,1171.14,5
LLY,2026-09-23 07:40:00-04:00,1170.02,1170.02,1170.0,1170.0,8
LLY,2026-09-23 07:45:00-04:00,1170.0,1170.0,1170.0,1170.0,0
LLY,2026-09-23 07:50:00-04:00,1169.92,1169.92,1169.91,1169.92,7
LLY,2026-09-23 07:55:00-04:00,1169.92,1169.92,1169.92,1169.92,0
LLY,2026-09-23 08:00:00-04:00,1170.14,1170.14,1170.14,1170.14,1
LLY,2026-09-23 08:05:00-04:00,1170.14,1170.14,1170.14,1170.14,0
LLY,2026-09-23 08:10:00-04:00,1170.95,1170.95,1170.95,1170.95,2
LLY,2026-09-23 08:15:00-04:00,1170.8,1171.0,1169.5,1169.5,6
LLY,2026-09-23 08:20:00-04:00,1169.5,1169.5,1169.5,1169.5,0
LLY,2026-09-23 08:25:00-04:00,1169.5,1169.5,1169.5,1169.5,0
LLY,2026-09-23 08:30:00-04:00,1169.5,1169.5,1169.5,1169.5,0
LLY,2026-09-23 08:35:00-04:00,1169.5,1169.5,1169.5,1169.5,0
LLY,2026-09-23 08:40:00-04:00,1170.3,1170.3,1170.3,1170.3,2
LLY,2026-09-23 08:45:00-04:00,1171.0,1171.0,1167.31,1167.31,19
LLY,2026-09-23 08:50:00-04:00,1167.31,1167.31,1167.31,1167.31,0
LLY,2026-09-23 08:55:00-04:00,1167.31,1167.31,1167.31,1167.31,0
LLY,2026-09-23 09:00:00-04:00,1167.31,1167.31,1167.31,1167.31,0
LLY,2026-09-23 09:05:00-04:00,1167.31,1167.31,1167.31,1167.31,0
LLY,2026-09-23 09:10:00-04:00,1168.84,1169.66,1168.84,1169.66,3
LLY,2026-09-23 09:15:00-04:00,1169.71,1169.71,1169.71,1169.71,1
LLY,2026-09-23 09:20:00-04:00,1172.0,1172.0,1171.5,1171.5,16
LLY,2026-09-23 09:25:00-04:00,1172.95,1178.5,1172.95,1178.5,7
LLY,2026-09-23 09:30:00-04:00,1174.71,1184.11,1174.39,1182.7,1577
LLY,2026-09-23 09:35:00-04:00,1184.06,1188.88,1172.75,1174.49,993
LLY,2026-09-23 09:40:00-04:00,1173.55,1173.96,1169.3,1171.51,404
LLY,2026-09-23 09:45:00-04:00,1171.05,1172.99,1163.2,1164.44,779
LLY,2026-09-23 09:50:00-04:00,1163.89,1165.0,1158.66,1162.96,716
LLY,2026-09-23 09:55:00-04:00,1162.29,1163.98,1155.55,1157.85,653
LLY,2026-09-23 10:00:00-04:00,1157.73,1162.09,1154.54,1159.11,674
LLY,2026-09-23 10:05:00-04:00,1159.12,1163.74,1158.78,1163.7,435
LLY,2026-09-23 10:10:00-04:00,1163.71,1168.03,1163.7,1167.53,283
LLY,2026-09-23 10:15:00-04:00,1168.01,1168.4,1164.12,1165.52,180
LLY,2026-09-23 10:20:00-04:00,1166.37,1169.0,1166.14,1166.54,371
LLY,2026-09-23 10:25:00-04:00,1167.14,1168.83,1166.25,1168.4,178
LLY,2026-09-23 10:30:00-04:00,1168.83,1170.0,1165.96,1167.31,194
LLY,2026-09-23 10:35:00-04:00,1166.52,1167.42,1165.2,1166.73,223
LLY,2026-09-23 10:40:00-04:00,1165.26,1167.65,1163.5,1163.5,274
LLY,2026-09-23 10:45:00-04:00,1163.06,1163.71,1160.48,1161.65,314
LLY,2026-09-23 10:50:00-04:00,1160.91,1162.65,1160.6,1161.87,215
LLY,2026-09-23 10:55:00-04:00,1162.38,1162.5,1160.0,1161.18,193
LLY,2026-09-23 11:00:00-04:00,1161.23,1161.52,1157.49,1158.53,454
LLY,2026-09-23 11:05:00-04:00,1158.7,1160.74,1158.61,1160.61,253
LLY,2026-09-23 11:10:00-04:00,1159.68,1160.53,1158.08,1159.37,196
LLY,2026-09-23 11:15:00-04:00,1160.11,1162.25,1160.11,1162.11,284
LLY,2026-09-23 11:20:00-04:00,1162.27,1163.9,1159.56,1159.88,112
LLY,2026-09-23 11:25:00-04:00,1160.0,1160.0,1157.22,1157.85,146
LLY,2026-09-23 11:30:00-04:00,1158.41,1158.7,1156.85,1156.97,305
LLY,2026-09-23 11:35:00-04:00,1156.97,1158.28,1156.15,1157.01,173
LLY,2026-09-23 11:40:00-04:00,1156.91,1157.34,1156.06,1157.33,135
LLY,2026-09-23 11:45:00-04:00,1157.1,1157.13,1156.0,1156.5,129
LLY,2026-09-23 11:50:00-04:00,1156.0,1156.54,1154.0,1154.51,272
LLY,2026-09-23 11:55:00-04:00,1154.51,1155.6,1154.0,1155.2,168
LLY,2026-09-23 12:00:00-04:00,1154.9,1155.49,1153.04,1153.7,128
LLY,2026-09-23 12:05:00-04:00,1153.71,1156.85,1153.71,1155.39,422
LLY,2026-09-23 12:10:00-04:00,1155.42,1156.57,1153.9,1153.9,244
LLY,2026-09-23 12:15:00-04:00,1153.79,1155.45,1153.78,1155.15,221
LLY,2026-09-23 12:20:00-04:00,1154.88,1155.35,1152.61,1153.68,191
LLY,2026-09-23 12:25:00-04:00,1153.67,1155.25,1152.81,1154.52,187
LLY,2026-09-23 12:30:00-04:00,1154.52,1155.13,1152.11,1152.7,169
LLY,2026-09-23 12:35:00-04:00,1153.28,1154.76,1152.76,1154.46,232
LLY,2026-09-23 12:40:00-04:00,1154.28,1154.4,1152.48,1152.52,71
LLY,2026-09-23 12:45:00-04:00,1152.52,1153.24,1151.42,1151.77,166
LLY,2026-09-23 12:50:00-04:00,1151.78,1151.78,1149.01,1150.44,420
LLY,2026-09-23 12:55:00-04:00,1150.0,1150.0,1148.51,1148.51,283
LLY,2026-09-23 13:00:00-04:00,1149.03,1149.04,1146.68,1147.72,172
LLY,2026-09-23 13:05:00-04:00,1147.85,1149.38,1147.67,1149.37,231
LLY,2026-09-23 13:10:00-04:00,1149.4,1150.0,1148.66,1149.01,174
LLY,2026-09-23 13:15:00-04:00,1148.95,1149.07,1147.86,1148.67,128
LLY,2026-09-23 13:20:00-04:00,1148.56,1148.56,1146.74,1146.8,236
LLY,2026-09-23 13:25:00-04:00,1146.94,1148.71,1146.54,1148.43,109
LLY,2026-09-23 13:30:00-04:00,1148.43,1150.27,1147.51,1149.9,230
LLY,2026-09-23 13:35:00-04:00,1149.88,1150.7,1148.45,1149.06,155
LLY,2026-09-23 13:40:00-04:00,1149.39,1152.12,1149.28,1151.28,208
LLY,2026-09-23 13:45:00-04:00,1151.57,1151.97,1150.44,1150.57,96
LLY,2026-09-23 13:50:00-04:00,1150.31,1151.02,1149.34,1150.83,246
LLY,2026-09-23 13:55:00-04:00,1150.08,1150.68,1148.5,1148.5,274
LLY,2026-09-23 14:00:00-04:00,1148.6,1149.56,1146.81,1147.1,234
LLY,2026-09-23 14:05:00-04:00,1147.0,1150.22,1146.65,1150.0,266
LLY,2026-09-23 14:10:00-04:00,1149.54,1150.19,1148.83,1149.5,498
LLY,2026-09-23 14:15:00-04:00,1149.49,1150.1,1148.39,1148.66,438
LLY,2026-09-23 14:20:00-04:00,1148.65,1149.16,1147.52,1148.27,101
LLY,2026-09-23 14:25:00-04:00,1148.32,1148.65,1146.13,1146.63,182
LLY,2026-09-23 14:30:00-04:00,1146.59,1148.75,1145.98,1148.32,211
LLY,2026-09-23 14:35:00-04:00,1148.72,1149.81,1148.53,1149.71,210
LLY,2026-09-23 14:40:00-04:00,1149.73,1152.17,1149.6,1150.8,413
LLY,2026-09-23 14:45:00-04:00,1150.88,1152.31,1150.6,1152.29,165
LLY,2026-09-23 14:50:00-04:00,1151.71,1154.0,1151.71,1154.0,64
LLY,2026-09-23 14:55:00-04:00,1154.09,1155.9,1153.88,1155.68,139
LLY,2026-09-23 15:00:00-04:00,1155.98,1156.25,1155.4,1156.06,110
LLY,2026-09-23 15:05:00-04:00,1156.06,1157.0,1155.47,1156.42,155
LLY,2026-09-23 15:10:00-04:00,1156.04,1157.05,1155.74,1156.24,523
LLY,2026-09-23 15:15:00-04:00,1156.32,1157.33,1155.54,1155.54,158
LLY,2026-09-23 15:20:00-04:00,1155.66,1157.0,1155.14,1156.46,194
LLY,2026-09-23 15:25:00-04:00,1156.97,1156.97,1154.45,1155.37,128
LLY,2026-09-23 15:30:00-04:00,1155.48,1156.77,1154.95,1156.77,218
LLY,2026-09-23 15:35:00-04:00,1156.77,1157.51,1156.47,1157.2,127
LLY,2026-09-23 15:40:00-04:00,1157.58,1158.57,1155.15,1155.95,160
LLY,2026-09-23 15:45:00-04:00,1156.1,1157.18,1155.69,1155.85,318
LLY,2026-09-23 15:50:00-04:00,1155.5,1155.51,1152.0,1155.26,478
LLY,2026-09-23 15:55:00-04:00,1155.75,1156.9,1151.01,1152.7,2425
LLY,2026-09-23 16:00:00-04:00,1152.75,1152.75,1150.99,1152.15,11166
LLY,2026-09-23 16:05:00-04:00,1150.99,1153.95,1150.94,1150.94,9
LLY,2026-09-23 16:10:00-04:00,1151.31,1154.18,1151.3,1154.18,7
LLY,2026-09-23 16:15:00-04:00,1150.99,1150.99,1150.99,1150.99,450
LLY,2026-09-23 16:20:00-04:00,1150.99,1150.99,1150.99,1150.99,0
LLY,2026-09-23 16:25:00-04:00,1152.85,1152.85,1152.85,1152.85,1
LLY,2026-09-23 16:30:00-04:00,1152.85,1152.85,1152.85,1152.85,0
LLY,2026-09-23 16:35:00-04:00,1152.85,1152.85,1152.85,1152.85,0
LLY,2026-09-23 16:40:00-04:00,1152.85,1152.85,1152.85,1152.85,0
LLY,2026-09-23 16:45:00-04:00,1152.85,1152.85,1152.85,1152.85,0
LLY,2026-09-23 16:50:00-04:00,1152.85,1152.85,1152.85,1152.85,0
LLY,2026-09-23 16:55:00-04:00,1152.85,1152.85,1152.85,1152.85,0
LLY,2026-09-23 17:00:00-04:00,1152.85,1152.85,1152.85,1152.85,0
LLY,2026-09-23 17:05:00-04:00,1152.85,1152.85,1152.85,1152.85,0
LLY,2026-09-23 17:10:00-04:00,1152.85,1152.85,1152.85,1152.85,0
LLY,2026-09-23 17:15:00-04:00,1152.85,1152.85,1152.85,1152.85,0
LLY,2026-09-23 17:20:00-04:00,1152.85,1152.85,1152.85,1152.85,0
LLY,2026-09-23 17:25:00-04:00,1152.85,1152.85,1152.85,1152.85,0
LLY,2026-09-23 17:30:00-04:00,1152.85,1152.85,1152.85,1152.85,0
LLY,2026-09-23 17:35:00-04:00,1152.85,1152.85,1152.85,1152.85,0
LLY,2026-09-23 17:40:00-04:00,1153.5,1153.5,1153.5,1153.5,20
LLY,2026-09-23 17:45:00-04:00,1153.5,1153.5,1153.5,1153.5,0
LLY,2026-09-23 17:50:00-04:00,1153.5,1153.5,1153.5,1153.5,0
LLY,2026-09-23 17:55:00-04:00,1153.5,1153.5,1153.5,1153.5,0
LLY,2026-09-23 18:00:00-04:00,1153.5,1153.5,1153.5,1153.5,0
LLY,2026-09-23 18:05:00-04:00,1153.5,1153.5,1153.5,1153.5,0
LLY,2026-09-23 18:10:00-04:00,1153.5,1153.5,1153.5,1153.5,0
LLY,2026-09-23 18:15:00-04:00,1153.5,1153.5,1153.5,1153.5,0
LLY,2026-09-23 18:20:00-04:00,1153.5,1153.5,1153.5,1153.5,0
LLY,2026-09-23 18:25:00-04:00,1153.5,1153.5,1153.5,1153.5,0
LLY,2026-09-23 18:30:00-04:00,1153.5,1153.5,1153.5,1153.5,0
LLY,2026-09-23 18:35:00-04:00,1153.5,1153.5,1153.5,1153.5,0
LLY,2026-09-23 18:40:00-04:00,1153.5,1153.5,1153.5,1153.5,0
LLY,2026-09-23 18:45:00-04:00,1153.9,1153.91,1153.9,1153.9,2
LLY,2026-09-23 18:50:00-04:00,1153.9,1153.9,1153.9,1153.9,0
LLY,2026-09-23 18:55:00-04:00,1153.9,1153.9,1153.9,1153.9,0
LLY,2026-09-23 19:00:00-04:00,1153.9,1153.9,1153.9,1153.9,0
LLY,2026-09-23 19:05:00-04:00,1153.0,1153.0,1153.0,1153.0,5
LLY,2026-09-23 19:10:00-04:00,1153.0,1153.0,1153.0,1153.0,0
LLY,2026-09-23 19:15:00-04:00,1153.0,1153.0,1153.0,1153.0,0
LLY,2026-09-23 19:20:00-04:00,1153.0,1153.0,1153.0,1153.0,0
LLY,2026-09-23 19:25:00-04:00,1153.0,1153.0,1153.0,1153.0,0
LLY,2026-09-23 19:30:00-04:00,1153.0,1153.0,1153.0,1153.0,0
LLY,2026-09-23 19:35:00-04:00,1153.0,1153.0,1153.0,1153.0,0
LLY,2026-09-23 19:40:00-04:00,1152.12,1152.12,1152.12,1152.12,4
LLY,2026-09-23 19:45:00-04:00,1152.06,1152.06,1152.06,1152.06,5
LLY,2026-09-23 19:50:00-04:00,1152.06,1152.06,1152.06,1152.06,0
LLY,2026-09-23 19:55:00-04:00,1152.12,1152.12,1152.12,1152.12,1
LLY,2026-09-24 04:00:00-04:00,1149.0,1149.0,1149.0,1149.0,1
LLY,2026-09-24 04:05:00-04:00,1149.0,1149.0,1149.0,1149.0,0
LLY,2026-09-24 04:10:00-04:00,1149.0,1149.0,1149.0,1149.0,0
LLY,2026-09-24 04:15:00-04:00,1149.0,1149.0,1149.0,1149.0,0
LLY,2026-09-24 04:20:00-04:00,1149.0,1149.0,1149.0,1149.0,0
LLY,2026-09-24 04:25:00-04:00,1149.0,1149.0,1149.0,1149.0,0
LLY,2026-09-24 04:30:00-04:00,1149.0,1149.0,1149.0,1149.0,0
LLY,2026-09-24 04:35:00-04:00,1149.68,1149.68,1149.68,1149.68,1
LLY,2026-09-24 04:40:00-04:00,1149.68,1149.68,1149.68,1149.68,0
LLY,2026-09-24 04:45:00-04:00,1149.94,1150.0,1149.94,1150.0,4
LLY,2026-09-24 04:50:00-04:00,1150.0,1150.0,1150.0,1150.0,0
LLY,2026-09-24 04:55:00-04:00,1148.65,1148.65,1148.12,1148.12,3
LLY,2026-09-24 05:00:00-04:00,1148.12,1148.12,1148.12,1148.12,0
LLY,2026-09-24 05:05:00-04:00,1148.12,1148.12,1148.12,1148.12,0
LLY,2026-09-24 05:10:00-04:00,1148.12,1148.12,1148.12,1148.12,0
LLY,2026-09-24 05:15:00-04:00,1148.12,1148.12,1148.12,1148.12,0
LLY,2026-09-24 05:20:00-04:00,1148.12,1148.12,1148.12,1148.12,0
LLY,2026-09-24 05:25:00-04:00,1149.6,1149.6,1149.6,1149.6,1
LLY,2026-09-24 05:30:00-04:00,1149.6,1149.6,1149.6,1149.6,0
LLY,2026-09-24 05:35:00-04:00,1149.6,1149.6,1149.6,1149.6,0
LLY,2026-09-24 05:40:00-04:00,1148.06,1148.06,1148.06,1148.06,1
LLY,2026-09-24 05:45:00-04:00,1148.06,1148.06,1148.06,1148.06,0
LLY,2026-09-24 05:50:00-04:00,1148.06,1148.06,1148.06,1148.06,0
LLY,2026-09-24 05:55:00-04:00,1149.1,1149.1,1149.1,1149.1,1
LLY,2026-09-24 06:00:00-04:00,1149.1,1149.1,1149.1,1149.1,0
LLY,2026-09-24 06:05:00-04:00,1149.1,1149.1,1149.1,1149.1,0
LLY,2026-09-24 06:10:00-04:00,1149.3,1149.3,1149.3,1149.3,1
LLY,2026-09-24 06:15:00-04:00,1149.3,1149.3,1149.3,1149.3,0
LLY,2026-09-24 06:20:00-04:00,1149.3,1149.3,1149.3,1149.3,0
LLY,2026-09-24 06:25:00-04:00,1148.56,1148.56,1148.56,1148.56,1
LLY,2026-09-24 06:30:00-04:00,1148.56,1148.56,1148.56,1148.56,0
LLY,2026-09-24 06:35:00-04:00,1148.56,1148.56,1148.56,1148.56,0
LLY,2026-09-24 06:40:00-04:00,1148.56,1148.56,1148.56,1148.56,0
LLY,2026-09-24 06:45:00-04:00,1149.3,1149.3,1149.3,1149.3,1
LLY,2026-09-24 06:50:00-04:00,1149.3,1160.0,1149.3,1160.0,5
LLY,2026-09-24 06:55:00-04:00,1155.96,1158.55,1155.96,1156.95,9
LLY,2026-09-24 07:00:00-04:00,1154.06,1154.06,1154.06,1154.06,6
LLY,2026-09-24 07:05:00-04:00,1150.15,1150.15,1150.15,1150.15,1
LLY,2026-09-24 07:10:00-04:00,1150.93,1152.01,1150.93,1152.01,2
LLY,2026-09-24 07:15:00-04:00,1153.89,1153.89,1153.89,1153.89,1
LLY,2026-09-24 07:20:00-04:00,1154.02,1154.02,1154.02,1154.02,1
LLY,2026-09-24 07:25:00-04:00,1157.5,1157.5,1154.0,1154.0,2
LLY,2026-09-24 07:30:00-04:00,1152.77,1152.77,1152.77,1152.77,1
LLY,2026-09-24 07:35:00-04:00,1153.0,1153.0,1151.66,1151.66,2
LLY,2026-09-24 07:40:00-04:00,1152.0,1152.0,1152.0,1152.0,1
LLY,2026-09-24 07:45:00-04:00,1151.59,1151.59,1151.59,1151.59,2
LLY,2026-09-24 07:50:00-04:00,1151.5,1152.53,1151.5,1152.53,3
LLY,2026-09-24 07:55:00-04:00,1151.5,1151.5,1151.5,1151.5,1
LLY,2026-09-24 08:00:00-04:00,1152.51,1152.8,1152.51,1152.8,5
LLY,2026-09-24 08:05:00-04:00,1154.86,1154.86,1154.86,1154.86,4
LLY,2026-09-24 08:10:00-04:00,1154.86,1154.86,1154.86,1154.86,0
LLY,2026-09-24 08:15:00-04:00,1155.52,1155.61,1155.52,1155.61,2
LLY,2026-09-24 08:20:00-04:00,1156.0,1156.0,1155.89,1155.89,2
LLY,2026-09-24 08:25:00-04:00,1155.55,1155.55,1155.55,1155.55,1
LLY,2026-09-24 08:30:00-04:00,1154.5,1155.0,1154.5,1155.0,5
LLY,2026-09-24 08:35:00-04:00,1155.01,1155.01,1155.0,1155.0,2
LLY,2026-09-24 08:40:00-04:00,1156.0,1156.29,1156.0,1156.29,2
LLY,2026-09-24 08:45:00-04:00,1156.29,1156.29,1156.29,1156.29,0
LLY,2026-09-24 08:50:00-04:00,1156.5,1156.5,1156.5,1156.5,1
LLY,2026-09-24 08:55:00-04:00,1156.5,1156.5,1156.5,1156.5,0
LLY,2026-09-24 09:00:00-04:00,1156.5,1156.5,1156.5,1156.5,0
LLY,2026-09-24 09:05:00-04:00,1156.5,1156.5,1156.5,1156.5,0
LLY,2026-09-24 09:10:00-04:00,1156.5,1156.5,1156.5,1156.5,0
LLY,2026-09-24 09:15:00-04:00,1156.5,1156.5,1156.5,1156.5,0
LLY,2026-09-24 09:20:00-04:00,1156.0,1156.5,1156.0,1156.5,10
LLY,2026-09-24 09:25:00-04:00,1157.0,1158.95,1157.0,1157.0,42
LLY,2026-09-24 09:30:00-04:00,1156.67,1170.56,1151.0,1169.45,1482
LLY,2026-09-24 09:35:00-04:00,1170.0,1175.08,1165.87,1173.25,1366
LLY,2026-09-24 09:40:00-04:00,1172.58,1179.0,1172.57,1177.92,1133
LLY,2026-09-24 09:45:00-04:00,1177.95,1185.74,1177.78,1185.1,1123
LLY,2026-09-24 09:50:00-04:00,1185.69,1187.0,1179.01,1183.75,725
LLY,2026-09-24 09:55:00-04:00,1183.89,1185.69,1181.27,1183.1,505
LLY,2026-09-24 10:00:00-04:00,1182.29,1188.87,1181.27,1183.48,1022
LLY,2026-09-24 10:05:00-04:00,1184.29,1189.11,1182.92,1186.43,803
LLY,2026-09-24 10:10:00-04:00,1186.78,1194.45,1185.08,1193.81,1267
LLY,2026-09-24 10:15:00-04:00,1193.73,1196.66,1191.38,1195.7,762
LLY,2026-09-24 10:20:00-04:00,1195.53,1195.78,1190.0,1190.0,579
LLY,2026-09-24 10:25:00-04:00,1190.49,1194.33,1189.51,1193.25,362
LLY,2026-09-24 10:30:00-04:00,1192.87,1192.91,1187.0,1190.53,430
LLY,2026-09-24 10:35:00-04:00,1189.37,1193.0,1187.88,1192.49,342
LLY,2026-09-24 10:40:00-04:00,1192.58,1193.12,1190.5,1192.58,466
LLY,2026-09-24 10:45:00-04:00,1193.15,1193.55,1191.99,1193.16,225
LLY,2026-09-24 10:50:00-04:00,1193.16,1193.43,1191.43,1192.38,138
LLY,2026-09-24 10:55:00-04:00,1192.38,1193.5,1191.0,1191.68,200
LLY,2026-09-24 11:00:00-04:00,1191.91,1194.98,1190.64,1194.49,405
LLY,2026-09-24 11:05:00-04:00,1194.49,1196.0,1191.95,1193.75,649
LLY,2026-09-24 11:10:00-04:00,1193.75,1195.0,1192.15,1192.77,441
LLY,2026-09-24 11:15:00-04:00,1193.17,1194.15,1192.33,1193.77,207
LLY,2026-09-24 11:20:00-04:00,1193.5,1193.54,1188.55,1192.77,361
LLY,2026-09-24 11:25:00-04:00,1192.46,1192.46,1189.15,1189.32,293
LLY,2026-09-24 11:30:00-04:00,1189.5,1190.05,1187.26,1188.09,373
LLY,2026-09-24 11:35:00-04:00,1188.05,1190.43,1187.25,1190.43,645
LLY,2026-09-24 11:40:00-04:00,1190.31,1194.0,1189.76,1194.0,347
LLY,2026-09-24 11:45:00-04:00,1194.0,1195.12,1190.75,1191.05,345
LLY,2026-09-24 11:50:00-04:00,1190.55,1191.79,1189.44,1191.4,207
LLY,2026-09-24 11:55:00-04:00,1191.42,1192.9,1189.52,1189.88,146
LLY,2026-09-24 12:00:00-04:00,1189.74,1190.11,1187.81,1189.33,239
LLY,2026-09-24 12:05:00-04:00,1189.48,1191.59,1189.1,1189.1,227
LLY,2026-09-24 12:10:00-04:00,1189.25,1189.99,1188.67,1189.56,108
LLY,2026-09-24 12:15:00-04:00,1189.4,1194.5,1189.14,1193.18,264
LLY,2026-09-24 12:20:00-04:00,1192.5,1197.74,1192.5,1195.99,628
LLY,2026-09-24 12:25:00-04:00,1196.62,1196.62,1193.29,1194.36,270
LLY,2026-09-24 12:30:00-04:00,1194.83,1195.0,1190.25,1190.72,270
LLY,2026-09-24 12:35:00-04:00,1190.72,1192.57,1190.65,1192.08,190
LLY,2026-09-24 12:40:00-04:00,1192.0,1192.99,1187.25,1187.72,621
LLY,2026-09-24 12:45:00-04:00,1187.65,1188.51,1186.02,1187.93,186
LLY,2026-09-24 12:50:00-04:00,1187.8,1188.45,1186.16,1186.77,340
LLY,2026-09-24 12:55:00-04:00,1186.76,1188.31,1186.35,1186.53,88
LLY,2026-09-24 13:00:00-04:00,1186.99,1187.86,1185.46,1186.19,354
LLY,2026-09-24 13:05:00-04:00,1186.2,1186.65,1184.15,1186.51,131
LLY,2026-09-24 13:10:00-04:00,1186.55,1188.59,1186.06,1187.94,335
LLY,2026-09-24 13:15:00-04:00,1187.48,1188.41,1186.48,1186.49,128
LLY,2026-09-24 13:20:00-04:00,1186.46,1188.72,1185.82,1187.76,292
LLY,2026-09-24 13:25:00-04:00,1187.73,1187.73,1186.0,1186.66,171
LLY,2026-09-24 13:30:00-04:00,1186.02,1187.94,1186.02,1187.42,108
LLY,2026-09-24 13:35:00-04:00,1187.46,1189.61,1186.9,1189.61,135
LLY,2026-09-24 13:40:00-04:00,1189.31,1189.96,1187.95,1189.01,307
LLY,2026-09-24 13:45:00-04:00,1187.96,1187.98,1186.04,1187.98,116
LLY,2026-09-24 13:50:00-04:00,1187.57,1188.54,1187.24,1187.6,118
LLY,2026-09-24 13:55:00-04:00,1187.56,1188.34,1187.32,1188.05,116
LLY,2026-09-24 14:00:00-04:00,1188.0,1189.71,1187.52,1188.79,123
LLY,2026-09-24 14:05:00-04:00,1188.46,1189.71,1188.06,1189.42,98
LLY,2026-09-24 14:10:00-04:00,1189.49,1190.0,1188.81,1189.7,113
LLY,2026-09-24 14:15:00-04:00,1189.58,1189.58,1188.0,1188.83,151
LLY,2026-09-24 14:20:00-04:00,1188.63,1189.04,1188.03,1189.04,93
LLY,2026-09-24 14:25:00-04:00,1188.93,1190.75,1187.7,1188.35,476
LLY,2026-09-24 14:30:00-04:00,1188.08,1188.88,1187.71,1188.43,149
LLY,2026-09-24 14:35:00-04:00,1188.43,1190.64,1188.18,1189.37,173
LLY,2026-09-24 14:40:00-04:00,1189.37,1190.47,1187.77,1189.85,108
LLY,2026-09-24 14:45:00-04:00,1189.55,1190.84,1187.59,1188.03,229
LLY,2026-09-24 14:50:00-04:00,1187.15,1188.89,1187.15,1187.92,67
LLY,2026-09-24 14:55:00-04:00,1187.32,1188.01,1186.49,1186.79,111
LLY,2026-09-24 15:00:00-04:00,1186.51,1187.5,1186.17,1187.08,177
LLY,2026-09-24 15:05:00-04:00,1186.89,1189.52,1186.5,1189.52,179
LLY,2026-09-24 15:10:00-04:00,1189.34,1189.34,1187.89,1188.13,244
LLY,2026-09-24 15:15:00-04:00,1188.26,1189.4,1187.67,1188.98,190
LLY,2026-09-24 15:20:00-04:00,1189.11,1189.91,1188.33,1188.68,194
LLY,2026-09-24 15:25:00-04:00,1189.09,1191.74,1188.95,1190.64,485
LLY,2026-09-24 15:30:00-04:00,1190.51,1190.89,1188.99,1189.67,776
LLY,2026-09-24 15:35:00-04:00,1189.58,1190.86,1189.42,1190.26,682
LLY,2026-09-24 15:40:00-04:00,1190.26,1191.11,1189.19,1190.51,698
LLY,2026-09-24 15:45:00-04:00,1190.0,1191.0,1189.32,1189.91,633
LLY,2026-09-24 15:50:00-04:00,1190.11,1190.52,1186.92,1187.27,1157
LLY,2026-09-24 15:55:00-04:00,1186.91,1187.14,1182.89,1183.09,2917
LLY,2026-09-24 16:00:00-04:00,1183.86,1183.86,1181.89,1181.89,8539
LLY,2026-09-24 16:05:00-04:00,1181.94,1183.79,1181.94,1183.43,11
LLY,2026-09-24 16:10:00-04:00,1183.43,1183.43,1183.43,1183.43,0
LLY,2026-09-24 16:15:00-04:00,1183.43,1183.43,1183.43,1183.43,0
LLY,2026-09-24 16:20:00-04:00,1183.43,1183.43,1183.43,1183.43,0
LLY,2026-09-24 16:25:00-04:00,1183.43,1183.43,1183.43,1183.43,0
LLY,2026-09-24 16:30:00-04:00,1184.55,1184.55,1184.03,1184.03,3
LLY,2026-09-24 16:35:00-04:00,1184.03,1184.03,1184.03,1184.03,0
LLY,2026-09-24 16:40:00-04:00,1184.03,1184.03,1184.03,1184.03,0
LLY,2026-09-24 16:45:00-04:00,1184.57,1184.57,1184.57,1184.57,1
LLY,2026-09-24 16:50:00-04:00,1184.57,1184.57,1184.57,1184.57,0
LLY,2026-09-24 16:55:00-04:00,1184.4,1184.4,1184.4,1184.4,1
LLY,2026-09-24 17:00:00-04:00,1184.22,1184.22,1184.22,1184.22,1
LLY,2026-09-24 17:05:00-04:00,1183.79,1183.79,1183.79,1183.79,1
LLY,2026-09-24 17:10:00-04:00,1183.79,1183.79,1183.79,1183.79,0
LLY,2026-09-24 17:15:00-04:00,1183.79,1183.79,1183.79,1183.79,0
LLY,2026-09-24 17:20:00-04:00,1185.0,1185.0,1185.0,1185.0,10
LLY,2026-09-24 17:25:00-04:00,1185.0,1185.0,1185.0,1185.0,0
LLY,2026-09-24 17:30:00-04:00,1185.0,1185.0,1185.0,1185.0,0
LLY,2026-09-24 17:35:00-04:00,1185.0,1185.0,1185.0,1185.0,0
LLY,2026-09-24 17:40:00-04:00,1182.46,1182.46,1182.46,1182.46,1
LLY,2026-09-24 17:45:00-04:00,1182.46,1182.46,1182.46,1182.46,0
LLY,2026-09-24 17:50:00-04:00,1182.46,1182.46,1182.46,1182.46,0
LLY,2026-09-24 17:55:00-04:00,1182.46,1182.46,1182.46,1182.46,0
LLY,2026-09-24 18:00:00-04:00,1182.46,1182.46,1182.46,1182.46,0
LLY,2026-09-24 18:05:00-04:00,1182.46,1182.46,1182.46,1182.46,0
LLY,2026-09-24 18:10:00-04:00,1182.46,1182.46,1182.46,1182.46,0
LLY,2026-09-24 18:15:00-04:00,1182.46,1182.46,1182.46,1182.46,0
LLY,2026-09-24 18:20:00-04:00,1182.46,1182.46,1182.46,1182.46,0
LLY,2026-09-24 18:25:00-04:00,1182.46,1182.46,1182.46,1182.46,0
MSFT,2026-09-22 04:00:00-04:00,503.5,504.27,500.7,503.49,539
MSFT,2026-09-22 04:05:00-04:00,504.0,504.59,502.15,503.9,54
MSFT,2026-09-22 04:10:00-04:00,504.0,504.3,503.37,503.37,23
MSFT,2026-09-22 04:15:00-04:00,503.7,504.0,503.45,503.99,35
MSFT,2026-09-22 04:20:00-04:00,504.19,504.21,503.62,503.66,53
MSFT,2026-09-22 04:25:00-04:00,503.66,504.25,503.6,503.71,47
MSFT,2026-09-22 04:30:00-04:00,503.6,504.0,503.43,503.43,31
MSFT,2026-09-22 04:35:00-04:00,503.3,503.43,503.2,503.43,17
MSFT,2026-09-22 04:40:00-04:00,503.55,503.55,503.46,503.46,3
MSFT,2026-09-22 04:45:00-04:00,503.94,503.99,503.88,503.9,29
MSFT,2026-09-22 04:50:00-04:00,503.97,504.21,503.97,504.2,12
MSFT,2026-09-22 04:55:00-04:00,504.2,504.4,504.2,504.38,70
MSFT,2026-09-22 05:00:00-04:00,504.33,504.36,504.26,504.28,25
MSFT,2026-09-22 05:05:00-04:00,504.27,504.27,504.01,504.01,18
MSFT,2026-09-22 05:10:00-04:00,504.1,504.1,503.46,503.46,20
MSFT,2026-09-22 05:15:00-04:00,503.46,503.46,503.46,503.46,0
MSFT,2026-09-22 05:20:00-04:00,503.7,503.7,503.56,503.56,15
MSFT,2026-09-22 05:25:00-04:00,503.54,503.56,503.4,503.41,17
MSFT,2026-09-22 05:30:00-04:00,503.55,503.56,503.54,503.56,32
MSFT,2026-09-22 05:35:00-04:00,503.55,504.0,503.55,504.0,44
MSFT,2026-09-22 05:40:00-04:00,503.8,503.94,503.75,503.77,10
MSFT,2026-09-22 05:45:00-04:00,503.94,504.06,503.94,504.0,53
MSFT,2026-09-22 05:50:00-04:00,503.66,504.0,503.55,503.62,18
MSFT,2026-09-22 05:55:00-04:00,503.5,503.54,503.0,503.49,59
MSFT,2026-09-22 06:00:00-04:00,503.09,503.09,501.62,502.89,118
MSFT,2026-09-22 06:05:00-04:00,503.0,503.01,502.93,502.93,8
MSFT,2026-09-22 06:10:00-04:00,503.05,503.24,503.05,503.15,29
MSFT,2026-09-22 06:15:00-04:00,503.3,503.5,503.07,503.5,18
MSFT,2026-09-22 06:20:00-04:00,502.88,504.1,502.88,503.99,41
MSFT,2026-09-22 06:25:00-04:00,503.97,503.97,503.4,503.4,7
MSFT,2026-09-22 06:30:00-04:00,503.63,504.6,503.63,504.6,103
MSFT,2026-09-22 06:35:00-04:00,504.54,504.54,504.12,504.2,57
MSFT,2026-09-22 06:40:00-04:00,503.62,504.8,503.62,504.41,39
MSFT,2026-09-22 06:45:00-04:00,504.49,504.49,504.2,504.2,55
MSFT,2026-09-22 06:50:00-04:00,504.39,504.7,504.39,504.68,38
MSFT,2026-09-22 06:55:00-04:00,504.7,504.75,504.45,504.45,72
MSFT,2026-09-22 07:00:00-04:00,504.38,505.95,503.81,505.95,350
MSFT,2026-09-22 07:05:00-04:00,505.89,506.49,505.53,506.2,212
MSFT,2026-09-22 07:10:00-04:00,506.0,506.35,505.7,505.74,63
MSFT,2026-09-22 07:15:00-04:00,505.68,505.88,505.5,505.56,29
MSFT,2026-09-22 07:20:00-04:00,505.53,506.35,505.53,506.22,100
MSFT,2026-09-22 07:25:00-04:00,506.15,506.35,506.0,506.02,73
MSFT,2026-09-22 07:30:00-04:00,506.13,506.3,505.75,506.13,110
MSFT,2026-09-22 07:35:00-04:00,505.75,505.84,505.14,505.6,44
MSFT,2026-09-22 07:40:00-04:00,505.7,505.7,505.35,505.55,18
MSFT,2026-09-22 07:45:00-04:00,505.7,506.0,505.34,505.81,57
MSFT,2026-09-22 07:50:00-04:00,505.65,506.15,505.65,506.15,50
MSFT,2026-09-22 07:55:00-04:00,506.2,506.83,506.2,506.62,163
MSFT,2026-09-22 08:00:00-04:00,506.74,507.34,506.12,507.3,250
MSFT,2026-09-22 08:05:00-04:00,507.0,508.49,507.0,508.4,250
MSFT,2026-09-22 08:10:00-04:00,508.32,508.4,507.76,508.0,425
MSFT,2026-09-22 08:15:00-04:00,508.0,508.0,507.5,507.5,137
MSFT,2026-09-22 08:20:00-04:00,507.43,507.72,507.31,507.31,174
MSFT,2026-09-22 08:25:00-04:00,507.52,507.75,507.3,507.49,85
MSFT,2026-09-22 08:30:00-04:00,507.4,507.75,507.2,507.2,110
MSFT,2026-09-22 08:35:00-04:00,507.22,507.51,507.05,507.45,152
MSFT,2026-09-22 08:40:00-04:00,507.47,507.75,507.31,507.75,78
MSFT,2026-09-22 08:45:00-04:00,507.53,507.78,507.28,507.5,169
MSFT,2026-09-22 08:50:00-04:00,507.25,507.48,506.95,507.12,67
MSFT,2026-09-22 08:55:00-04:00,507.22,507.34,506.94,507.32,44
MSFT,2026-09-22 09:00:00-04:00,507.35,507.7,507.18,507.49,121
MSFT,2026-09-22 09:05:00-04:00,507.49,508.09,507.4,507.93,260
MSFT,2026-09-22 09:10:00-04:00,508.0,508.11,507.41,507.41,95
MSFT,2026-09-22 09:15:00-04:00,507.65,508.4,507.55,507.95,361
MSFT,2026-09-22 09:20:00-04:00,508.01,508.4,507.55,507.86,227
MSFT,2026-09-22 09:25:00-04:00,507.73,508.38,506.65,507.3,462
MSFT,2026-09-22 09:30:00-04:00,507.32,508.5,501.7,501.79,18813
MSFT,2026-09-22 09:35:00-04:00,501.74,503.3,500.65,501.71,9435
MSFT,2026-09-22 09:40:00-04:00,501.76,501.76,497.88,498.15,8885
MSFT,2026-09-22 09:45:00-04:00,498.15,498.82,497.44,497.62,7824
MSFT,2026-09-22 09:50:00-04:00,497.65,497.97,496.4,496.91,7648
MSFT,2026-09-22 09:55:00-04:00,496.86,496.91,495.9,496.42,6742
MSFT,2026-09-22 10:00:00-04:00,496.42,496.79,496.01,496.21,7693
MSFT,2026-09-22 10:05:00-04:00,496.18,497.74,496.17,497.61,7451
MSFT,2026-09-22 10:10:00-04:00,497.56,499.37,497.44,498.59,11327
MSFT,2026-09-22 10:15:00-04:00,498.61,499.78,497.32,497.94,6523
MSFT,2026-09-22 10:20:00-04:00,497.8,499.0,497.67,497.9,3114
MSFT,2026-09-22 10:25:00-04:00,497.88,498.04,496.69,497.31,3821
MSFT,2026-09-22 10:30:00-04:00,497.31,498.0,496.7,497.65,4160
MSFT,2026-09-22 10:35:00-04:00,497.71,497.9,497.13,497.38,3306
MSFT,2026-09-22 10:40:00-04:00,497.31,497.64,496.8,497.17,2733
MSFT,2026-09-22 10:45:00-04:00,497.16,498.0,497.15,497.69,3286
MSFT,2026-09-22 10:50:00-04:00,497.69,497.93,497.42,497.49,2087
MSFT,2026-09-22 10:55:00-04:00,497.5,497.62,496.51,496.78,4707
MSFT,2026-09-22 11:00:00-04:00,496.78,497.42,496.41,496.48,4256
MSFT,2026-09-22 11:05:00-04:00,496.48,496.69,495.64,495.78,6539
MSFT,2026-09-22 11:10:00-04:00,495.84,495.94,494.22,494.91,10082
MSFT,2026-09-22 11:15:00-04:00,494.87,495.41,494.58,495.36,4274
MSFT,2026-09-22 11:20:00-04:00,495.36,495.81,494.65,495.36,4362
MSFT,2026-09-22 11:25:00-04:00,495.42,495.65,495.02,495.33,2972
MSFT,2026-09-22 11:30:00-04:00,495.22,495.35,494.6,494.67,3306
MSFT,2026-09-22 11:35:00-04:00,494.65,495.04,494.48,494.64,5073
MSFT,2026-09-22 11:40:00-04:00,494.64,495.4,494.3,495.15,4462
MSFT,2026-09-22 11:45:00-04:00,495.09,496.23,495.01,495.69,4346
MSFT,2026-09-22 11:50:00-04:00,495.71,495.71,494.06,494.2,3929
MSFT,2026-09-22 11:55:00-04:00,494.2,494.45,493.65,494.31,4483
MSFT,2026-09-22 12:00:00-04:00,494.32,495.19,494.28,495.12,3183
MSFT,2026-09-22 12:05:00-04:00,495.13,495.6,494.62,495.44,2823
MSFT,2026-09-22 12:10:00-04:00,495.54,495.76,495.38,495.58,1936
MSFT,2026-09-22 12:15:00-04:00,495.58,495.82,495.07,495.28,1854
MSFT,2026-09-22 12:20:00-04:00,495.25,495.43,494.81,495.35,1918
MSFT,2026-09-22 12:25:00-04:00,495.35,495.87,495.18,495.54,2409
MSFT,2026-09-22 12:30:00-04:00,495.5,496.03,495.4,496.03,2040
MSFT,2026-09-22 12:35:00-04:00,496.01,496.04,495.42,495.69,2032
MSFT,2026-09-22 12:40:00-04:00,495.65,496.48,495.59,496.48,2542
MSFT,2026-09-22 12:45:00-04:00,496.46,496.99,496.25,496.9,3160
MSFT,2026-09-22 12:50:00-04:00,496.9,497.01,496.21,496.58,3424
MSFT,2026-09-22 12:55:00-04:00,496.62,496.88,496.28,496.78,1656
MSFT,2026-09-22 13:00:00-04:00,496.75,497.08,496.53,496.57,2169
MSFT,2026-09-22 13:05:00-04:00,496.57,497.0,496.27,496.63,1535
MSFT,2026-09-22 13:10:00-04:00,496.69,497.09,496.45,496.93,1079
MSFT,2026-09-22 13:15:00-04:00,496.96,497.23,496.78,497.14,2025
MSFT,2026-09-22 13:20:00-04:00,497.14,497.35,497.01,497.05,2681
MSFT,2026-09-22 13:25:00-04:00,497.06,497.3,496.9,496.91,1665
MSFT,2026-09-22 13:30:00-04:00,496.97,497.05,496.13,496.6,1551
MSFT,2026-09-22 13:35:00-04:00,496.6,496.99,496.36,496.96,1337
MSFT,2026-09-22 13:40:00-04:00,496.92,497.65,496.73,497.37,2313
MSFT,2026-09-22 13:45:00-04:00,497.38,497.46,496.51,496.58,1851
MSFT,2026-09-22 13:50:00-04:00,496.56,497.42,496.23,496.69,2555
MSFT,2026-09-22 13:55:00-04:00,496.74,496.86,496.48,496.65,1721
MSFT,2026-09-22 14:00:00-04:00,496.68,496.94,495.97,495.99,1971
MSFT,2026-09-22 14:05:00-04:00,496.01,497.1,495.9,497.02,1638
MSFT,2026-09-22 14:10:00-04:00,497.01,497.19,496.85,497.09,1144
MSFT,2026-09-22 14:15:00-04:00,497.08,497.5,496.83,497.39,1888
MSFT,2026-09-22 14:20:00-04:00,497.36,497.41,496.98,497.29,2366
MSFT,2026-09-22 14:25:00-04:00,497.29,497.62,497.19,497.42,1742
MSFT,2026-09-22 14:30:00-04:00,497.42,497.97,497.3,497.91,2377
MSFT,2026-09-22 14:35:00-04:00,497.93,498.4,497.71,498.35,4181
MSFT,2026-09-22 14:40:00-04:00,498.34,498.76,498.16,498.65,2233
MSFT,2026-09-22 14:45:00-04:00,498.63,499.2,498.59,498.83,3246
MSFT,2026-09-22 14:50:00-04:00,498.87,499.15,498.62,499.06,2876
MSFT,2026-09-22 14:55:00-04:00,499.08,499.12,497.78,498.24,2853
MSFT,2026-09-22 15:00:00-04:00,498.28,498.6,498.12,498.48,1959
MSFT,2026-09-22 15:05:00-04:00,498.49,498.74,498.33,498.63,1760
MSFT,2026-09-22 15:10:00-04:00,498.65,498.78,498.21,498.35,1606
MSFT,2026-09-22 15:15:00-04:00,498.37,498.43,497.97,498.35,1880
MSFT,2026-09-22 15:20:00-04:00,498.35,498.71,498.2,498.62,2670
MSFT,2026-09-22 15:25:00-04:00,498.66,499.15,498.54,499.06,2631
MSFT,2026-09-22 15:30:00-04:00,499.04,499.24,498.69,498.89,2389
MSFT,2026-09-22 15:35:00-04:00,498.91,499.03,498.38,498.49,1856
MSFT,2026-09-22 15:40:00-04:00,498.48,498.87,498.15,498.85,2177
MSFT,2026-09-22 15:45:00-04:00,498.85,499.43,498.76,498.96,3996
MSFT,2026-09-22 15:50:00-04:00,498.94,499.12,498.37,498.54,4697
MSFT,2026-09-22 15:55:00-04:00,498.48,498.54,497.47,497.94,13115
MSFT,2026-09-22 16:00:00-04:00,498.0,498.2,498.0,498.0,77754
MSFT,2026-09-22 16:05:00-04:00,497.84,498.17,497.8,497.8,31
MSFT,2026-09-22 16:10:00-04:00,498.18,498.29,498.04,498.29,13
MSFT,2026-09-22 16:15:00-04:00,498.25,498.25,498.0,498.0,41
MSFT,2026-09-22 16:20:00-04:00,498.0,498.05,497.97,498.0,139
MSFT,2026-09-22 16:25:00-04:00,498.01,498.05,497.96,498.04,23
MSFT,2026-09-22 16:30:00-04:00,498.0,498.05,498.0,498.04,23
MSFT,2026-09-22 16:35:00-04:00,497.87,498.02,497.87,498.0,21
MSFT,2026-09-22 16:40:00-04:00,498.0,498.04,497.96,498.0,35
MSFT,2026-09-22 16:45:00-04:00,498.04,498.05,498.0,498.0,11
MSFT,2026-09-22 16:50:00-04:00,497.96,497.96,497.6,497.6,27
MSFT,2026-09-22 16:55:00-04:00,497.65,497.67,497.65,497.66,7
MSFT,2026-09-22 17:00:00-04:00,497.4,498.0,497.4,497.6,81
MSFT,2026-09-22 17:05:00-04:00,497.78,497.95,497.78,497.9,43
MSFT,2026-09-22 17:10:00-04:00,497.61,497.61,497.61,497.61,7
MSFT,2026-09-22 17:15:00-04:00,497.77,497.77,497.64,497.64,2
MSFT,2026-09-22 17:20:00-04:00,497.65,498.0,497.65,498.0,25
MSFT,2026-09-22 17:25:00-04:00,497.64,497.98,497.64,497.9,9
MSFT,2026-09-22 17:30:00-04:00,497.97,497.97,497.8,497.8,18
MSFT,2026-09-22 17:35:00-04:00,497.8,499.26,497.7,499.25,274
MSFT,2026-09-22 17:40:00-04:00,498.55,501.5,498.55,501.2,861
MSFT,2026-09-22 17:45:00-04:00,501.5,501.96,500.86,501.3,222
MSFT,2026-09-22 17:50:00-04:00,501.0,501.0,500.11,500.46,141
MSFT,2026-09-22 17:55:00-04:00,500.46,500.47,500.0,500.16,78
MSFT,2026-09-22 18:00:00-04:00,500.25,500.47,500.14,500.28,120
MSFT,2026-09-22 18:05:00-04:00,500.5,500.87,500.5,500.5,92
MSFT,2026-09-22 18:10:00-04:00,500.24,500.28,500.01,500.12,31
MSFT,2026-09-22 18:15:00-04:00,500.3,500.41,499.9,499.9,27
MSFT,2026-09-22 18:20:00-04:00,500.2,500.6,499.9,500.38,33
MSFT,2026-09-22 18:25:00-04:00,500.38,500.38,499.83,499.88,15
MSFT,2026-09-22 18:30:00-04:00,499.81,500.1,499.81,500.1,15
MSFT,2026-09-22 18:35:00-04:00,499.82,499.98,499.71,499.97,18
MSFT,2026-09-22 18:40:00-04:00,499.94,500.02,499.71,500.02,123
MSFT,2026-09-22 18:45:00-04:00,499.78,499.98,499.5,499.5,55
MSFT,2026-09-22 18:50:00-04:00,499.45,499.51,499.45,499.51,9
MSFT,2026-09-22 18:55:00-04:00,499.74,499.8,499.51,499.79,44
MSFT,2026-09-22 19:00:00-04:00,499.6,499.6,499.5,499.5,6
MSFT,2026-09-22 19:05:00-04:00,499.45,499.78,499.4,499.7,42
MSFT,2026-09-22 19:10:00-04:00,499.5,499.6,499.37,499.45,31
MSFT,2026-09-22 19:15:00-04:00,499.4,499.66,499.34,499.4,57
MSFT,2026-09-22 19:20:00-04:00,499.38,499.7,499.35,499.45,13
MSFT,2026-09-22 19:25:00-04:00,499.46,499.7,499.46,499.58,22
MSFT,2026-09-22 19:30:00-04:00,499.5,499.53,499.41,499.44,33
MSFT,2026-09-22 19:35:00-04:00,499.5,499.5,499.38,499.38,18
MSFT,2026-09-22 19:40:00-04:00,499.35,499.35,499.3,499.3,6
MSFT,2026-09-22 19:45:00-04:00,499.25,499.51,499.05,499.5,57
MSFT,2026-09-22 19:50:00-04:00,499.51,499.63,499.5,499.5,7
MSFT,2026-09-22 19:55:00-04:00,499.51,501.5,499.51,501.48,245
MSFT,2026-09-23 04:00:00-04:00,501.47,501.48,499.75,500.91,479
MSFT,2026-09-23 04:05:00-04:00,500.96,501.69,500.53,501.25,69
MSFT,2026-09-23 04:10:00-04:00,501.13,501.28,501.0,501.28,84
MSFT,2026-09-23 04:15:00-04:00,501.28,501.46,501.0,501.0,31
MSFT,2026-09-23 04:20:00-04:00,501.0,501.6,501.0,501.5,31
MSFT,2026-09-23 04:25:00-04:00,501.5,501.51,501.5,501.5,21
MSFT,2026-09-23 04:30:00-04:00,501.5,501.5,501.5,501.5,0
MSFT,2026-09-23 04:35:00-04:00,501.01,501.01,500.88,500.98,13
MSFT,2026-09-23 04:40:00-04:00,500.83,500.93,500.8,500.8,10
MSFT,2026-09-23 04:45:00-04:00,500.8,500.88,500.54,500.54,41
MSFT,2026-09-23 04:50:00-04:00,500.67,500.7,500.67,500.68,4
MSFT,2026-09-23 04:55:00-04:00,500.8,500.87,500.8,500.87,32
MSFT,2026-09-23 05:00:00-04:00,500.88,501.13,500.68,500.8,64
MSFT,2026-09-23 05:05:00-04:00,500.7,500.8,500.7,500.8,6
MSFT,2026-09-23 05:10:00-04:00,500.92,501.05,500.79,501.05,28
MSFT,2026-09-23 05:15:00-04:00,500.82,500.83,500.8,500.8,22
MSFT,2026-09-23 05:20:00-04:00,500.8,501.09,500.7,500.7,7
MSFT,2026-09-23 05:25:00-04:00,501.0,501.77,501.0,501.35,53
MSFT,2026-09-23 05:30:00-04:00,501.51,503.13,501.51,502.28,335
MSFT,2026-09-23 05:35:00-04:00,501.64,502.1,501.6,501.6,8
MSFT,2026-09-23 05:40:00-04:00,501.65,501.65,501.6,501.6,3
MSFT,2026-09-23 05:45:00-04:00,501.38,501.43,501.17,501.34,10
MSFT,2026-09-23 05:50:00-04:00,501.35,501.77,501.35,501.6,8
MSFT,2026-09-23 05:55:00-04:00,501.72,502.5,501.72,502.46,114
MSFT,2026-09-23 06:00:00-04:00,502.24,503.39,502.24,502.54,91
MSFT,2026-09-23 06:05:00-04:00,502.55,502.8,502.09,502.32,59
MSFT,2026-09-23 06:10:00-04:00,502.56,502.58,502.48,502.5,12
MSFT,2026-09-23 06:15:00-04:00,502.5,502.5,502.0,502.0,27
MSFT,2026-09-23 06:20:00-04:00,502.0,502.18,501.95,502.18,9
MSFT,2026-09-23 06:25:00-04:00,502.0,502.17,501.81,502.17,69
MSFT,2026-09-23 06:30:00-04:00,502.11,502.17,501.9,502.17,27
MSFT,2026-09-23 06:35:00-04:00,502.0,502.3,502.0,502.2,38
MSFT,2026-09-23 06:40:00-04:00,502.37,502.47,502.28,502.47,48
MSFT,2026-09-23 06:45:00-04:00,502.2,502.45,501.63,502.1,127
MSFT,2026-09-23 06:50:00-04:00,502.1,502.6,502.0,502.36,37
MSFT,2026-09-23 06:55:00-04:00,502.35,502.55,501.94,502.4,48
MSFT,2026-09-23 07:00:00-04:00,502.11,503.98,502.0,503.5,671
MSFT,2026-09-23 07:05:00-04:00,503.49,503.77,503.32,503.7,206
MSFT,2026-09-23 07:10:00-04:00,503.65,503.7,502.84,503.1,231
MSFT,2026-09-23 07:15:00-04:00,503.19,503.19,502.87,502.96,26
MSFT,2026-09-23 07:20:00-04:00,502.99,503.0,502.06,502.51,174
MSFT,2026-09-23 07:25:00-04:00,502.45,502.63,502.01,502.21,83
MSFT,2026-09-23 07:30:00-04:00,502.33,502.7,501.6,502.02,252
MSFT,2026-09-23 07:35:00-04:00,502.28,502.28,501.04,501.58,408
MSFT,2026-09-23 07:40:00-04:00,502.2,502.7,501.59,502.0,216
MSFT,2026-09-23 07:45:00-04:00,502.0,502.78,501.7,502.5,156
MSFT,2026-09-23 07:50:00-04:00,502.22,502.49,502.1,502.4,146
MSFT,2026-09-23 07:55:00-04:00,501.88,502.94,501.88,502.94,114
MSFT,2026-09-23 08:00:00-04:00,502.76,503.6,498.0,503.01,322
MSFT,2026-09-23 08:05:00-04:00,503.17,503.2,502.53,502.65,82
MSFT,2026-09-23 08:10:00-04:00,502.78,503.2,502.71,502.98,165
MSFT,2026-09-23 08:15:00-04:00,502.87,503.0,502.59,503.0,105
MSFT,2026-09-23 08:20:00-04:00,503.0,503.0,502.05,502.05,208
MSFT,2026-09-23 08:25:00-04:00,502.29,502.5,502.1,502.27,103
MSFT,2026-09-23 08:30:00-04:00,502.62,502.9,502.03,502.03,109
MSFT,2026-09-23 08:35:00-04:00,502.09,502.57,501.65,502.3,174
MSFT,2026-09-23 08:40:00-04:00,502.26,502.26,502.09,502.23,62
MSFT,2026-09-23 08:45:00-04:00,502.12,502.35,501.9,502.2,102
MSFT,2026-09-23 08:50:00-04:00,502.24,502.32,502.06,502.2,143
MSFT,2026-09-23 08:55:00-04:00,502.3,502.3,502.07,502.2,69
MSFT,2026-09-23 09:00:00-04:00,502.04,502.86,502.04,502.51,133
MSFT,2026-09-23 09:05:00-04:00,502.52,503.15,502.41,502.79,183
MSFT,2026-09-23 09:10:00-04:00,502.83,502.89,502.5,502.52,151
MSFT,2026-09-23 09:15:00-04:00,502.5,502.94,502.14,502.5,162
MSFT,2026-09-23 09:20:00-04:00,502.54,502.54,501.65,501.66,231
MSFT,2026-09-23 09:25:00-04:00,501.55,502.48,500.07,500.96,913
MSFT,2026-09-23 09:30:00-04:00,500.76,503.77,500.3,502.73,21947
MSFT,2026-09-23 09:35:00-04:00,502.62,508.75,501.7,507.79,21581
MSFT,2026-09-23 09:40:00-04:00,507.79,509.44,506.72,506.97,19322
MSFT,2026-09-23 09:45:00-04:00,506.81,506.9,503.21,503.89,11268
MSFT,2026-09-23 09:50:00-04:00,503.89,505.45,502.73,503.21,6912
MSFT,2026-09-23 09:55:00-04:00,503.14,505.11,502.89,504.22,7470
MSFT,2026-09-23 10:00:00-04:00,504.15,504.42,500.41,501.06,7794
MSFT,2026-09-23 10:05:00-04:00,501.05,501.16,498.75,498.96,7375
MSFT,2026-09-23 10:10:00-04:00,498.91,499.53,498.5,499.03,5132
MSFT,2026-09-23 10:15:00-04:00,499.09,499.14,497.15,497.69,4674
MSFT,2026-09-23 10:20:00-04:00,497.71,498.03,495.88,496.83,4583
MSFT,2026-09-23 10:25:00-04:00,496.88,497.44,496.03,496.7,4473
MSFT,2026-09-23 10:30:00-04:00,496.7,497.87,496.62,497.5,3109
MSFT,2026-09-23 10:35:00-04:00,497.5,498.06,496.88,497.35,3270
MSFT,2026-09-23 10:40:00-04:00,497.35,498.58,497.09,498.1,4119
MSFT,2026-09-23 10:45:00-04:00,498.11,499.65,498.04,498.76,4013
MSFT,2026-09-23 10:50:00-04:00,498.88,499.91,498.59,499.9,4071
MSFT,2026-09-23 10:55:00-04:00,499.86,501.0,499.44,500.42,4191
MSFT,2026-09-23 11:00:00-04:00,500.46,500.48,499.1,499.66,3342
MSFT,2026-09-23 11:05:00-04:00,499.56,499.85,498.82,499.15,3482
MSFT,2026-09-23 11:10:00-04:00,499.11,499.15,497.66,497.71,2467
MSFT,2026-09-23 11:15:00-04:00,497.7,497.83,497.18,497.45,2634
MSFT,2026-09-23 11:20:00-04:00,497.45,498.7,497.27,498.69,2858
MSFT,2026-09-23 11:25:00-04:00,498.64,498.75,497.88,498.34,1935
MSFT,2026-09-23 11:30:00-04:00,498.36,499.35,497.73,499.09,2845
MSFT,2026-09-23 11:35:00-04:00,499.1,499.21,498.39,498.74,2282
MSFT,2026-09-23 11:40:00-04:00,498.73,498.91,498.01,498.08,2360
MSFT,2026-09-23 11:45:00-04:00,498.06,498.88,498.04,498.61,2285
MSFT,2026-09-23 11:50:00-04:00,498.63,499.2,498.58,499.0,1880
MSFT,2026-09-23 11:55:00-04:00,499.08,499.67,498.67,499.1,1468
MSFT,2026-09-23 12:00:00-04:00,499.09,499.09,498.41,498.58,836
MSFT,2026-09-23 12:05:00-04:00,498.52,498.62,498.05,498.36,1433
MSFT,2026-09-23 12:10:00-04:00,498.4,498.97,498.24,498.84,1666
MSFT,2026-09-23 12:15:00-04:00,498.84,498.84,498.05,498.31,1321
MSFT,2026-09-23 12:20:00-04:00,498.41,499.09,498.28,499.03,1603
MSFT,2026-09-23 12:25:00-04:00,498.99,499.22,498.53,498.56,1366
MSFT,2026-09-23 12:30:00-04:00,498.6,499.07,498.45,498.58,1190
MSFT,2026-09-23 12:35:00-04:00,498.58,499.08,498.41,498.86,1436
MSFT,2026-09-23 12:40:00-04:00,498.84,498.84,498.25,498.28,1149
MSFT,2026-09-23 12:45:00-04:00,498.3,499.38,498.17,499.1,1966
MSFT,2026-09-23 12:50:00-04:00,499.09,499.13,498.25,498.51,1378
MSFT,2026-09-23 12:55:00-04:00,498.45,499.31,498.38,499.31,1689
MSFT,2026-09-23 13:00:00-04:00,499.18,499.87,499.02,499.37,2399
MSFT,2026-09-23 13:05:00-04:00,499.38,499.68,499.15,499.62,1760
MSFT,2026-09-23 13:10:00-04:00,499.63,499.94,499.39,499.87,1374
MSFT,2026-09-23 13:15:00-04:00,499.87,500.3,499.42,500.19,1810
MSFT,2026-09-23 13:20:00-04:00,500.14,500.22,499.15,499.19,1357
MSFT,2026-09-23 13:25:00-04:00,499.19,499.71,499.14,499.28,1099
MSFT,2026-09-23 13:30:00-04:00,499.25,499.6,499.02,499.47,1775
MSFT,2026-09-23 13:35:00-04:00,499.54,499.7,499.26,499.36,1420
MSFT,2026-09-23 13:40:00-04:00,499.35,500.02,499.16,499.63,1494
MSFT,2026-09-23 13:45:00-04:00,499.62,499.92,499.26,499.59,1685
MSFT,2026-09-23 13:50:00-04:00,499.59,499.61,499.14,499.25,823
MSFT,2026-09-23 13:55:00-04:00,499.29,500.05,499.23,499.83,1555
MSFT,2026-09-23 14:00:00-04:00,499.87,499.87,499.35,499.35,1093
MSFT,2026-09-23 14:05:00-04:00,499.35,499.42,498.91,499.22,1899
MSFT,2026-09-23 14:10:00-04:00,499.22,499.56,499.17,499.39,1095
MSFT,2026-09-23 14:15:00-04:00,499.4,499.92,499.22,499.88,1361
MSFT,2026-09-23 14:20:00-04:00,499.83,500.4,499.81,500.31,1717
MSFT,2026-09-23 14:25:00-04:00,500.35,500.47,500.07,500.43,1723
MSFT,2026-09-23 14:30:00-04:00,500.42,500.45,499.77,499.78,1868
MSFT,2026-09-23 14:35:00-04:00,499.82,500.16,499.73,500.1,1522
MSFT,2026-09-23 14:40:00-04:00,500.1,500.66,499.99,500.62,2325
MSFT,2026-09-23 14:45:00-04:00,500.66,501.15,500.57,500.88,2971
MSFT,2026-09-23 14:50:00-04:00,500.88,500.97,500.46,500.52,1575
MSFT,2026-09-23 14:55:00-04:00,500.5,501.08,500.49,500.67,1450
MSFT,2026-09-23 15:00:00-04:00,500.7,500.85,500.41,500.5,1400
MSFT,2026-09-23 15:05:00-04:00,500.54,500.75,500.44,500.58,1761
MSFT,2026-09-23 15:10:00-04:00,500.58,500.64,500.09,500.24,1659
MSFT,2026-09-23 15:15:00-04:00,500.24,500.45,499.95,500.12,1593
MSFT,2026-09-23 15:20:00-04:00,500.04,500.1,499.74,500.09,2246
MSFT,2026-09-23 15:25:00-04:00,500.08,500.39,500.06,500.37,1659
MSFT,2026-09-23 15:30:00-04:00,500.38,500.41,500.11,500.26,1826
MSFT,2026-09-23 15:35:00-04:00,500.29,500.31,499.52,499.86,3179
MSFT,2026-09-23 15:40:00-04:00,499.89,500.15,499.57,499.82,2328
MSFT,2026-09-23 15:45:00-04:00,499.79,500.0,499.48,499.81,1931
MSFT,2026-09-23 15:50:00-04:00,499.86,499.89,498.74,499.57,6353
MSFT,2026-09-23 15:55:00-04:00,499.6,500.87,499.55,500.78,15519
MSFT,2026-09-23 16:00:00-04:00,500.85,501.2,500.38,500.7,88973
MSFT,2026-09-23 16:05:00-04:00,500.61,500.9,500.14,500.7,82
MSFT,2026-09-23 16:10:00-04:00,500.4,500.4,500.1,500.1,30
MSFT,2026-09-23 16:15:00-04:00,500.14,500.59,499.92,500.1,4211
MSFT,2026-09-23 16:20:00-04:00,500.08,500.09,500.01,500.01,28
MSFT,2026-09-23 16:25:00-04:00,500.08,500.25,500.08,500.25,46
MSFT,2026-09-23 16:30:00-04:00,500.21,500.21,500.15,500.15,72
MSFT,2026-09-23 16:35:00-04:00,500.05,500.15,499.91,500.15,20
MSFT,2026-09-23 16:40:00-04:00,500.18,500.18,500.17,500.18,1
MSFT,2026-09-23 16:45:00-04:00,499.96,500.0,499.92,500.0,4
MSFT,2026-09-23 16:50:00-04:00,500.15,500.16,499.93,499.93,30
MSFT,2026-09-23 16:55:00-04:00,499.92,500.0,499.92,499.92,40
MSFT,2026-09-23 17:00:00-04:00,499.92,499.99,499.9,499.91,9
MSFT,2026-09-23 17:05:00-04:00,499.92,499.95,499.73,499.74,45
MSFT,2026-09-23 17:10:00-04:00,499.8,499.8,499.2,499.58,78
MSFT,2026-09-23 17:15:00-04:00,499.53,500.02,499.53,500.0,53
MSFT,2026-09-23 17:20:00-04:00,499.93,499.99,499.91,499.99,22
MSFT,2026-09-23 17:25:00-04:00,499.9,499.9,499.57,499.57,22
MSFT,2026-09-23 17:30:00-04:00,499.65,499.75,499.51,499.69,34
MSFT,2026-09-23 17:35:00-04:00,499.51,499.51,499.51,499.51,1
MSFT,2026-09-23 17:40:00-04:00,499.99,499.99,499.98,499.99,25
MSFT,2026-09-23 17:45:00-04:00,500.0,500.0,499.83,500.0,13
MSFT,2026-09-23 17:50:00-04:00,499.9,499.99,499.9,499.99,3
MSFT,2026-09-23 17:55:00-04:00,499.83,499.99,499.81,499.81,19
MSFT,2026-09-23 18:00:00-04:00,499.99,500.25,499.81,500.0,94
MSFT,2026-09-23 18:05:00-04:00,500.03,500.22,499.99,500.22,54
MSFT,2026-09-23 18:10:00-04:00,500.28,500.45,500.0,500.0,23
MSFT,2026-09-23 18:15:00-04:00,500.45,500.45,500.06,500.36,21
MSFT,2026-09-23 18:20:00-04:00,500.38,500.39,500.02,500.2,88
MSFT,2026-09-23 18:25:00-04:00,500.2,500.2,500.2,500.2,4
MSFT,2026-09-23 18:30:00-04:00,500.0,500.19,499.99,499.99,52
MSFT,2026-09-23 18:35:00-04:00,500.08,500.08,500.08,500.08,1
MSFT,2026-09-23 18:40:00-04:00,500.01,500.17,500.01,500.03,3
MSFT,2026-09-23 18:45:00-04:00,500.13,500.3,500.0,500.2,46
MSFT,2026-09-23 18:50:00-04:00,500.2,500.2,500.2,500.2,2
MSFT,2026-09-23 18:55:00-04:00,500.2,500.2,500.2,500.2,0
MSFT,2026-09-23 19:00:00-04:00,500.2,500.2,500.0,500.1,20
MSFT,2026-09-23 19:05:00-04:00,500.07,500.3,500.0,500.09,29
MSFT,2026-09-23 19:10:00-04:00,500.0,500.05,500.0,500.0,13
MSFT,2026-09-23 19:15:00-04:00,500.15,500.15,499.83,499.84,15
MSFT,2026-09-23 19:20:00-04:00,499.81,500.0,499.25,500.0,10
MSFT,2026-09-23 19:25:00-04:00,499.96,499.98,499.55,499.8,25
MSFT,2026-09-23 19:30:00-04:00,499.25,499.92,499.25,499.9,19
MSFT,2026-09-23 19:35:00-04:00,499.77,500.24,499.76,500.24,5
MSFT,2026-09-23 19:40:00-04:00,500.3,500.42,500.05,500.05,12
MSFT,2026-09-23 19:45:00-04:00,499.8,500.0,499.54,499.54,6
MSFT,2026-09-23 19:50:00-04:00,499.85,500.24,499.85,500.24,13
MSFT,2026-09-23 19:55:00-04:00,499.91,500.32,499.91,500.31,37
MSFT,2026-09-24 04:00:00-04:00,498.51,498.88,497.52,498.03,333
MSFT,2026-09-24 04:05:00-04:00,498.02,498.39,497.6,497.62,63
MSFT,2026-09-24 04:10:00-04:00,497.6,497.61,497.35,497.35,47
MSFT,2026-09-24 04:15:00-04:00,497.26,497.5,497.26,497.5,105
MSFT,2026-09-24 04:20:00-04:00,497.47,497.72,497.37,497.42,14
MSFT,2026-09-24 04:25:00-04:00,497.32,497.53,497.0,497.27,51
MSFT,2026-09-24 04:30:00-04:00,497.1,497.74,497.07,497.31,14
MSFT,2026-09-24 04:35:00-04:00,497.31,497.31,497.07,497.27,29
MSFT,2026-09-24 04:40:00-04:00,497.37,497.74,497.11,497.74,46
MSFT,2026-09-24 04:45:00-04:00,497.74,498.19,497.67,498.19,71
MSFT,2026-09-24 04:50:00-04:00,498.01,498.21,497.8,497.8,24
MSFT,2026-09-24 04:55:00-04:00,497.92,498.0,497.73,497.81,21
MSFT,2026-09-24 05:00:00-04:00,498.09,498.33,498.0,498.11,40
MSFT,2026-09-24 05:05:00-04:00,498.0,498.33,498.0,498.33,6
MSFT,2026-09-24 05:10:00-04:00,498.46,498.57,498.46,498.57,13
MSFT,2026-09-24 05:15:00-04:00,498.37,498.37,498.34,498.37,7
MSFT,2026-09-24 05:20:00-04:00,498.25,498.68,498.04,498.68,23
MSFT,2026-09-24 05:25:00-04:00,498.56,498.56,498.45,498.45,10
MSFT,2026-09-24 05:30:00-04:00,498.21,498.36,498.21,498.36,15
MSFT,2026-09-24 05:35:00-04:00,498.3,498.6,498.22,498.3,11
MSFT,2026-09-24 05:40:00-04:00,498.23,498.25,497.77,497.77,25
MSFT,2026-09-24 05:45:00-04:00,497.71,498.02,497.6,498.02,11
MSFT,2026-09-24 05:50:00-04:00,497.78,498.1,497.78,498.1,12
MSFT,2026-09-24 05:55:00-04:00,498.25,498.35,498.22,498.3,9
MSFT,2026-09-24 06:00:00-04:00,498.45,498.59,498.36,498.36,25
MSFT,2026-09-24 06:05:00-04:00,498.56,498.57,498.46,498.57,40
MSFT,2026-09-24 06:10:00-04:00,498.59,498.59,498.37,498.52,20
MSFT,2026-09-24 06:15:00-04:00,498.65,498.93,498.54,498.93,30
MSFT,2026-09-24 06:20:00-04:00,498.86,499.3,498.77,498.77,40
MSFT,2026-09-24 06:25:00-04:00,498.38,498.45,498.0,498.24,96
MSFT,2026-09-24 06:30:00-04:00,498.52,498.53,498.52,498.53,7
MSFT,2026-09-24 06:35:00-04:00,498.55,498.8,498.32,498.32,22
MSFT,2026-09-24 06:40:00-04:00,498.76,498.9,498.25,498.25,30
MSFT,2026-09-24 06:45:00-04:00,498.3,498.82,498.3,498.82,34
MSFT,2026-09-24 06:50:00-04:00,498.52,498.73,498.52,498.56,22
MSFT,2026-09-24 06:55:00-04:00,498.61,498.61,498.57,498.6,10
MSFT,2026-09-24 07:00:00-04:00,498.69,498.96,498.69,498.73,59
MSFT,2026-09-24 07:05:00-04:00,498.65,498.65,497.75,497.75,142
MSFT,2026-09-24 07:10:00-04:00,497.69,498.0,497.15,497.89,61
MSFT,2026-09-24 07:15:00-04:00,497.57,497.74,497.15,497.2,60
MSFT,2026-09-24 07:20:00-04:00,497.27,497.45,497.24,497.27,14
MSFT,2026-09-24 07:25:00-04:00,497.45,497.5,497.31,497.4,16
MSFT,2026-09-24 07:30:00-04:00,497.27,497.8,497.27,497.59,42
MSFT,2026-09-24 07:35:00-04:00,497.31,497.4,497.27,497.28,14
MSFT,2026-09-24 07:40:00-04:00,497.48,497.59,497.32,497.59,8
MSFT,2026-09-24 07:45:00-04:00,497.35,497.6,497.03,497.03,156
MSFT,2026-09-24 07:50:00-04:00,497.01,497.35,496.99,497.14,49
MSFT,2026-09-24 07:55:00-04:00,497.39,497.6,497.09,497.58,23
MSFT,2026-09-24 08:00:00-04:00,497.44,497.5,497.21,497.27,31
MSFT,2026-09-24 08:05:00-04:00,497.3,497.3,497.21,497.21,6
MSFT,2026-09-24 08:10:00-04:00,497.25,497.55,497.25,497.45,10
MSFT,2026-09-24 08:15:00-04:00,497.52,497.7,497.5,497.6,11
MSFT,2026-09-24 08:20:00-04:00,497.53,497.87,497.53,497.8,28
MSFT,2026-09-24 08:25:00-04:00,497.59,497.59,497.07,497.5,39
MSFT,2026-09-24 08:30:00-04:00,497.0,497.11,496.8,497.11,76
MSFT,2026-09-24 08:35:00-04:00,497.28,497.44,496.95,497.43,24
MSFT,2026-09-24 08:40:00-04:00,497.28,498.5,496.96,497.94,143
MSFT,2026-09-24 08:45:00-04:00,497.94,498.09,497.71,497.82,6
MSFT,2026-09-24 08:50:00-04:00,498.03,498.53,497.93,498.53,15
MSFT,2026-09-24 08:55:00-04:00,498.58,498.87,498.3,498.62,38
MSFT,2026-09-24 09:00:00-04:00,498.3,498.61,498.0,498.05,48
MSFT,2026-09-24 09:05:00-04:00,498.06,498.5,497.62,498.5,53
MSFT,2026-09-24 09:10:00-04:00,498.23,498.61,498.0,498.61,103
MSFT,2026-09-24 09:15:00-04:00,498.56,499.14,498.23,498.71,73
MSFT,2026-09-24 09:20:00-04:00,499.0,499.15,498.25,498.25,32
MSFT,2026-09-24 09:25:00-04:00,498.48,498.71,494.0,494.49,1173
MSFT,2026-09-24 09:30:00-04:00,495.22,495.66,491.7,495.19,18980
MSFT,2026-09-24 09:35:00-04:00,495.19,495.19,493.08,493.81,5936
MSFT,2026-09-24 09:40:00-04:00,493.84,494.03,492.92,493.75,8401
MSFT,2026-09-24 09:45:00-04:00,493.75,493.79,491.53,492.65,6390
MSFT,2026-09-24 09:50:00-04:00,492.66,492.84,491.22,491.7,7744
MSFT,2026-09-24 09:55:00-04:00,491.66,493.44,491.55,492.9,6733
MSFT,2026-09-24 10:00:00-04:00,492.92,493.0,492.15,492.8,4706
MSFT,2026-09-24 10:05:00-04:00,492.8,493.1,492.04,492.91,2808
MSFT,2026-09-24 10:10:00-04:00,492.91,492.95,492.12,492.6,3780
MSFT,2026-09-24 10:15:00-04:00,492.56,493.95,492.09,493.84,3785
MSFT,2026-09-24 10:20:00-04:00,493.8,494.74,493.54,493.95,5019
MSFT,2026-09-24 10:25:00-04:00,493.92,494.43,493.43,493.75,2425
MSFT,2026-09-24 10:30:00-04:00,493.75,494.06,493.02,493.38,2605
MSFT,2026-09-24 10:35:00-04:00,493.35,494.27,493.17,494.22,2006
MSFT,2026-09-24 10:40:00-04:00,494.27,494.62,493.97,494.29,2847
MSFT,2026-09-24 10:45:00-04:00,494.29,495.15,493.99,494.94,2802
MSFT,2026-09-24 10:50:00-04:00,495.01,495.61,494.54,494.69,2093
MSFT,2026-09-24 10:55:00-04:00,494.69,494.69,493.65,493.81,3344
MSFT,2026-09-24 11:00:00-04:00,493.75,494.59,493.5,494.4,2238
MSFT,2026-09-24 11:05:00-04:00,494.43,494.73,493.91,494.38,2262
MSFT,2026-09-24 11:10:00-04:00,494.38,494.57,492.93,493.06,3018
MSFT,2026-09-24 11:15:00-04:00,493.06,494.13,492.91,494.13,2628
MSFT,2026-09-24 11:20:00-04:00,494.13,495.2,494.07,494.95,5016
MSFT,2026-09-24 11:25:00-04:00,495.03,495.2,494.42,494.6,1723
MSFT,2026-09-24 11:30:00-04:00,494.6,494.96,494.37,494.85,2014
MSFT,2026-09-24 11:35:00-04:00,494.87,495.11,494.23,494.41,2186
MSFT,2026-09-24 11:40:00-04:00,494.41,495.27,494.41,495.06,1239
MSFT,2026-09-24 11:45:00-04:00,495.06,495.37,494.72,495.03,1751
MSFT,2026-09-24 11:50:00-04:00,495.01,495.74,494.89,495.58,4198
MSFT,2026-09-24 11:55:00-04:00,495.58,495.61,495.07,495.09,1761
MSFT,2026-09-24 12:00:00-04:00,495.12,495.36,494.81,494.95,1822
MSFT,2026-09-24 12:05:00-04:00,494.96,495.73,494.51,494.67,1604
MSFT,2026-09-24 12:10:00-04:00,494.74,494.83,493.75,494.76,1846
MSFT,2026-09-24 12:15:00-04:00,494.71,496.8,494.42,495.42,4458
MSFT,2026-09-24 12:20:00-04:00,495.46,495.65,494.51,495.16,2675
MSFT,2026-09-24 12:25:00-04:00,495.17,495.56,494.61,495.31,1907
MSFT,2026-09-24 12:30:00-04:00,495.31,495.64,494.85,495.34,2335
MSFT,2026-09-24 12:35:00-04:00,495.34,495.69,495.19,495.36,1654
MSFT,2026-09-24 12:40:00-04:00,495.29,496.12,495.2,495.35,2522
MSFT,2026-09-24 12:45:00-04:00,495.33,496.56,495.31,496.46,2134
MSFT,2026-09-24 12:50:00-04:00,496.56,496.98,496.47,496.93,2371
MSFT,2026-09-24 12:55:00-04:00,496.9,496.94,496.2,496.32,1777
MSFT,2026-09-24 13:00:00-04:00,496.17,496.44,495.78,496.06,2256
MSFT,2026-09-24 13:05:00-04:00,496.1,496.46,495.89,496.3,1996
MSFT,2026-09-24 13:10:00-04:00,496.29,496.45,495.86,496.27,1491
MSFT,2026-09-24 13:15:00-04:00,496.28,496.45,495.86,495.88,1353
MSFT,2026-09-24 13:20:00-04:00,495.89,496.05,495.48,495.84,1704
MSFT,2026-09-24 13:25:00-04:00,495.77,496.05,495.24,495.95,1375
MSFT,2026-09-24 13:30:00-04:00,495.94,496.31,495.52,495.65,1327
MSFT,2026-09-24 13:35:00-04:00,495.67,495.75,495.17,495.41,889
MSFT,2026-09-24 13:40:00-04:00,495.41,495.59,494.81,494.86,1120
MSFT,2026-09-24 13:45:00-04:00,494.86,495.32,494.7,495.11,1407
MSFT,2026-09-24 13:50:00-04:00,495.1,496.15,495.06,496.08,3616
MSFT,2026-09-24 13:55:00-04:00,496.06,496.44,495.95,496.06,1845
MSFT,2026-09-24 14:00:00-04:00,496.05,496.14,494.86,495.15,1579
MSFT,2026-09-24 14:05:00-04:00,495.14,496.12,495.02,495.87,1496
MSFT,2026-09-24 14:10:00-04:00,495.88,496.01,495.6,495.99,606
MSFT,2026-09-24 14:15:00-04:00,495.93,496.6,495.89,496.4,1178
MSFT,2026-09-24 14:20:00-04:00,496.44,496.5,496.05,496.29,2880
MSFT,2026-09-24 14:25:00-04:00,496.29,496.7,496.24,496.6,3695
MSFT,2026-09-24 14:30:00-04:00,496.56,496.9,496.22,496.46,1963
MSFT,2026-09-24 14:35:00-04:00,496.46,496.83,496.19,496.42,2354
MSFT,2026-09-24 14:40:00-04:00,496.37,497.16,496.25,497.16,1234
MSFT,2026-09-24 14:45:00-04:00,497.18,497.66,496.91,497.6,2491
MSFT,2026-09-24 14:50:00-04:00,497.58,497.62,497.15,497.34,1435
MSFT,2026-09-24 14:55:00-04:00,497.28,497.88,497.24,497.41,2824
MSFT,2026-09-24 15:00:00-04:00,497.41,497.52,496.73,496.94,2231
MSFT,2026-09-24 15:05:00-04:00,497.02,497.43,497.0,497.29,2231
MSFT,2026-09-24 15:10:00-04:00,497.28,497.61,497.24,497.49,2040
MSFT,2026-09-24 15:15:00-04:00,497.5,497.79,497.46,497.69,1965
MSFT,2026-09-24 15:20:00-04:00,497.64,498.07,497.59,498.03,2027
MSFT,2026-09-24 15:25:00-04:00,498.04,498.11,497.55,497.77,2043
MSFT,2026-09-24 15:30:00-04:00,497.75,497.8,497.2,497.78,2225
MSFT,2026-09-24 15:35:00-04:00,497.8,497.89,497.34,497.59,2894
MSFT,2026-09-24 15:40:00-04:00,497.58,497.79,497.31,497.33,2238
MSFT,2026-09-24 15:45:00-04:00,497.33,497.89,497.31,497.87,2171
MSFT,2026-09-24 15:50:00-04:00,497.84,498.9,497.81,498.1,6960
MSFT,2026-09-24 15:55:00-04:00,498.08,498.1,497.41,497.59,17716
MSFT,2026-09-24 16:00:00-04:00,497.59,497.93,496.75,497.33,68214
MSFT,2026-09-24 16:05:00-04:00,496.96,497.0,496.6,496.6,96
MSFT,2026-09-24 16:10:00-04:00,496.61,496.97,496.53,496.64,41
MSFT,2026-09-24 16:15:00-04:00,496.82,497.93,496.5,496.6,99
MSFT,2026-09-24 16:20:00-04:00,497.0,497.0,496.49,496.5,101
MSFT,2026-09-24 16:25:00-04:00,496.5,496.64,496.41,496.45,23
MSFT,2026-09-24 16:30:00-04:00,496.41,496.41,496.0,496.35,78
MSFT,2026-09-24 16:35:00-04:00,496.78,496.78,496.78,496.78,2
MSFT,2026-09-24 16:40:00-04:00,496.9,497.0,496.57,497.0,33
MSFT,2026-09-24 16:45:00-04:00,497.12,497.74,497.1,497.74,138
MSFT,2026-09-24 16:50:00-04:00,497.75,497.85,497.69,497.8,82
MSFT,2026-09-24 16:55:00-04:00,497.79,498.0,497.75,497.91,88
MSFT,2026-09-24 17:00:00-04:00,497.83,497.93,497.0,497.0,74
MSFT,2026-09-24 17:05:00-04:00,497.29,497.3,497.2,497.26,12
MSFT,2026-09-24 17:10:00-04:00,497.45,497.64,497.45,497.64,7
MSFT,2026-09-24 17:15:00-04:00,497.76,497.76,497.76,497.76,1
MSFT,2026-09-24 17:20:00-04:00,497.76,497.76,497.76,497.76,0
MSFT,2026-09-24 17:25:00-04:00,497.01,497.01,497.01,497.01,2
MSFT,2026-09-24 17:30:00-04:00,497.01,497.01,497.01,497.01,0
MSFT,2026-09-24 17:35:00-04:00,497.11,497.11,497.02,497.02,3
MSFT,2026-09-24 17:40:00-04:00,497.08,497.22,497.08,497.22,6
MSFT,2026-09-24 17:45:00-04:00,497.22,497.22,497.22,497.22,0
MSFT,2026-09-24 17:50:00-04:00,497.36,497.36,497.02,497.3,4
MSFT,2026-09-24 17:55:00-04:00,497.09,497.09,497.09,497.09,1
MSFT,2026-09-24 18:00:00-04:00,497.4,497.53,497.36,497.51,16
MSFT,2026-09-24 18:05:00-04:00,497.0,497.0,496.9,496.96,11
MSFT,2026-09-24 18:10:00-04:00,496.83,496.83,496.8,496.8,6
MSFT,2026-09-24 18:15:00-04:00,497.0,497.2,496.76,496.76,31
MSFT,2026-09-24 18:20:00-04:00,496.65,496.7,496.6,496.6,29
NVDA,2026-09-22 04:00:00-04:00,226.04,227.49,225.87,226.03,2111
NVDA,2026-09-22 04:05:00-04:00,226.02,226.85,225.93,226.19,309
NVDA,2026-09-22 04:10:00-04:00,226.25,226.37,226.1,226.26,58
NVDA,2026-09-22 04:15:00-04:00,226.1,226.15,226.01,226.15,35
NVDA,2026-09-22 04:20:00-04:00,226.16,226.16,225.9,225.98,264
NVDA,2026-09-22 04:25:00-04:00,225.96,226.1,225.9,225.91,231
NVDA,2026-09-22 04:30:00-04:00,226.0,226.1,225.9,226.0,199
NVDA,2026-09-22 04:35:00-04:00,226.06,226.06,225.92,225.95,151
NVDA,2026-09-22 04:40:00-04:00,226.01,226.51,225.95,226.51,125
NVDA,2026-09-22 04:45:00-04:00,226.55,226.76,226.39,226.72,61
NVDA,2026-09-22 04:50:00-04:00,226.69,226.8,226.67,226.7,112
NVDA,2026-09-22 04:55:00-04:00,226.76,226.79,226.7,226.78,37
NVDA,2026-09-22 05:00:00-04:00,226.77,226.86,226.55,226.55,59
NVDA,2026-09-22 05:05:00-04:00,226.52,226.55,226.44,226.55,70
NVDA,2026-09-22 05:10:00-04:00,226.47,226.65,226.44,226.5,51
NVDA,2026-09-22 05:15:00-04:00,226.58,226.7,226.5,226.5,38
NVDA,2026-09-22 05:20:00-04:00,226.44,226.5,226.3,226.42,68
NVDA,2026-09-22 05:25:00-04:00,226.3,226.4,226.29,226.4,11
NVDA,2026-09-22 05:30:00-04:00,226.38,226.58,226.38,226.56,31
NVDA,2026-09-22 05:35:00-04:00,226.42,226.42,226.32,226.4,56
NVDA,2026-09-22 05:40:00-04:00,226.39,226.65,226.33,226.65,64
NVDA,2026-09-22 05:45:00-04:00,226.55,226.72,226.55,226.69,194
NVDA,2026-09-22 05:50:00-04:00,226.62,227.1,226.62,226.9,236
NVDA,2026-09-22 05:55:00-04:00,227.0,227.38,226.78,227.27,243
NVDA,2026-09-22 06:00:00-04:00,227.26,227.26,227.11,227.15,79
NVDA,2026-09-22 06:05:00-04:00,227.2,227.45,227.2,227.4,224
NVDA,2026-09-22 06:10:00-04:00,227.4,227.48,227.25,227.25,240
NVDA,2026-09-22 06:15:00-04:00,227.25,227.37,227.2,227.25,81
NVDA,2026-09-22 06:20:00-04:00,227.25,227.25,227.01,227.01,32
NVDA,2026-09-22 06:25:00-04:00,227.0,227.2,226.81,227.2,121
NVDA,2026-09-22 06:30:00-04:00,227.17,227.22,227.15,227.16,7
NVDA,2026-09-22 06:35:00-04:00,227.03,227.3,227.03,227.2,71
NVDA,2026-09-22 06:40:00-04:00,227.25,227.49,227.25,227.45,134
NVDA,2026-09-22 06:45:00-04:00,227.37,227.48,227.23,227.43,56
NVDA,2026-09-22 06:50:00-04:00,227.48,227.55,227.43,227.49,119
NVDA,2026-09-22 06:55:00-04:00,227.5,227.66,227.5,227.6,110
NVDA,2026-09-22 07:00:00-04:00,227.55,227.67,227.2,227.29,634
NVDA,2026-09-22 07:05:00-04:00,227.28,227.29,226.91,226.96,269
NVDA,2026-09-22 07:10:00-04:00,226.95,227.14,226.9,227.08,233
NVDA,2026-09-22 07:15:00-04:00,227.03,227.14,227.0,227.04,100
NVDA,2026-09-22 07:20:00-04:00,227.0,227.1,226.94,227.05,138
NVDA,2026-09-22 07:25:00-04:00,227.1,227.1,226.83,226.83,112
NVDA,2026-09-22 07:30:00-04:00,226.84,226.97,226.75,226.83,206
NVDA,2026-09-22 07:35:00-04:00,226.9,227.0,226.8,226.99,106
NVDA,2026-09-22 07:40:00-04:00,227.0,227.05,226.82,226.86,85
NVDA,2026-09-22 07:45:00-04:00,226.92,227.01,226.71,226.79,185
NVDA,2026-09-22 07:50:00-04:00,226.76,226.8,226.7,226.7,104
NVDA,2026-09-22 07:55:00-04:00,226.76,226.9,226.7,226.76,163
NVDA,2026-09-22 08:00:00-04:00,226.73,226.95,226.7,226.9,396
NVDA,2026-09-22 08:05:00-04:00,226.9,226.95,226.51,226.53,460
NVDA,2026-09-22 08:10:00-04:00,226.6,226.82,226.5,226.79,215
NVDA,2026-09-22 08:15:00-04:00,226.79,226.8,226.65,226.74,177
NVDA,2026-09-22 08:20:00-04:00,226.73,226.88,226.69,226.84,220
NVDA,2026-09-22 08:25:00-04:00,226.82,226.95,226.82,226.94,185
NVDA,2026-09-22 08:30:00-04:00,226.91,226.94,226.78,226.85,93
NVDA,2026-09-22 08:35:00-04:00,226.89,226.9,226.26,226.44,578
NVDA,2026-09-22 08:40:00-04:00,226.5,226.65,226.23,226.24,424
NVDA,2026-09-22 08:45:00-04:00,226.3,226.36,226.2,226.31,201
NVDA,2026-09-22 08:50:00-04:00,226.29,226.34,226.15,226.29,592
NVDA,2026-09-22 08:55:00-04:00,226.25,226.4,226.13,226.2,424
NVDA,2026-09-22 09:00:00-04:00,226.23,226.24,226.05,226.18,358
NVDA,2026-09-22 09:05:00-04:00,226.17,226.27,226.02,226.08,424
NVDA,2026-09-22 09:10:00-04:00,226.08,226.13,226.0,226.05,221
NVDA,2026-09-22 09:15:00-04:00,226.05,226.14,225.64,225.64,760
NVDA,2026-09-22 09:20:00-04:00,225.61,226.06,225.56,226.0,475
NVDA,2026-09-22 09:25:00-04:00,226.02,226.92,225.97,226.92,1464
NVDA,2026-09-22 09:30:00-04:00,226.89,229.54,226.5,229.45,39980
NVDA,2026-09-22 09:35:00-04:00,229.46,229.6,228.3,228.68,17673
NVDA,2026-09-22 09:40:00-04:00,228.66,228.97,228.0,228.03,13542
NVDA,2026-09-22 09:45:00-04:00,228.03,228.2,227.2,227.53,12383
NVDA,2026-09-22 09:50:00-04:00,227.54,227.82,227.4,227.79,9107
NVDA,2026-09-22 09:55:00-04:00,227.78,227.8,227.2,227.53,8488
NVDA,2026-09-22 10:00:00-04:00,227.56,227.63,227.11,227.28,7726
NVDA,2026-09-22 10:05:00-04:00,227.28,227.47,227.05,227.38,9266
NVDA,2026-09-22 10:10:00-04:00,227.39,228.2,227.39,228.15,16283
NVDA,2026-09-22 10:15:00-04:00,228.15,228.5,227.92,228.15,11847
NVDA,2026-09-22 10:20:00-04:00,228.15,228.26,227.84,228.13,6658
NVDA,2026-09-22 10:25:00-04:00,228.16,228.36,228.03,228.23,6539
NVDA,2026-09-22 10:30:00-04:00,228.22,228.92,228.1,228.78,9235
NVDA,2026-09-22 10:35:00-04:00,228.79,228.85,228.12,228.18,8186
NVDA,2026-09-22 10:40:00-04:00,228.17,228.31,227.64,227.95,7466
NVDA,2026-09-22 10:45:00-04:00,227.94,228.37,227.7,228.31,5821
NVDA,2026-09-22 10:50:00-04:00,228.3,228.44,227.85,228.22,7723
NVDA,2026-09-22 10:55:00-04:00,228.22,228.36,228.08,228.28,4237
NVDA,2026-09-22 11:00:00-04:00,228.28,228.65,228.13,228.38,7554
NVDA,2026-09-22 11:05:00-04:00,228.38,228.93,228.31,228.48,7693
NVDA,2026-09-22 11:10:00-04:00,228.47,228.82,228.46,228.72,6783
NVDA,2026-09-22 11:15:00-04:00,228.71,228.75,228.51,228.71,4376
NVDA,2026-09-22 11:20:00-04:00,228.7,229.11,228.51,228.56,10730
NVDA,2026-09-22 11:25:00-04:00,228.56,228.92,228.56,228.82,4573
NVDA,2026-09-22 11:30:00-04:00,228.81,228.82,228.35,228.41,5109
NVDA,2026-09-22 11:35:00-04:00,228.41,228.43,228.17,228.26,4384
NVDA,2026-09-22 11:40:00-04:00,228.25,228.35,228.16,228.29,3710
NVDA,2026-09-22 11:45:00-04:00,228.29,228.61,228.21,228.5,4257
NVDA,2026-09-22 11:50:00-04:00,228.5,228.67,228.43,228.45,4020
NVDA,2026-09-22 11:55:00-04:00,228.44,228.53,228.25,228.49,3339
NVDA,2026-09-22 12:00:00-04:00,228.49,228.57,228.31,228.45,3665
NVDA,2026-09-22 12:05:00-04:00,228.44,228.75,228.38,228.67,3607
NVDA,2026-09-22 12:10:00-04:00,228.64,228.8,228.57,228.8,3494
NVDA,2026-09-22 12:15:00-04:00,228.79,228.95,228.64,228.87,4198
NVDA,2026-09-22 12:20:00-04:00,228.87,229.07,228.76,228.79,4874
NVDA,2026-09-22 12:25:00-04:00,228.79,228.88,228.62,228.68,3766
NVDA,2026-09-22 12:30:00-04:00,228.68,228.79,228.59,228.73,2550
NVDA,2026-09-22 12:35:00-04:00,228.74,229.1,228.6,228.93,5091
NVDA,2026-09-22 12:40:00-04:00,228.9,228.95,228.64,228.77,3957
NVDA,2026-09-22 12:45:00-04:00,228.77,228.96,228.71,228.83,4471
NVDA,2026-09-22 12:50:00-04:00,228.83,229.24,228.83,229.17,5169
NVDA,2026-09-22 12:55:00-04:00,229.18,229.39,229.16,229.37,6002
NVDA,2026-09-22 13:00:00-04:00,229.37,229.83,229.34,229.7,9595
NVDA,2026-09-22 13:05:00-04:00,229.7,229.98,229.69,229.84,10476
NVDA,2026-09-22 13:10:00-04:00,229.84,229.9,229.68,229.76,4596
NVDA,2026-09-22 13:15:00-04:00,229.76,229.82,229.68,229.76,3584
NVDA,2026-09-22 13:20:00-04:00,229.75,229.78,229.37,229.42,4573
NVDA,2026-09-22 13:25:00-04:00,229.42,229.5,229.33,229.47,4444
NVDA,2026-09-22 13:30:00-04:00,229.47,229.55,229.19,229.26,4342
NVDA,2026-09-22 13:35:00-04:00,229.26,229.34,229.12,229.17,3126
NVDA,2026-09-22 13:40:00-04:00,229.17,229.17,228.93,228.96,4710
NVDA,2026-09-22 13:45:00-04:00,228.95,229.01,228.74,228.85,4742
NVDA,2026-09-22 13:50:00-04:00,228.87,229.26,228.82,229.12,4955
NVDA,2026-09-22 13:55:00-04:00,229.12,229.22,228.99,229.14,4255
NVDA,2026-09-22 14:00:00-04:00,229.14,229.25,228.86,229.25,4193
NVDA,2026-09-22 14:05:00-04:00,229.25,229.41,229.16,229.18,3485
NVDA,2026-09-22 14:10:00-04:00,229.17,229.31,228.99,229.16,5010
NVDA,2026-09-22 14:15:00-04:00,229.16,229.43,229.14,229.23,3261
NVDA,2026-09-22 14:20:00-04:00,229.23,229.49,229.18,229.42,3602
NVDA,2026-09-22 14:25:00-04:00,229.42,229.52,229.41,229.43,3391
NVDA,2026-09-22 14:30:00-04:00,229.44,229.47,229.38,229.43,2547
NVDA,2026-09-22 14:35:00-04:00,229.43,229.48,229.24,229.29,2775
NVDA,2026-09-22 14:40:00-04:00,229.29,229.52,229.17,229.49,3891
NVDA,2026-09-22 14:45:00-04:00,229.49,229.59,229.45,229.51,3822
NVDA,2026-09-22 14:50:00-04:00,229.51,229.57,229.37,229.38,3407
NVDA,2026-09-22 14:55:00-04:00,229.38,229.38,229.25,229.31,3443
NVDA,2026-09-22 15:00:00-04:00,229.31,229.36,229.17,229.33,3410
NVDA,2026-09-22 15:05:00-04:00,229.33,229.61,229.32,229.6,4806
NVDA,2026-09-22 15:10:00-04:00,229.6,229.71,229.44,229.55,5728
NVDA,2026-09-22 15:15:00-04:00,229.54,229.81,229.51,229.64,6624
NVDA,2026-09-22 15:20:00-04:00,229.64,229.67,229.44,229.53,4892
NVDA,2026-09-22 15:25:00-04:00,229.54,229.77,229.53,229.69,4997
NVDA,2026-09-22 15:30:00-04:00,229.69,229.75,229.54,229.69,4816
NVDA,2026-09-22 15:35:00-04:00,229.69,229.76,229.63,229.71,5075
NVDA,2026-09-22 15:40:00-04:00,229.71,229.72,229.17,229.19,7518
NVDA,2026-09-22 15:45:00-04:00,229.18,229.47,229.1,229.43,7140
NVDA,2026-09-22 15:50:00-04:00,229.43,229.92,229.08,229.1,15596
NVDA,2026-09-22 15:55:00-04:00,229.09,229.1,228.62,228.86,24263
NVDA,2026-09-22 16:00:00-04:00,228.83,228.94,228.2,228.37,141945
NVDA,2026-09-22 16:05:00-04:00,228.39,228.4,228.06,228.2,1147
NVDA,2026-09-22 16:10:00-04:00,228.21,228.47,228.18,228.28,457
NVDA,2026-09-22 16:15:00-04:00,228.26,228.28,228.12,228.15,432
NVDA,2026-09-22 16:20:00-04:00,228.14,228.16,227.8,227.98,963
NVDA,2026-09-22 16:25:00-04:00,227.98,228.13,227.98,228.1,268
NVDA,2026-09-22 16:30:00-04:00,228.1,228.2,228.09,228.16,165
NVDA,2026-09-22 16:35:00-04:00,228.13,228.16,228.1,228.14,177
NVDA,2026-09-22 16:40:00-04:00,228.16,228.25,228.15,228.21,387
NVDA,2026-09-22 16:45:00-04:00,228.23,228.25,228.11,228.14,170
NVDA,2026-09-22 16:50:00-04:00,228.25,228.25,228.11,228.21,136
NVDA,2026-09-22 16:55:00-04:00,228.24,228.25,228.1,228.1,219
NVDA,2026-09-22 17:00:00-04:00,228.11,228.87,228.11,228.17,191
NVDA,2026-09-22 17:05:00-04:00,228.18,228.19,228.0,228.0,125
NVDA,2026-09-22 17:10:00-04:00,228.13,228.15,228.0,228.07,59
NVDA,2026-09-22 17:15:00-04:00,228.1,228.11,228.0,228.05,57
NVDA,2026-09-22 17:20:00-04:00,228.05,228.2,228.05,228.18,62
NVDA,2026-09-22 17:25:00-04:00,228.15,228.2,228.12,228.19,62
NVDA,2026-09-22 17:30:00-04:00,228.19,228.2,228.15,228.2,90
NVDA,2026-09-22 17:35:00-04:00,228.21,228.36,228.21,228.33,220
NVDA,2026-09-22 17:40:00-04:00,228.32,228.32,228.22,228.25,50
NVDA,2026-09-22 17:45:00-04:00,228.25,228.31,228.24,228.28,54
NVDA,2026-09-22 17:50:00-04:00,228.22,228.25,228.2,228.23,46
NVDA,2026-09-22 17:55:00-04:00,228.23,228.23,228.11,228.15,140
NVDA,2026-09-22 18:00:00-04:00,228.15,228.23,228.14,228.22,88
NVDA,2026-09-22 18:05:00-04:00,228.22,228.3,228.19,228.22,120
NVDA,2026-09-22 18:10:00-04:00,228.3,228.31,228.21,228.25,133
NVDA,2026-09-22 18:15:00-04:00,228.25,228.45,228.21,228.33,298
NVDA,2026-09-22 18:20:00-04:00,228.37,228.5,228.37,228.41,135
NVDA,2026-09-22 18:25:00-04:00,228.48,228.48,228.3,228.3,82
NVDA,2026-09-22 18:30:00-04:00,228.25,228.37,228.25,228.37,42
NVDA,2026-09-22 18:35:00-04:00,228.3,228.35,228.28,228.29,87
NVDA,2026-09-22 18:40:00-04:00,228.31,228.4,228.3,228.4,50
NVDA,2026-09-22 18:45:00-04:00,228.33,228.37,228.28,228.34,68
NVDA,2026-09-22 18:50:00-04:00,228.27,228.31,228.24,228.28,77
NVDA,2026-09-22 18:55:00-04:00,228.28,228.34,228.26,228.31,19
NVDA,2026-09-22 19:00:00-04:00,228.31,228.39,228.29,228.38,41
NVDA,2026-09-22 19:05:00-04:00,228.38,228.4,228.33,228.37,61
NVDA,2026-09-22 19:10:00-04:00,228.39,228.39,228.34,228.39,57
NVDA,2026-09-22 19:15:00-04:00,228.35,228.37,228.31,228.32,62
NVDA,2026-09-22 19:20:00-04:00,228.32,228.47,228.31,228.39,58
NVDA,2026-09-22 19:25:00-04:00,228.45,228.46,228.4,228.44,69
NVDA,2026-09-22 19:30:00-04:00,228.39,228.45,228.39,228.44,16
NVDA,2026-09-22 19:35:00-04:00,228.39,228.64,228.39,228.64,258
NVDA,2026-09-22 19:40:00-04:00,228.63,228.64,228.54,228.58,207
NVDA,2026-09-22 19:45:00-04:00,228.58,228.6,228.45,228.5,219
NVDA,2026-09-22 19:50:00-04:00,228.49,228.63,228.48,228.58,247
NVDA,2026-09-22 19:55:00-04:00,228.56,228.63,228.53,228.56,187
NVDA,2026-09-23 04:00:00-04:00,228.75,229.25,228.4,228.83,1062
NVDA,2026-09-23 04:05:00-04:00,228.84,229.06,228.51,229.0,80
NVDA,2026-09-23 04:10:00-04:00,229.11,229.25,229.06,229.09,113
NVDA,2026-09-23 04:15:00-04:00,229.12,229.13,228.91,228.95,86
NVDA,2026-09-23 04:20:00-04:00,229.03,229.19,229.0,229.19,15
NVDA,2026-09-23 04:25:00-04:00,229.19,229.22,229.07,229.12,57
NVDA,2026-09-23 04:30:00-04:00,229.07,229.15,229.07,229.15,15
NVDA,2026-09-23 04:35:00-04:00,229.13,229.13,228.93,228.93,155
NVDA,2026-09-23 04:40:00-04:00,229.0,229.01,228.92,228.95,27
NVDA,2026-09-23 04:45:00-04:00,228.95,229.1,228.9,229.1,38
NVDA,2026-09-23 04:50:00-04:00,229.06,229.06,228.93,228.97,30
NVDA,2026-09-23 04:55:00-04:00,229.0,229.01,228.95,228.98,25
NVDA,2026-09-23 05:00:00-04:00,228.98,229.08,228.98,229.02,82
NVDA,2026-09-23 05:05:00-04:00,229.01,229.24,229.01,229.23,48
NVDA,2026-09-23 05:10:00-04:00,229.21,229.22,229.15,229.15,19
NVDA,2026-09-23 05:15:00-04:00,229.15,229.2,229.14,229.19,65
NVDA,2026-09-23 05:20:00-04:00,229.2,229.33,229.2,229.33,67
NVDA,2026-09-23 05:25:00-04:00,229.33,229.35,229.3,229.32,57
NVDA,2026-09-23 05:30:00-04:00,229.3,229.36,229.25,229.26,47
NVDA,2026-09-23 05:35:00-04:00,229.28,229.39,229.28,229.33,77
NVDA,2026-09-23 05:40:00-04:00,229.34,229.36,229.24,229.24,49
NVDA,2026-09-23 05:45:00-04:00,229.21,229.22,229.02,229.08,48
NVDA,2026-09-23 05:50:00-04:00,229.07,229.11,229.0,229.11,77
NVDA,2026-09-23 05:55:00-04:00,229.23,229.24,229.09,229.15,15
NVDA,2026-09-23 06:00:00-04:00,229.1,229.1,228.95,229.04,187
NVDA,2026-09-23 06:05:00-04:00,229.0,229.08,229.0,229.0,80
NVDA,2026-09-23 06:10:00-04:00,228.98,229.0,228.94,229.0,15
NVDA,2026-09-23 06:15:00-04:00,229.02,229.19,228.98,229.02,30
NVDA,2026-09-23 06:20:00-04:00,229.11,229.19,228.84,228.84,202
NVDA,2026-09-23 06:25:00-04:00,228.9,229.09,228.9,229.09,13
NVDA,2026-09-23 06:30:00-04:00,229.07,229.08,229.0,229.0,20
NVDA,2026-09-23 06:35:00-04:00,228.97,228.97,228.88,228.97,167
NVDA,2026-09-23 06:40:00-04:00,228.99,229.08,228.93,228.96,10
NVDA,2026-09-23 06:45:00-04:00,229.01,229.01,228.94,228.94,38
NVDA,2026-09-23 06:50:00-04:00,228.94,229.08,228.93,229.08,23
NVDA,2026-09-23 06:55:00-04:00,229.11,229.14,229.02,229.02,10
NVDA,2026-09-23 07:00:00-04:00,229.0,229.08,228.35,228.42,988
NVDA,2026-09-23 07:05:00-04:00,228.4,228.49,228.01,228.19,422
NVDA,2026-09-23 07:10:00-04:00,228.2,228.4,228.2,228.33,179
NVDA,2026-09-23 07:15:00-04:00,228.37,228.4,228.24,228.24,86
NVDA,2026-09-23 07:20:00-04:00,228.28,228.3,227.74,227.75,641
NVDA,2026-09-23 07:25:00-04:00,227.74,227.95,227.74,227.88,238
NVDA,2026-09-23 07:30:00-04:00,227.87,227.9,227.68,227.72,393
NVDA,2026-09-23 07:35:00-04:00,227.73,227.73,227.43,227.57,253
NVDA,2026-09-23 07:40:00-04:00,227.58,227.65,227.33,227.65,220
NVDA,2026-09-23 07:45:00-04:00,227.65,227.95,227.65,227.91,345
NVDA,2026-09-23 07:50:00-04:00,227.85,227.95,227.77,227.77,155
NVDA,2026-09-23 07:55:00-04:00,227.86,227.95,227.7,227.78,213
NVDA,2026-09-23 08:00:00-04:00,227.88,228.87,227.5,227.52,243
NVDA,2026-09-23 08:05:00-04:00,227.5,227.64,227.41,227.56,236
NVDA,2026-09-23 08:10:00-04:00,227.62,227.65,227.35,227.4,267
NVDA,2026-09-23 08:15:00-04:00,227.4,227.54,227.31,227.45,193
NVDA,2026-09-23 08:20:00-04:00,227.39,227.66,227.32,227.64,228
NVDA,2026-09-23 08:25:00-04:00,227.67,227.75,227.58,227.66,320
NVDA,2026-09-23 08:30:00-04:00,227.7,227.91,227.62,227.75,272
NVDA,2026-09-23 08:35:00-04:00,227.74,227.8,227.45,227.6,216
NVDA,2026-09-23 08:40:00-04:00,227.61,227.7,227.3,227.3,438
NVDA,2026-09-23 08:45:00-04:00,227.35,227.67,227.3,227.5,205
NVDA,2026-09-23 08:50:00-04:00,227.51,227.66,227.5,227.55,96
NVDA,2026-09-23 08:55:00-04:00,227.55,227.7,227.5,227.7,243
NVDA,2026-09-23 09:00:00-04:00,227.69,227.7,227.4,227.55,337
NVDA,2026-09-23 09:05:00-04:00,227.55,227.61,227.4,227.43,253
NVDA,2026-09-23 09:10:00-04:00,227.47,227.65,227.42,227.63,184
NVDA,2026-09-23 09:15:00-04:00,227.63,227.73,227.4,227.53,484
NVDA,2026-09-23 09:20:00-04:00,227.53,227.87,227.53,227.82,595
NVDA,2026-09-23 09:25:00-04:00,227.86,228.12,227.4,228.05,1173
NVDA,2026-09-23 09:30:00-04:00,228.06,228.87,227.6,228.58,22122
NVDA,2026-09-23 09:35:00-04:00,228.57,228.95,227.8,228.46,12336
NVDA,2026-09-23 09:40:00-04:00,228.42,228.87,228.06,228.75,9914
NVDA,2026-09-23 09:45:00-04:00,228.72,228.84,227.94,228.07,8922
NVDA,2026-09-23 09:50:00-04:00,228.1,228.26,227.81,228.01,8166
NVDA,2026-09-23 09:55:00-04:00,228.01,228.05,227.68,227.73,7050
NVDA,2026-09-23 10:00:00-04:00,227.74,228.06,227.62,227.92,9062
NVDA,2026-09-23 10:05:00-04:00,227.92,228.16,227.18,227.19,9015
NVDA,2026-09-23 10:10:00-04:00,227.2,227.22,226.05,226.06,13823
NVDA,2026-09-23 10:15:00-04:00,226.07,226.38,225.16,225.19,15637
NVDA,2026-09-23 10:20:00-04:00,225.18,225.62,225.02,225.62,12055
NVDA,2026-09-23 10:25:00-04:00,225.61,225.9,225.33,225.61,9821
NVDA,2026-09-23 10:30:00-04:00,225.62,225.93,225.23,225.89,7669
NVDA,2026-09-23 10:35:00-04:00,225.89,226.15,225.71,225.92,6793
NVDA,2026-09-23 10:40:00-04:00,225.93,226.09,225.78,225.95,5080
NVDA,2026-09-23 10:45:00-04:00,225.96,226.18,225.81,225.93,5086
NVDA,2026-09-23 10:50:00-04:00,225.92,226.64,225.53,226.47,10004
NVDA,2026-09-23 10:55:00-04:00,226.47,226.65,225.98,226.06,7149
NVDA,2026-09-23 11:00:00-04:00,226.06,226.39,225.9,226.07,5039
NVDA,2026-09-23 11:05:00-04:00,226.07,226.35,225.97,226.09,4545
NVDA,2026-09-23 11:10:00-04:00,226.09,226.19,225.86,225.95,3725
NVDA,2026-09-23 11:15:00-04:00,225.97,226.02,225.34,225.49,6525
NVDA,2026-09-23 11:20:00-04:00,225.48,225.8,225.34,225.52,8446
NVDA,2026-09-23 11:25:00-04:00,225.51,225.82,225.32,225.37,5240
NVDA,2026-09-23 11:30:00-04:00,225.37,225.67,225.26,225.5,5593
NVDA,2026-09-23 11:35:00-04:00,225.5,225.58,225.15,225.35,6087
NVDA,2026-09-23 11:40:00-04:00,225.35,225.5,225.01,225.47,5446
NVDA,2026-09-23 11:45:00-04:00,225.47,225.53,224.93,225.05,6321
NVDA,2026-09-23 11:50:00-04:00,225.04,225.14,224.76,224.99,6061
NVDA,2026-09-23 11:55:00-04:00,224.99,225.01,224.72,224.79,4654
NVDA,2026-09-23 12:00:00-04:00,224.8,224.86,224.7,224.79,3947
NVDA,2026-09-23 12:05:00-04:00,224.78,225.02,224.75,224.97,4023
NVDA,2026-09-23 12:10:00-04:00,224.97,225.0,224.78,224.84,3200
NVDA,2026-09-23 12:15:00-04:00,224.84,224.91,224.65,224.77,4636
NVDA,2026-09-23 12:20:00-04:00,224.77,224.8,224.51,224.57,3959
NVDA,2026-09-23 12:25:00-04:00,224.57,224.67,224.43,224.52,5481
NVDA,2026-09-23 12:30:00-04:00,224.52,224.73,224.48,224.61,4042
NVDA,2026-09-23 12:35:00-04:00,224.61,224.67,224.43,224.5,3054
NVDA,2026-09-23 12:40:00-04:00,224.51,224.54,224.18,224.22,6091
NVDA,2026-09-23 12:45:00-04:00,224.22,224.45,224.16,224.22,3999
NVDA,2026-09-23 12:50:00-04:00,224.22,224.25,224.02,224.04,5577
NVDA,2026-09-23 12:55:00-04:00,224.03,224.62,224.02,224.57,4787
NVDA,2026-09-23 13:00:00-04:00,224.58,224.85,224.13,224.23,7259
NVDA,2026-09-23 13:05:00-04:00,224.22,224.51,224.16,224.42,5001
NVDA,2026-09-23 13:10:00-04:00,224.43,224.45,224.15,224.39,3283
NVDA,2026-09-23 13:15:00-04:00,224.38,224.64,224.33,224.61,4525
NVDA,2026-09-23 13:20:00-04:00,224.62,224.67,224.33,224.33,4384
NVDA,2026-09-23 13:25:00-04:00,224.33,224.52,224.28,224.44,2735
NVDA,2026-09-23 13:30:00-04:00,224.45,224.75,224.37,224.68,2460
NVDA,2026-09-23 13:35:00-04:00,224.7,224.72,224.45,224.58,2320
NVDA,2026-09-23 13:40:00-04:00,224.58,225.2,224.53,225.18,5043
NVDA,2026-09-23 13:45:00-04:00,225.17,225.35,225.1,225.2,4505
NVDA,2026-09-23 13:50:00-04:00,225.21,225.29,225.1,225.24,2788
NVDA,2026-09-23 13:55:00-04:00,225.24,225.4,225.2,225.37,2583
NVDA,2026-09-23 14:00:00-04:00,225.37,225.44,225.1,225.12,3673
NVDA,2026-09-23 14:05:00-04:00,225.13,225.34,225.11,225.19,2630
NVDA,2026-09-23 14:10:00-04:00,225.2,225.32,225.11,225.3,2880
NVDA,2026-09-23 14:15:00-04:00,225.31,225.61,225.27,225.52,3461
NVDA,2026-09-23 14:20:00-04:00,225.52,225.63,225.49,225.61,2667
NVDA,2026-09-23 14:25:00-04:00,225.61,225.63,225.44,225.54,3711
NVDA,2026-09-23 14:30:00-04:00,225.54,225.56,225.29,225.35,3305
NVDA,2026-09-23 14:35:00-04:00,225.35,225.53,225.24,225.26,2479
NVDA,2026-09-23 14:40:00-04:00,225.27,225.41,225.25,225.38,2214
NVDA,2026-09-23 14:45:00-04:00,225.39,225.51,225.32,225.48,2627
NVDA,2026-09-23 14:50:00-04:00,225.48,225.54,225.28,225.3,2311
NVDA,2026-09-23 14:55:00-04:00,225.29,225.39,225.25,225.29,2761
NVDA,2026-09-23 15:00:00-04:00,225.3,225.41,225.14,225.18,2988
NVDA,2026-09-23 15:05:00-04:00,225.19,225.56,225.17,225.29,3668
NVDA,2026-09-23 15:10:00-04:00,225.28,225.44,225.22,225.3,3497
NVDA,2026-09-23 15:15:00-04:00,225.29,225.48,225.16,225.44,3534
NVDA,2026-09-23 15:20:00-04:00,225.43,225.48,225.35,225.4,3586
NVDA,2026-09-23 15:25:00-04:00,225.41,225.44,225.02,225.1,5098
NVDA,2026-09-23 15:30:00-04:00,225.1,225.4,225.06,225.37,4127
NVDA,2026-09-23 15:35:00-04:00,225.37,225.76,225.3,225.76,5349
NVDA,2026-09-23 15:40:00-04:00,225.77,225.8,225.01,225.28,7660
NVDA,2026-09-23 15:45:00-04:00,225.28,225.65,225.26,225.65,4945
NVDA,2026-09-23 15:50:00-04:00,225.63,225.63,224.72,224.88,14565
NVDA,2026-09-23 15:55:00-04:00,224.92,225.67,224.91,225.48,27780
NVDA,2026-09-23 16:00:00-04:00,225.66,226.0,225.37,225.51,143617
NVDA,2026-09-23 16:05:00-04:00,225.5,225.56,225.31,225.49,606
NVDA,2026-09-23 16:10:00-04:00,225.49,225.49,225.4,225.41,132
NVDA,2026-09-23 16:15:00-04:00,225.41,225.51,225.34,225.35,5593
NVDA,2026-09-23 16:20:00-04:00,225.34,225.42,225.32,225.36,231
NVDA,2026-09-23 16:25:00-04:00,225.35,225.35,225.2,225.24,222
NVDA,2026-09-23 16:30:00-04:00,225.26,225.31,225.22,225.29,124
NVDA,2026-09-23 16:35:00-04:00,225.26,225.36,225.06,225.35,110
NVDA,2026-09-23 16:40:00-04:00,225.34,225.35,225.21,225.3,69
NVDA,2026-09-23 16:45:00-04:00,225.32,225.38,225.22,225.22,102
NVDA,2026-09-23 16:50:00-04:00,225.11,225.34,225.11,225.33,45
NVDA,2026-09-23 16:55:00-04:00,225.35,225.35,225.28,225.34,39
NVDA,2026-09-23 17:00:00-04:00,225.31,225.35,225.2,225.2,33
NVDA,2026-09-23 17:05:00-04:00,225.25,225.28,225.2,225.2,78
NVDA,2026-09-23 17:10:00-04:00,225.2,225.2,225.0,225.03,130
NVDA,2026-09-23 17:15:00-04:00,225.02,225.1,225.0,225.09,231
NVDA,2026-09-23 17:20:00-04:00,225.09,225.1,225.0,225.0,120
NVDA,2026-09-23 17:25:00-04:00,225.0,225.1,225.0,225.02,40
NVDA,2026-09-23 17:30:00-04:00,225.0,225.06,225.0,225.06,138
NVDA,2026-09-23 17:35:00-04:00,225.06,225.1,225.04,225.04,55
NVDA,2026-09-23 17:40:00-04:00,225.07,225.15,225.04,225.15,56
NVDA,2026-09-23 17:45:00-04:00,225.15,225.24,225.14,225.22,122
NVDA,2026-09-23 17:50:00-04:00,225.21,225.22,225.18,225.18,119
NVDA,2026-09-23 17:55:00-04:00,225.09,225.19,225.04,225.07,68
NVDA,2026-09-23 18:00:00-04:00,225.19,225.29,225.18,225.27,47
NVDA,2026-09-23 18:05:00-04:00,225.21,225.24,225.12,225.24,80
NVDA,2026-09-23 18:10:00-04:00,225.27,225.27,225.19,225.25,29
NVDA,2026-09-23 18:15:00-04:00,225.28,225.28,225.21,225.27,78
NVDA,2026-09-23 18:20:00-04:00,225.26,225.3,225.2,225.29,177
NVDA,2026-09-23 18:25:00-04:00,225.29,225.29,225.16,225.16,37
NVDA,2026-09-23 18:30:00-04:00,225.18,225.22,225.05,225.2,202
NVDA,2026-09-23 18:35:00-04:00,225.16,225.24,225.15,225.17,53
NVDA,2026-09-23 18:40:00-04:00,225.26,225.26,225.18,225.18,16
NVDA,2026-09-23 18:45:00-04:00,225.17,225.23,225.15,225.19,26
NVDA,2026-09-23 18:50:00-04:00,225.25,225.28,225.15,225.27,72
NVDA,2026-09-23 18:55:00-04:00,225.26,225.27,225.24,225.24,9
NVDA,2026-09-23 19:00:00-04:00,225.26,225.26,225.18,225.23,33
NVDA,2026-09-23 19:05:00-04:00,225.22,225.24,225.2,225.24,5
NVDA,2026-09-23 19:10:00-04:00,225.26,225.34,225.24,225.25,52
NVDA,2026-09-23 19:15:00-04:00,225.25,225.29,225.24,225.24,105
NVDA,2026-09-23 19:20:00-04:00,225.22,225.23,225.17,225.18,35
NVDA,2026-09-23 19:25:00-04:00,225.18,225.28,225.17,225.25,23
NVDA,2026-09-23 19:30:00-04:00,225.24,225.24,225.17,225.2,220
NVDA,2026-09-23 19:35:00-04:00,225.22,225.25,225.17,225.19,59
NVDA,2026-09-23 19:40:00-04:00,225.23,225.32,225.2,225.31,69
NVDA,2026-09-23 19:45:00-04:00,225.22,225.3,225.21,225.28,44
NVDA,2026-09-23 19:50:00-04:00,225.22,225.28,225.07,225.1,204
NVDA,2026-09-23 19:55:00-04:00,225.07,225.14,225.04,225.07,229
NVDA,2026-09-24 04:00:00-04:00,224.4,225.18,223.53,223.9,1204
NVDA,2026-09-24 04:05:00-04:00,223.87,224.25,223.66,223.66,49
NVDA,2026-09-24 04:10:00-04:00,223.6,223.64,223.24,223.4,150
NVDA,2026-09-24 04:15:00-04:00,223.44,223.48,223.17,223.26,164
NVDA,2026-09-24 04:20:00-04:00,223.15,223.15,222.98,222.98,188
NVDA,2026-09-24 04:25:00-04:00,222.97,223.05,222.7,222.85,170
NVDA,2026-09-24 04:30:00-04:00,222.85,223.13,222.7,222.7,28
NVDA,2026-09-24 04:35:00-04:00,222.7,222.84,222.6,222.84,144
NVDA,2026-09-24 04:40:00-04:00,222.85,222.97,222.69,222.95,61
NVDA,2026-09-24 04:45:00-04:00,222.91,222.99,222.5,222.52,98
NVDA,2026-09-24 04:50:00-04:00,222.5,222.7,222.36,222.52,203
NVDA,2026-09-24 04:55:00-04:00,222.61,222.75,222.51,222.69,61
NVDA,2026-09-24 05:00:00-04:00,222.62,222.68,222.5,222.5,73
NVDA,2026-09-24 05:05:00-04:00,222.5,222.69,222.5,222.57,70
NVDA,2026-09-24 05:10:00-04:00,222.59,222.63,222.39,222.63,63
NVDA,2026-09-24 05:15:00-04:00,222.59,222.75,222.5,222.75,150
NVDA,2026-09-24 05:20:00-04:00,222.79,222.95,222.75,222.81,71
NVDA,2026-09-24 05:25:00-04:00,222.88,222.95,222.77,222.77,32
NVDA,2026-09-24 05:30:00-04:00,222.89,222.91,222.71,222.76,24
NVDA,2026-09-24 05:35:00-04:00,222.7,222.71,222.5,222.71,31
NVDA,2026-09-24 05:40:00-04:00,222.63,222.63,222.28,222.37,76
NVDA,2026-09-24 05:45:00-04:00,222.39,222.47,222.28,222.36,43
NVDA,2026-09-24 05:50:00-04:00,222.5,222.65,222.47,222.47,44
NVDA,2026-09-24 05:55:00-04:00,222.52,222.85,222.52,222.82,225
NVDA,2026-09-24 06:00:00-04:00,222.68,223.1,222.68,222.96,89
NVDA,2026-09-24 06:05:00-04:00,222.9,222.9,222.74,222.74,106
NVDA,2026-09-24 06:10:00-04:00,222.71,222.8,222.55,222.55,26
NVDA,2026-09-24 06:15:00-04:00,222.64,222.88,222.62,222.82,30
NVDA,2026-09-24 06:20:00-04:00,223.0,223.1,222.97,223.02,42
NVDA,2026-09-24 06:25:00-04:00,222.98,222.98,222.72,222.93,21
NVDA,2026-09-24 06:30:00-04:00,222.85,222.99,222.7,222.96,50
NVDA,2026-09-24 06:35:00-04:00,222.95,222.95,222.82,222.9,40
NVDA,2026-09-24 06:40:00-04:00,222.9,223.2,222.9,223.19,111
NVDA,2026-09-24 06:45:00-04:00,223.08,223.64,223.08,223.42,129
NVDA,2026-09-24 06:50:00-04:00,223.45,223.48,223.29,223.33,53
NVDA,2026-09-24 06:55:00-04:00,223.22,223.5,223.2,223.5,93
NVDA,2026-09-24 07:00:00-04:00,223.51,223.54,222.99,223.0,360
NVDA,2026-09-24 07:05:00-04:00,222.95,223.08,222.9,223.07,528
NVDA,2026-09-24 07:10:00-04:00,223.0,223.15,222.81,223.15,311
NVDA,2026-09-24 07:15:00-04:00,223.15,223.23,223.0,223.07,67
NVDA,2026-09-24 07:20:00-04:00,223.1,223.19,223.0,223.16,92
NVDA,2026-09-24 07:25:00-04:00,223.08,223.17,222.9,222.92,151
NVDA,2026-09-24 07:30:00-04:00,222.94,223.34,222.94,223.2,213
NVDA,2026-09-24 07:35:00-04:00,223.03,223.1,222.93,222.93,281
NVDA,2026-09-24 07:40:00-04:00,222.96,223.03,222.81,222.84,182
NVDA,2026-09-24 07:45:00-04:00,222.83,222.9,222.8,222.8,99
NVDA,2026-09-24 07:50:00-04:00,222.85,222.85,222.72,222.8,107
NVDA,2026-09-24 07:55:00-04:00,222.8,223.07,222.76,222.9,172
NVDA,2026-09-24 08:00:00-04:00,222.87,223.0,222.57,222.66,178
NVDA,2026-09-24 08:05:00-04:00,222.65,222.8,222.61,222.78,151
NVDA,2026-09-24 08:10:00-04:00,222.84,223.1,222.8,223.1,263
NVDA,2026-09-24 08:15:00-04:00,223.11,223.53,223.08,223.5,697
NVDA,2026-09-24 08:20:00-04:00,223.52,223.7,223.5,223.64,356
NVDA,2026-09-24 08:25:00-04:00,223.64,223.64,223.25,223.36,341
NVDA,2026-09-24 08:30:00-04:00,223.31,223.32,222.9,223.0,273
NVDA,2026-09-24 08:35:00-04:00,223.02,223.07,222.75,222.84,337
NVDA,2026-09-24 08:40:00-04:00,222.78,223.16,222.78,223.12,316
NVDA,2026-09-24 08:45:00-04:00,223.14,223.21,223.05,223.05,196
NVDA,2026-09-24 08:50:00-04:00,223.05,223.17,222.93,223.17,186
NVDA,2026-09-24 08:55:00-04:00,223.1,223.18,222.88,222.88,166
NVDA,2026-09-24 09:00:00-04:00,222.88,223.15,222.84,222.84,189
NVDA,2026-09-24 09:05:00-04:00,222.9,222.93,222.63,222.73,196
NVDA,2026-09-24 09:10:00-04:00,222.74,222.99,222.65,222.74,229
NVDA,2026-09-24 09:15:00-04:00,222.74,222.85,222.44,222.85,508
NVDA,2026-09-24 09:20:00-04:00,222.85,222.97,222.7,222.84,193
NVDA,2026-09-24 09:25:00-04:00,222.77,222.77,221.68,222.09,1832
NVDA,2026-09-24 09:30:00-04:00,222.08,222.99,221.09,221.86,30837
NVDA,2026-09-24 09:35:00-04:00,221.83,223.23,221.71,223.01,14906
NVDA,2026-09-24 09:40:00-04:00,223.01,223.08,222.43,222.73,9311
NVDA,2026-09-24 09:45:00-04:00,222.73,222.9,222.43,222.44,7273
NVDA,2026-09-24 09:50:00-04:00,222.44,222.86,222.34,222.44,6515
NVDA,2026-09-24 09:55:00-04:00,222.44,222.74,222.19,222.57,6774
NVDA,2026-09-24 10:00:00-04:00,222.56,222.95,222.54,222.61,8758
NVDA,2026-09-24 10:05:00-04:00,222.6,222.69,222.17,222.17,6891
NVDA,2026-09-24 10:10:00-04:00,222.18,222.22,221.67,222.1,9182
NVDA,2026-09-24 10:15:00-04:00,222.09,222.47,222.02,222.45,5792
NVDA,2026-09-24 10:20:00-04:00,222.45,222.55,222.11,222.14,4919
NVDA,2026-09-24 10:25:00-04:00,222.12,222.48,222.11,222.48,4389
NVDA,2026-09-24 10:30:00-04:00,222.47,222.61,222.36,222.55,4870
NVDA,2026-09-24 10:35:00-04:00,222.54,222.72,222.4,222.55,3968
NVDA,2026-09-24 10:40:00-04:00,222.56,222.57,222.14,222.21,5196
NVDA,2026-09-24 10:45:00-04:00,222.2,222.44,222.09,222.22,4537
NVDA,2026-09-24 10:50:00-04:00,222.22,222.32,221.77,221.79,6799
NVDA,2026-09-24 10:55:00-04:00,221.79,221.81,221.37,221.57,9746
NVDA,2026-09-24 11:00:00-04:00,221.58,221.8,221.42,221.73,5427
NVDA,2026-09-24 11:05:00-04:00,221.74,221.78,221.5,221.53,4242
NVDA,2026-09-24 11:10:00-04:00,221.52,221.76,221.5,221.54,4125
NVDA,2026-09-24 11:15:00-04:00,221.54,221.85,221.52,221.66,5381
NVDA,2026-09-24 11:20:00-04:00,221.66,222.03,221.52,222.0,5541
NVDA,2026-09-24 11:25:00-04:00,221.99,222.02,221.72,221.95,3553
NVDA,2026-09-24 11:30:00-04:00,221.96,221.96,221.72,221.89,2856
NVDA,2026-09-24 11:35:00-04:00,221.89,222.14,221.79,221.82,3700
NVDA,2026-09-24 11:40:00-04:00,221.83,222.12,221.75,222.01,4948
NVDA,2026-09-24 11:45:00-04:00,222.01,222.15,221.69,221.78,5000
NVDA,2026-09-24 11:50:00-04:00,221.78,222.57,221.76,222.5,5340
NVDA,2026-09-24 11:55:00-04:00,222.5,222.59,222.32,222.42,3428
NVDA,2026-09-24 12:00:00-04:00,222.4,222.43,222.15,222.35,2937
NVDA,2026-09-24 12:05:00-04:00,222.34,222.39,222.17,222.24,1959
NVDA,2026-09-24 12:10:00-04:00,222.25,222.5,222.05,222.45,2925
NVDA,2026-09-24 12:15:00-04:00,222.47,223.93,222.44,223.54,11614
NVDA,2026-09-24 12:20:00-04:00,223.53,223.75,223.21,223.33,5375
NVDA,2026-09-24 12:25:00-04:00,223.33,223.44,222.97,223.36,4134
NVDA,2026-09-24 12:30:00-04:00,223.35,223.48,223.17,223.41,3110
NVDA,2026-09-24 12:35:00-04:00,223.4,224.0,223.35,223.87,5460
NVDA,2026-09-24 12:40:00-04:00,223.86,224.48,223.82,223.96,7169
NVDA,2026-09-24 12:45:00-04:00,223.97,224.43,223.83,224.36,5088
NVDA,2026-09-24 12:50:00-04:00,224.38,224.53,223.99,224.1,4728
NVDA,2026-09-24 12:55:00-04:00,224.1,224.44,224.05,224.26,3318
NVDA,2026-09-24 13:00:00-04:00,224.25,224.49,224.07,224.45,5048
NVDA,2026-09-24 13:05:00-04:00,224.44,224.63,224.33,224.37,5204
NVDA,2026-09-24 13:10:00-04:00,224.38,224.47,224.1,224.46,5434
NVDA,2026-09-24 13:15:00-04:00,224.46,224.56,224.22,224.25,4238
NVDA,2026-09-24 13:20:00-04:00,224.24,224.44,224.04,224.07,4642
NVDA,2026-09-24 13:25:00-04:00,224.06,224.13,223.76,224.13,4697
NVDA,2026-09-24 13:30:00-04:00,224.12,224.39,223.81,223.83,5328
NVDA,2026-09-24 13:35:00-04:00,223.81,223.97,223.66,223.81,3622
NVDA,2026-09-24 13:40:00-04:00,223.81,224.02,223.57,223.58,4060
NVDA,2026-09-24 13:45:00-04:00,223.59,224.24,223.52,224.16,4050
NVDA,2026-09-24 13:50:00-04:00,224.16,224.22,223.81,223.95,2842
NVDA,2026-09-24 13:55:00-04:00,223.95,224.08,223.82,223.95,3198
NVDA,2026-09-24 14:00:00-04:00,223.95,223.96,223.32,223.55,3976
NVDA,2026-09-24 14:05:00-04:00,223.55,223.75,223.37,223.59,3415
NVDA,2026-09-24 14:10:00-04:00,223.59,223.86,223.52,223.79,2934
NVDA,2026-09-24 14:15:00-04:00,223.78,223.96,223.72,223.81,2848
NVDA,2026-09-24 14:20:00-04:00,223.82,223.95,223.68,223.9,2130
NVDA,2026-09-24 14:25:00-04:00,223.89,224.12,223.86,223.96,4128
NVDA,2026-09-24 14:30:00-04:00,223.96,224.01,223.8,223.87,2348
NVDA,2026-09-24 14:35:00-04:00,223.87,224.39,223.83,224.19,3241
NVDA,2026-09-24 14:40:00-04:00,224.18,224.18,223.82,223.96,2585
NVDA,2026-09-24 14:45:00-04:00,223.96,224.15,223.93,223.99,3042
NVDA,2026-09-24 14:50:00-04:00,224.0,224.23,223.96,224.1,2930
NVDA,2026-09-24 14:55:00-04:00,224.11,224.48,224.09,224.23,4928
NVDA,2026-09-24 15:00:00-04:00,224.22,224.27,223.97,224.04,3453
NVDA,2026-09-24 15:05:00-04:00,224.03,224.21,224.02,224.09,3257
NVDA,2026-09-24 15:10:00-04:00,224.08,224.15,223.65,223.68,3960
NVDA,2026-09-24 15:15:00-04:00,223.67,224.07,223.67,223.95,4352
NVDA,2026-09-24 15:20:00-04:00,223.96,224.0,223.78,223.91,2244
NVDA,2026-09-24 15:25:00-04:00,223.91,223.95,223.75,223.76,2984
NVDA,2026-09-24 15:30:00-04:00,223.75,223.86,223.57,223.65,4209
NVDA,2026-09-24 15:35:00-04:00,223.65,223.67,223.49,223.59,4654
NVDA,2026-09-24 15:40:00-04:00,223.6,223.67,223.43,223.55,5201
NVDA,2026-09-24 15:45:00-04:00,223.56,223.7,223.48,223.48,4871
NVDA,2026-09-24 15:50:00-04:00,223.5,224.94,223.5,224.8,17164
NVDA,2026-09-24 15:55:00-04:00,224.8,224.84,224.37,224.55,30879
NVDA,2026-09-24 16:00:00-04:00,224.54,224.58,224.39,224.44,99163
NVDA,2026-09-24 16:05:00-04:00,224.45,224.45,224.3,224.4,379
NVDA,2026-09-24 16:10:00-04:00,224.35,224.38,223.89,224.01,327
NVDA,2026-09-24 16:15:00-04:00,224.06,224.06,223.68,223.71,400
NVDA,2026-09-24 16:20:00-04:00,223.72,223.75,223.42,223.51,541
NVDA,2026-09-24 16:25:00-04:00,223.52,223.68,223.5,223.53,345
NVDA,2026-09-24 16:30:00-04:00,223.58,223.84,223.51,223.82,151
NVDA,2026-09-24 16:35:00-04:00,223.82,223.85,223.71,223.73,179
NVDA,2026-09-24 16:40:00-04:00,223.75,223.79,223.68,223.71,55
NVDA,2026-09-24 16:45:00-04:00,223.72,223.83,223.6,223.7,91
NVDA,2026-09-24 16:50:00-04:00,223.76,223.95,223.76,223.81,69
NVDA,2026-09-24 16:55:00-04:00,223.83,224.0,223.83,223.99,121
NVDA,2026-09-24 17:00:00-04:00,223.99,223.99,223.89,223.94,69
NVDA,2026-09-24 17:05:00-04:00,223.94,223.98,223.85,223.97,55
NVDA,2026-09-24 17:10:00-04:00,223.93,223.99,223.91,223.91,43
NVDA,2026-09-24 17:15:00-04:00,223.9,224.0,223.89,223.98,62
NVDA,2026-09-24 17:20:00-04:00,223.91,223.97,223.91,223.92,20
NVDA,2026-09-24 17:25:00-04:00,223.92,223.96,223.9,223.96,49
NVDA,2026-09-24 17:30:00-04:00,223.91,223.97,223.9,223.96,29
NVDA,2026-09-24 17:35:00-04:00,223.92,223.96,223.9,223.95,15
NVDA,2026-09-24 17:40:00-04:00,224.0,224.07,223.95,224.06,172
NVDA,2026-09-24 17:45:00-04:00,224.08,224.13,224.03,224.13,40
NVDA,2026-09-24 17:50:00-04:00,224.01,224.1,224.01,224.08,32
NVDA,2026-09-24 17:55:00-04:00,224.08,224.08,224.0,224.0,57
NVDA,2026-09-24 18:00:00-04:00,223.95,224.15,223.91,224.12,88
NVDA,2026-09-24 18:05:00-04:00,224.0,224.0,223.85,223.95,52
NVDA,2026-09-24 18:10:00-04:00,223.98,223.98,223.94,223.98,24
NVDA,2026-09-24 18:15:00-04:00,223.92,223.97,223.92,223.97,9
NVDA,2026-09-24 18:20:00-04:00,223.9,223.93,223.78,223.78,145
P,2026-09-22 05:00:00-04:00,113.3,113.36,111.5,111.52,77
P,2026-09-22 05:05:00-04:00,111.52,111.52,111.52,111.52,0
P,2026-09-22 05:10:00-04:00,111.52,111.52,111.52,111.52,0
P,2026-09-22 05:15:00-04:00,111.52,111.52,111.52,111.52,0
P,2026-09-22 05:20:00-04:00,111.52,111.52,111.52,111.52,0
P,2026-09-22 05:25:00-04:00,111.52,111.52,111.52,111.52,0
P,2026-09-22 05:30:00-04:00,111.52,111.52,111.52,111.52,0
P,2026-09-22 05:35:00-04:00,111.52,111.52,111.52,111.52,0
P,2026-09-22 05:40:00-04:00,111.52,111.52,111.52,111.52,0
P,2026-09-22 05:45:00-04:00,111.52,111.52,111.52,111.52,0
P,2026-09-22 05:50:00-04:00,111.52,111.52,111.52,111.52,0
P,2026-09-22 05:55:00-04:00,111.52,111.52,111.52,111.52,0
P,2026-09-22 06:00:00-04:00,111.52,111.52,111.52,111.52,0
P,2026-09-22 06:05:00-04:00,111.52,111.52,111.52,111.52,0
P,2026-09-22 06:10:00-04:00,111.52,111.52,111.52,111.52,0
P,2026-09-22 06:15:00-04:00,111.52,111.52,111.52,111.52,0
P,2026-09-22 06:20:00-04:00,111.52,111.52,111.52,111.52,0
P,2026-09-22 06:25:00-04:00,111.52,111.52,111.52,111.52,0
P,2026-09-22 06:30:00-04:00,112.21,112.21,112.21,112.21,1
P,2026-09-22 06:35:00-04:00,112.21,112.21,112.21,112.21,0
P,2026-09-22 06:40:00-04:00,112.21,112.21,112.21,112.21,0
P,2026-09-22 06:45:00-04:00,113.0,113.0,113.0,113.0,1
P,2026-09-22 06:50:00-04:00,113.0,113.0,113.0,113.0,0
P,2026-09-22 06:55:00-04:00,113.0,113.0,113.0,113.0,0
P,2026-09-22 07:00:00-04:00,113.0,113.0,113.0,113.0,0
P,2026-09-22 07:05:00-04:00,113.0,113.0,113.0,113.0,0
P,2026-09-22 07:10:00-04:00,113.0,113.0,113.0,113.0,0
P,2026-09-22 07:15:00-04:00,113.0,113.0,113.0,113.0,0
P,2026-09-22 07:20:00-04:00,113.0,113.0,113.0,113.0,0
P,2026-09-22 07:25:00-04:00,113.0,113.0,113.0,113.0,0
P,2026-09-22 07:30:00-04:00,113.0,113.0,113.0,113.0,0
P,2026-09-22 07:35:00-04:00,113.0,113.0,113.0,113.0,0
P,2026-09-22 07:40:00-04:00,113.0,113.0,113.0,113.0,0
P,2026-09-22 07:45:00-04:00,113.0,113.0,113.0,113.0,0
P,2026-09-22 07:50:00-04:00,113.0,113.0,113.0,113.0,0
P,2026-09-22 07:55:00-04:00,113.0,113.0,113.0,113.0,0
P,2026-09-22 08:00:00-04:00,113.0,113.0,113.0,113.0,0
P,2026-09-22 08:05:00-04:00,113.0,113.0,113.0,113.0,0
P,2026-09-22 08:10:00-04:00,113.1,113.1,113.1,113.1,1
P,2026-09-22 08:15:00-04:00,113.1,113.1,113.1,113.1,0
P,2026-09-22 08:20:00-04:00,113.1,113.1,113.1,113.1,0
P,2026-09-22 08:25:00-04:00,113.1,113.1,113.1,113.1,0
P,2026-09-22 08:30:00-04:00,113.1,113.1,113.1,113.1,0
P,2026-09-22 08:35:00-04:00,112.3,112.3,112.3,112.3,1
P,2026-09-22 08:40:00-04:00,112.3,112.3,112.3,112.3,0
P,2026-09-22 08:45:00-04:00,112.24,112.25,112.24,112.25,2
P,2026-09-22 08:50:00-04:00,112.25,112.25,112.25,112.25,0
P,2026-09-22 08:55:00-04:00,112.0,112.0,112.0,112.0,1
P,2026-09-22 09:00:00-04:00,112.28,112.28,112.28,112.28,1
P,2026-09-22 09:05:00-04:00,112.28,112.28,112.28,112.28,0
P,2026-09-22 09:10:00-04:00,111.5,111.5,111.5,111.5,1
P,2026-09-22 09:15:00-04:00,111.2,111.2,111.2,111.2,1
P,2026-09-22 09:20:00-04:00,111.2,111.2,111.2,111.2,0
P,2026-09-22 09:25:00-04:00,111.26,111.31,111.26,111.3,3
P,2026-09-22 09:30:00-04:00,111.39,111.39,108.76,109.61,3037
P,2026-09-22 09:35:00-04:00,109.7,109.95,108.11,108.36,581
P,2026-09-22 09:40:00-04:00,108.41,109.47,108.32,108.94,382
P,2026-09-22 09:45:00-04:00,108.93,109.15,107.49,107.49,577
P,2026-09-22 09:50:00-04:00,107.5,108.4,107.2,108.13,341
P,2026-09-22 09:55:00-04:00,108.13,109.0,108.13,108.8,287
P,2026-09-22 10:00:00-04:00,108.86,108.89,108.0,108.27,371
P,2026-09-22 10:05:00-04:00,108.13,108.39,107.81,107.93,712
P,2026-09-22 10:10:00-04:00,107.85,108.0,107.5,107.82,554
P,2026-09-22 10:15:00-04:00,107.86,108.27,107.73,107.79,503
P,2026-09-22 10:20:00-04:00,107.91,108.53,107.8,108.48,437
P,2026-09-22 10:25:00-04:00,108.53,109.03,108.41,108.75,390
P,2026-09-22 10:30:00-04:00,108.8,109.8,108.76,109.67,373
P,2026-09-22 10:35:00-04:00,109.66,110.16,108.74,109.0,1451
P,2026-09-22 10:40:00-04:00,109.0,109.21,108.49,108.93,362
P,2026-09-22 10:45:00-04:00,108.93,109.48,108.79,109.18,356
P,2026-09-22 10:50:00-04:00,109.19,109.98,109.19,109.79,295
P,2026-09-22 10:55:00-04:00,109.72,109.72,109.16,109.67,426
P,2026-09-22 11:00:00-04:00,109.55,109.68,109.21,109.51,349
P,2026-09-22 11:05:00-04:00,109.56,109.56,108.84,108.98,368
P,2026-09-22 11:10:00-04:00,108.97,109.41,108.95,109.26,336
P,2026-09-22 11:15:00-04:00,109.32,109.44,108.9,109.06,249
P,2026-09-22 11:20:00-04:00,108.96,109.12,108.69,109.0,297
P,2026-09-22 11:25:00-04:00,108.97,109.29,108.83,109.2,294
P,2026-09-22 11:30:00-04:00,109.2,109.77,109.05,109.7,396
P,2026-09-22 11:35:00-04:00,109.68,109.77,109.52,109.68,177
P,2026-09-22 11:40:00-04:00,109.68,109.73,109.43,109.51,175
P,2026-09-22 11:45:00-04:00,109.49,109.63,109.27,109.53,448
P,2026-09-22 11:50:00-04:00,109.55,109.55,108.86,108.88,393
P,2026-09-22 11:55:00-04:00,108.88,109.37,108.87,109.29,170
P,2026-09-22 12:00:00-04:00,109.35,109.78,109.19,109.5,238
P,2026-09-22 12:05:00-04:00,109.5,109.5,108.92,109.02,320
P,2026-09-22 12:10:00-04:00,109.02,109.23,108.96,109.08,279
P,2026-09-22 12:15:00-04:00,109.06,109.1,108.29,108.52,253
P,2026-09-22 12:20:00-04:00,108.44,108.67,108.44,108.53,128
P,2026-09-22 12:25:00-04:00,108.53,109.03,108.5,109.03,177
P,2026-09-22 12:30:00-04:00,109.07,109.19,108.99,109.13,59
P,2026-09-22 12:35:00-04:00,109.13,109.29,108.74,109.2,217
P,2026-09-22 12:40:00-04:00,109.18,109.32,109.11,109.32,88
P,2026-09-22 12:45:00-04:00,109.34,109.34,109.02,109.12,137
P,2026-09-22 12:50:00-04:00,109.21,109.21,108.63,108.65,137
P,2026-09-22 12:55:00-04:00,108.64,108.79,108.5,108.77,66
P,2026-09-22 13:00:00-04:00,108.74,108.99,108.61,108.89,229
P,2026-09-22 13:05:00-04:00,108.85,108.97,108.69,108.7,213
P,2026-09-22 13:10:00-04:00,108.7,108.83,108.13,108.14,232
P,2026-09-22 13:15:00-04:00,108.17,108.85,108.08,108.8,379
P,2026-09-22 13:20:00-04:00,108.92,108.92,108.62,108.83,123
P,2026-09-22 13:25:00-04:00,108.84,108.92,108.65,108.84,199
P,2026-09-22 13:30:00-04:00,108.84,108.92,108.49,108.59,164
P,2026-09-22 13:35:00-04:00,108.46,108.67,108.38,108.52,149
P,2026-09-22 13:40:00-04:00,108.5,108.78,108.43,108.78,142
P,2026-09-22 13:45:00-04:00,108.8,109.09,108.31,108.5,338
P,2026-09-22 13:50:00-04:00,108.54,108.69,108.31,108.37,155
P,2026-09-22 13:55:00-04:00,108.36,108.55,108.33,108.52,162
P,2026-09-22 14:00:00-04:00,108.52,108.71,108.31,108.68,226
P,2026-09-22 14:05:00-04:00,108.61,108.74,108.55,108.61,184
P,2026-09-22 14:10:00-04:00,108.53,109.46,108.47,109.46,331
P,2026-09-22 14:15:00-04:00,109.5,109.77,109.4,109.7,283
P,2026-09-22 14:20:00-04:00,109.73,109.83,108.87,109.19,729
P,2026-09-22 14:25:00-04:00,109.19,109.41,108.95,109.29,189
P,2026-09-22 14:30:00-04:00,109.3,109.4,108.95,108.95,534
P,2026-09-22 14:35:00-04:00,109.04,109.66,109.0,109.64,195
P,2026-09-22 14:40:00-04:00,109.62,110.59,109.62,110.41,601
P,2026-09-22 14:45:00-04:00,110.41,110.54,110.05,110.16,302
P,2026-09-22 14:50:00-04:00,110.11,110.32,110.03,110.18,346
P,2026-09-22 14:55:00-04:00,110.18,110.21,109.96,110.0,261
P,2026-09-22 15:00:00-04:00,109.98,109.98,109.4,109.4,339
P,2026-09-22 15:05:00-04:00,109.43,109.7,109.4,109.57,204
P,2026-09-22 15:10:00-04:00,109.62,109.89,109.59,109.77,382
P,2026-09-22 15:15:00-04:00,109.71,110.01,109.71,109.99,398
P,2026-09-22 15:20:00-04:00,109.95,109.98,109.61,109.62,161
P,2026-09-22 15:25:00-04:00,109.62,109.85,109.19,109.29,321
P,2026-09-22 15:30:00-04:00,109.31,109.41,109.06,109.27,292
P,2026-09-22 15:35:00-04:00,109.25,109.75,109.22,109.69,832
P,2026-09-22 15:40:00-04:00,109.77,110.38,109.77,110.36,611
P,2026-09-22 15:45:00-04:00,110.39,111.33,110.38,111.14,1073
P,2026-09-22 15:50:00-04:00,111.13,111.16,110.64,110.71,1316
P,2026-09-22 15:55:00-04:00,110.67,111.02,110.45,110.91,5309
P,2026-09-22 16:00:00-04:00,110.91,110.92,110.86,110.89,8468
P,2026-09-22 16:05:00-04:00,110.8,110.8,110.8,110.8,2
P,2026-09-22 16:10:00-04:00,110.8,110.8,110.8,110.8,0
P,2026-09-22 16:15:00-04:00,110.8,110.8,110.8,110.8,0
P,2026-09-22 16:20:00-04:00,110.8,110.8,110.8,110.8,0
P,2026-09-22 16:25:00-04:00,110.03,110.04,110.03,110.03,1
P,2026-09-22 16:30:00-04:00,110.6,110.6,110.48,110.48,4
P,2026-09-22 16:35:00-04:00,110.5,110.5,110.5,110.5,1
P,2026-09-22 16:40:00-04:00,110.5,110.5,110.5,110.5,0
P,2026-09-22 16:45:00-04:00,110.0,110.0,110.0,110.0,20
P,2026-09-22 16:50:00-04:00,110.59,110.59,110.59,110.59,9
P,2026-09-22 16:55:00-04:00,110.59,110.59,110.59,110.59,0
P,2026-09-22 17:00:00-04:00,110.59,110.59,110.59,110.59,0
P,2026-09-22 17:05:00-04:00,110.59,110.59,110.59,110.59,0
P,2026-09-22 17:10:00-04:00,110.59,110.59,110.59,110.59,0
P,2026-09-22 17:15:00-04:00,110.59,110.59,110.59,110.59,0
P,2026-09-22 17:20:00-04:00,110.59,110.59,110.59,110.59,0
P,2026-09-22 17:25:00-04:00,110.0,110.0,110.0,110.0,1
P,2026-09-22 17:30:00-04:00,110.0,110.0,110.0,110.0,0
P,2026-09-22 17:35:00-04:00,110.0,110.0,110.0,110.0,0
P,2026-09-22 17:40:00-04:00,110.0,110.0,110.0,110.0,0
P,2026-09-22 17:45:00-04:00,110.0,110.0,110.0,110.0,0
P,2026-09-22 17:50:00-04:00,110.0,110.0,110.0,110.0,0
P,2026-09-22 17:55:00-04:00,110.0,110.0,110.0,110.0,0
P,2026-09-22 18:00:00-04:00,110.0,110.0,110.0,110.0,0
P,2026-09-22 18:05:00-04:00,110.0,110.0,110.0,110.0,0
P,2026-09-22 18:10:00-04:00,110.0,110.0,110.0,110.0,0
P,2026-09-22 18:15:00-04:00,110.0,110.0,110.0,110.0,0
P,2026-09-22 18:20:00-04:00,110.0,110.0,110.0,110.0,0
P,2026-09-22 18:25:00-04:00,110.0,110.0,110.0,110.0,0
P,2026-09-22 18:30:00-04:00,110.0,110.0,110.0,110.0,0
P,2026-09-22 18:35:00-04:00,110.0,110.0,110.0,110.0,0
P,2026-09-22 18:40:00-04:00,110.0,110.0,110.0,110.0,0
P,2026-09-22 18:45:00-04:00,110.0,110.0,110.0,110.0,0
P,2026-09-22 18:50:00-04:00,110.0,110.0,110.0,110.0,0
P,2026-09-22 18:55:00-04:00,110.0,110.0,110.0,110.0,0
P,2026-09-22 19:00:00-04:00,110.0,110.0,110.0,110.0,0
P,2026-09-22 19:05:00-04:00,110.0,110.0,110.0,110.0,0
P,2026-09-22 19:10:00-04:00,110.0,110.0,110.0,110.0,0
P,2026-09-22 19:15:00-04:00,110.0,110.0,110.0,110.0,0
P,2026-09-22 19:20:00-04:00,110.0,110.0,110.0,110.0,0
P,2026-09-22 19:25:00-04:00,110.0,110.0,110.0,110.0,0
P,2026-09-22 19:30:00-04:00,110.11,110.11,110.1,110.11,3
P,2026-09-22 19:35:00-04:00,110.11,110.11,110.11,110.11,0
P,2026-09-22 19:40:00-04:00,110.11,110.11,110.11,110.11,0
P,2026-09-22 19:45:00-04:00,110.11,110.11,110.11,110.11,0
P,2026-09-22 19:50:00-04:00,110.11,110.11,110.11,110.11,0
P,2026-09-22 19:55:00-04:00,110.11,110.11,110.1,110.11,0
P,2026-09-23 04:00:00-04:00,110.72,110.8,110.72,110.8,3
P,2026-09-23 04:05:00-04:00,110.8,110.8,110.8,110.8,0
P,2026-09-23 04:10:00-04:00,110.8,110.8,110.8,110.8,0
P,2026-09-23 04:15:00-04:00,110.8,110.8,110.8,110.8,0
P,2026-09-23 04:20:00-04:00,110.8,110.8,110.8,110.8,0
P,2026-09-23 04:25:00-04:00,110.8,110.8,110.8,110.8,0
P,2026-09-23 04:30:00-04:00,110.8,110.8,110.8,110.8,0
P,2026-09-23 04:35:00-04:00,110.8,110.8,110.8,110.8,0
P,2026-09-23 04:40:00-04:00,110.8,110.8,110.8,110.8,0
P,2026-09-23 04:45:00-04:00,110.8,110.8,110.8,110.8,0
P,2026-09-23 04:50:00-04:00,110.8,110.8,110.8,110.8,0
P,2026-09-23 04:55:00-04:00,110.8,110.8,110.8,110.8,0
P,2026-09-23 05:00:00-04:00,110.8,110.8,110.8,110.8,0
P,2026-09-23 05:05:00-04:00,110.8,110.8,110.8,110.8,0
P,2026-09-23 05:10:00-04:00,110.8,110.8,110.8,110.8,0
P,2026-09-23 05:15:00-04:00,110.8,110.8,110.8,110.8,0
P,2026-09-23 05:20:00-04:00,110.8,110.8,110.8,110.8,0
P,2026-09-23 05:25:00-04:00,110.8,110.8,110.8,110.8,0
P,2026-09-23 05:30:00-04:00,110.8,110.8,110.8,110.8,0
P,2026-09-23 05:35:00-04:00,110.8,110.8,110.8,110.8,0
P,2026-09-23 05:40:00-04:00,110.8,110.8,110.8,110.8,0
P,2026-09-23 05:45:00-04:00,110.8,110.8,110.8,110.8,0
P,2026-09-23 05:50:00-04:00,110.8,110.8,110.8,110.8,0
P,2026-09-23 05:55:00-04:00,110.8,110.8,110.8,110.8,0
P,2026-09-23 06:00:00-04:00,110.8,110.8,110.8,110.8,0
P,2026-09-23 06:05:00-04:00,110.8,110.8,110.8,110.8,0
P,2026-09-23 06:10:00-04:00,110.8,110.8,110.8,110.8,0
P,2026-09-23 06:15:00-04:00,110.8,110.8,110.8,110.8,0
P,2026-09-23 06:20:00-04:00,110.8,110.8,110.8,110.8,0
P,2026-09-23 06:25:00-04:00,110.8,110.8,110.8,110.8,0
P,2026-09-23 06:30:00-04:00,110.8,110.8,110.8,110.8,0
P,2026-09-23 06:35:00-04:00,110.8,110.8,110.8,110.8,0
P,2026-09-23 06:40:00-04:00,110.8,110.8,110.8,110.8,0
P,2026-09-23 06:45:00-04:00,110.8,110.8,110.8,110.8,0
P,2026-09-23 06:50:00-04:00,110.8,110.8,110.8,110.8,0
P,2026-09-23 06:55:00-04:00,110.8,110.8,110.8,110.8,0
P,2026-09-23 07:00:00-04:00,110.8,110.8,110.8,110.8,0
P,2026-09-23 07:05:00-04:00,110.8,110.8,110.8,110.8,0
P,2026-09-23 07:10:00-04:00,110.8,110.8,110.8,110.8,0
P,2026-09-23 07:15:00-04:00,110.8,110.8,110.8,110.8,0
P,2026-09-23 07:20:00-04:00,110.8,110.8,110.8,110.8,0
P,2026-09-23 07:25:00-04:00,112.15,112.16,112.15,112.15,1
P,2026-09-23 07:30:00-04:00,112.15,112.15,112.15,112.15,0
P,2026-09-23 07:35:00-04:00,112.15,112.15,112.15,112.15,0
P,2026-09-23 07:40:00-04:00,111.92,111.93,111.92,111.92,2
P,2026-09-23 07:45:00-04:00,111.92,111.92,111.92,111.92,0
P,2026-09-23 07:50:00-04:00,111.92,111.92,111.92,111.92,0
P,2026-09-23 07:55:00-04:00,111.92,111.92,111.92,111.92,0
P,2026-09-23 08:00:00-04:00,111.92,111.92,111.92,111.92,0
P,2026-09-23 08:05:00-04:00,108.0,108.0,108.0,108.0,2
P,2026-09-23 08:10:00-04:00,108.0,108.0,108.0,108.0,0
P,2026-09-23 08:15:00-04:00,110.16,110.16,110.16,110.16,1
P,2026-09-23 08:20:00-04:00,110.16,110.16,110.16,110.16,0
P,2026-09-23 08:25:00-04:00,110.16,110.16,110.16,110.16,0
P,2026-09-23 08:30:00-04:00,110.16,110.16,110.16,110.16,0
P,2026-09-23 08:35:00-04:00,110.16,110.16,110.16,110.16,0
P,2026-09-23 08:40:00-04:00,110.16,110.16,110.16,110.16,0
P,2026-09-23 08:45:00-04:00,110.9,110.9,110.66,110.66,2
P,2026-09-23 08:50:00-04:00,110.66,110.66,110.66,110.66,0
P,2026-09-23 08:55:00-04:00,110.66,110.66,110.66,110.66,0
P,2026-09-23 09:00:00-04:00,110.66,110.66,110.66,110.66,0
P,2026-09-23 09:05:00-04:00,110.55,110.55,110.55,110.55,19
P,2026-09-23 09:10:00-04:00,110.55,110.55,110.55,110.55,0
P,2026-09-23 09:15:00-04:00,110.55,110.55,110.55,110.55,0
P,2026-09-23 09:20:00-04:00,110.55,110.55,110.55,110.55,0
P,2026-09-23 09:25:00-04:00,110.55,110.55,110.55,110.55,0
P,2026-09-23 09:30:00-04:00,111.14,112.0,109.5,109.54,603
P,2026-09-23 09:35:00-04:00,109.58,109.99,109.02,109.7,181
P,2026-09-23 09:40:00-04:00,109.49,109.51,108.77,109.08,115
P,2026-09-23 09:45:00-04:00,109.02,109.35,108.73,109.21,321
P,2026-09-23 09:50:00-04:00,109.09,109.91,108.95,109.13,161
P,2026-09-23 09:55:00-04:00,109.16,109.55,109.11,109.23,151
P,2026-09-23 10:00:00-04:00,109.23,109.8,109.23,109.75,218
P,2026-09-23 10:05:00-04:00,109.65,109.7,108.8,108.8,469
P,2026-09-23 10:10:00-04:00,108.79,108.85,107.77,107.93,257
P,2026-09-23 10:15:00-04:00,107.92,107.99,107.57,107.76,243
P,2026-09-23 10:20:00-04:00,107.74,108.46,107.74,108.36,168
P,2026-09-23 10:25:00-04:00,108.42,108.69,108.31,108.53,190
P,2026-09-23 10:30:00-04:00,108.59,108.63,108.03,108.59,104
P,2026-09-23 10:35:00-04:00,108.59,108.69,108.1,108.37,146
P,2026-09-23 10:40:00-04:00,108.35,108.87,108.35,108.84,171
P,2026-09-23 10:45:00-04:00,108.8,109.07,108.5,109.07,194
P,2026-09-23 10:50:00-04:00,108.88,109.71,108.76,109.57,278
P,2026-09-23 10:55:00-04:00,109.57,109.75,109.37,109.44,243
P,2026-09-23 11:00:00-04:00,109.4,109.65,109.03,109.34,125
P,2026-09-23 11:05:00-04:00,109.33,109.56,109.01,109.55,152
P,2026-09-23 11:10:00-04:00,109.62,109.62,109.29,109.55,136
P,2026-09-23 11:15:00-04:00,109.56,109.63,109.35,109.63,169
P,2026-09-23 11:20:00-04:00,109.63,110.09,109.62,109.97,589
P,2026-09-23 11:25:00-04:00,109.98,110.16,109.88,110.12,133
P,2026-09-23 11:30:00-04:00,110.11,110.12,109.49,109.59,101
P,2026-09-23 11:35:00-04:00,109.59,109.61,109.08,109.21,98
P,2026-09-23 11:40:00-04:00,109.08,109.41,108.94,109.12,239
P,2026-09-23 11:45:00-04:00,109.08,109.2,108.74,108.82,94
P,2026-09-23 11:50:00-04:00,108.82,109.3,108.82,109.3,157
P,2026-09-23 11:55:00-04:00,109.3,109.44,109.29,109.37,368
P,2026-09-23 12:00:00-04:00,109.36,109.38,109.03,109.18,333
P,2026-09-23 12:05:00-04:00,109.17,109.17,108.59,108.64,181
P,2026-09-23 12:10:00-04:00,108.72,108.76,108.66,108.7,134
P,2026-09-23 12:15:00-04:00,108.78,108.78,108.41,108.51,341
P,2026-09-23 12:20:00-04:00,108.51,108.88,108.41,108.75,207
P,2026-09-23 12:25:00-04:00,108.82,108.95,108.66,108.79,88
P,2026-09-23 12:30:00-04:00,108.8,108.84,108.59,108.62,96
P,2026-09-23 12:35:00-04:00,108.62,108.62,108.36,108.38,112
P,2026-09-23 12:40:00-04:00,108.37,108.44,108.16,108.19,128
P,2026-09-23 12:45:00-04:00,108.19,108.41,108.19,108.22,123
P,2026-09-23 12:50:00-04:00,108.15,108.43,108.05,108.41,78
P,2026-09-23 12:55:00-04:00,108.36,108.44,108.21,108.21,118
P,2026-09-23 13:00:00-04:00,108.27,108.28,107.84,107.98,157
P,2026-09-23 13:05:00-04:00,108.01,108.21,107.55,107.69,145
P,2026-09-23 13:10:00-04:00,107.63,107.63,107.1,107.62,178
P,2026-09-23 13:15:00-04:00,107.62,108.79,107.62,108.79,114
P,2026-09-23 13:20:00-04:00,108.68,108.77,108.3,108.47,156
P,2026-09-23 13:25:00-04:00,108.55,108.55,108.32,108.32,84
P,2026-09-23 13:30:00-04:00,108.3,108.46,108.25,108.3,117
P,2026-09-23 13:35:00-04:00,108.25,108.37,108.12,108.37,49
P,2026-09-23 13:40:00-04:00,108.32,108.85,108.32,108.71,94
P,2026-09-23 13:45:00-04:00,108.65,108.65,108.42,108.58,103
P,2026-09-23 13:50:00-04:00,108.63,108.87,108.62,108.81,53
P,2026-09-23 13:55:00-04:00,108.86,108.94,108.76,108.84,172
P,2026-09-23 14:00:00-04:00,108.88,108.92,108.56,108.6,181
P,2026-09-23 14:05:00-04:00,108.6,108.81,108.5,108.51,148
P,2026-09-23 14:10:00-04:00,108.56,108.78,108.55,108.6,146
P,2026-09-23 14:15:00-04:00,108.63,108.81,108.6,108.69,104
P,2026-09-23 14:20:00-04:00,108.69,109.45,108.64,109.34,269
P,2026-09-23 14:25:00-04:00,109.26,109.47,109.22,109.4,211
P,2026-09-23 14:30:00-04:00,109.39,109.45,109.24,109.4,154
P,2026-09-23 14:35:00-04:00,109.41,109.6,109.36,109.46,222
P,2026-09-23 14:40:00-04:00,109.41,109.48,109.17,109.2,203
P,2026-09-23 14:45:00-04:00,109.24,109.96,109.24,109.83,375
P,2026-09-23 14:50:00-04:00,109.9,110.38,109.9,110.32,206
P,2026-09-23 14:55:00-04:00,110.23,110.73,110.23,110.48,207
P,2026-09-23 15:00:00-04:00,110.37,110.37,109.58,109.8,319
P,2026-09-23 15:05:00-04:00,109.88,110.25,109.6,109.67,212
P,2026-09-23 15:10:00-04:00,109.58,109.69,109.57,109.61,97
P,2026-09-23 15:15:00-04:00,109.61,109.78,109.47,109.62,102
P,2026-09-23 15:20:00-04:00,109.65,109.87,109.59,109.84,160
P,2026-09-23 15:25:00-04:00,109.89,110.09,109.64,109.78,213
P,2026-09-23 15:30:00-04:00,109.77,109.8,109.57,109.68,135
P,2026-09-23 15:35:00-04:00,109.7,109.95,109.64,109.88,139
P,2026-09-23 15:40:00-04:00,109.89,109.96,109.66,109.76,268
P,2026-09-23 15:45:00-04:00,109.8,110.01,109.73,109.91,208
P,2026-09-23 15:50:00-04:00,109.9,109.9,109.48,109.51,396
P,2026-09-23 15:55:00-04:00,109.52,109.71,109.24,109.65,1524
P,2026-09-23 16:00:00-04:00,109.67,110.6,109.65,109.65,3981
P,2026-09-23 16:05:00-04:00,109.65,109.65,109.65,109.65,0
P,2026-09-23 16:10:00-04:00,109.65,109.65,109.65,109.65,0
P,2026-09-23 16:15:00-04:00,109.94,110.0,109.65,109.65,931
P,2026-09-23 16:20:00-04:00,110.01,110.01,110.0,110.0,12
P,2026-09-23 16:25:00-04:00,110.0,110.0,110.0,110.0,0
P,2026-09-23 16:30:00-04:00,110.0,110.0,110.0,110.0,0
P,2026-09-23 16:35:00-04:00,110.24,117.98,110.24,115.96,338
P,2026-09-23 16:40:00-04:00,117.81,119.55,115.04,117.52,96
P,2026-09-23 16:45:00-04:00,117.5,119.34,115.0,116.0,171
P,2026-09-23 16:50:00-04:00,115.91,116.7,115.1,116.44,45
P,2026-09-23 16:55:00-04:00,115.5,115.94,114.06,115.94,67
P,2026-09-23 17:00:00-04:00,115.06,116.0,114.2,116.0,120
P,2026-09-23 17:05:00-04:00,116.31,116.99,116.31,116.9,32
P,2026-09-23 17:10:00-04:00,116.92,118.2,116.5,118.0,109
P,2026-09-23 17:15:00-04:00,117.31,117.5,116.84,116.84,27
P,2026-09-23 17:20:00-04:00,116.86,116.86,116.0,116.03,16
P,2026-09-23 17:25:00-04:00,116.5,117.5,116.03,117.5,87
P,2026-09-23 17:30:00-04:00,117.95,118.6,116.1,116.1,37
P,2026-09-23 17:35:00-04:00,116.73,117.0,116.5,116.75,10
P,2026-09-23 17:40:00-04:00,117.25,117.25,116.6,116.6,14
P,2026-09-23 17:45:00-04:00,116.96,116.96,116.6,116.6,5
P,2026-09-23 17:50:00-04:00,116.75,117.44,116.75,117.4,23
P,2026-09-23 17:55:00-04:00,117.99,119.0,117.83,118.99,74
P,2026-09-23 18:00:00-04:00,119.0,119.0,118.5,118.5,39
P,2026-09-23 18:05:00-04:00,118.95,118.95,118.5,118.52,20
P,2026-09-23 18:10:00-04:00,118.5,118.58,118.5,118.58,6
P,2026-09-23 18:15:00-04:00,118.5,118.74,117.51,117.51,154
P,2026-09-23 18:20:00-04:00,117.8,117.8,117.8,117.8,1
P,2026-09-23 18:25:00-04:00,117.64,117.64,116.96,116.97,52
P,2026-09-23 18:30:00-04:00,116.98,117.36,116.95,116.96,64
P,2026-09-23 18:35:00-04:00,116.5,116.5,116.49,116.49,11
P,2026-09-23 18:40:00-04:00,116.0,116.0,114.0,115.99,56
P,2026-09-23 18:45:00-04:00,115.5,115.5,115.5,115.5,5
P,2026-09-23 18:50:00-04:00,116.49,117.5,116.49,116.77,36
P,2026-09-23 18:55:00-04:00,116.5,116.74,116.49,116.74,89
P,2026-09-23 19:00:00-04:00,116.63,116.63,116.5,116.5,22
P,2026-09-23 19:05:00-04:00,116.5,116.5,116.5,116.5,0
P,2026-09-23 19:10:00-04:00,116.26,116.3,115.1,116.3,60
P,2026-09-23 19:15:00-04:00,116.3,117.1,116.3,117.1,57
P,2026-09-23 19:20:00-04:00,117.5,117.79,117.25,117.25,28
P,2026-09-23 19:25:00-04:00,117.25,117.25,117.25,117.25,0
P,2026-09-23 19:30:00-04:00,116.33,117.79,116.32,117.79,16
P,2026-09-23 19:35:00-04:00,117.79,118.37,117.01,118.37,80
P,2026-09-23 19:40:00-04:00,117.68,117.68,117.5,117.68,12
P,2026-09-23 19:45:00-04:00,117.92,117.92,117.5,117.5,5
P,2026-09-23 19:50:00-04:00,117.71,117.8,117.29,117.8,30
P,2026-09-23 19:55:00-04:00,118.24,118.99,118.05,118.41,59
P,2026-09-24 04:00:00-04:00,116.0,116.5,113.67,116.5,159
P,2026-09-24 04:05:00-04:00,116.5,116.82,115.95,116.82,3
P,2026-09-24 04:10:00-04:00,115.5,115.5,115.5,115.5,3
P,2026-09-24 04:15:00-04:00,115.5,115.5,115.5,115.5,0
P,2026-09-24 04:20:00-04:00,115.11,115.11,115.1,115.1,12
P,2026-09-24 04:25:00-04:00,115.1,115.1,115.1,115.1,0
P,2026-09-24 04:30:00-04:00,115.1,115.1,115.1,115.1,0
P,2026-09-24 04:35:00-04:00,117.49,117.49,117.49,117.49,3
P,2026-09-24 04:40:00-04:00,115.92,116.05,115.92,116.05,10
P,2026-09-24 04:45:00-04:00,116.05,116.05,116.05,116.05,0
P,2026-09-24 04:50:00-04:00,117.49,117.49,117.49,117.49,6
P,2026-09-24 04:55:00-04:00,117.0,117.0,117.0,117.0,1
P,2026-09-24 05:00:00-04:00,117.0,117.0,117.0,117.0,0
P,2026-09-24 05:05:00-04:00,117.0,117.0,117.0,117.0,0
P,2026-09-24 05:10:00-04:00,117.0,117.0,117.0,117.0,0
P,2026-09-24 05:15:00-04:00,117.0,117.0,117.0,117.0,0
P,2026-09-24 05:20:00-04:00,117.0,117.0,117.0,117.0,0
P,2026-09-24 05:25:00-04:00,117.0,117.0,117.0,117.0,0
P,2026-09-24 05:30:00-04:00,117.0,117.0,117.0,117.0,0
P,2026-09-24 05:35:00-04:00,117.0,117.0,117.0,117.0,0
P,2026-09-24 05:40:00-04:00,117.0,117.0,117.0,117.0,0
P,2026-09-24 05:45:00-04:00,117.0,117.0,117.0,117.0,0
P,2026-09-24 05:50:00-04:00,117.0,117.0,117.0,117.0,0
P,2026-09-24 05:55:00-04:00,117.0,117.0,117.0,117.0,0
P,2026-09-24 06:00:00-04:00,117.0,117.0,117.0,117.0,0
P,2026-09-24 06:05:00-04:00,117.0,117.0,117.0,117.0,0
P,2026-09-24 06:10:00-04:00,117.0,117.0,117.0,117.0,0
P,2026-09-24 06:15:00-04:00,117.0,117.0,117.0,117.0,0
P,2026-09-24 06:20:00-04:00,117.0,117.0,117.0,117.0,0
P,2026-09-24 06:25:00-04:00,117.0,117.0,117.0,117.0,0
P,2026-09-24 06:30:00-04:00,117.0,117.0,117.0,117.0,0
P,2026-09-24 06:35:00-04:00,117.0,117.0,117.0,117.0,0
P,2026-09-24 06:40:00-04:00,117.0,117.0,117.0,117.0,0
P,2026-09-24 06:45:00-04:00,117.0,117.0,117.0,117.0,0
P,2026-09-24 06:50:00-04:00,117.29,117.33,117.25,117.25,4
P,2026-09-24 06:55:00-04:00,117.35,117.35,117.35,117.35,2
P,2026-09-24 07:00:00-04:00,117.1,118.0,117.01,117.1,110
P,2026-09-24 07:05:00-04:00,117.4,118.0,117.0,117.72,258
P,2026-09-24 07:10:00-04:00,117.4,118.0,116.93,116.93,21
P,2026-09-24 07:15:00-04:00,116.74,117.1,116.74,117.1,3
P,2026-09-24 07:20:00-04:00,117.0,117.0,117.0,117.0,1
P,2026-09-24 07:25:00-04:00,117.5,117.5,116.75,116.75,19
P,2026-09-24 07:30:00-04:00,116.8,117.0,116.76,116.81,24
P,2026-09-24 07:35:00-04:00,116.5,117.0,116.5,117.0,9
P,2026-09-24 07:40:00-04:00,117.99,117.99,117.99,117.99,5
P,2026-09-24 07:45:00-04:00,117.99,117.99,117.99,117.99,1
P,2026-09-24 07:50:00-04:00,116.59,117.75,116.0,117.75,25
P,2026-09-24 07:55:00-04:00,115.7,117.11,115.7,117.11,12
P,2026-09-24 08:00:00-04:00,116.01,116.01,116.01,116.01,1
P,2026-09-24 08:05:00-04:00,117.45,117.45,116.25,116.25,15
P,2026-09-24 08:10:00-04:00,116.64,116.64,116.64,116.64,1
P,2026-09-24 08:15:00-04:00,116.1,116.85,116.1,116.85,17
P,2026-09-24 08:20:00-04:00,116.35,116.45,116.1,116.2,19
P,2026-09-24 08:25:00-04:00,116.0,116.7,115.85,116.7,34
P,2026-09-24 08:30:00-04:00,116.55,116.55,115.5,115.5,5
P,2026-09-24 08:35:00-04:00,115.25,115.25,113.7,114.96,111
P,2026-09-24 08:40:00-04:00,114.53,115.0,114.06,115.0,28
P,2026-09-24 08:45:00-04:00,114.98,115.0,114.98,115.0,2
P,2026-09-24 08:50:00-04:00,115.0,115.0,115.0,115.0,0
P,2026-09-24 08:55:00-04:00,114.53,115.0,114.53,115.0,23
P,2026-09-24 09:00:00-04:00,114.79,115.0,114.22,115.0,69
P,2026-09-24 09:05:00-04:00,114.94,115.0,114.94,114.94,9
P,2026-09-24 09:10:00-04:00,114.98,116.0,114.98,115.91,21
P,2026-09-24 09:15:00-04:00,116.0,116.0,116.0,116.0,2
P,2026-09-24 09:20:00-04:00,115.26,115.74,114.0,115.69,79
P,2026-09-24 09:25:00-04:00,115.13,116.0,113.8,115.01,55
P,2026-09-24 09:30:00-04:00,113.95,124.22,113.51,124.22,9825
P,2026-09-24 09:35:00-04:00,124.06,124.8,124.06,124.8,419
P,2026-09-24 09:40:00-04:00,123.9,128.49,123.03,126.07,5661
P,2026-09-24 09:45:00-04:00,125.99,129.7,124.77,129.68,3862
P,2026-09-24 09:50:00-04:00,129.56,131.41,129.45,130.53,5729
P,2026-09-24 09:55:00-04:00,130.68,131.1,129.09,130.2,3661
P,2026-09-24 10:00:00-04:00,130.17,130.5,129.1,129.8,1560
P,2026-09-24 10:05:00-04:00,129.8,129.82,128.06,128.11,1566
P,2026-09-24 10:10:00-04:00,128.24,128.74,127.76,127.97,1174
P,2026-09-24 10:15:00-04:00,127.97,128.03,126.25,126.99,1454
P,2026-09-24 10:20:00-04:00,126.89,127.35,126.44,127.0,1013
P,2026-09-24 10:25:00-04:00,126.93,127.25,126.49,127.19,605
P,2026-09-24 10:30:00-04:00,127.35,127.85,127.01,127.63,1051
P,2026-09-24 10:35:00-04:00,127.53,127.74,127.16,127.32,465
P,2026-09-24 10:40:00-04:00,127.43,128.74,127.43,127.85,1324
P,2026-09-24 10:45:00-04:00,127.85,129.18,127.81,128.77,950
P,2026-09-24 10:50:00-04:00,128.77,129.63,128.5,129.46,552
P,2026-09-24 10:55:00-04:00,129.47,129.86,129.11,129.23,707
P,2026-09-24 11:00:00-04:00,129.36,129.86,128.79,129.51,797
P,2026-09-24 11:05:00-04:00,129.51,129.59,128.44,128.78,496
P,2026-09-24 11:10:00-04:00,128.78,129.01,128.49,128.71,451
P,2026-09-24 11:15:00-04:00,128.66,129.42,128.58,128.58,607
P,2026-09-24 11:20:00-04:00,128.62,129.22,128.17,129.21,449
P,2026-09-24 11:25:00-04:00,129.15,129.36,128.84,128.96,535
P,2026-09-24 11:30:00-04:00,128.95,129.37,128.9,129.05,628
P,2026-09-24 11:35:00-04:00,129.14,129.51,128.97,129.39,470
P,2026-09-24 11:40:00-04:00,129.44,129.75,129.36,129.44,459
P,2026-09-24 11:45:00-04:00,129.44,130.37,129.43,129.87,1460
P,2026-09-24 11:50:00-04:00,129.88,130.07,129.53,129.7,407
P,2026-09-24 11:55:00-04:00,129.72,130.14,129.67,129.79,656
P,2026-09-24 12:00:00-04:00,129.83,130.2,129.39,130.05,453
P,2026-09-24 12:05:00-04:00,129.97,130.02,128.76,128.81,561
P,2026-09-24 12:10:00-04:00,128.81,129.36,128.72,129.34,396
P,2026-09-24 12:15:00-04:00,129.31,130.05,129.31,129.88,561
P,2026-09-24 12:20:00-04:00,129.89,130.36,129.4,129.6,656
P,2026-09-24 12:25:00-04:00,129.56,129.59,128.98,129.14,429
P,2026-09-24 12:30:00-04:00,129.03,129.46,128.7,129.46,352
P,2026-09-24 12:35:00-04:00,129.33,129.78,128.42,128.51,758
P,2026-09-24 12:40:00-04:00,128.44,128.75,127.38,127.51,470
P,2026-09-24 12:45:00-04:00,127.51,128.2,127.3,127.99,710
P,2026-09-24 12:50:00-04:00,127.92,128.1,127.03,127.36,409
P,2026-09-24 12:55:00-04:00,127.35,128.13,127.33,127.9,554
P,2026-09-24 13:00:00-04:00,127.82,127.86,127.26,127.73,339
P,2026-09-24 13:05:00-04:00,127.61,127.74,126.85,126.85,414
P,2026-09-24 13:10:00-04:00,126.85,127.4,126.53,127.4,644
P,2026-09-24 13:15:00-04:00,127.38,127.54,127.05,127.23,273
P,2026-09-24 13:20:00-04:00,127.14,127.2,126.31,126.4,327
P,2026-09-24 13:25:00-04:00,126.31,126.87,126.28,126.7,325
P,2026-09-24 13:30:00-04:00,126.68,126.75,126.22,126.35,364
P,2026-09-24 13:35:00-04:00,126.31,126.74,126.25,126.25,339
P,2026-09-24 13:40:00-04:00,126.36,126.82,125.82,126.39,614
P,2026-09-24 13:45:00-04:00,126.37,126.45,125.76,125.98,268
P,2026-09-24 13:50:00-04:00,125.98,125.98,125.01,125.12,645
P,2026-09-24 13:55:00-04:00,125.15,125.38,124.77,124.99,886
P,2026-09-24 14:00:00-04:00,125.09,125.09,124.23,124.41,620
P,2026-09-24 14:05:00-04:00,124.27,124.7,124.0,124.29,875
P,2026-09-24 14:10:00-04:00,124.14,124.28,123.87,123.97,216
P,2026-09-24 14:15:00-04:00,123.97,125.34,123.9,125.2,473
P,2026-09-24 14:20:00-04:00,125.21,125.52,125.09,125.2,533
P,2026-09-24 14:25:00-04:00,125.25,125.27,124.52,124.74,499
P,2026-09-24 14:30:00-04:00,124.72,125.37,124.34,125.22,520
P,2026-09-24 14:35:00-04:00,125.29,125.57,124.99,125.02,630
P,2026-09-24 14:40:00-04:00,124.95,125.77,124.82,125.5,619
P,2026-09-24 14:45:00-04:00,125.57,126.06,125.54,125.81,546
P,2026-09-24 14:50:00-04:00,125.79,126.28,125.71,126.08,436
P,2026-09-24 14:55:00-04:00,126.09,126.33,125.98,126.21,358
P,2026-09-24 15:00:00-04:00,126.21,126.32,124.95,125.1,627
P,2026-09-24 15:05:00-04:00,125.05,125.13,124.24,124.34,480
P,2026-09-24 15:10:00-04:00,124.34,124.86,124.0,124.23,823
P,2026-09-24 15:15:00-04:00,124.19,124.54,123.84,124.0,904
P,2026-09-24 15:20:00-04:00,123.93,123.93,123.13,123.27,654
P,2026-09-24 15:25:00-04:00,123.38,123.8,123.22,123.35,537
P,2026-09-24 15:30:00-04:00,123.26,124.22,123.24,123.87,941
P,2026-09-24 15:35:00-04:00,123.87,124.22,123.5,124.21,596
P,2026-09-24 15:40:00-04:00,124.28,124.46,123.3,123.3,496
P,2026-09-24 15:45:00-04:00,123.42,123.67,122.59,122.77,895
P,2026-09-24 15:50:00-04:00,122.83,122.86,122.1,122.18,814
P,2026-09-24 15:55:00-04:00,122.18,122.5,121.64,121.82,3404
P,2026-09-24 16:00:00-04:00,121.88,123.0,121.7,123.0,7478
P,2026-09-24 16:05:00-04:00,121.94,124.0,121.94,124.0,12
P,2026-09-24 16:10:00-04:00,123.32,124.94,123.32,123.46,66
P,2026-09-24 16:15:00-04:00,123.25,123.25,123.0,123.0,26
P,2026-09-24 16:20:00-04:00,122.75,122.81,122.66,122.66,7
P,2026-09-24 16:25:00-04:00,122.66,122.66,122.66,122.66,0
P,2026-09-24 16:30:00-04:00,123.72,123.72,123.65,123.72,4
P,2026-09-24 16:35:00-04:00,123.75,123.75,123.75,123.75,3
P,2026-09-24 16:40:00-04:00,123.75,123.75,123.75,123.75,0
P,2026-09-24 16:45:00-04:00,123.75,123.75,123.75,123.75,0
P,2026-09-24 16:50:00-04:00,123.09,123.09,123.09,123.09,1
P,2026-09-24 16:55:00-04:00,123.38,123.38,123.38,123.38,1
P,2026-09-24 17:00:00-04:00,123.38,123.38,123.38,123.38,0
P,2026-09-24 17:05:00-04:00,123.38,123.38,123.38,123.38,0
P,2026-09-24 17:10:00-04:00,123.38,123.38,123.38,123.38,0
P,2026-09-24 17:15:00-04:00,123.59,123.88,123.59,123.88,14
P,2026-09-24 17:20:00-04:00,123.36,123.36,123.36,123.36,1
P,2026-09-24 17:25:00-04:00,123.36,123.36,123.36,123.36,0
P,2026-09-24 17:30:00-04:00,123.65,123.65,123.65,123.65,2
P,2026-09-24 17:35:00-04:00,123.81,124.0,123.8,124.0,14
P,2026-09-24 17:40:00-04:00,124.05,124.88,124.05,124.88,9
P,2026-09-24 17:45:00-04:00,124.88,124.88,124.88,124.88,0
P,2026-09-24 17:50:00-04:00,123.93,123.96,123.92,123.96,3
P,2026-09-24 17:55:00-04:00,123.62,123.62,123.56,123.56,2
P,2026-09-24 18:00:00-04:00,123.6,123.6,123.6,123.6,1
P,2026-09-24 18:05:00-04:00,123.6,123.6,123.6,123.6,0
P,2026-09-24 18:10:00-04:00,123.6,123.6,123.6,123.6,0
P,2026-09-24 18:15:00-04:00,123.67,123.67,123.64,123.64,8
P,2026-09-24 18:20:00-04:00,123.61,123.76,123.61,123.76,4
P,2026-09-24 18:25:00-04:00,123.76,123.76,123.76,123.76,0
SOXS,2026-09-22 04:00:00-04:00,35.59,36.16,34.28,36.16,65777
SOXS,2026-09-22 04:05:00-04:00,36.16,36.23,34.34,36.05,3486
SOXS,2026-09-22 04:10:00-04:00,36.05,36.13,34.52,35.95,1625
SOXS,2026-09-22 04:15:00-04:00,35.95,36.19,35.94,36.16,1449
SOXS,2026-09-22 04:20:00-04:00,36.16,36.34,36.16,36.31,2083
SOXS,2026-09-22 04:25:00-04:00,36.31,36.55,36.25,36.52,3478
SOXS,2026-09-22 04:30:00-04:00,36.53,36.59,36.36,36.4,3239
SOXS,2026-09-22 04:35:00-04:00,36.4,36.4,36.0,36.01,2540
SOXS,2026-09-22 04:40:00-04:00,36.01,36.07,35.84,35.85,3933
SOXS,2026-09-22 04:45:00-04:00,35.85,36.02,35.7,35.72,3768
SOXS,2026-09-22 04:50:00-04:00,35.73,35.8,35.65,35.74,2719
SOXS,2026-09-22 04:55:00-04:00,35.72,35.79,35.64,35.7,2391
SOXS,2026-09-22 05:00:00-04:00,35.71,35.79,35.53,35.78,2629
SOXS,2026-09-22 05:05:00-04:00,35.79,35.8,35.64,35.78,1081
SOXS,2026-09-22 05:10:00-04:00,35.78,35.84,35.66,35.77,2224
SOXS,2026-09-22 05:15:00-04:00,35.77,35.79,35.6,35.75,1350
SOXS,2026-09-22 05:20:00-04:00,35.75,35.84,35.74,35.81,2808
SOXS,2026-09-22 05:25:00-04:00,35.81,35.83,35.75,35.77,1342
SOXS,2026-09-22 05:30:00-04:00,35.76,35.79,35.65,35.73,1345
SOXS,2026-09-22 05:35:00-04:00,35.72,35.84,35.72,35.82,955
SOXS,2026-09-22 05:40:00-04:00,35.82,35.82,35.64,35.66,507
SOXS,2026-09-22 05:45:00-04:00,35.65,35.68,35.64,35.65,618
SOXS,2026-09-22 05:50:00-04:00,35.65,35.66,35.15,35.19,4932
SOXS,2026-09-22 05:55:00-04:00,35.19,35.36,35.0,35.02,3362
SOXS,2026-09-22 06:00:00-04:00,35.02,35.16,35.02,35.05,1500
SOXS,2026-09-22 06:05:00-04:00,35.04,35.04,34.81,34.86,3680
SOXS,2026-09-22 06:10:00-04:00,34.85,35.13,34.82,35.09,1617
SOXS,2026-09-22 06:15:00-04:00,35.1,35.2,35.01,35.2,880
SOXS,2026-09-22 06:20:00-04:00,35.21,35.3,35.2,35.29,775
SOXS,2026-09-22 06:25:00-04:00,35.32,35.34,35.15,35.16,905
SOXS,2026-09-22 06:30:00-04:00,35.17,35.29,35.16,35.25,320
SOXS,2026-09-22 06:35:00-04:00,35.27,35.29,35.16,35.16,392
SOXS,2026-09-22 06:40:00-04:00,35.15,35.16,35.02,35.12,565
SOXS,2026-09-22 06:45:00-04:00,35.1,35.17,35.03,35.05,271
SOXS,2026-09-22 06:50:00-04:00,35.05,35.17,35.02,35.16,397
SOXS,2026-09-22 06:55:00-04:00,35.16,35.23,35.11,35.2,555
SOXS,2026-09-22 07:00:00-04:00,35.19,35.36,35.05,35.3,1656
SOXS,2026-09-22 07:05:00-04:00,35.3,35.64,35.27,35.62,2474
SOXS,2026-09-22 07:10:00-04:00,35.61,35.64,35.38,35.47,1567
SOXS,2026-09-22 07:15:00-04:00,35.45,35.57,35.42,35.55,1080
SOXS,2026-09-22 07:20:00-04:00,35.56,35.6,35.47,35.5,1265
SOXS,2026-09-22 07:25:00-04:00,35.51,35.76,35.51,35.75,2809
SOXS,2026-09-22 07:30:00-04:00,35.76,35.76,35.6,35.67,1351
SOXS,2026-09-22 07:35:00-04:00,35.66,35.67,35.57,35.58,938
SOXS,2026-09-22 07:40:00-04:00,35.59,35.67,35.52,35.65,2662
SOXS,2026-09-22 07:45:00-04:00,35.64,35.78,35.55,35.71,1263
SOXS,2026-09-22 07:50:00-04:00,35.72,35.88,35.7,35.88,1116
SOXS,2026-09-22 07:55:00-04:00,35.88,35.98,35.78,35.93,1563
SOXS,2026-09-22 08:00:00-04:00,35.93,36.0,35.83,35.9,2472
SOXS,2026-09-22 08:05:00-04:00,35.88,36.25,35.87,36.21,2941
SOXS,2026-09-22 08:10:00-04:00,36.2,36.2,36.07,36.17,2608
SOXS,2026-09-22 08:15:00-04:00,36.15,36.22,36.1,36.15,1926
SOXS,2026-09-22 08:20:00-04:00,36.16,36.16,36.01,36.07,1842
SOXS,2026-09-22 08:25:00-04:00,36.07,36.08,35.96,35.97,2154
SOXS,2026-09-22 08:30:00-04:00,35.98,36.07,35.91,35.92,1701
SOXS,2026-09-22 08:35:00-04:00,35.92,36.13,35.92,36.13,2166
SOXS,2026-09-22 08:40:00-04:00,36.13,36.14,36.02,36.14,988
SOXS,2026-09-22 08:45:00-04:00,36.14,36.19,36.1,36.17,1434
SOXS,2026-09-22 08:50:00-04:00,36.18,36.18,36.11,36.13,1226
SOXS,2026-09-22 08:55:00-04:00,36.13,36.25,36.12,36.21,1773
SOXS,2026-09-22 09:00:00-04:00,36.21,36.27,36.12,36.16,1448
SOXS,2026-09-22 09:05:00-04:00,36.17,36.25,36.1,36.24,2680
SOXS,2026-09-22 09:10:00-04:00,36.24,36.32,36.21,36.3,2596
SOXS,2026-09-22 09:15:00-04:00,36.31,36.37,36.28,36.37,2182
SOXS,2026-09-22 09:20:00-04:00,36.37,36.41,36.13,36.15,2928
SOXS,2026-09-22 09:25:00-04:00,36.14,36.2,35.96,35.98,3896
SOXS,2026-09-22 09:30:00-04:00,35.98,36.01,34.87,34.89,28713
SOXS,2026-09-22 09:35:00-04:00,34.88,35.03,34.59,34.93,24460
SOXS,2026-09-22 09:40:00-04:00,34.93,34.95,34.52,34.66,16234
SOXS,2026-09-22 09:45:00-04:00,34.66,34.86,34.56,34.78,12965
SOXS,2026-09-22 09:50:00-04:00,34.78,34.8,34.22,34.23,16618
SOXS,2026-09-22 09:55:00-04:00,34.22,34.45,34.05,34.06,15414
SOXS,2026-09-22 10:00:00-04:00,34.07,34.32,34.03,34.16,13237
SOXS,2026-09-22 10:05:00-04:00,34.16,34.26,34.04,34.07,9593
SOXS,2026-09-22 10:10:00-04:00,34.07,34.09,33.66,33.78,21220
SOXS,2026-09-22 10:15:00-04:00,33.77,33.93,33.74,33.81,9957
SOXS,2026-09-22 10:20:00-04:00,33.8,33.96,33.72,33.74,8398
SOXS,2026-09-22 10:25:00-04:00,33.75,33.82,33.54,33.59,13336
SOXS,2026-09-22 10:30:00-04:00,33.58,33.62,33.23,33.31,19751
SOXS,2026-09-22 10:35:00-04:00,33.3,33.75,33.3,33.69,17483
SOXS,2026-09-22 10:40:00-04:00,33.69,34.1,33.65,34.02,15911
SOXS,2026-09-22 10:45:00-04:00,34.03,34.36,33.92,33.93,17396
SOXS,2026-09-22 10:50:00-04:00,33.93,34.07,33.86,33.91,8021
SOXS,2026-09-22 10:55:00-04:00,33.91,34.07,33.86,33.95,6448
SOXS,2026-09-22 11:00:00-04:00,33.95,34.04,33.85,33.98,5644
SOXS,2026-09-22 11:05:00-04:00,33.97,34.02,33.87,34.0,4689
SOXS,2026-09-22 11:10:00-04:00,34.0,34.0,33.67,33.7,6226
SOXS,2026-09-22 11:15:00-04:00,33.71,33.9,33.7,33.73,8594
SOXS,2026-09-22 11:20:00-04:00,33.74,33.84,33.73,33.78,3280
SOXS,2026-09-22 11:25:00-04:00,33.77,33.86,33.72,33.81,3013
SOXS,2026-09-22 11:30:00-04:00,33.81,33.87,33.68,33.72,3886
SOXS,2026-09-22 11:35:00-04:00,33.73,33.8,33.66,33.75,4276
SOXS,2026-09-22 11:40:00-04:00,33.75,33.82,33.71,33.73,3507
SOXS,2026-09-22 11:45:00-04:00,33.73,33.74,33.58,33.65,3928
SOXS,2026-09-22 11:50:00-04:00,33.66,33.67,33.53,33.6,3486
SOXS,2026-09-22 11:55:00-04:00,33.59,33.61,33.46,33.48,4100
SOXS,2026-09-22 12:00:00-04:00,33.48,33.52,33.45,33.47,4515
SOXS,2026-09-22 12:05:00-04:00,33.48,33.48,33.33,33.42,5519
SOXS,2026-09-22 12:10:00-04:00,33.4,33.48,33.36,33.4,3230
SOXS,2026-09-22 12:15:00-04:00,33.41,33.51,33.39,33.49,3239
SOXS,2026-09-22 12:20:00-04:00,33.5,33.59,33.4,33.57,4697
SOXS,2026-09-22 12:25:00-04:00,33.56,33.79,33.49,33.78,5400
SOXS,2026-09-22 12:30:00-04:00,33.77,33.78,33.53,33.54,4087
SOXS,2026-09-22 12:35:00-04:00,33.55,33.63,33.53,33.61,2319
SOXS,2026-09-22 12:40:00-04:00,33.61,33.62,33.49,33.5,2324
SOXS,2026-09-22 12:45:00-04:00,33.5,33.54,33.35,33.35,3570
SOXS,2026-09-22 12:50:00-04:00,33.35,33.41,33.32,33.35,5039
SOXS,2026-09-22 12:55:00-04:00,33.34,33.38,33.31,33.31,5114
SOXS,2026-09-22 13:00:00-04:00,33.31,33.33,33.26,33.27,3933
SOXS,2026-09-22 13:05:00-04:00,33.27,33.3,33.2,33.27,4828
SOXS,2026-09-22 13:10:00-04:00,33.26,33.31,33.22,33.3,3028
SOXS,2026-09-22 13:15:00-04:00,33.31,33.37,33.29,33.36,2835
SOXS,2026-09-22 13:20:00-04:00,33.35,33.51,33.35,33.45,3042
SOXS,2026-09-22 13:25:00-04:00,33.45,33.47,33.31,33.35,2569
SOXS,2026-09-22 13:30:00-04:00,33.34,33.49,33.34,33.41,2251
SOXS,2026-09-22 13:35:00-04:00,33.41,33.45,33.35,33.41,2924
SOXS,2026-09-22 13:40:00-04:00,33.42,33.49,33.33,33.35,2392
SOXS,2026-09-22 13:45:00-04:00,33.36,33.37,33.3,33.33,1557
SOXS,2026-09-22 13:50:00-04:00,33.32,33.35,33.05,33.11,9775
SOXS,2026-09-22 13:55:00-04:00,33.11,33.25,33.09,33.12,4818
SOXS,2026-09-22 14:00:00-04:00,33.11,33.43,33.11,33.21,4915
SOXS,2026-09-22 14:05:00-04:00,33.21,33.23,33.08,33.09,4416
SOXS,2026-09-22 14:10:00-04:00,33.09,33.11,33.01,33.11,4388
SOXS,2026-09-22 14:15:00-04:00,33.1,33.11,32.97,32.98,7983
SOXS,2026-09-22 14:20:00-04:00,32.99,33.0,32.94,32.96,3792
SOXS,2026-09-22 14:25:00-04:00,32.96,33.0,32.93,32.95,2448
SOXS,2026-09-22 14:30:00-04:00,32.96,33.05,32.94,33.02,2729
SOXS,2026-09-22 14:35:00-04:00,33.02,33.11,32.99,33.05,2333
SOXS,2026-09-22 14:40:00-04:00,33.06,33.13,33.04,33.07,2448
SOXS,2026-09-22 14:45:00-04:00,33.08,33.14,33.05,33.09,2138
SOXS,2026-09-22 14:50:00-04:00,33.1,33.16,33.07,33.1,4075
SOXS,2026-09-22 14:55:00-04:00,33.09,33.11,33.02,33.08,3249
SOXS,2026-09-22 15:00:00-04:00,33.07,33.07,32.9,32.9,6210
SOXS,2026-09-22 15:05:00-04:00,32.91,32.92,32.82,32.85,7934
SOXS,2026-09-22 15:10:00-04:00,32.85,32.92,32.8,32.83,4028
SOXS,2026-09-22 15:15:00-04:00,32.84,32.84,32.78,32.81,3259
SOXS,2026-09-22 15:20:00-04:00,32.8,32.96,32.79,32.95,3365
SOXS,2026-09-22 15:25:00-04:00,32.94,32.94,32.8,32.87,3366
SOXS,2026-09-22 15:30:00-04:00,32.87,32.88,32.67,32.7,8843
SOXS,2026-09-22 15:35:00-04:00,32.7,32.76,32.55,32.57,9646
SOXS,2026-09-22 15:40:00-04:00,32.56,32.66,32.54,32.57,6693
SOXS,2026-09-22 15:45:00-04:00,32.57,32.59,32.44,32.46,7514
SOXS,2026-09-22 15:50:00-04:00,32.46,32.53,32.25,32.46,18380
SOXS,2026-09-22 15:55:00-04:00,32.45,32.5,32.35,32.41,14997
SOXS,2026-09-22 16:00:00-04:00,32.42,32.58,32.42,32.56,4377
SOXS,2026-09-22 16:05:00-04:00,32.56,32.61,32.52,32.57,1786
SOXS,2026-09-22 16:10:00-04:00,32.56,32.62,32.56,32.62,1075
SOXS,2026-09-22 16:15:00-04:00,32.62,32.65,32.6,32.64,981
SOXS,2026-09-22 16:20:00-04:00,32.65,32.72,32.64,32.66,2383
SOXS,2026-09-22 16:25:00-04:00,32.66,32.67,32.58,32.63,762
SOXS,2026-09-22 16:30:00-04:00,32.62,32.64,32.6,32.62,521
SOXS,2026-09-22 16:35:00-04:00,32.62,32.68,32.61,32.68,596
SOXS,2026-09-22 16:40:00-04:00,32.68,32.68,32.66,32.66,299
SOXS,2026-09-22 16:45:00-04:00,32.67,32.7,32.66,32.67,487
SOXS,2026-09-22 16:50:00-04:00,32.67,32.67,32.6,32.61,473
SOXS,2026-09-22 16:55:00-04:00,32.6,32.68,32.6,32.68,227
SOXS,2026-09-22 17:00:00-04:00,32.65,32.67,32.64,32.64,195
SOXS,2026-09-22 17:05:00-04:00,32.64,32.68,32.64,32.67,129
SOXS,2026-09-22 17:10:00-04:00,32.68,32.7,32.66,32.69,224
SOXS,2026-09-22 17:15:00-04:00,32.68,32.69,32.67,32.68,220
SOXS,2026-09-22 17:20:00-04:00,32.68,32.7,32.68,32.7,159
SOXS,2026-09-22 17:25:00-04:00,32.7,32.7,32.65,32.66,396
SOXS,2026-09-22 17:30:00-04:00,32.65,32.67,32.65,32.66,151
SOXS,2026-09-22 17:35:00-04:00,32.66,32.67,32.64,32.66,367
SOXS,2026-09-22 17:40:00-04:00,32.66,32.68,32.66,32.68,164
SOXS,2026-09-22 17:45:00-04:00,32.67,32.71,32.67,32.7,821
SOXS,2026-09-22 17:50:00-04:00,32.71,32.74,32.7,32.71,668
SOXS,2026-09-22 17:55:00-04:00,32.72,32.74,32.71,32.74,208
SOXS,2026-09-22 18:00:00-04:00,32.73,32.73,32.64,32.68,631
SOXS,2026-09-22 18:05:00-04:00,32.66,32.68,32.6,32.6,725
SOXS,2026-09-22 18:10:00-04:00,32.6,32.61,32.47,32.47,1301
SOXS,2026-09-22 18:15:00-04:00,32.47,32.5,32.42,32.47,834
SOXS,2026-09-22 18:20:00-04:00,32.45,32.45,32.33,32.36,1486
SOXS,2026-09-22 18:25:00-04:00,32.36,32.42,32.32,32.4,778
SOXS,2026-09-22 18:30:00-04:00,32.4,32.41,32.32,32.35,748
SOXS,2026-09-22 18:35:00-04:00,32.35,32.4,32.35,32.38,417
SOXS,2026-09-22 18:40:00-04:00,32.37,32.38,32.32,32.37,397
SOXS,2026-09-22 18:45:00-04:00,32.37,32.47,32.36,32.47,546
SOXS,2026-09-22 18:50:00-04:00,32.47,32.49,32.4,32.41,990
SOXS,2026-09-22 18:55:00-04:00,32.42,32.43,32.38,32.41,519
SOXS,2026-09-22 19:00:00-04:00,32.41,32.43,32.4,32.42,376
SOXS,2026-09-22 19:05:00-04:00,32.42,32.42,32.34,32.41,760
SOXS,2026-09-22 19:10:00-04:00,32.43,32.45,32.42,32.45,298
SOXS,2026-09-22 19:15:00-04:00,32.44,32.44,32.4,32.41,138
SOXS,2026-09-22 19:20:00-04:00,32.41,32.43,32.3,32.33,987
SOXS,2026-09-22 19:25:00-04:00,32.32,32.42,32.32,32.4,269
SOXS,2026-09-22 19:30:00-04:00,32.38,32.41,32.32,32.33,353
SOXS,2026-09-22 19:35:00-04:00,32.32,32.34,32.3,32.31,516
SOXS,2026-09-22 19:40:00-04:00,32.31,32.33,32.28,32.31,607
SOXS,2026-09-22 19:45:00-04:00,32.31,32.37,32.3,32.32,848
SOXS,2026-09-22 19:50:00-04:00,32.34,32.35,32.27,32.27,636
SOXS,2026-09-22 19:55:00-04:00,32.27,32.27,32.2,32.23,1670
SOXS,2026-09-23 04:00:00-04:00,32.93,33.11,32.42,33.06,26167
SOXS,2026-09-23 04:05:00-04:00,33.06,33.15,32.57,33.0,1539
SOXS,2026-09-23 04:10:00-04:00,32.99,33.02,32.89,32.92,580
SOXS,2026-09-23 04:15:00-04:00,32.92,33.01,32.87,32.95,381
SOXS,2026-09-23 04:20:00-04:00,32.95,32.96,32.81,32.82,318
SOXS,2026-09-23 04:25:00-04:00,32.83,32.92,32.82,32.88,339
SOXS,2026-09-23 04:30:00-04:00,32.88,32.91,32.84,32.89,246
SOXS,2026-09-23 04:35:00-04:00,32.92,33.06,32.92,32.98,274
SOXS,2026-09-23 04:40:00-04:00,32.99,33.08,32.96,33.05,484
SOXS,2026-09-23 04:45:00-04:00,33.05,33.07,33.0,33.02,399
SOXS,2026-09-23 04:50:00-04:00,33.03,33.18,33.02,33.15,1372
SOXS,2026-09-23 04:55:00-04:00,33.15,33.15,33.02,33.06,689
SOXS,2026-09-23 05:00:00-04:00,33.05,33.11,32.96,33.11,723
SOXS,2026-09-23 05:05:00-04:00,33.12,33.12,32.98,32.98,672
SOXS,2026-09-23 05:10:00-04:00,32.99,33.05,32.98,33.04,266
SOXS,2026-09-23 05:15:00-04:00,33.04,33.08,33.03,33.03,233
SOXS,2026-09-23 05:20:00-04:00,33.03,33.04,32.92,32.95,444
SOXS,2026-09-23 05:25:00-04:00,32.94,32.97,32.93,32.96,178
SOXS,2026-09-23 05:30:00-04:00,32.95,32.98,32.91,32.96,245
SOXS,2026-09-23 05:35:00-04:00,32.95,32.97,32.9,32.97,286
SOXS,2026-09-23 05:40:00-04:00,32.95,33.01,32.95,33.01,301
SOXS,2026-09-23 05:45:00-04:00,33.02,33.15,33.02,33.11,1041
SOXS,2026-09-23 05:50:00-04:00,33.12,33.15,33.03,33.03,341
SOXS,2026-09-23 05:55:00-04:00,33.04,33.11,33.04,33.09,575
SOXS,2026-09-23 06:00:00-04:00,33.08,33.13,33.04,33.07,573
SOXS,2026-09-23 06:05:00-04:00,33.08,33.11,33.04,33.11,250
SOXS,2026-09-23 06:10:00-04:00,33.1,33.15,33.05,33.07,419
SOXS,2026-09-23 06:15:00-04:00,33.07,33.08,33.03,33.03,215
SOXS,2026-09-23 06:20:00-04:00,33.03,33.16,33.03,33.14,379
SOXS,2026-09-23 06:25:00-04:00,33.13,33.14,33.05,33.05,412
SOXS,2026-09-23 06:30:00-04:00,33.04,33.09,33.02,33.09,254
SOXS,2026-09-23 06:35:00-04:00,33.09,33.12,33.01,33.01,540
SOXS,2026-09-23 06:40:00-04:00,33.02,33.12,33.02,33.1,299
SOXS,2026-09-23 06:45:00-04:00,33.1,33.15,33.09,33.11,484
SOXS,2026-09-23 06:50:00-04:00,33.11,33.15,33.06,33.07,319
SOXS,2026-09-23 06:55:00-04:00,33.06,33.07,33.01,33.04,324
SOXS,2026-09-23 07:00:00-04:00,33.04,33.34,33.02,33.29,3824
SOXS,2026-09-23 07:05:00-04:00,33.29,33.47,33.28,33.41,3016
SOXS,2026-09-23 07:10:00-04:00,33.41,33.44,33.32,33.33,2098
SOXS,2026-09-23 07:15:00-04:00,33.34,33.45,33.27,33.4,1293
SOXS,2026-09-23 07:20:00-04:00,33.41,33.67,33.4,33.62,3357
SOXS,2026-09-23 07:25:00-04:00,33.62,33.67,33.56,33.66,2234
SOXS,2026-09-23 07:30:00-04:00,33.67,33.78,33.66,33.76,3730
SOXS,2026-09-23 07:35:00-04:00,33.76,33.88,33.74,33.77,3551
SOXS,2026-09-23 07:40:00-04:00,33.77,33.91,33.74,33.77,3859
SOXS,2026-09-23 07:45:00-04:00,33.78,33.78,33.57,33.59,4436
SOXS,2026-09-23 07:50:00-04:00,33.59,33.71,33.58,33.62,1711
SOXS,2026-09-23 07:55:00-04:00,33.62,33.67,33.58,33.62,1140
SOXS,2026-09-23 08:00:00-04:00,33.62,33.82,33.59,33.78,2343
SOXS,2026-09-23 08:05:00-04:00,33.77,33.78,33.66,33.74,2270
SOXS,2026-09-23 08:10:00-04:00,33.74,33.86,33.71,33.83,2038
SOXS,2026-09-23 08:15:00-04:00,33.83,33.88,33.76,33.84,2261
SOXS,2026-09-23 08:20:00-04:00,33.85,33.87,33.66,33.66,2724
SOXS,2026-09-23 08:25:00-04:00,33.65,33.77,33.65,33.69,1496
SOXS,2026-09-23 08:30:00-04:00,33.68,33.69,33.48,33.55,3269
SOXS,2026-09-23 08:35:00-04:00,33.54,33.63,33.5,33.52,1627
SOXS,2026-09-23 08:40:00-04:00,33.53,33.58,33.47,33.56,2002
SOXS,2026-09-23 08:45:00-04:00,33.57,33.57,33.41,33.47,1811
SOXS,2026-09-23 08:50:00-04:00,33.47,33.49,33.41,33.49,1065
SOXS,2026-09-23 08:55:00-04:00,33.48,33.57,33.4,33.42,1466
SOXS,2026-09-23 09:00:00-04:00,33.44,33.68,33.43,33.6,1919
SOXS,2026-09-23 09:05:00-04:00,33.6,33.64,33.55,33.62,1173
SOXS,2026-09-23 09:10:00-04:00,33.62,33.62,33.48,33.5,1140
SOXS,2026-09-23 09:15:00-04:00,33.51,33.51,33.41,33.43,1394
SOXS,2026-09-23 09:20:00-04:00,33.44,33.44,33.3,33.32,3078
SOXS,2026-09-23 09:25:00-04:00,33.32,33.32,32.86,32.86,6286
SOXS,2026-09-23 09:30:00-04:00,32.85,33.45,32.63,33.32,28679
SOXS,2026-09-23 09:35:00-04:00,33.3,33.75,33.0,33.63,24373
SOXS,2026-09-23 09:40:00-04:00,33.63,33.88,33.61,33.69,22268
SOXS,2026-09-23 09:45:00-04:00,33.71,34.15,33.56,34.05,23762
SOXS,2026-09-23 09:50:00-04:00,34.03,34.37,33.97,34.1,23000
SOXS,2026-09-23 09:55:00-04:00,34.08,34.12,33.88,33.98,12279
SOXS,2026-09-23 10:00:00-04:00,33.98,34.0,33.6,33.85,16225
SOXS,2026-09-23 10:05:00-04:00,33.84,34.24,33.76,34.2,13328
SOXS,2026-09-23 10:10:00-04:00,34.19,34.73,34.17,34.7,26579
SOXS,2026-09-23 10:15:00-04:00,34.7,34.96,34.47,34.95,23165
SOXS,2026-09-23 10:20:00-04:00,34.95,35.06,34.76,34.88,21430
SOXS,2026-09-23 10:25:00-04:00,34.88,35.05,34.69,34.77,20582
SOXS,2026-09-23 10:30:00-04:00,34.76,34.98,34.52,34.53,13198
SOXS,2026-09-23 10:35:00-04:00,34.53,34.76,34.38,34.66,17103
SOXS,2026-09-23 10:40:00-04:00,34.66,34.73,34.5,34.57,9890
SOXS,2026-09-23 10:45:00-04:00,34.56,34.59,34.42,34.43,7691
SOXS,2026-09-23 10:50:00-04:00,34.44,34.59,33.86,33.94,23228
SOXS,2026-09-23 10:55:00-04:00,33.94,34.05,33.79,33.84,14826
SOXS,2026-09-23 11:00:00-04:00,33.85,34.11,33.77,34.03,12574
SOXS,2026-09-23 11:05:00-04:00,34.02,34.1,33.83,33.89,7868
SOXS,2026-09-23 11:10:00-04:00,33.9,33.93,33.8,33.82,4438
SOXS,2026-09-23 11:15:00-04:00,33.82,34.08,33.74,33.86,7144
SOXS,2026-09-23 11:20:00-04:00,33.87,33.94,33.7,33.72,5600
SOXS,2026-09-23 11:25:00-04:00,33.73,33.87,33.63,33.85,7305
SOXS,2026-09-23 11:30:00-04:00,33.85,33.95,33.81,33.95,5294
SOXS,2026-09-23 11:35:00-04:00,33.95,34.08,33.91,34.03,5495
SOXS,2026-09-23 11:40:00-04:00,34.03,34.05,33.87,33.89,4792
SOXS,2026-09-23 11:45:00-04:00,33.89,34.32,33.88,34.28,6530
SOXS,2026-09-23 11:50:00-04:00,34.28,34.42,34.23,34.24,7472
SOXS,2026-09-23 11:55:00-04:00,34.24,34.33,34.23,34.26,3928
SOXS,2026-09-23 12:00:00-04:00,34.26,34.41,34.24,34.33,4237
SOXS,2026-09-23 12:05:00-04:00,34.34,34.35,34.16,34.17,5073
SOXS,2026-09-23 12:10:00-04:00,34.17,34.29,34.14,34.24,3281
SOXS,2026-09-23 12:15:00-04:00,34.24,34.26,34.1,34.23,3516
SOXS,2026-09-23 12:20:00-04:00,34.24,34.41,34.23,34.36,3997
SOXS,2026-09-23 12:25:00-04:00,34.36,34.37,34.26,34.33,2801
SOXS,2026-09-23 12:30:00-04:00,34.34,34.34,34.14,34.21,3183
SOXS,2026-09-23 12:35:00-04:00,34.22,34.32,34.19,34.31,2908
SOXS,2026-09-23 12:40:00-04:00,34.32,34.47,34.3,34.42,4227
SOXS,2026-09-23 12:45:00-04:00,34.42,34.53,34.37,34.5,6206
SOXS,2026-09-23 12:50:00-04:00,34.5,34.65,34.5,34.63,6602
SOXS,2026-09-23 12:55:00-04:00,34.63,34.63,34.46,34.53,4385
SOXS,2026-09-23 13:00:00-04:00,34.53,34.84,34.48,34.75,8101
SOXS,2026-09-23 13:05:00-04:00,34.75,34.81,34.67,34.69,5148
SOXS,2026-09-23 13:10:00-04:00,34.7,34.83,34.69,34.74,4319
SOXS,2026-09-23 13:15:00-04:00,34.74,34.74,34.37,34.39,5910
SOXS,2026-09-23 13:20:00-04:00,34.38,34.5,34.34,34.48,4894
SOXS,2026-09-23 13:25:00-04:00,34.48,34.51,34.38,34.48,3390
SOXS,2026-09-23 13:30:00-04:00,34.49,34.53,34.27,34.29,4998
SOXS,2026-09-23 13:35:00-04:00,34.29,34.37,34.28,34.33,2650
SOXS,2026-09-23 13:40:00-04:00,34.33,34.4,33.96,33.98,9246
SOXS,2026-09-23 13:45:00-04:00,33.99,34.08,33.91,33.95,6910
SOXS,2026-09-23 13:50:00-04:00,33.94,33.99,33.87,33.89,4219
SOXS,2026-09-23 13:55:00-04:00,33.88,33.93,33.85,33.86,3328
SOXS,2026-09-23 14:00:00-04:00,33.85,34.09,33.82,34.07,6246
SOXS,2026-09-23 14:05:00-04:00,34.06,34.07,33.86,33.97,4424
SOXS,2026-09-23 14:10:00-04:00,33.97,34.04,33.93,33.95,2830
SOXS,2026-09-23 14:15:00-04:00,33.95,33.99,33.79,33.87,4025
SOXS,2026-09-23 14:20:00-04:00,33.87,33.94,33.84,33.85,2020
SOXS,2026-09-23 14:25:00-04:00,33.85,33.89,33.82,33.86,1854
SOXS,2026-09-23 14:30:00-04:00,33.86,33.96,33.84,33.85,2611
SOXS,2026-09-23 14:35:00-04:00,33.85,33.98,33.83,33.98,2591
SOXS,2026-09-23 14:40:00-04:00,33.97,34.02,33.91,33.95,2140
SOXS,2026-09-23 14:45:00-04:00,33.94,34.01,33.86,33.87,2155
SOXS,2026-09-23 14:50:00-04:00,33.87,33.91,33.83,33.89,1915
SOXS,2026-09-23 14:55:00-04:00,33.89,33.9,33.76,33.79,6186
SOXS,2026-09-23 15:00:00-04:00,33.78,33.97,33.75,33.96,4005
SOXS,2026-09-23 15:05:00-04:00,33.95,33.98,33.71,33.84,5432
SOXS,2026-09-23 15:10:00-04:00,33.84,33.94,33.8,33.85,3332
SOXS,2026-09-23 15:15:00-04:00,33.86,34.03,33.82,33.91,3917
SOXS,2026-09-23 15:20:00-04:00,33.9,33.93,33.86,33.86,1328
SOXS,2026-09-23 15:25:00-04:00,33.86,33.92,33.82,33.91,3128
SOXS,2026-09-23 15:30:00-04:00,33.9,33.94,33.73,33.74,7518
SOXS,2026-09-23 15:35:00-04:00,33.75,33.8,33.68,33.7,4706
SOXS,2026-09-23 15:40:00-04:00,33.68,33.84,33.63,33.79,4802
SOXS,2026-09-23 15:45:00-04:00,33.79,33.85,33.71,33.74,4588
SOXS,2026-09-23 15:50:00-04:00,33.75,34.01,33.75,33.97,12202
SOXS,2026-09-23 15:55:00-04:00,33.97,33.97,33.6,33.64,10685
SOXS,2026-09-23 16:00:00-04:00,33.65,33.76,33.54,33.59,3052
SOXS,2026-09-23 16:05:00-04:00,33.6,33.7,33.59,33.64,610
SOXS,2026-09-23 16:10:00-04:00,33.64,33.74,33.63,33.73,452
SOXS,2026-09-23 16:15:00-04:00,33.73,33.74,33.68,33.68,196
SOXS,2026-09-23 16:20:00-04:00,33.68,33.69,33.66,33.66,175
SOXS,2026-09-23 16:25:00-04:00,33.66,33.72,33.66,33.71,182
SOXS,2026-09-23 16:30:00-04:00,33.7,33.7,33.66,33.69,94
SOXS,2026-09-23 16:35:00-04:00,33.69,33.7,33.64,33.64,283
SOXS,2026-09-23 16:40:00-04:00,33.65,33.68,33.64,33.66,136
SOXS,2026-09-23 16:45:00-04:00,33.65,33.68,33.62,33.68,549
SOXS,2026-09-23 16:50:00-04:00,33.66,33.68,33.66,33.67,91
SOXS,2026-09-23 16:55:00-04:00,33.67,33.67,33.65,33.66,247
SOXS,2026-09-23 17:00:00-04:00,33.66,33.68,33.65,33.67,128
SOXS,2026-09-23 17:05:00-04:00,33.67,33.69,33.66,33.66,129
SOXS,2026-09-23 17:10:00-04:00,33.67,33.7,33.66,33.69,99
SOXS,2026-09-23 17:15:00-04:00,33.69,33.73,33.69,33.7,245
SOXS,2026-09-23 17:20:00-04:00,33.73,33.74,33.7,33.71,127
SOXS,2026-09-23 17:25:00-04:00,33.7,33.71,33.67,33.7,230
SOXS,2026-09-23 17:30:00-04:00,33.67,33.72,33.67,33.71,55
SOXS,2026-09-23 17:35:00-04:00,33.71,33.71,33.69,33.69,272
SOXS,2026-09-23 17:40:00-04:00,33.69,33.7,33.68,33.69,90
SOXS,2026-09-23 17:45:00-04:00,33.68,33.7,33.67,33.67,84
SOXS,2026-09-23 17:50:00-04:00,33.67,33.69,33.66,33.66,98
SOXS,2026-09-23 17:55:00-04:00,33.66,33.7,33.65,33.7,309
SOXS,2026-09-23 18:00:00-04:00,33.68,33.69,33.56,33.6,492
SOXS,2026-09-23 18:05:00-04:00,33.61,33.63,33.49,33.49,570
SOXS,2026-09-23 18:10:00-04:00,33.5,33.5,33.43,33.46,325
SOXS,2026-09-23 18:15:00-04:00,33.46,33.52,33.43,33.52,495
SOXS,2026-09-23 18:20:00-04:00,33.52,33.56,33.49,33.53,228
SOXS,2026-09-23 18:25:00-04:00,33.54,33.65,33.52,33.63,618
SOXS,2026-09-23 18:30:00-04:00,33.64,33.69,33.61,33.64,470
SOXS,2026-09-23 18:35:00-04:00,33.66,33.73,33.66,33.67,218
SOXS,2026-09-23 18:40:00-04:00,33.69,33.69,33.62,33.65,120
SOXS,2026-09-23 18:45:00-04:00,33.64,33.66,33.58,33.58,228
SOXS,2026-09-23 18:50:00-04:00,33.57,33.6,33.53,33.59,579
SOXS,2026-09-23 18:55:00-04:00,33.59,33.63,33.59,33.61,116
SOXS,2026-09-23 19:00:00-04:00,33.62,33.63,33.56,33.57,62
SOXS,2026-09-23 19:05:00-04:00,33.57,33.61,33.57,33.59,186
SOXS,2026-09-23 19:10:00-04:00,33.59,33.61,33.57,33.6,82
SOXS,2026-09-23 19:15:00-04:00,33.62,33.65,33.59,33.63,262
SOXS,2026-09-23 19:20:00-04:00,33.65,33.7,33.63,33.69,456
SOXS,2026-09-23 19:25:00-04:00,33.68,33.7,33.67,33.7,136
SOXS,2026-09-23 19:30:00-04:00,33.69,33.69,33.67,33.69,257
SOXS,2026-09-23 19:35:00-04:00,33.69,33.69,33.65,33.65,141
SOXS,2026-09-23 19:40:00-04:00,33.65,33.69,33.63,33.69,146
SOXS,2026-09-23 19:45:00-04:00,33.68,33.74,33.66,33.74,265
SOXS,2026-09-23 19:50:00-04:00,33.74,33.76,33.69,33.72,205
SOXS,2026-09-23 19:55:00-04:00,33.72,33.76,33.71,33.75,286
SOXS,2026-09-24 04:00:00-04:00,34.64,35.11,33.9,35.07,43449
SOXS,2026-09-24 04:05:00-04:00,35.07,35.11,33.92,35.04,2001
SOXS,2026-09-24 04:10:00-04:00,35.04,35.29,35.03,35.23,2533
SOXS,2026-09-24 04:15:00-04:00,35.23,35.26,35.11,35.22,2235
SOXS,2026-09-24 04:20:00-04:00,35.23,35.36,35.23,35.31,1764
SOXS,2026-09-24 04:25:00-04:00,35.31,35.49,35.25,35.46,2046
SOXS,2026-09-24 04:30:00-04:00,35.46,35.54,35.28,35.54,2988
SOXS,2026-09-24 04:35:00-04:00,35.53,35.66,35.52,35.61,2259
SOXS,2026-09-24 04:40:00-04:00,35.61,35.76,35.59,35.69,2792
SOXS,2026-09-24 04:45:00-04:00,35.68,36.0,35.63,36.0,2414
SOXS,2026-09-24 04:50:00-04:00,36.0,36.04,35.86,35.92,3086
SOXS,2026-09-24 04:55:00-04:00,35.93,35.96,35.81,35.82,2742
SOXS,2026-09-24 05:00:00-04:00,35.82,35.88,35.74,35.87,2188
SOXS,2026-09-24 05:05:00-04:00,35.86,35.96,35.77,35.96,2149
SOXS,2026-09-24 05:10:00-04:00,35.97,36.12,35.89,36.01,2690
SOXS,2026-09-24 05:15:00-04:00,36.01,36.07,35.87,35.87,2401
SOXS,2026-09-24 05:20:00-04:00,35.87,35.92,35.83,35.85,1455
SOXS,2026-09-24 05:25:00-04:00,35.84,35.89,35.79,35.86,1440
SOXS,2026-09-24 05:30:00-04:00,35.86,35.98,35.86,35.9,1182
SOXS,2026-09-24 05:35:00-04:00,35.89,36.02,35.89,36.0,1813
SOXS,2026-09-24 05:40:00-04:00,36.0,36.27,35.98,36.21,1892
SOXS,2026-09-24 05:45:00-04:00,36.22,36.25,36.02,36.05,1648
SOXS,2026-09-24 05:50:00-04:00,36.04,36.09,35.97,36.01,1178
SOXS,2026-09-24 05:55:00-04:00,36.0,36.03,35.94,35.95,1311
SOXS,2026-09-24 06:00:00-04:00,35.95,36.02,35.85,36.01,1057
SOXS,2026-09-24 06:05:00-04:00,36.01,36.07,35.97,36.01,693
SOXS,2026-09-24 06:10:00-04:00,36.01,36.01,35.88,35.9,2095
SOXS,2026-09-24 06:15:00-04:00,35.9,35.94,35.79,35.86,1663
SOXS,2026-09-24 06:20:00-04:00,35.85,36.0,35.84,35.99,1434
SOXS,2026-09-24 06:25:00-04:00,35.99,36.03,35.86,35.94,1173
SOXS,2026-09-24 06:30:00-04:00,35.93,35.99,35.77,35.78,1527
SOXS,2026-09-24 06:35:00-04:00,35.78,35.8,35.65,35.67,1740
SOXS,2026-09-24 06:40:00-04:00,35.66,35.67,35.58,35.64,1746
SOXS,2026-09-24 06:45:00-04:00,35.65,35.66,35.37,35.4,2326
SOXS,2026-09-24 06:50:00-04:00,35.41,35.65,35.4,35.65,2300
SOXS,2026-09-24 06:55:00-04:00,35.65,35.7,35.54,35.59,1031
SOXS,2026-09-24 07:00:00-04:00,35.59,35.63,35.43,35.56,2410
SOXS,2026-09-24 07:05:00-04:00,35.57,35.64,35.53,35.58,1512
SOXS,2026-09-24 07:10:00-04:00,35.57,35.67,35.45,35.45,2138
SOXS,2026-09-24 07:15:00-04:00,35.45,35.52,35.33,35.48,2090
SOXS,2026-09-24 07:20:00-04:00,35.49,35.53,35.41,35.47,1673
SOXS,2026-09-24 07:25:00-04:00,35.47,35.58,35.46,35.57,1495
SOXS,2026-09-24 07:30:00-04:00,35.56,35.56,35.3,35.5,1826
SOXS,2026-09-24 07:35:00-04:00,35.54,35.69,35.53,35.67,1817
SOXS,2026-09-24 07:40:00-04:00,35.67,35.71,35.62,35.66,1844
SOXS,2026-09-24 07:45:00-04:00,35.66,35.8,35.66,35.78,2032
SOXS,2026-09-24 07:50:00-04:00,35.78,35.78,35.68,35.72,1243
SOXS,2026-09-24 07:55:00-04:00,35.72,35.83,35.62,35.7,2665
SOXS,2026-09-24 08:00:00-04:00,35.7,35.92,35.63,35.82,1976
SOXS,2026-09-24 08:05:00-04:00,35.81,35.85,35.72,35.77,1198
SOXS,2026-09-24 08:10:00-04:00,35.77,35.77,35.53,35.6,1845
SOXS,2026-09-24 08:15:00-04:00,35.6,35.67,35.54,35.56,1580
SOXS,2026-09-24 08:20:00-04:00,35.56,35.62,35.48,35.54,2206
SOXS,2026-09-24 08:25:00-04:00,35.55,35.81,35.52,35.71,4535
SOXS,2026-09-24 08:30:00-04:00,35.71,35.97,35.67,35.97,2384
SOXS,2026-09-24 08:35:00-04:00,35.96,36.1,35.95,36.01,3806
SOXS,2026-09-24 08:40:00-04:00,36.01,36.01,35.81,35.84,3255
SOXS,2026-09-24 08:45:00-04:00,35.83,35.89,35.75,35.82,1525
SOXS,2026-09-24 08:50:00-04:00,35.83,35.93,35.83,35.84,1161
SOXS,2026-09-24 08:55:00-04:00,35.85,35.89,35.78,35.84,819
SOXS,2026-09-24 09:00:00-04:00,35.84,35.86,35.66,35.7,1698
SOXS,2026-09-24 09:05:00-04:00,35.7,35.78,35.7,35.72,1050
SOXS,2026-09-24 09:10:00-04:00,35.71,35.74,35.61,35.74,1321
SOXS,2026-09-24 09:15:00-04:00,35.74,35.81,35.65,35.68,1608
SOXS,2026-09-24 09:20:00-04:00,35.67,35.8,35.67,35.75,1516
SOXS,2026-09-24 09:25:00-04:00,35.73,35.78,35.47,35.5,3603
SOXS,2026-09-24 09:30:00-04:00,35.47,35.85,35.31,35.64,23429
SOXS,2026-09-24 09:35:00-04:00,35.61,35.65,34.9,34.99,20365
SOXS,2026-09-24 09:40:00-04:00,35.0,35.24,34.9,34.91,13698
SOXS,2026-09-24 09:45:00-04:00,34.91,34.91,34.3,34.72,25261
SOXS,2026-09-24 09:50:00-04:00,34.72,35.28,34.57,35.19,26173
SOXS,2026-09-24 09:55:00-04:00,35.19,35.31,34.96,35.0,17047
SOXS,2026-09-24 10:00:00-04:00,35.0,35.07,34.65,34.72,15056
SOXS,2026-09-24 10:05:00-04:00,34.7,35.04,34.7,35.03,8996
SOXS,2026-09-24 10:10:00-04:00,35.02,35.2,34.95,35.02,14119
SOXS,2026-09-24 10:15:00-04:00,35.04,35.19,34.91,35.12,8862
SOXS,2026-09-24 10:20:00-04:00,35.11,35.12,34.93,35.06,8361
SOXS,2026-09-24 10:25:00-04:00,35.07,35.08,34.8,34.82,8358
SOXS,2026-09-24 10:30:00-04:00,34.83,34.98,34.68,34.75,6617
SOXS,2026-09-24 10:35:00-04:00,34.76,35.15,34.74,35.08,8088
SOXS,2026-09-24 10:40:00-04:00,35.07,35.19,34.9,35.16,6588
SOXS,2026-09-24 10:45:00-04:00,35.16,35.18,35.0,35.12,7181
SOXS,2026-09-24 10:50:00-04:00,35.12,35.41,35.04,35.3,10565
SOXS,2026-09-24 10:55:00-04:00,35.3,35.43,35.29,35.38,7320
SOXS,2026-09-24 11:00:00-04:00,35.37,35.38,35.14,35.26,7677
SOXS,2026-09-24 11:05:00-04:00,35.26,35.54,35.21,35.53,8405
SOXS,2026-09-24 11:10:00-04:00,35.53,35.53,35.36,35.43,6274
SOXS,2026-09-24 11:15:00-04:00,35.43,35.48,35.22,35.46,7013
SOXS,2026-09-24 11:20:00-04:00,35.46,35.49,35.19,35.2,4578
SOXS,2026-09-24 11:25:00-04:00,35.2,35.39,35.19,35.37,5727
SOXS,2026-09-24 11:30:00-04:00,35.37,35.43,35.29,35.31,3222
SOXS,2026-09-24 11:35:00-04:00,35.31,35.37,35.25,35.32,3567
SOXS,2026-09-24 11:40:00-04:00,35.32,35.37,35.19,35.21,3678
SOXS,2026-09-24 11:45:00-04:00,35.21,35.28,35.12,35.26,3952
SOXS,2026-09-24 11:50:00-04:00,35.27,35.27,35.03,35.08,5369
SOXS,2026-09-24 11:55:00-04:00,35.07,35.19,35.03,35.17,2740
SOXS,2026-09-24 12:00:00-04:00,35.16,35.38,35.16,35.27,3831
SOXS,2026-09-24 12:05:00-04:00,35.27,35.39,35.27,35.36,2231
SOXS,2026-09-24 12:10:00-04:00,35.36,35.44,35.15,35.16,3572
SOXS,2026-09-24 12:15:00-04:00,35.16,35.18,34.18,34.34,29404
SOXS,2026-09-24 12:20:00-04:00,34.34,34.52,34.13,34.35,11423
SOXS,2026-09-24 12:25:00-04:00,34.35,34.57,34.3,34.41,9208
SOXS,2026-09-24 12:30:00-04:00,34.41,34.52,34.36,34.42,6108
SOXS,2026-09-24 12:35:00-04:00,34.42,34.44,33.93,33.99,11168
SOXS,2026-09-24 12:40:00-04:00,33.99,34.04,33.59,33.92,16620
SOXS,2026-09-24 12:45:00-04:00,33.91,34.05,33.76,33.81,10720
SOXS,2026-09-24 12:50:00-04:00,33.8,33.97,33.66,33.89,7222
SOXS,2026-09-24 12:55:00-04:00,33.9,33.94,33.67,33.69,7001
SOXS,2026-09-24 13:00:00-04:00,33.7,33.85,33.51,33.52,8176
SOXS,2026-09-24 13:05:00-04:00,33.52,33.64,33.43,33.64,5516
SOXS,2026-09-24 13:10:00-04:00,33.63,33.91,33.63,33.78,6308
SOXS,2026-09-24 13:15:00-04:00,33.77,33.98,33.75,33.97,5445
SOXS,2026-09-24 13:20:00-04:00,33.98,34.04,33.88,34.0,4245
SOXS,2026-09-24 13:25:00-04:00,34.01,34.18,33.96,34.02,5985
SOXS,2026-09-24 13:30:00-04:00,34.03,34.08,33.89,34.07,3571
SOXS,2026-09-24 13:35:00-04:00,34.06,34.13,33.98,34.07,3259
SOXS,2026-09-24 13:40:00-04:00,34.07,34.29,33.96,34.28,5307
SOXS,2026-09-24 13:45:00-04:00,34.28,34.33,34.09,34.12,5320
SOXS,2026-09-24 13:50:00-04:00,34.13,34.4,34.1,34.36,3317
SOXS,2026-09-24 13:55:00-04:00,34.36,34.39,34.22,34.26,3507
SOXS,2026-09-24 14:00:00-04:00,34.26,34.74,34.25,34.72,9460
SOXS,2026-09-24 14:05:00-04:00,34.72,34.74,34.4,34.44,7525
SOXS,2026-09-24 14:10:00-04:00,34.43,34.43,34.28,34.34,3878
SOXS,2026-09-24 14:15:00-04:00,34.34,34.35,34.16,34.25,3734
SOXS,2026-09-24 14:20:00-04:00,34.25,34.33,34.13,34.16,2949
SOXS,2026-09-24 14:25:00-04:00,34.16,34.17,33.94,34.04,5640
SOXS,2026-09-24 14:30:00-04:00,34.04,34.14,33.97,34.13,3256
SOXS,2026-09-24 14:35:00-04:00,34.12,34.22,33.79,33.95,6146
SOXS,2026-09-24 14:40:00-04:00,33.97,34.13,33.96,34.07,1979
SOXS,2026-09-24 14:45:00-04:00,34.06,34.06,33.92,33.95,2232
SOXS,2026-09-24 14:50:00-04:00,33.96,33.97,33.76,33.79,4047
SOXS,2026-09-24 14:55:00-04:00,33.78,33.79,33.61,33.69,3785
SOXS,2026-09-24 15:00:00-04:00,33.69,33.95,33.65,33.9,8810
SOXS,2026-09-24 15:05:00-04:00,33.9,33.94,33.83,33.9,3931
SOXS,2026-09-24 15:10:00-04:00,33.9,34.02,33.87,34.01,4787
SOXS,2026-09-24 15:15:00-04:00,34.01,34.01,33.71,33.76,4822
SOXS,2026-09-24 15:20:00-04:00,33.76,33.8,33.7,33.73,2780
SOXS,2026-09-24 15:25:00-04:00,33.71,33.88,33.68,33.86,3417
SOXS,2026-09-24 15:30:00-04:00,33.87,33.88,33.65,33.66,4913
SOXS,2026-09-24 15:35:00-04:00,33.66,33.74,33.64,33.68,3289
SOXS,2026-09-24 15:40:00-04:00,33.68,33.76,33.64,33.68,3176
SOXS,2026-09-24 15:45:00-04:00,33.68,33.73,33.64,33.71,3096
SOXS,2026-09-24 15:50:00-04:00,33.7,33.72,33.61,33.63,8645
SOXS,2026-09-24 15:55:00-04:00,33.62,33.69,33.57,33.64,10633
SOXS,2026-09-24 16:00:00-04:00,33.64,33.84,33.63,33.83,2092
SOXS,2026-09-24 16:05:00-04:00,33.84,33.84,33.68,33.7,1071
SOXS,2026-09-24 16:10:00-04:00,33.72,33.93,33.7,33.92,1228
SOXS,2026-09-24 16:15:00-04:00,33.92,33.94,33.89,33.94,772
SOXS,2026-09-24 16:20:00-04:00,33.92,34.0,33.92,33.95,818
SOXS,2026-09-24 16:25:00-04:00,33.97,33.98,33.91,33.94,371
SOXS,2026-09-24 16:30:00-04:00,33.93,33.94,33.88,33.89,332
SOXS,2026-09-24 16:35:00-04:00,33.88,33.88,33.83,33.85,719
SOXS,2026-09-24 16:40:00-04:00,33.82,33.84,33.76,33.81,208
SOXS,2026-09-24 16:45:00-04:00,33.8,33.85,33.77,33.78,344
SOXS,2026-09-24 16:50:00-04:00,33.78,33.81,33.78,33.79,481
SOXS,2026-09-24 16:55:00-04:00,33.79,33.79,33.72,33.73,139
SOXS,2026-09-24 17:00:00-04:00,33.73,33.8,33.73,33.79,292
SOXS,2026-09-24 17:05:00-04:00,33.79,33.87,33.78,33.84,609
SOXS,2026-09-24 17:10:00-04:00,33.85,33.9,33.82,33.86,449
SOXS,2026-09-24 17:15:00-04:00,33.85,33.87,33.81,33.85,73
SOXS,2026-09-24 17:20:00-04:00,33.84,33.85,33.82,33.85,53
SOXS,2026-09-24 17:25:00-04:00,33.85,33.85,33.8,33.82,225
SOXS,2026-09-24 17:30:00-04:00,33.83,33.83,33.76,33.78,219
SOXS,2026-09-24 17:35:00-04:00,33.8,33.82,33.79,33.81,184
SOXS,2026-09-24 17:40:00-04:00,33.8,33.8,33.73,33.73,219
SOXS,2026-09-24 17:45:00-04:00,33.74,33.76,33.71,33.75,240
SOXS,2026-09-24 17:50:00-04:00,33.73,33.77,33.73,33.76,231
SOXS,2026-09-24 17:55:00-04:00,33.76,33.79,33.75,33.79,252
SOXS,2026-09-24 18:00:00-04:00,33.79,33.82,33.7,33.75,532
SOXS,2026-09-24 18:05:00-04:00,33.75,33.86,33.75,33.78,294
SOXS,2026-09-24 18:10:00-04:00,33.76,33.8,33.76,33.79,123
SOXS,2026-09-24 18:15:00-04:00,33.79,33.79,33.75,33.78,232
SOXS,2026-09-24 18:20:00-04:00,33.78,33.82,33.77,33.82,149
SOXS,2026-09-24 18:25:00-04:00,33.83,33.83,33.82,33.82,9
UBER,2026-09-22 04:00:00-04:00,71.02,71.13,70.85,71.0,337
UBER,2026-09-22 04:05:00-04:00,71.06,71.06,71.06,71.06,30
UBER,2026-09-22 04:10:00-04:00,71.06,71.06,71.06,71.06,5
UBER,2026-09-22 04:15:00-04:00,70.91,70.91,70.85,70.85,30
UBER,2026-09-22 04:20:00-04:00,70.91,70.91,70.88,70.89,7
UBER,2026-09-22 04:25:00-04:00,70.89,70.96,70.89,70.96,2
UBER,2026-09-22 04:30:00-04:00,70.96,70.96,70.96,70.96,0
UBER,2026-09-22 04:35:00-04:00,70.95,70.95,70.95,70.95,4
UBER,2026-09-22 04:40:00-04:00,70.95,70.95,70.95,70.95,0
UBER,2026-09-22 04:45:00-04:00,71.09,71.09,71.08,71.09,1
UBER,2026-09-22 04:50:00-04:00,71.09,71.09,71.09,71.09,0
UBER,2026-09-22 04:55:00-04:00,71.09,71.09,71.09,71.09,0
UBER,2026-09-22 05:00:00-04:00,71.09,71.09,71.09,71.09,0
UBER,2026-09-22 05:05:00-04:00,71.1,71.1,71.06,71.1,9
UBER,2026-09-22 05:10:00-04:00,71.02,71.02,71.02,71.02,12
UBER,2026-09-22 05:15:00-04:00,71.1,71.15,71.1,71.15,6
UBER,2026-09-22 05:20:00-04:00,71.15,71.15,71.15,71.15,0
UBER,2026-09-22 05:25:00-04:00,71.15,71.15,71.03,71.03,10
UBER,2026-09-22 05:30:00-04:00,71.2,71.3,71.2,71.3,44
UBER,2026-09-22 05:35:00-04:00,71.2,71.24,71.2,71.24,3
UBER,2026-09-22 05:40:00-04:00,71.25,71.25,71.25,71.25,1
UBER,2026-09-22 05:45:00-04:00,71.2,71.21,71.2,71.2,8
UBER,2026-09-22 05:50:00-04:00,71.25,71.3,71.25,71.3,20
UBER,2026-09-22 05:55:00-04:00,71.29,71.29,71.29,71.29,5
UBER,2026-09-22 06:00:00-04:00,71.25,71.34,71.25,71.27,57
UBER,2026-09-22 06:05:00-04:00,71.22,71.22,71.16,71.16,10
UBER,2026-09-22 06:10:00-04:00,71.14,71.14,71.14,71.14,3
UBER,2026-09-22 06:15:00-04:00,71.14,71.14,71.14,71.14,1
UBER,2026-09-22 06:20:00-04:00,71.2,71.22,71.19,71.2,9
UBER,2026-09-22 06:25:00-04:00,71.19,71.21,71.19,71.21,6
UBER,2026-09-22 06:30:00-04:00,71.21,71.21,71.21,71.21,0
UBER,2026-09-22 06:35:00-04:00,71.21,71.21,71.21,71.21,0
UBER,2026-09-22 06:40:00-04:00,71.21,71.21,71.21,71.21,0
UBER,2026-09-22 06:45:00-04:00,71.22,71.22,71.17,71.19,14
UBER,2026-09-22 06:50:00-04:00,71.2,71.2,71.19,71.2,2
UBER,2026-09-22 06:55:00-04:00,71.18,71.18,71.17,71.17,3
UBER,2026-09-22 07:00:00-04:00,71.2,71.22,71.2,71.2,31
UBER,2026-09-22 07:05:00-04:00,71.25,71.35,71.22,71.3,46
UBER,2026-09-22 07:10:00-04:00,71.3,71.32,71.2,71.2,32
UBER,2026-09-22 07:15:00-04:00,71.22,71.3,71.22,71.29,18
UBER,2026-09-22 07:20:00-04:00,71.21,71.34,71.2,71.34,19
UBER,2026-09-22 07:25:00-04:00,71.3,71.35,71.3,71.35,70
UBER,2026-09-22 07:30:00-04:00,71.35,71.43,71.34,71.37,50
UBER,2026-09-22 07:35:00-04:00,71.34,71.37,71.3,71.31,98
UBER,2026-09-22 07:40:00-04:00,71.33,71.36,71.3,71.3,14
UBER,2026-09-22 07:45:00-04:00,71.31,71.32,71.28,71.28,27
UBER,2026-09-22 07:50:00-04:00,71.22,71.24,71.19,71.2,65
UBER,2026-09-22 07:55:00-04:00,71.29,71.36,71.27,71.27,17
UBER,2026-09-22 08:00:00-04:00,71.3,71.3,71.22,71.22,14
UBER,2026-09-22 08:05:00-04:00,71.3,71.39,71.3,71.39,14
UBER,2026-09-22 08:10:00-04:00,71.35,71.35,71.34,71.34,2
UBER,2026-09-22 08:15:00-04:00,71.3,71.3,71.28,71.28,8
UBER,2026-09-22 08:20:00-04:00,71.3,71.35,71.3,71.35,12
UBER,2026-09-22 08:25:00-04:00,71.35,71.38,71.35,71.37,25
UBER,2026-09-22 08:30:00-04:00,71.36,71.38,71.32,71.32,31
UBER,2026-09-22 08:35:00-04:00,71.32,71.38,71.2,71.2,64
UBER,2026-09-22 08:40:00-04:00,71.38,71.38,71.26,71.33,59
UBER,2026-09-22 08:45:00-04:00,71.25,71.33,71.25,71.3,18
UBER,2026-09-22 08:50:00-04:00,71.25,71.3,71.2,71.25,56
UBER,2026-09-22 08:55:00-04:00,71.3,71.3,71.28,71.3,297
UBER,2026-09-22 09:00:00-04:00,71.25,71.39,71.2,71.31,33
UBER,2026-09-22 09:05:00-04:00,71.39,71.39,71.31,71.33,31
UBER,2026-09-22 09:10:00-04:00,71.31,71.44,71.3,71.44,79
UBER,2026-09-22 09:15:00-04:00,71.41,71.48,71.39,71.46,63
UBER,2026-09-22 09:20:00-04:00,71.45,71.47,71.31,71.38,48
UBER,2026-09-22 09:25:00-04:00,71.35,71.6,71.31,71.6,116
UBER,2026-09-22 09:30:00-04:00,71.65,71.8,71.42,71.54,5961
UBER,2026-09-22 09:35:00-04:00,71.55,71.89,71.48,71.84,3682
UBER,2026-09-22 09:40:00-04:00,71.83,71.9,71.61,71.62,2004
UBER,2026-09-22 09:45:00-04:00,71.61,71.62,71.25,71.32,1759
UBER,2026-09-22 09:50:00-04:00,71.32,71.38,71.11,71.14,2041
UBER,2026-09-22 09:55:00-04:00,71.12,71.21,70.84,70.87,2164
UBER,2026-09-22 10:00:00-04:00,70.84,70.89,70.67,70.77,2963
UBER,2026-09-22 10:05:00-04:00,70.77,70.91,70.32,70.38,2888
UBER,2026-09-22 10:10:00-04:00,70.37,70.61,70.36,70.43,3453
UBER,2026-09-22 10:15:00-04:00,70.44,70.52,70.32,70.33,2673
UBER,2026-09-22 10:20:00-04:00,70.33,70.4,70.15,70.19,2839
UBER,2026-09-22 10:25:00-04:00,70.19,70.26,69.94,69.95,5336
UBER,2026-09-22 10:30:00-04:00,69.95,70.02,69.85,70.02,4146
UBER,2026-09-22 10:35:00-04:00,70.02,70.28,69.98,70.13,3526
UBER,2026-09-22 10:40:00-04:00,70.13,70.19,70.05,70.06,1709
UBER,2026-09-22 10:45:00-04:00,70.06,70.34,70.04,70.29,2177
UBER,2026-09-22 10:50:00-04:00,70.3,70.34,70.23,70.28,1206
UBER,2026-09-22 10:55:00-04:00,70.32,70.6,70.31,70.32,1652
UBER,2026-09-22 11:00:00-04:00,70.32,70.39,70.25,70.3,1489
UBER,2026-09-22 11:05:00-04:00,70.3,70.3,70.15,70.26,1394
UBER,2026-09-22 11:10:00-04:00,70.25,70.37,70.23,70.24,775
UBER,2026-09-22 11:15:00-04:00,70.24,70.3,70.2,70.28,929
UBER,2026-09-22 11:20:00-04:00,70.3,70.31,70.21,70.29,828
UBER,2026-09-22 11:25:00-04:00,70.29,70.36,70.26,70.35,704
UBER,2026-09-22 11:30:00-04:00,70.34,70.45,70.28,70.32,881
UBER,2026-09-22 11:35:00-04:00,70.33,70.34,70.2,70.24,799
UBER,2026-09-22 11:40:00-04:00,70.23,70.31,70.21,70.26,942
UBER,2026-09-22 11:45:00-04:00,70.25,70.31,70.2,70.23,1451
UBER,2026-09-22 11:50:00-04:00,70.24,70.27,70.16,70.19,886
UBER,2026-09-22 11:55:00-04:00,70.18,70.25,70.06,70.24,1621
UBER,2026-09-22 12:00:00-04:00,70.25,70.51,70.25,70.37,1977
UBER,2026-09-22 12:05:00-04:00,70.36,70.38,70.31,70.33,1178
UBER,2026-09-22 12:10:00-04:00,70.33,70.44,70.33,70.38,559
UBER,2026-09-22 12:15:00-04:00,70.38,70.42,70.35,70.39,815
UBER,2026-09-22 12:20:00-04:00,70.38,70.38,70.22,70.31,1050
UBER,2026-09-22 12:25:00-04:00,70.31,70.38,70.28,70.33,644
UBER,2026-09-22 12:30:00-04:00,70.33,70.33,70.23,70.26,938
UBER,2026-09-22 12:35:00-04:00,70.27,70.27,70.2,70.23,820
UBER,2026-09-22 12:40:00-04:00,70.23,70.24,70.14,70.16,975
UBER,2026-09-22 12:45:00-04:00,70.16,70.3,70.13,70.3,692
UBER,2026-09-22 12:50:00-04:00,70.29,70.29,70.16,70.19,569
UBER,2026-09-22 12:55:00-04:00,70.19,70.2,70.14,70.19,804
UBER,2026-09-22 13:00:00-04:00,70.19,70.2,70.14,70.18,689
UBER,2026-09-22 13:05:00-04:00,70.17,70.22,70.07,70.1,941
UBER,2026-09-22 13:10:00-04:00,70.1,70.15,70.06,70.14,871
UBER,2026-09-22 13:15:00-04:00,70.14,70.2,70.12,70.17,567
UBER,2026-09-22 13:20:00-04:00,70.17,70.19,70.15,70.17,729
UBER,2026-09-22 13:25:00-04:00,70.18,70.22,70.15,70.2,817
UBER,2026-09-22 13:30:00-04:00,70.2,70.25,70.14,70.14,899
UBER,2026-09-22 13:35:00-04:00,70.15,70.16,70.12,70.14,713
UBER,2026-09-22 13:40:00-04:00,70.14,70.23,70.14,70.21,678
UBER,2026-09-22 13:45:00-04:00,70.2,70.29,70.19,70.28,938
UBER,2026-09-22 13:50:00-04:00,70.27,70.39,70.21,70.38,1500
UBER,2026-09-22 13:55:00-04:00,70.38,70.42,70.31,70.34,1121
UBER,2026-09-22 14:00:00-04:00,70.34,70.36,70.2,70.2,1305
UBER,2026-09-22 14:05:00-04:00,70.2,70.25,70.18,70.19,951
UBER,2026-09-22 14:10:00-04:00,70.21,70.23,69.91,69.94,4773
UBER,2026-09-22 14:15:00-04:00,69.94,69.99,69.88,69.97,2271
UBER,2026-09-22 14:20:00-04:00,69.97,69.99,69.82,69.82,2106
UBER,2026-09-22 14:25:00-04:00,69.83,69.87,69.72,69.85,4365
UBER,2026-09-22 14:30:00-04:00,69.84,69.93,69.81,69.83,1704
UBER,2026-09-22 14:35:00-04:00,69.83,69.87,69.6,69.62,3245
UBER,2026-09-22 14:40:00-04:00,69.61,69.67,69.56,69.66,1920
UBER,2026-09-22 14:45:00-04:00,69.67,69.69,69.57,69.6,2547
UBER,2026-09-22 14:50:00-04:00,69.6,69.7,69.6,69.63,1569
UBER,2026-09-22 14:55:00-04:00,69.63,69.68,69.54,69.55,2392
UBER,2026-09-22 15:00:00-04:00,69.56,69.73,69.55,69.69,2253
UBER,2026-09-22 15:05:00-04:00,69.69,69.76,69.67,69.71,2038
UBER,2026-09-22 15:10:00-04:00,69.7,69.73,69.62,69.67,1820
UBER,2026-09-22 15:15:00-04:00,69.67,69.81,69.67,69.79,2836
UBER,2026-09-22 15:20:00-04:00,69.79,70.0,69.78,69.98,2496
UBER,2026-09-22 15:25:00-04:00,69.99,70.14,69.93,70.08,2903
UBER,2026-09-22 15:30:00-04:00,70.08,70.28,70.08,70.23,2467
UBER,2026-09-22 15:35:00-04:00,70.22,70.25,70.13,70.19,1755
UBER,2026-09-22 15:40:00-04:00,70.18,70.19,70.05,70.16,1584
UBER,2026-09-22 15:45:00-04:00,70.16,70.26,70.09,70.23,2788
UBER,2026-09-22 15:50:00-04:00,70.22,70.29,70.16,70.16,2809
UBER,2026-09-22 15:55:00-04:00,70.16,70.16,69.81,69.92,12318
UBER,2026-09-22 16:00:00-04:00,69.89,70.05,69.88,70.0,47880
UBER,2026-09-22 16:05:00-04:00,70.0,70.09,69.97,70.04,44
UBER,2026-09-22 16:10:00-04:00,70.03,70.1,70.0,70.01,25
UBER,2026-09-22 16:15:00-04:00,70.07,70.09,70.03,70.04,61
UBER,2026-09-22 16:20:00-04:00,70.08,70.09,70.05,70.05,9
UBER,2026-09-22 16:25:00-04:00,70.09,70.09,70.03,70.05,40
UBER,2026-09-22 16:30:00-04:00,70.08,70.18,70.08,70.1,97
UBER,2026-09-22 16:35:00-04:00,70.11,70.14,70.1,70.1,88
UBER,2026-09-22 16:40:00-04:00,70.09,70.12,70.09,70.09,32
UBER,2026-09-22 16:45:00-04:00,70.04,70.13,70.04,70.13,7
UBER,2026-09-22 16:50:00-04:00,70.06,70.08,70.05,70.05,82
UBER,2026-09-22 16:55:00-04:00,70.05,70.09,70.04,70.04,44
UBER,2026-09-22 17:00:00-04:00,70.03,70.09,70.02,70.05,33
UBER,2026-09-22 17:05:00-04:00,70.05,70.06,70.04,70.04,26
UBER,2026-09-22 17:10:00-04:00,70.07,70.07,70.03,70.03,37
UBER,2026-09-22 17:15:00-04:00,70.03,70.1,70.03,70.1,77
UBER,2026-09-22 17:20:00-04:00,70.03,70.05,70.01,70.04,26
UBER,2026-09-22 17:25:00-04:00,70.04,70.07,70.02,70.07,23
UBER,2026-09-22 17:30:00-04:00,70.02,70.13,70.01,70.13,11
UBER,2026-09-22 17:35:00-04:00,70.03,70.13,70.03,70.03,77
UBER,2026-09-22 17:40:00-04:00,70.03,70.09,70.03,70.06,31
UBER,2026-09-22 17:45:00-04:00,70.03,70.11,70.01,70.08,29
UBER,2026-09-22 17:50:00-04:00,70.07,70.09,70.07,70.08,10
UBER,2026-09-22 17:55:00-04:00,70.05,70.11,70.03,70.05,22
UBER,2026-09-22 18:00:00-04:00,70.03,70.08,70.0,70.05,33
UBER,2026-09-22 18:05:00-04:00,70.01,70.07,70.01,70.03,10
UBER,2026-09-22 18:10:00-04:00,70.02,70.1,70.01,70.1,36
UBER,2026-09-22 18:15:00-04:00,70.07,70.07,70.03,70.03,3
UBER,2026-09-22 18:20:00-04:00,70.05,70.05,70.02,70.05,40
UBER,2026-09-22 18:25:00-04:00,70.03,70.05,70.01,70.05,21
UBER,2026-09-22 18:30:00-04:00,70.05,70.1,70.01,70.07,17
UBER,2026-09-22 18:35:00-04:00,70.06,70.06,70.0,70.0,17
UBER,2026-09-22 18:40:00-04:00,70.07,70.09,70.0,70.09,19
UBER,2026-09-22 18:45:00-04:00,70.03,70.03,69.95,69.95,270
UBER,2026-09-22 18:50:00-04:00,69.96,70.0,69.95,70.0,15
UBER,2026-09-22 18:55:00-04:00,70.0,70.0,69.95,69.97,27
UBER,2026-09-22 19:00:00-04:00,70.0,70.08,70.0,70.0,21
UBER,2026-09-22 19:05:00-04:00,70.0,70.0,70.0,70.0,24
UBER,2026-09-22 19:10:00-04:00,70.01,70.01,70.0,70.0,13
UBER,2026-09-22 19:15:00-04:00,69.97,69.97,69.97,69.97,8
UBER,2026-09-22 19:20:00-04:00,70.01,70.01,70.01,70.01,2
UBER,2026-09-22 19:25:00-04:00,70.01,70.01,70.01,70.01,2
UBER,2026-09-22 19:30:00-04:00,70.0,70.0,70.0,70.0,1
UBER,2026-09-22 19:35:00-04:00,70.01,70.01,70.0,70.0,21
UBER,2026-09-22 19:40:00-04:00,70.0,70.05,70.0,70.05,3
UBER,2026-09-22 19:45:00-04:00,70.02,70.05,70.0,70.02,46
UBER,2026-09-22 19:50:00-04:00,70.01,70.01,70.0,70.0,7
UBER,2026-09-22 19:55:00-04:00,70.0,70.04,70.0,70.03,29
UBER,2026-09-23 04:00:00-04:00,70.01,70.18,69.9,70.01,253
UBER,2026-09-23 04:05:00-04:00,70.06,70.06,70.03,70.03,7
UBER,2026-09-23 04:10:00-04:00,70.05,70.05,70.04,70.04,4
UBER,2026-09-23 04:15:00-04:00,70.04,70.04,70.03,70.03,5
UBER,2026-09-23 04:20:00-04:00,70.06,70.1,70.06,70.07,36
UBER,2026-09-23 04:25:00-04:00,70.07,70.07,70.07,70.07,1
UBER,2026-09-23 04:30:00-04:00,70.1,70.1,70.1,70.1,1
UBER,2026-09-23 04:35:00-04:00,70.05,70.1,70.05,70.1,7
UBER,2026-09-23 04:40:00-04:00,70.08,70.08,70.08,70.08,15
UBER,2026-09-23 04:45:00-04:00,70.08,70.08,70.08,70.08,0
UBER,2026-09-23 04:50:00-04:00,70.1,70.1,70.1,70.1,1
UBER,2026-09-23 04:55:00-04:00,70.1,70.1,70.1,70.1,0
UBER,2026-09-23 05:00:00-04:00,70.05,70.05,70.03,70.03,2
UBER,2026-09-23 05:05:00-04:00,70.08,70.08,70.07,70.08,1
UBER,2026-09-23 05:10:00-04:00,70.06,70.08,70.03,70.03,11
UBER,2026-09-23 05:15:00-04:00,70.1,70.1,70.1,70.1,1
UBER,2026-09-23 05:20:00-04:00,70.07,70.07,70.07,70.07,2
UBER,2026-09-23 05:25:00-04:00,70.03,70.03,70.02,70.02,3
UBER,2026-09-23 05:30:00-04:00,70.02,70.02,70.02,70.02,0
UBER,2026-09-23 05:35:00-04:00,70.02,70.02,70.02,70.02,0
UBER,2026-09-23 05:40:00-04:00,70.05,70.07,70.02,70.02,23
UBER,2026-09-23 05:45:00-04:00,70.02,70.02,70.02,70.02,0
UBER,2026-09-23 05:50:00-04:00,70.08,70.08,70.08,70.08,1
UBER,2026-09-23 05:55:00-04:00,70.09,70.1,70.01,70.01,5
UBER,2026-09-23 06:00:00-04:00,70.05,70.06,70.05,70.06,4
UBER,2026-09-23 06:05:00-04:00,70.06,70.06,70.06,70.06,0
UBER,2026-09-23 06:10:00-04:00,70.06,70.06,70.06,70.06,0
UBER,2026-09-23 06:15:00-04:00,70.09,70.09,70.08,70.08,5
UBER,2026-09-23 06:20:00-04:00,70.04,70.04,70.04,70.04,13
UBER,2026-09-23 06:25:00-04:00,70.06,70.06,70.06,70.06,14
UBER,2026-09-23 06:30:00-04:00,70.07,70.07,70.06,70.06,13
UBER,2026-09-23 06:35:00-04:00,70.05,70.06,70.05,70.05,4
UBER,2026-09-23 06:40:00-04:00,70.07,70.07,70.07,70.07,1
UBER,2026-09-23 06:45:00-04:00,70.07,70.07,70.07,70.07,0
UBER,2026-09-23 06:50:00-04:00,70.07,70.07,70.07,70.07,0
UBER,2026-09-23 06:55:00-04:00,70.09,70.09,70.04,70.04,10
UBER,2026-09-23 07:00:00-04:00,70.03,70.09,70.0,70.04,82
UBER,2026-09-23 07:05:00-04:00,70.0,70.04,69.97,70.04,10
UBER,2026-09-23 07:10:00-04:00,69.97,69.98,69.95,69.95,10
UBER,2026-09-23 07:15:00-04:00,69.94,69.99,69.93,69.97,15
UBER,2026-09-23 07:20:00-04:00,69.99,69.99,69.93,69.95,37
UBER,2026-09-23 07:25:00-04:00,69.91,69.97,69.88,69.92,50
UBER,2026-09-23 07:30:00-04:00,69.89,69.9,69.88,69.89,6
UBER,2026-09-23 07:35:00-04:00,69.99,69.99,69.91,69.96,16
UBER,2026-09-23 07:40:00-04:00,69.86,69.95,69.86,69.93,4
UBER,2026-09-23 07:45:00-04:00,69.93,69.95,69.85,69.91,29
UBER,2026-09-23 07:50:00-04:00,69.92,69.95,69.9,69.95,71
UBER,2026-09-23 07:55:00-04:00,69.92,70.0,69.92,70.0,73
UBER,2026-09-23 08:00:00-04:00,69.97,69.98,69.95,69.97,51
UBER,2026-09-23 08:05:00-04:00,69.96,69.97,69.95,69.95,11
UBER,2026-09-23 08:10:00-04:00,69.97,69.97,69.94,69.94,13
UBER,2026-09-23 08:15:00-04:00,69.92,69.93,69.86,69.92,43
UBER,2026-09-23 08:20:00-04:00,69.92,69.94,69.86,69.87,15
UBER,2026-09-23 08:25:00-04:00,69.9,69.93,69.87,69.87,33
UBER,2026-09-23 08:30:00-04:00,69.93,69.95,69.92,69.95,5
UBER,2026-09-23 08:35:00-04:00,69.94,69.95,69.92,69.95,27
UBER,2026-09-23 08:40:00-04:00,69.93,69.95,69.92,69.94,23
UBER,2026-09-23 08:45:00-04:00,69.93,69.97,69.92,69.95,40
UBER,2026-09-23 08:50:00-04:00,69.95,69.95,69.92,69.93,6
UBER,2026-09-23 08:55:00-04:00,69.91,69.96,69.91,69.93,54
UBER,2026-09-23 09:00:00-04:00,69.96,69.97,69.96,69.97,14
UBER,2026-09-23 09:05:00-04:00,69.96,69.97,69.9,69.9,78
UBER,2026-09-23 09:10:00-04:00,69.89,69.97,69.88,69.88,18
UBER,2026-09-23 09:15:00-04:00,69.88,69.98,69.87,69.98,27
UBER,2026-09-23 09:20:00-04:00,69.97,69.98,69.9,69.94,39
UBER,2026-09-23 09:25:00-04:00,69.9,69.91,69.59,69.59,213
UBER,2026-09-23 09:30:00-04:00,69.56,69.74,69.27,69.32,5089
UBER,2026-09-23 09:35:00-04:00,69.31,69.55,69.14,69.51,3310
UBER,2026-09-23 09:40:00-04:00,69.52,69.56,69.21,69.29,2387
UBER,2026-09-23 09:45:00-04:00,69.27,69.56,69.25,69.32,2206
UBER,2026-09-23 09:50:00-04:00,69.3,69.38,69.05,69.05,3330
UBER,2026-09-23 09:55:00-04:00,69.05,69.08,68.66,68.66,4550
UBER,2026-09-23 10:00:00-04:00,68.66,68.83,68.55,68.77,3271
UBER,2026-09-23 10:05:00-04:00,68.78,68.97,68.71,68.95,2123
UBER,2026-09-23 10:10:00-04:00,68.94,69.24,68.91,69.23,4510
UBER,2026-09-23 10:15:00-04:00,69.22,69.42,69.17,69.4,3276
UBER,2026-09-23 10:20:00-04:00,69.41,69.52,69.36,69.38,1708
UBER,2026-09-23 10:25:00-04:00,69.38,69.38,69.22,69.31,1450
UBER,2026-09-23 10:30:00-04:00,69.31,69.49,69.31,69.41,1192
UBER,2026-09-23 10:35:00-04:00,69.41,69.42,69.27,69.32,1296
UBER,2026-09-23 10:40:00-04:00,69.31,69.47,69.26,69.46,1005
UBER,2026-09-23 10:45:00-04:00,69.46,69.58,69.4,69.5,1166
UBER,2026-09-23 10:50:00-04:00,69.51,69.65,69.46,69.5,1996
UBER,2026-09-23 10:55:00-04:00,69.51,69.55,69.42,69.49,868
UBER,2026-09-23 11:00:00-04:00,69.5,69.51,69.42,69.49,1129
UBER,2026-09-23 11:05:00-04:00,69.48,69.52,69.36,69.41,1316
UBER,2026-09-23 11:10:00-04:00,69.4,69.44,69.29,69.3,1613
UBER,2026-09-23 11:15:00-04:00,69.31,69.35,69.26,69.33,1921
UBER,2026-09-23 11:20:00-04:00,69.33,69.42,69.3,69.32,705
UBER,2026-09-23 11:25:00-04:00,69.33,69.39,69.29,69.3,1240
UBER,2026-09-23 11:30:00-04:00,69.3,69.54,69.28,69.52,1142
UBER,2026-09-23 11:35:00-04:00,69.53,69.6,69.47,69.59,695
UBER,2026-09-23 11:40:00-04:00,69.59,69.62,69.5,69.51,1349
UBER,2026-09-23 11:45:00-04:00,69.52,69.61,69.5,69.58,877
UBER,2026-09-23 11:50:00-04:00,69.59,69.64,69.56,69.62,776
UBER,2026-09-23 11:55:00-04:00,69.62,69.74,69.59,69.72,1023
UBER,2026-09-23 12:00:00-04:00,69.73,69.87,69.52,69.76,2905
UBER,2026-09-23 12:05:00-04:00,69.77,69.78,69.58,69.7,761
UBER,2026-09-23 12:10:00-04:00,69.71,69.85,69.65,69.81,831
UBER,2026-09-23 12:15:00-04:00,69.82,69.85,69.77,69.83,2070
UBER,2026-09-23 12:20:00-04:00,69.83,69.87,69.81,69.86,590
UBER,2026-09-23 12:25:00-04:00,69.86,70.01,69.86,70.0,1181
UBER,2026-09-23 12:30:00-04:00,69.99,70.04,69.87,69.89,1455
UBER,2026-09-23 12:35:00-04:00,69.88,69.9,69.83,69.85,772
UBER,2026-09-23 12:40:00-04:00,69.86,69.88,69.78,69.81,1374
UBER,2026-09-23 12:45:00-04:00,69.81,69.84,69.7,69.78,1465
UBER,2026-09-23 12:50:00-04:00,69.78,69.81,69.68,69.74,634
UBER,2026-09-23 12:55:00-04:00,69.73,69.77,69.66,69.74,605
UBER,2026-09-23 13:00:00-04:00,69.74,69.74,69.53,69.55,1037
UBER,2026-09-23 13:05:00-04:00,69.55,69.59,69.51,69.59,900
UBER,2026-09-23 13:10:00-04:00,69.59,69.67,69.56,69.64,513
UBER,2026-09-23 13:15:00-04:00,69.64,69.71,69.58,69.67,697
UBER,2026-09-23 13:20:00-04:00,69.66,69.71,69.61,69.64,529
UBER,2026-09-23 13:25:00-04:00,69.64,69.67,69.61,69.62,420
UBER,2026-09-23 13:30:00-04:00,69.61,69.62,69.51,69.53,545
UBER,2026-09-23 13:35:00-04:00,69.54,69.58,69.42,69.45,817
UBER,2026-09-23 13:40:00-04:00,69.42,69.46,69.35,69.44,1068
UBER,2026-09-23 13:45:00-04:00,69.44,69.53,69.43,69.51,621
UBER,2026-09-23 13:50:00-04:00,69.51,69.55,69.47,69.51,652
UBER,2026-09-23 13:55:00-04:00,69.5,69.52,69.48,69.49,542
UBER,2026-09-23 14:00:00-04:00,69.49,69.5,69.38,69.42,912
UBER,2026-09-23 14:05:00-04:00,69.42,69.48,69.37,69.4,935
UBER,2026-09-23 14:10:00-04:00,69.41,69.54,69.4,69.49,611
UBER,2026-09-23 14:15:00-04:00,69.48,69.49,69.42,69.43,788
UBER,2026-09-23 14:20:00-04:00,69.42,69.52,69.42,69.5,885
UBER,2026-09-23 14:25:00-04:00,69.51,69.53,69.47,69.49,919
UBER,2026-09-23 14:30:00-04:00,69.48,69.53,69.41,69.52,979
UBER,2026-09-23 14:35:00-04:00,69.53,69.55,69.49,69.55,1051
UBER,2026-09-23 14:40:00-04:00,69.54,69.59,69.52,69.57,1513
UBER,2026-09-23 14:45:00-04:00,69.57,69.58,69.51,69.52,886
UBER,2026-09-23 14:50:00-04:00,69.53,69.56,69.48,69.54,714
UBER,2026-09-23 14:55:00-04:00,69.54,69.58,69.48,69.49,992
UBER,2026-09-23 15:00:00-04:00,69.48,69.5,69.45,69.48,801
UBER,2026-09-23 15:05:00-04:00,69.49,69.6,69.46,69.58,904
UBER,2026-09-23 15:10:00-04:00,69.58,69.59,69.48,69.49,1134
UBER,2026-09-23 15:15:00-04:00,69.49,69.52,69.45,69.47,770
UBER,2026-09-23 15:20:00-04:00,69.47,69.48,69.36,69.38,1183
UBER,2026-09-23 15:25:00-04:00,69.38,69.41,69.33,69.4,1057
UBER,2026-09-23 15:30:00-04:00,69.39,69.46,69.35,69.43,1169
UBER,2026-09-23 15:35:00-04:00,69.43,69.44,69.31,69.33,1138
UBER,2026-09-23 15:40:00-04:00,69.33,69.37,69.17,69.19,2370
UBER,2026-09-23 15:45:00-04:00,69.19,69.33,69.19,69.32,2340
UBER,2026-09-23 15:50:00-04:00,69.32,69.38,69.26,69.27,3775
UBER,2026-09-23 15:55:00-04:00,69.26,69.56,69.22,69.43,10831
UBER,2026-09-23 16:00:00-04:00,69.42,69.57,69.42,69.54,15678
UBER,2026-09-23 16:05:00-04:00,69.45,69.5,69.43,69.44,93
UBER,2026-09-23 16:10:00-04:00,69.43,69.45,69.43,69.45,20
UBER,2026-09-23 16:15:00-04:00,69.45,69.45,69.42,69.45,502
UBER,2026-09-23 16:20:00-04:00,69.43,69.43,69.42,69.43,2
UBER,2026-09-23 16:25:00-04:00,69.45,69.45,69.44,69.44,2
UBER,2026-09-23 16:30:00-04:00,69.44,69.44,69.44,69.44,0
UBER,2026-09-23 16:35:00-04:00,69.44,69.44,69.44,69.44,0
UBER,2026-09-23 16:40:00-04:00,69.48,69.48,69.48,69.48,3
UBER,2026-09-23 16:45:00-04:00,69.47,69.47,69.47,69.47,1
UBER,2026-09-23 16:50:00-04:00,69.45,69.45,69.45,69.45,2
UBER,2026-09-23 16:55:00-04:00,69.46,69.47,69.46,69.47,6
UBER,2026-09-23 17:00:00-04:00,69.47,69.47,69.46,69.47,6
UBER,2026-09-23 17:05:00-04:00,69.47,69.47,69.47,69.47,0
UBER,2026-09-23 17:10:00-04:00,69.46,69.46,69.43,69.43,24
UBER,2026-09-23 17:15:00-04:00,69.45,69.45,69.43,69.43,11
UBER,2026-09-23 17:20:00-04:00,69.43,69.43,69.4,69.4,15
UBER,2026-09-23 17:25:00-04:00,69.41,69.45,69.38,69.45,22
UBER,2026-09-23 17:30:00-04:00,69.39,69.39,69.33,69.38,19
UBER,2026-09-23 17:35:00-04:00,69.41,69.44,69.33,69.41,144
UBER,2026-09-23 17:40:00-04:00,69.37,69.45,69.37,69.45,21
UBER,2026-09-23 17:45:00-04:00,69.45,69.45,69.44,69.45,1
UBER,2026-09-23 17:50:00-04:00,69.41,69.43,69.41,69.41,7
UBER,2026-09-23 17:55:00-04:00,69.41,69.41,69.41,69.41,0
UBER,2026-09-23 18:00:00-04:00,69.45,69.45,69.41,69.41,12
UBER,2026-09-23 18:05:00-04:00,69.44,69.45,69.44,69.45,6
UBER,2026-09-23 18:10:00-04:00,69.45,69.45,69.45,69.45,1
UBER,2026-09-23 18:15:00-04:00,69.45,69.45,69.45,69.45,0
UBER,2026-09-23 18:20:00-04:00,69.45,69.45,69.45,69.45,2
UBER,2026-09-23 18:25:00-04:00,69.44,69.45,69.43,69.43,4
UBER,2026-09-23 18:30:00-04:00,69.42,69.45,69.42,69.45,10
UBER,2026-09-23 18:35:00-04:00,69.43,69.44,69.43,69.43,1
UBER,2026-09-23 18:40:00-04:00,69.43,69.43,69.43,69.43,0
UBER,2026-09-23 18:45:00-04:00,69.43,69.43,69.43,69.43,20
UBER,2026-09-23 18:50:00-04:00,69.43,69.43,69.43,69.43,3
UBER,2026-09-23 18:55:00-04:00,69.45,69.45,69.45,69.45,1
UBER,2026-09-23 19:00:00-04:00,69.45,69.45,69.45,69.45,0
UBER,2026-09-23 19:05:00-04:00,69.43,69.45,69.43,69.44,114
UBER,2026-09-23 19:10:00-04:00,69.45,69.45,69.44,69.45,7
UBER,2026-09-23 19:15:00-04:00,69.43,69.44,69.43,69.43,15
UBER,2026-09-23 19:20:00-04:00,69.43,69.44,69.43,69.44,33
UBER,2026-09-23 19:25:00-04:00,69.44,69.44,69.43,69.44,5
UBER,2026-09-23 19:30:00-04:00,69.43,69.44,69.43,69.43,2
UBER,2026-09-23 19:35:00-04:00,69.44,69.44,69.41,69.41,24
UBER,2026-09-23 19:40:00-04:00,69.41,69.41,69.41,69.41,0
UBER,2026-09-23 19:45:00-04:00,69.41,69.41,69.41,69.41,0
UBER,2026-09-23 19:50:00-04:00,69.45,69.45,69.42,69.42,3
UBER,2026-09-23 19:55:00-04:00,69.42,69.42,69.42,69.42,1
UBER,2026-09-24 04:00:00-04:00,69.59,69.59,69.33,69.34,203
UBER,2026-09-24 04:05:00-04:00,69.34,69.38,69.34,69.38,3
UBER,2026-09-24 04:10:00-04:00,69.36,69.36,69.36,69.36,1
UBER,2026-09-24 04:15:00-04:00,69.26,69.26,69.26,69.26,1
UBER,2026-09-24 04:20:00-04:00,69.26,69.26,69.26,69.26,13
UBER,2026-09-24 04:25:00-04:00,69.27,69.27,69.25,69.25,26
UBER,2026-09-24 04:30:00-04:00,69.18,69.18,69.16,69.17,4
UBER,2026-09-24 04:35:00-04:00,69.16,69.16,69.16,69.16,12
UBER,2026-09-24 04:40:00-04:00,69.25,69.25,69.2,69.2,2
UBER,2026-09-24 04:45:00-04:00,69.2,69.2,69.2,69.2,0
UBER,2026-09-24 04:50:00-04:00,69.25,69.25,69.22,69.22,5
UBER,2026-09-24 04:55:00-04:00,69.23,69.29,69.23,69.29,9
UBER,2026-09-24 05:00:00-04:00,69.17,69.17,69.17,69.17,10
UBER,2026-09-24 05:05:00-04:00,69.24,69.3,69.24,69.3,2
UBER,2026-09-24 05:10:00-04:00,69.24,69.3,69.24,69.3,4
UBER,2026-09-24 05:15:00-04:00,69.28,69.28,69.16,69.16,3
UBER,2026-09-24 05:20:00-04:00,69.23,69.24,69.23,69.24,18
UBER,2026-09-24 05:25:00-04:00,69.24,69.24,69.24,69.24,0
UBER,2026-09-24 05:30:00-04:00,69.22,69.22,69.22,69.22,1
UBER,2026-09-24 05:35:00-04:00,69.21,69.21,69.21,69.21,10
UBER,2026-09-24 05:40:00-04:00,69.16,69.19,69.16,69.16,9
UBER,2026-09-24 05:45:00-04:00,69.16,69.16,69.16,69.16,1
UBER,2026-09-24 05:50:00-04:00,69.16,69.16,69.16,69.16,0
UBER,2026-09-24 05:55:00-04:00,69.16,69.16,69.16,69.16,0
UBER,2026-09-24 06:00:00-04:00,69.16,69.16,69.16,69.16,0
UBER,2026-09-24 06:05:00-04:00,69.16,69.16,69.16,69.16,0
UBER,2026-09-24 06:10:00-04:00,69.39,69.4,69.38,69.4,17
UBER,2026-09-24 06:15:00-04:00,69.4,69.4,69.4,69.4,1
UBER,2026-09-24 06:20:00-04:00,69.41,69.41,69.41,69.41,10
UBER,2026-09-24 06:25:00-04:00,69.21,69.32,69.21,69.32,20
UBER,2026-09-24 06:30:00-04:00,69.32,69.32,69.32,69.32,0
UBER,2026-09-24 06:35:00-04:00,69.24,69.24,69.24,69.24,30
UBER,2026-09-24 06:40:00-04:00,69.33,69.33,69.32,69.32,2
UBER,2026-09-24 06:45:00-04:00,69.23,69.23,69.23,69.23,6
UBER,2026-09-24 06:50:00-04:00,69.37,69.39,69.37,69.39,18
UBER,2026-09-24 06:55:00-04:00,69.32,69.32,69.3,69.3,38
UBER,2026-09-24 07:00:00-04:00,69.33,69.6,69.33,69.35,127
UBER,2026-09-24 07:05:00-04:00,69.33,69.4,69.23,69.23,38
UBER,2026-09-24 07:10:00-04:00,69.25,69.39,69.22,69.39,29
UBER,2026-09-24 07:15:00-04:00,69.25,69.25,69.25,69.25,20
UBER,2026-09-24 07:20:00-04:00,69.28,69.42,69.26,69.42,9
UBER,2026-09-24 07:25:00-04:00,69.38,69.38,69.38,69.38,1
UBER,2026-09-24 07:30:00-04:00,69.37,69.37,69.37,69.37,1
UBER,2026-09-24 07:35:00-04:00,69.3,69.3,69.3,69.3,7
UBER,2026-09-24 07:40:00-04:00,69.31,69.31,69.3,69.3,8
UBER,2026-09-24 07:45:00-04:00,69.43,69.44,69.43,69.44,2
UBER,2026-09-24 07:50:00-04:00,69.27,69.3,69.27,69.3,10
UBER,2026-09-24 07:55:00-04:00,69.29,69.35,69.29,69.35,12
UBER,2026-09-24 08:00:00-04:00,69.27,69.27,69.27,69.27,1
UBER,2026-09-24 08:05:00-04:00,69.37,69.38,69.37,69.37,12
UBER,2026-09-24 08:10:00-04:00,69.39,69.44,69.37,69.4,23
UBER,2026-09-24 08:15:00-04:00,69.35,69.35,69.35,69.35,2
UBER,2026-09-24 08:20:00-04:00,69.4,69.4,69.37,69.4,6
UBER,2026-09-24 08:25:00-04:00,69.37,69.37,69.3,69.32,15
UBER,2026-09-24 08:30:00-04:00,69.36,69.4,69.36,69.4,6
UBER,2026-09-24 08:35:00-04:00,69.33,69.4,69.3,69.4,31
UBER,2026-09-24 08:40:00-04:00,69.42,69.5,69.42,69.5,37
UBER,2026-09-24 08:45:00-04:00,69.53,69.53,69.53,69.53,24
UBER,2026-09-24 08:50:00-04:00,69.43,69.58,69.43,69.58,76
UBER,2026-09-24 08:55:00-04:00,69.56,69.56,69.46,69.54,79
UBER,2026-09-24 09:00:00-04:00,69.51,69.58,69.45,69.57,234
UBER,2026-09-24 09:05:00-04:00,69.47,69.57,69.47,69.5,10
UBER,2026-09-24 09:10:00-04:00,69.48,69.56,69.44,69.55,127
UBER,2026-09-24 09:15:00-04:00,69.55,69.58,69.55,69.58,24
UBER,2026-09-24 09:20:00-04:00,69.6,69.65,69.55,69.6,14
UBER,2026-09-24 09:25:00-04:00,69.6,69.64,69.31,69.31,96
UBER,2026-09-24 09:30:00-04:00,69.45,70.08,69.21,69.95,6387
UBER,2026-09-24 09:35:00-04:00,69.97,69.98,69.52,69.71,2194
UBER,2026-09-24 09:40:00-04:00,69.76,69.79,69.5,69.67,1666
UBER,2026-09-24 09:45:00-04:00,69.67,69.76,69.53,69.67,2579
UBER,2026-09-24 09:50:00-04:00,69.68,69.77,69.54,69.77,1634
UBER,2026-09-24 09:55:00-04:00,69.77,69.78,69.42,69.48,1463
UBER,2026-09-24 10:00:00-04:00,69.47,69.64,69.33,69.62,1452
UBER,2026-09-24 10:05:00-04:00,69.61,69.93,69.54,69.89,957
UBER,2026-09-24 10:10:00-04:00,69.9,69.93,69.82,69.93,1043
UBER,2026-09-24 10:15:00-04:00,69.92,69.94,69.77,69.89,1329
UBER,2026-09-24 10:20:00-04:00,69.89,69.97,69.79,69.86,1592
UBER,2026-09-24 10:25:00-04:00,69.87,69.99,69.77,69.89,1730
UBER,2026-09-24 10:30:00-04:00,69.87,69.91,69.7,69.8,1037
UBER,2026-09-24 10:35:00-04:00,69.81,69.89,69.75,69.89,535
UBER,2026-09-24 10:40:00-04:00,69.9,69.93,69.67,69.72,1233
UBER,2026-09-24 10:45:00-04:00,69.71,69.73,69.61,69.68,607
UBER,2026-09-24 10:50:00-04:00,69.67,69.75,69.55,69.56,740
UBER,2026-09-24 10:55:00-04:00,69.58,69.67,69.5,69.56,677
UBER,2026-09-24 11:00:00-04:00,69.58,69.6,69.45,69.48,1052
UBER,2026-09-24 11:05:00-04:00,69.48,69.59,69.45,69.52,409
UBER,2026-09-24 11:10:00-04:00,69.51,69.54,69.43,69.48,648
UBER,2026-09-24 11:15:00-04:00,69.48,69.54,69.45,69.51,536
UBER,2026-09-24 11:20:00-04:00,69.5,69.52,69.36,69.4,728
UBER,2026-09-24 11:25:00-04:00,69.38,69.4,69.22,69.23,1308
UBER,2026-09-24 11:30:00-04:00,69.23,69.27,69.17,69.22,977
UBER,2026-09-24 11:35:00-04:00,69.23,69.3,69.18,69.2,637
UBER,2026-09-24 11:40:00-04:00,69.21,69.22,69.16,69.18,660
UBER,2026-09-24 11:45:00-04:00,69.19,69.21,68.99,69.05,1604
UBER,2026-09-24 11:50:00-04:00,69.04,69.13,69.02,69.06,785
UBER,2026-09-24 11:55:00-04:00,69.06,69.09,68.99,69.0,1269
UBER,2026-09-24 12:00:00-04:00,69.01,69.05,68.92,69.04,1513
UBER,2026-09-24 12:05:00-04:00,69.05,69.1,68.96,68.98,1819
UBER,2026-09-24 12:10:00-04:00,68.99,69.15,68.98,69.14,1270
UBER,2026-09-24 12:15:00-04:00,69.14,69.64,69.11,69.39,2650
UBER,2026-09-24 12:20:00-04:00,69.4,69.56,69.34,69.45,1301
UBER,2026-09-24 12:25:00-04:00,69.47,69.48,69.19,69.39,1490
UBER,2026-09-24 12:30:00-04:00,69.38,69.38,69.17,69.17,802
UBER,2026-09-24 12:35:00-04:00,69.17,69.3,69.15,69.3,906
UBER,2026-09-24 12:40:00-04:00,69.3,69.5,69.28,69.36,1211
UBER,2026-09-24 12:45:00-04:00,69.36,69.51,69.35,69.47,397
UBER,2026-09-24 12:50:00-04:00,69.48,69.52,69.37,69.38,1341
UBER,2026-09-24 12:55:00-04:00,69.37,69.47,69.37,69.38,420
UBER,2026-09-24 13:00:00-04:00,69.38,69.4,69.24,69.34,1067
UBER,2026-09-24 13:05:00-04:00,69.37,69.44,69.35,69.39,572
UBER,2026-09-24 13:10:00-04:00,69.39,69.45,69.28,69.44,861
UBER,2026-09-24 13:15:00-04:00,69.43,69.49,69.29,69.3,877
UBER,2026-09-24 13:20:00-04:00,69.29,69.29,69.09,69.1,1163
UBER,2026-09-24 13:25:00-04:00,69.1,69.19,69.08,69.18,844
UBER,2026-09-24 13:30:00-04:00,69.18,69.23,69.14,69.16,696
UBER,2026-09-24 13:35:00-04:00,69.15,69.19,69.03,69.17,980
UBER,2026-09-24 13:40:00-04:00,69.17,69.22,69.09,69.16,613
UBER,2026-09-24 13:45:00-04:00,69.16,69.22,69.11,69.17,738
UBER,2026-09-24 13:50:00-04:00,69.17,69.27,69.15,69.19,699
UBER,2026-09-24 13:55:00-04:00,69.19,69.19,69.05,69.11,685
UBER,2026-09-24 14:00:00-04:00,69.1,69.17,69.05,69.07,541
UBER,2026-09-24 14:05:00-04:00,69.09,69.29,69.08,69.26,569
UBER,2026-09-24 14:10:00-04:00,69.26,69.3,69.14,69.2,397
UBER,2026-09-24 14:15:00-04:00,69.2,69.28,69.19,69.26,698
UBER,2026-09-24 14:20:00-04:00,69.25,69.25,69.14,69.17,1008
UBER,2026-09-24 14:25:00-04:00,69.19,69.24,69.12,69.18,912
UBER,2026-09-24 14:30:00-04:00,69.18,69.25,69.18,69.2,640
UBER,2026-09-24 14:35:00-04:00,69.2,69.42,69.17,69.31,984
UBER,2026-09-24 14:40:00-04:00,69.32,69.32,69.2,69.24,643
UBER,2026-09-24 14:45:00-04:00,69.23,69.27,69.17,69.2,671
UBER,2026-09-24 14:50:00-04:00,69.2,69.23,69.16,69.19,646
UBER,2026-09-24 14:55:00-04:00,69.19,69.25,69.15,69.23,589
UBER,2026-09-24 15:00:00-04:00,69.24,69.25,69.11,69.14,913
UBER,2026-09-24 15:05:00-04:00,69.14,69.27,69.12,69.24,727
UBER,2026-09-24 15:10:00-04:00,69.24,69.3,69.2,69.28,1019
UBER,2026-09-24 15:15:00-04:00,69.28,69.3,69.22,69.28,1107
UBER,2026-09-24 15:20:00-04:00,69.28,69.37,69.25,69.35,964
UBER,2026-09-24 15:25:00-04:00,69.36,69.39,69.24,69.31,1279
UBER,2026-09-24 15:30:00-04:00,69.31,69.32,69.22,69.31,1069
UBER,2026-09-24 15:35:00-04:00,69.3,69.32,69.23,69.31,1275
UBER,2026-09-24 15:40:00-04:00,69.32,69.45,69.28,69.44,1150
UBER,2026-09-24 15:45:00-04:00,69.43,69.53,69.4,69.42,2820
UBER,2026-09-24 15:50:00-04:00,69.43,69.46,69.29,69.29,1808
UBER,2026-09-24 15:55:00-04:00,69.28,69.29,69.16,69.17,9817
UBER,2026-09-24 16:00:00-04:00,69.17,69.4,69.17,69.29,12929
UBER,2026-09-24 16:05:00-04:00,69.29,69.3,69.22,69.26,52
UBER,2026-09-24 16:10:00-04:00,69.22,69.22,69.2,69.2,62
UBER,2026-09-24 16:15:00-04:00,69.28,69.35,69.23,69.28,448
UBER,2026-09-24 16:20:00-04:00,69.26,69.26,69.2,69.2,15
UBER,2026-09-24 16:25:00-04:00,69.22,69.23,69.2,69.2,3
UBER,2026-09-24 16:30:00-04:00,69.22,69.22,69.21,69.21,2
UBER,2026-09-24 16:35:00-04:00,69.21,69.22,69.21,69.22,32
UBER,2026-09-24 16:40:00-04:00,69.23,69.24,69.22,69.24,52
UBER,2026-09-24 16:45:00-04:00,69.23,69.33,69.23,69.33,54
UBER,2026-09-24 16:50:00-04:00,69.29,69.29,69.29,69.29,1
UBER,2026-09-24 16:55:00-04:00,69.3,69.3,69.3,69.3,4
UBER,2026-09-24 17:00:00-04:00,69.28,69.28,69.24,69.26,8
UBER,2026-09-24 17:05:00-04:00,69.29,69.29,69.29,69.29,4
UBER,2026-09-24 17:10:00-04:00,69.3,69.3,69.29,69.29,5
UBER,2026-09-24 17:15:00-04:00,69.25,69.29,69.25,69.29,25
UBER,2026-09-24 17:20:00-04:00,69.29,69.29,69.27,69.29,12
UBER,2026-09-24 17:25:00-04:00,69.29,69.29,69.29,69.29,11
UBER,2026-09-24 17:30:00-04:00,69.28,69.29,69.24,69.28,12
UBER,2026-09-24 17:35:00-04:00,69.27,69.27,69.27,69.27,1
UBER,2026-09-24 17:40:00-04:00,69.27,69.27,69.27,69.27,0
UBER,2026-09-24 17:45:00-04:00,69.24,69.28,69.24,69.28,20
UBER,2026-09-24 17:50:00-04:00,69.22,69.23,69.22,69.23,3
UBER,2026-09-24 17:55:00-04:00,69.23,69.23,69.23,69.23,0
UBER,2026-09-24 18:00:00-04:00,69.27,69.27,69.27,69.27,1
UBER,2026-09-24 18:05:00-04:00,69.24,69.24,69.24,69.24,1
UBER,2026-09-24 18:10:00-04:00,69.28,69.28,69.26,69.26,9
UBER,2026-09-24 18:15:00-04:00,69.28,69.29,69.28,69.29,5
UBER,2026-09-24 18:20:00-04:00,69.26,69.26,69.26,69.26,3
UBER,2026-09-24 18:25:00-04:00,69.26,69.26,69.26,69.26,0
V,2026-09-22 04:00:00-04:00,369.57,369.57,368.99,369.56,22
V,2026-09-22 04:05:00-04:00,369.56,369.56,369.56,369.56,0
V,2026-09-22 04:10:00-04:00,369.56,369.56,369.56,369.56,0
V,2026-09-22 04:15:00-04:00,369.56,369.56,369.56,369.56,0
V,2026-09-22 04:20:00-04:00,369.56,369.56,369.56,369.56,0
V,2026-09-22 04:25:00-04:00,369.56,369.56,369.56,369.56,0
V,2026-09-22 04:30:00-04:00,369.56,369.56,369.56,369.56,0
V,2026-09-22 04:35:00-04:00,369.56,369.56,369.56,369.56,0
V,2026-09-22 04:40:00-04:00,369.56,369.56,369.56,369.56,0
V,2026-09-22 04:45:00-04:00,369.56,369.56,369.56,369.56,0
V,2026-09-22 04:50:00-04:00,369.56,369.56,369.56,369.56,0
V,2026-09-22 04:55:00-04:00,369.56,369.56,369.56,369.56,0
V,2026-09-22 05:00:00-04:00,369.56,369.56,369.56,369.56,0
V,2026-09-22 05:05:00-04:00,369.56,369.56,369.56,369.56,0
V,2026-09-22 05:10:00-04:00,369.56,369.56,369.56,369.56,0
V,2026-09-22 05:15:00-04:00,369.56,369.56,369.56,369.56,0
V,2026-09-22 05:20:00-04:00,369.56,369.56,369.56,369.56,0
V,2026-09-22 05:25:00-04:00,369.56,369.56,369.56,369.56,0
V,2026-09-22 05:30:00-04:00,369.56,369.56,369.56,369.56,0
V,2026-09-22 05:35:00-04:00,369.56,369.56,369.56,369.56,0
V,2026-09-22 05:40:00-04:00,369.56,369.56,369.56,369.56,0
V,2026-09-22 05:45:00-04:00,369.56,369.56,369.56,369.56,0
V,2026-09-22 05:50:00-04:00,369.56,369.56,369.56,369.56,0
V,2026-09-22 05:55:00-04:00,369.56,369.56,369.56,369.56,0
V,2026-09-22 06:00:00-04:00,369.56,369.56,369.56,369.56,0
V,2026-09-22 06:05:00-04:00,369.99,369.99,369.99,369.99,1
V,2026-09-22 06:10:00-04:00,369.99,369.99,369.99,369.99,0
V,2026-09-22 06:15:00-04:00,369.99,369.99,369.99,369.99,0
V,2026-09-22 06:20:00-04:00,369.99,369.99,369.99,369.99,0
V,2026-09-22 06:25:00-04:00,369.99,369.99,369.99,369.99,0
V,2026-09-22 06:30:00-04:00,369.99,369.99,369.99,369.99,0
V,2026-09-22 06:35:00-04:00,369.99,369.99,369.99,369.99,0
V,2026-09-22 06:40:00-04:00,369.49,369.49,369.49,369.49,2
V,2026-09-22 06:45:00-04:00,369.49,369.49,369.49,369.49,0
V,2026-09-22 06:50:00-04:00,369.49,369.49,369.49,369.49,0
V,2026-09-22 06:55:00-04:00,369.49,369.49,369.49,369.49,0
V,2026-09-22 07:00:00-04:00,369.21,369.21,368.98,369.01,21
V,2026-09-22 07:05:00-04:00,369.95,369.95,369.95,369.95,5
V,2026-09-22 07:10:00-04:00,369.87,369.87,369.87,369.87,3
V,2026-09-22 07:15:00-04:00,369.96,369.96,369.96,369.96,4
V,2026-09-22 07:20:00-04:00,369.96,369.96,369.96,369.96,0
V,2026-09-22 07:25:00-04:00,370.37,370.57,370.37,370.48,7
V,2026-09-22 07:30:00-04:00,370.57,370.57,370.57,370.57,2
V,2026-09-22 07:35:00-04:00,370.47,370.48,370.47,370.47,2
V,2026-09-22 07:40:00-04:00,370.47,370.47,370.47,370.47,0
V,2026-09-22 07:45:00-04:00,370.57,370.8,370.57,370.8,9
V,2026-09-22 07:50:00-04:00,370.8,370.8,370.8,370.8,0
V,2026-09-22 07:55:00-04:00,370.51,370.51,370.5,370.5,3
V,2026-09-22 08:00:00-04:00,370.17,370.17,370.05,370.05,2
V,2026-09-22 08:05:00-04:00,370.05,370.05,370.05,370.05,0
V,2026-09-22 08:10:00-04:00,370.73,370.73,370.73,370.73,1
V,2026-09-22 08:15:00-04:00,370.89,370.89,370.89,370.89,6
V,2026-09-22 08:20:00-04:00,370.89,370.89,370.89,370.89,0
V,2026-09-22 08:25:00-04:00,370.51,370.51,370.51,370.51,2
V,2026-09-22 08:30:00-04:00,370.51,370.51,370.51,370.51,0
V,2026-09-22 08:35:00-04:00,370.51,370.51,370.51,370.51,0
V,2026-09-22 08:40:00-04:00,370.89,371.8,370.6,371.8,69
V,2026-09-22 08:45:00-04:00,371.8,371.8,371.8,371.8,0
V,2026-09-22 08:50:00-04:00,371.86,371.86,371.63,371.63,5
V,2026-09-22 08:55:00-04:00,371.99,372.0,371.96,371.96,19
V,2026-09-22 09:00:00-04:00,371.95,371.95,371.95,371.95,5
V,2026-09-22 09:05:00-04:00,371.95,371.95,371.95,371.95,0
V,2026-09-22 09:10:00-04:00,372.0,372.0,371.35,371.67,81
V,2026-09-22 09:15:00-04:00,371.55,372.0,371.55,371.81,22
V,2026-09-22 09:20:00-04:00,371.94,372.2,371.94,372.2,8
V,2026-09-22 09:25:00-04:00,372.2,372.64,372.05,372.05,6
V,2026-09-22 09:30:00-04:00,371.76,372.0,370.0,370.19,2544
V,2026-09-22 09:35:00-04:00,370.29,370.85,369.06,369.85,878
V,2026-09-22 09:40:00-04:00,369.63,369.66,368.51,369.0,685
V,2026-09-22 09:45:00-04:00,369.0,369.0,368.35,368.64,864
V,2026-09-22 09:50:00-04:00,368.63,368.79,367.27,367.4,1262
V,2026-09-22 09:55:00-04:00,367.4,368.16,367.29,368.11,1088
V,2026-09-22 10:00:00-04:00,367.98,368.93,367.86,368.6,980
V,2026-09-22 10:05:00-04:00,368.51,368.79,368.04,368.34,1033
V,2026-09-22 10:10:00-04:00,368.35,368.35,367.25,367.4,1012
V,2026-09-22 10:15:00-04:00,367.46,367.47,366.25,366.54,1011
V,2026-09-22 10:20:00-04:00,366.59,366.96,366.42,366.47,600
V,2026-09-22 10:25:00-04:00,366.46,366.47,364.56,364.64,1939
V,2026-09-22 10:30:00-04:00,364.66,364.85,363.21,363.34,1362
V,2026-09-22 10:35:00-04:00,363.34,365.38,363.34,364.93,1602
V,2026-09-22 10:40:00-04:00,365.03,365.36,364.85,365.24,747
V,2026-09-22 10:45:00-04:00,365.23,365.43,364.81,364.97,827
V,2026-09-22 10:50:00-04:00,365.0,365.2,364.73,364.84,781
V,2026-09-22 10:55:00-04:00,364.84,365.56,364.73,365.17,811
V,2026-09-22 11:00:00-04:00,365.12,365.26,364.8,364.96,365
V,2026-09-22 11:05:00-04:00,364.95,364.99,363.95,364.02,524
V,2026-09-22 11:10:00-04:00,364.02,364.28,363.4,363.41,978
V,2026-09-22 11:15:00-04:00,363.47,364.57,363.33,364.29,927
V,2026-09-22 11:20:00-04:00,364.2,364.28,362.86,363.08,1084
V,2026-09-22 11:25:00-04:00,363.06,363.11,361.89,362.46,1267
V,2026-09-22 11:30:00-04:00,362.38,362.44,360.65,361.03,3180
V,2026-09-22 11:35:00-04:00,361.03,361.09,360.09,360.3,4053
V,2026-09-22 11:40:00-04:00,360.14,360.48,359.95,360.4,3211
V,2026-09-22 11:45:00-04:00,360.39,360.75,360.12,360.73,1211
V,2026-09-22 11:50:00-04:00,360.73,360.73,359.8,360.5,1484
V,2026-09-22 11:55:00-04:00,360.5,360.76,360.23,360.57,821
V,2026-09-22 12:00:00-04:00,360.58,361.05,360.57,360.66,1306
V,2026-09-22 12:05:00-04:00,360.64,361.51,360.14,361.51,831
V,2026-09-22 12:10:00-04:00,361.54,362.57,361.26,362.51,969
V,2026-09-22 12:15:00-04:00,362.47,362.52,361.18,361.45,1096
V,2026-09-22 12:20:00-04:00,361.47,362.0,361.32,361.87,817
V,2026-09-22 12:25:00-04:00,361.79,362.87,361.75,362.81,2021
V,2026-09-22 12:30:00-04:00,362.83,363.46,362.7,363.37,881
V,2026-09-22 12:35:00-04:00,363.37,363.71,363.12,363.62,1893
V,2026-09-22 12:40:00-04:00,363.62,363.67,363.35,363.46,850
V,2026-09-22 12:45:00-04:00,363.5,364.0,363.5,363.94,880
V,2026-09-22 12:50:00-04:00,363.94,363.94,363.5,363.89,2145
V,2026-09-22 12:55:00-04:00,363.89,364.06,363.83,364.04,533
V,2026-09-22 13:00:00-04:00,364.0,364.0,363.02,363.03,714
V,2026-09-22 13:05:00-04:00,363.02,363.28,362.73,362.92,475
V,2026-09-22 13:10:00-04:00,362.96,363.14,362.71,363.11,379
V,2026-09-22 13:15:00-04:00,363.07,363.14,362.83,362.93,511
V,2026-09-22 13:20:00-04:00,362.93,363.26,362.93,363.26,325
V,2026-09-22 13:25:00-04:00,363.26,363.77,363.23,363.57,484
V,2026-09-22 13:30:00-04:00,363.6,363.78,363.15,363.33,834
V,2026-09-22 13:35:00-04:00,363.36,363.69,363.26,363.59,653
V,2026-09-22 13:40:00-04:00,363.57,363.6,363.29,363.51,836
V,2026-09-22 13:45:00-04:00,363.51,363.59,363.18,363.35,490
V,2026-09-22 13:50:00-04:00,363.37,363.5,362.97,363.36,924
V,2026-09-22 13:55:00-04:00,363.33,363.36,362.93,362.98,647
V,2026-09-22 14:00:00-04:00,362.99,363.08,362.22,362.61,1266
V,2026-09-22 14:05:00-04:00,362.62,362.66,362.29,362.64,725
V,2026-09-22 14:10:00-04:00,362.65,363.0,362.55,362.65,961
V,2026-09-22 14:15:00-04:00,362.66,362.73,362.39,362.56,496
V,2026-09-22 14:20:00-04:00,362.56,362.57,362.07,362.31,830
V,2026-09-22 14:25:00-04:00,362.32,362.56,362.32,362.38,545
V,2026-09-22 14:30:00-04:00,362.39,363.24,362.32,363.13,897
V,2026-09-22 14:35:00-04:00,363.12,363.65,363.07,363.58,937
V,2026-09-22 14:40:00-04:00,363.58,363.98,363.52,363.85,883
V,2026-09-22 14:45:00-04:00,363.86,364.14,363.78,363.92,1161
V,2026-09-22 14:50:00-04:00,363.91,364.19,363.67,363.67,1441
V,2026-09-22 14:55:00-04:00,363.74,363.81,363.22,363.26,1464
V,2026-09-22 15:00:00-04:00,363.22,363.46,363.02,363.38,731
V,2026-09-22 15:05:00-04:00,363.35,363.48,363.03,363.14,1527
V,2026-09-22 15:10:00-04:00,363.14,363.38,363.07,363.22,1305
V,2026-09-22 15:15:00-04:00,363.22,363.27,362.75,362.79,1245
V,2026-09-22 15:20:00-04:00,362.78,363.0,362.65,362.74,1557
V,2026-09-22 15:25:00-04:00,362.74,363.15,362.71,362.86,2201
V,2026-09-22 15:30:00-04:00,362.87,363.28,362.67,363.17,2750
V,2026-09-22 15:35:00-04:00,363.2,363.35,362.64,362.78,2854
V,2026-09-22 15:40:00-04:00,362.75,362.9,362.54,362.8,1209
V,2026-09-22 15:45:00-04:00,362.79,363.17,362.65,363.11,1749
V,2026-09-22 15:50:00-04:00,363.07,363.15,362.5,362.66,1480
V,2026-09-22 15:55:00-04:00,362.64,362.77,361.75,362.14,10341
V,2026-09-22 16:00:00-04:00,362.12,362.15,362.04,362.04,79752
V,2026-09-22 16:05:00-04:00,362.38,362.39,362.15,362.25,16
V,2026-09-22 16:10:00-04:00,362.09,362.09,362.09,362.09,1
V,2026-09-22 16:15:00-04:00,362.4,362.4,362.31,362.31,2
V,2026-09-22 16:20:00-04:00,362.31,362.31,362.31,362.31,0
V,2026-09-22 16:25:00-04:00,362.31,362.31,362.31,362.31,2
V,2026-09-22 16:30:00-04:00,362.4,362.4,362.4,362.4,1
V,2026-09-22 16:35:00-04:00,362.39,362.39,362.39,362.39,1
V,2026-09-22 16:40:00-04:00,362.39,362.39,362.39,362.39,0
V,2026-09-22 16:45:00-04:00,362.39,362.39,362.39,362.39,0
V,2026-09-22 16:50:00-04:00,362.4,362.4,362.4,362.4,4
V,2026-09-22 16:55:00-04:00,363.88,363.88,362.46,362.46,14
V,2026-09-22 17:00:00-04:00,362.5,362.5,362.5,362.5,1
V,2026-09-22 17:05:00-04:00,362.65,362.65,362.64,362.65,2
V,2026-09-22 17:10:00-04:00,362.65,362.65,362.65,362.65,0
V,2026-09-22 17:15:00-04:00,362.65,362.65,362.64,362.65,2
V,2026-09-22 17:20:00-04:00,362.65,362.65,362.65,362.65,52
V,2026-09-22 17:25:00-04:00,362.66,362.66,362.66,362.66,1
V,2026-09-22 17:30:00-04:00,362.66,362.66,362.66,362.66,0
V,2026-09-22 17:35:00-04:00,362.44,362.44,362.44,362.44,2
V,2026-09-22 17:40:00-04:00,362.42,362.42,362.42,362.42,2
V,2026-09-22 17:45:00-04:00,362.42,362.42,362.42,362.42,0
V,2026-09-22 17:50:00-04:00,362.61,362.61,362.61,362.61,3
V,2026-09-22 17:55:00-04:00,362.61,362.61,362.61,362.61,0
V,2026-09-22 18:00:00-04:00,362.61,362.61,362.61,362.61,0
V,2026-09-22 18:05:00-04:00,362.61,362.61,362.61,362.61,0
V,2026-09-22 18:10:00-04:00,362.61,362.61,362.61,362.61,0
V,2026-09-22 18:15:00-04:00,362.63,362.86,362.63,362.82,13
V,2026-09-22 18:20:00-04:00,362.82,362.82,362.82,362.82,0
V,2026-09-22 18:25:00-04:00,362.82,362.82,362.82,362.82,0
V,2026-09-22 18:30:00-04:00,362.82,362.82,362.82,362.82,0
V,2026-09-22 18:35:00-04:00,362.82,362.82,362.82,362.82,0
V,2026-09-22 18:40:00-04:00,362.82,362.82,362.82,362.82,0
V,2026-09-22 18:45:00-04:00,362.82,362.82,362.82,362.82,0
V,2026-09-22 18:50:00-04:00,362.82,362.82,362.82,362.82,0
V,2026-09-22 18:55:00-04:00,362.7,362.7,362.7,362.7,1
V,2026-09-22 19:00:00-04:00,362.7,362.7,362.7,362.7,0
V,2026-09-22 19:05:00-04:00,362.7,362.7,362.7,362.7,0
V,2026-09-22 19:10:00-04:00,362.8,362.8,362.79,362.8,1
V,2026-09-22 19:15:00-04:00,362.8,362.8,362.8,362.8,0
V,2026-09-22 19:20:00-04:00,362.51,362.51,362.51,362.51,12
V,2026-09-22 19:25:00-04:00,362.51,362.51,362.51,362.51,0
V,2026-09-22 19:30:00-04:00,362.51,362.51,362.51,362.51,0
V,2026-09-22 19:35:00-04:00,362.51,362.51,362.51,362.51,0
V,2026-09-22 19:40:00-04:00,362.53,362.53,362.52,362.52,4
V,2026-09-22 19:45:00-04:00,362.52,362.52,362.52,362.52,0
V,2026-09-22 19:50:00-04:00,362.55,362.55,362.55,362.55,6
V,2026-09-22 19:55:00-04:00,362.55,362.55,362.55,362.55,0
V,2026-09-23 04:10:00-04:00,363.5,363.7,363.49,363.7,19
V,2026-09-23 04:15:00-04:00,363.9,363.95,363.9,363.95,4
V,2026-09-23 04:20:00-04:00,363.95,363.95,363.95,363.95,0
V,2026-09-23 04:25:00-04:00,364.0,364.0,364.0,364.0,5
V,2026-09-23 04:30:00-04:00,364.0,364.0,364.0,364.0,0
V,2026-09-23 04:35:00-04:00,364.0,364.0,364.0,364.0,0
V,2026-09-23 04:40:00-04:00,364.0,364.0,364.0,364.0,0
V,2026-09-23 04:45:00-04:00,364.0,364.0,364.0,364.0,0
V,2026-09-23 04:50:00-04:00,364.0,364.0,364.0,364.0,0
V,2026-09-23 04:55:00-04:00,364.0,364.0,364.0,364.0,0
V,2026-09-23 05:00:00-04:00,364.0,364.0,364.0,364.0,0
V,2026-09-23 05:05:00-04:00,364.0,364.0,364.0,364.0,0
V,2026-09-23 05:10:00-04:00,362.76,362.76,362.76,362.76,1
V,2026-09-23 05:15:00-04:00,362.76,362.76,362.76,362.76,0
V,2026-09-23 05:20:00-04:00,362.76,362.76,362.76,362.76,0
V,2026-09-23 05:25:00-04:00,362.76,362.76,362.76,362.76,0
V,2026-09-23 05:30:00-04:00,362.76,362.76,362.76,362.76,0
V,2026-09-23 05:35:00-04:00,362.76,362.76,362.76,362.76,0
V,2026-09-23 05:40:00-04:00,362.76,362.76,362.76,362.76,0
V,2026-09-23 05:45:00-04:00,362.76,362.76,362.76,362.76,0
V,2026-09-23 05:50:00-04:00,362.7,362.7,362.7,362.7,1
V,2026-09-23 05:55:00-04:00,362.7,362.7,362.7,362.7,0
V,2026-09-23 06:00:00-04:00,362.7,362.7,362.7,362.7,0
V,2026-09-23 06:05:00-04:00,362.7,362.7,362.7,362.7,0
V,2026-09-23 06:10:00-04:00,362.7,362.7,362.7,362.7,0
V,2026-09-23 06:15:00-04:00,362.7,362.7,362.7,362.7,0
V,2026-09-23 06:20:00-04:00,362.7,362.7,362.7,362.7,0
V,2026-09-23 06:25:00-04:00,362.7,362.7,362.7,362.7,0
V,2026-09-23 06:30:00-04:00,362.7,362.7,362.7,362.7,0
V,2026-09-23 06:35:00-04:00,362.7,362.7,362.7,362.7,0
V,2026-09-23 06:40:00-04:00,362.7,362.7,362.7,362.7,0
V,2026-09-23 06:45:00-04:00,362.7,362.7,362.7,362.7,0
V,2026-09-23 06:50:00-04:00,362.7,362.7,362.7,362.7,0
V,2026-09-23 06:55:00-04:00,362.7,362.7,362.7,362.7,0
V,2026-09-23 07:00:00-04:00,362.7,362.7,362.7,362.7,1
V,2026-09-23 07:05:00-04:00,362.7,362.7,362.7,362.7,0
V,2026-09-23 07:10:00-04:00,362.7,362.7,362.7,362.7,0
V,2026-09-23 07:15:00-04:00,362.7,362.7,362.7,362.7,0
V,2026-09-23 07:20:00-04:00,362.4,362.41,362.4,362.4,2
V,2026-09-23 07:25:00-04:00,362.4,362.4,362.4,362.4,2
V,2026-09-23 07:30:00-04:00,362.4,362.4,362.4,362.4,0
V,2026-09-23 07:35:00-04:00,362.65,362.65,362.65,362.65,2
V,2026-09-23 07:40:00-04:00,362.65,362.65,362.65,362.65,0
V,2026-09-23 07:45:00-04:00,362.65,362.65,362.4,362.4,2
V,2026-09-23 07:50:00-04:00,362.4,362.4,362.4,362.4,0
V,2026-09-23 07:55:00-04:00,362.4,362.4,362.4,362.4,0
V,2026-09-23 08:00:00-04:00,362.04,362.04,362.04,362.04,4
V,2026-09-23 08:05:00-04:00,362.4,362.4,362.4,362.4,2
V,2026-09-23 08:10:00-04:00,362.4,362.4,362.4,362.4,0
V,2026-09-23 08:15:00-04:00,362.4,362.4,362.4,362.4,0
V,2026-09-23 08:20:00-04:00,362.4,362.4,362.4,362.4,0
V,2026-09-23 08:25:00-04:00,362.4,362.4,362.4,362.4,0
V,2026-09-23 08:30:00-04:00,362.4,362.4,362.4,362.4,0
V,2026-09-23 08:35:00-04:00,362.4,362.4,362.4,362.4,0
V,2026-09-23 08:40:00-04:00,362.31,362.31,362.25,362.25,8
V,2026-09-23 08:45:00-04:00,362.04,362.04,362.0,362.0,11
V,2026-09-23 08:50:00-04:00,362.0,362.0,362.0,362.0,0
V,2026-09-23 08:55:00-04:00,361.97,361.97,361.97,361.97,23
V,2026-09-23 09:00:00-04:00,361.94,361.94,361.94,361.94,1
V,2026-09-23 09:05:00-04:00,361.81,361.81,361.81,361.81,2
V,2026-09-23 09:10:00-04:00,361.8,361.8,361.8,361.8,1
V,2026-09-23 09:15:00-04:00,361.8,361.8,361.8,361.8,0
V,2026-09-23 09:20:00-04:00,361.6,361.94,361.6,361.94,2
V,2026-09-23 09:25:00-04:00,361.31,361.31,360.94,360.94,3
V,2026-09-23 09:30:00-04:00,361.24,365.48,360.0,365.0,3643
V,2026-09-23 09:35:00-04:00,364.94,366.08,363.83,365.71,1322
V,2026-09-23 09:40:00-04:00,365.87,366.33,364.93,365.56,1107
V,2026-09-23 09:45:00-04:00,365.55,365.62,364.1,364.45,1813
V,2026-09-23 09:50:00-04:00,364.42,364.59,363.59,363.72,816
V,2026-09-23 09:55:00-04:00,363.71,363.82,362.01,362.01,757
V,2026-09-23 10:00:00-04:00,362.07,362.87,360.6,360.62,1450
V,2026-09-23 10:05:00-04:00,360.88,362.76,360.57,362.59,962
V,2026-09-23 10:10:00-04:00,362.59,363.44,362.3,363.31,922
V,2026-09-23 10:15:00-04:00,363.31,363.94,362.94,363.82,1556
V,2026-09-23 10:20:00-04:00,363.81,364.03,363.44,363.56,802
V,2026-09-23 10:25:00-04:00,363.56,363.71,363.1,363.54,945
V,2026-09-23 10:30:00-04:00,363.59,364.45,363.43,363.79,844
V,2026-09-23 10:35:00-04:00,363.73,364.25,363.45,363.54,1340
V,2026-09-23 10:40:00-04:00,363.56,364.14,363.42,363.46,534
V,2026-09-23 10:45:00-04:00,363.46,364.03,363.26,363.58,708
V,2026-09-23 10:50:00-04:00,363.56,363.7,362.96,363.03,1273
V,2026-09-23 10:55:00-04:00,363.07,363.18,362.64,362.69,456
V,2026-09-23 11:00:00-04:00,362.74,363.07,362.56,363.0,762
V,2026-09-23 11:05:00-04:00,363.02,363.28,362.95,363.25,690
V,2026-09-23 11:10:00-04:00,363.3,363.31,362.72,362.77,669
V,2026-09-23 11:15:00-04:00,362.71,363.29,362.58,362.73,637
V,2026-09-23 11:20:00-04:00,362.82,363.06,362.73,363.0,585
V,2026-09-23 11:25:00-04:00,362.95,363.37,362.54,362.61,1627
V,2026-09-23 11:30:00-04:00,362.61,362.97,362.45,362.81,590
V,2026-09-23 11:35:00-04:00,362.83,363.13,362.8,362.98,543
V,2026-09-23 11:40:00-04:00,362.98,363.14,362.92,363.08,654
V,2026-09-23 11:45:00-04:00,363.04,363.16,362.91,363.13,971
V,2026-09-23 11:50:00-04:00,363.13,363.27,363.03,363.11,475
V,2026-09-23 11:55:00-04:00,363.05,363.65,363.03,363.64,689
V,2026-09-23 12:00:00-04:00,363.59,363.92,363.33,363.41,563
V,2026-09-23 12:05:00-04:00,363.41,363.57,363.34,363.53,465
V,2026-09-23 12:10:00-04:00,363.49,363.63,363.29,363.31,528
V,2026-09-23 12:15:00-04:00,363.31,363.38,362.76,362.86,665
V,2026-09-23 12:20:00-04:00,362.79,363.12,362.77,363.01,463
V,2026-09-23 12:25:00-04:00,363.0,363.3,362.9,363.26,606
V,2026-09-23 12:30:00-04:00,363.25,363.38,362.85,362.9,402
V,2026-09-23 12:35:00-04:00,362.9,363.08,362.84,363.06,348
V,2026-09-23 12:40:00-04:00,363.06,363.18,362.95,362.95,538
V,2026-09-23 12:45:00-04:00,362.96,363.02,362.56,362.66,468
V,2026-09-23 12:50:00-04:00,362.66,362.93,362.65,362.81,471
V,2026-09-23 12:55:00-04:00,362.86,363.04,362.8,362.92,398
V,2026-09-23 13:00:00-04:00,362.91,363.02,362.39,362.51,990
V,2026-09-23 13:05:00-04:00,362.46,362.51,362.07,362.46,1452
V,2026-09-23 13:10:00-04:00,362.46,362.62,362.39,362.55,339
V,2026-09-23 13:15:00-04:00,362.55,362.7,362.44,362.56,402
V,2026-09-23 13:20:00-04:00,362.51,362.65,362.32,362.4,350
V,2026-09-23 13:25:00-04:00,362.44,362.5,362.24,362.25,511
V,2026-09-23 13:30:00-04:00,362.23,362.55,362.09,362.17,647
V,2026-09-23 13:35:00-04:00,362.21,362.23,361.57,361.69,483
V,2026-09-23 13:40:00-04:00,361.68,362.06,361.64,361.87,463
V,2026-09-23 13:45:00-04:00,361.87,362.07,361.75,361.89,329
V,2026-09-23 13:50:00-04:00,361.89,362.0,361.63,361.83,636
V,2026-09-23 13:55:00-04:00,361.84,362.18,361.82,362.09,529
V,2026-09-23 14:00:00-04:00,362.09,362.09,361.43,361.71,834
V,2026-09-23 14:05:00-04:00,361.73,361.83,361.57,361.78,382
V,2026-09-23 14:10:00-04:00,361.81,361.92,361.71,361.79,459
V,2026-09-23 14:15:00-04:00,361.78,361.79,361.52,361.66,537
V,2026-09-23 14:20:00-04:00,361.61,361.75,361.56,361.69,530
V,2026-09-23 14:25:00-04:00,361.69,361.7,361.33,361.41,584
V,2026-09-23 14:30:00-04:00,361.39,361.45,361.1,361.3,661
V,2026-09-23 14:35:00-04:00,361.26,361.46,361.15,361.4,725
V,2026-09-23 14:40:00-04:00,361.37,361.62,361.33,361.48,353
V,2026-09-23 14:45:00-04:00,361.48,361.67,361.45,361.48,560
V,2026-09-23 14:50:00-04:00,361.48,361.63,361.42,361.61,314
V,2026-09-23 14:55:00-04:00,361.64,361.76,361.39,361.45,600
V,2026-09-23 15:00:00-04:00,361.45,361.53,361.05,361.15,981
V,2026-09-23 15:05:00-04:00,361.13,361.26,361.0,361.23,749
V,2026-09-23 15:10:00-04:00,361.2,361.63,361.17,361.63,641
V,2026-09-23 15:15:00-04:00,361.65,361.65,361.34,361.4,812
V,2026-09-23 15:20:00-04:00,361.4,361.41,361.13,361.14,1132
V,2026-09-23 15:25:00-04:00,361.12,361.27,361.02,361.21,1190
V,2026-09-23 15:30:00-04:00,361.14,361.31,361.04,361.14,1538
V,2026-09-23 15:35:00-04:00,361.11,361.35,361.11,361.25,1343
V,2026-09-23 15:40:00-04:00,361.25,361.42,361.14,361.27,1505
V,2026-09-23 15:45:00-04:00,361.26,361.39,361.03,361.15,1871
V,2026-09-23 15:50:00-04:00,361.19,361.54,360.8,361.39,2330
V,2026-09-23 15:55:00-04:00,361.35,361.8,361.25,361.59,6001
V,2026-09-23 16:00:00-04:00,361.53,362.21,361.52,362.09,28195
V,2026-09-23 16:05:00-04:00,361.92,361.92,361.91,361.92,2
V,2026-09-23 16:10:00-04:00,361.92,361.92,361.92,361.92,0
V,2026-09-23 16:15:00-04:00,361.52,361.52,361.52,361.52,960
V,2026-09-23 16:20:00-04:00,361.52,361.52,361.52,361.52,0
V,2026-09-23 16:25:00-04:00,361.6,361.6,361.59,361.6,3
V,2026-09-23 16:30:00-04:00,361.6,361.6,361.6,361.6,0
V,2026-09-23 16:35:00-04:00,361.88,361.88,361.88,361.88,5
V,2026-09-23 16:40:00-04:00,361.88,361.88,361.88,361.88,0
V,2026-09-23 16:45:00-04:00,361.6,361.6,361.6,361.6,5
V,2026-09-23 16:50:00-04:00,361.6,361.6,361.6,361.6,0
V,2026-09-23 16:55:00-04:00,361.6,361.6,361.6,361.6,0
V,2026-09-23 17:00:00-04:00,361.6,361.6,361.6,361.6,0
V,2026-09-23 17:05:00-04:00,361.6,361.6,361.6,361.6,0
V,2026-09-23 17:10:00-04:00,360.96,360.96,360.95,360.96,2
V,2026-09-23 17:15:00-04:00,360.96,360.96,360.96,360.96,0
V,2026-09-23 17:20:00-04:00,360.96,360.96,360.96,360.96,0
V,2026-09-23 17:25:00-04:00,360.96,360.96,360.96,360.96,0
V,2026-09-23 17:30:00-04:00,360.96,360.96,360.96,360.96,0
V,2026-09-23 17:35:00-04:00,360.96,360.96,360.96,360.96,0
V,2026-09-23 17:40:00-04:00,360.96,360.96,360.96,360.96,0
V,2026-09-23 17:45:00-04:00,361.18,361.19,361.18,361.18,4
V,2026-09-23 17:50:00-04:00,361.18,361.18,361.18,361.18,0
V,2026-09-23 17:55:00-04:00,361.18,361.18,361.18,361.18,0
V,2026-09-23 18:00:00-04:00,361.18,361.18,361.18,361.18,0
V,2026-09-23 18:05:00-04:00,361.18,361.18,361.18,361.18,0
V,2026-09-23 18:10:00-04:00,361.18,361.18,361.18,361.18,0
V,2026-09-23 18:15:00-04:00,361.18,361.18,361.18,361.18,0
V,2026-09-23 18:20:00-04:00,361.18,361.18,361.18,361.18,0
V,2026-09-23 18:25:00-04:00,361.18,361.18,361.18,361.18,0
V,2026-09-23 18:30:00-04:00,361.18,361.18,361.18,361.18,0
V,2026-09-23 18:35:00-04:00,361.18,361.18,361.18,361.18,0
V,2026-09-23 18:40:00-04:00,361.52,361.52,361.52,361.52,2
V,2026-09-23 18:45:00-04:00,361.52,361.52,361.52,361.52,0
V,2026-09-23 18:50:00-04:00,361.52,361.52,361.52,361.52,0
V,2026-09-23 18:55:00-04:00,361.52,361.52,361.52,361.52,0
V,2026-09-23 19:00:00-04:00,361.52,361.52,361.52,361.52,0
V,2026-09-23 19:05:00-04:00,361.81,361.81,361.8,361.8,7
V,2026-09-23 19:10:00-04:00,361.8,361.8,361.8,361.8,0
V,2026-09-23 19:15:00-04:00,361.8,361.8,361.8,361.8,0
V,2026-09-23 19:20:00-04:00,361.55,361.55,361.54,361.55,15
V,2026-09-23 19:25:00-04:00,361.55,361.55,361.55,361.55,0
V,2026-09-23 19:30:00-04:00,361.55,361.55,361.55,361.55,0
V,2026-09-23 19:35:00-04:00,361.55,361.55,361.55,361.55,0
V,2026-09-23 19:40:00-04:00,361.55,361.55,361.55,361.55,0
V,2026-09-23 19:45:00-04:00,361.55,361.55,361.55,361.55,0
V,2026-09-23 19:50:00-04:00,361.55,361.55,361.55,361.55,0
V,2026-09-23 19:55:00-04:00,361.55,361.55,361.54,361.55,0
V,2026-09-24 04:00:00-04:00,361.05,361.05,361.05,361.05,3
V,2026-09-24 04:05:00-04:00,361.05,361.05,361.05,361.05,0
V,2026-09-24 04:10:00-04:00,361.0,361.0,361.0,361.0,2
V,2026-09-24 04:15:00-04:00,361.0,361.0,361.0,361.0,0
V,2026-09-24 04:20:00-04:00,361.0,361.0,361.0,361.0,0
V,2026-09-24 04:25:00-04:00,361.0,361.0,361.0,361.0,0
V,2026-09-24 04:30:00-04:00,361.0,361.0,361.0,361.0,0
V,2026-09-24 04:35:00-04:00,361.0,361.0,361.0,361.0,0
V,2026-09-24 04:40:00-04:00,360.87,360.87,360.87,360.87,1
V,2026-09-24 04:45:00-04:00,360.87,360.87,360.87,360.87,0
V,2026-09-24 04:50:00-04:00,360.87,360.87,360.87,360.87,0
V,2026-09-24 04:55:00-04:00,360.87,360.87,360.87,360.87,0
V,2026-09-24 05:00:00-04:00,360.87,360.87,360.87,360.87,0
V,2026-09-24 05:05:00-04:00,360.87,360.87,360.87,360.87,0
V,2026-09-24 05:10:00-04:00,360.87,360.87,360.87,360.87,0
V,2026-09-24 05:15:00-04:00,360.87,360.87,360.87,360.87,0
V,2026-09-24 05:20:00-04:00,360.87,360.87,360.87,360.87,0
V,2026-09-24 05:25:00-04:00,360.87,360.87,360.87,360.87,0
V,2026-09-24 05:30:00-04:00,360.87,360.87,360.87,360.87,0
V,2026-09-24 05:35:00-04:00,360.87,360.87,360.87,360.87,0
V,2026-09-24 05:40:00-04:00,360.87,360.87,360.87,360.87,0
V,2026-09-24 05:45:00-04:00,360.87,360.87,360.87,360.87,0
V,2026-09-24 05:50:00-04:00,360.87,360.87,360.87,360.87,0
V,2026-09-24 05:55:00-04:00,360.87,360.87,360.87,360.87,0
V,2026-09-24 06:00:00-04:00,360.87,360.87,360.87,360.87,0
V,2026-09-24 06:05:00-04:00,360.87,360.87,360.87,360.87,0
V,2026-09-24 06:10:00-04:00,360.87,360.87,360.87,360.87,0
V,2026-09-24 06:15:00-04:00,360.87,360.87,360.87,360.87,0
V,2026-09-24 06:20:00-04:00,360.87,360.87,360.87,360.87,0
V,2026-09-24 06:25:00-04:00,360.87,360.87,360.87,360.87,0
V,2026-09-24 06:30:00-04:00,360.87,360.87,360.87,360.87,0
V,2026-09-24 06:35:00-04:00,360.87,360.87,360.87,360.87,0
V,2026-09-24 06:40:00-04:00,360.87,360.87,360.87,360.87,0
V,2026-09-24 06:45:00-04:00,361.52,361.52,361.52,361.52,12
V,2026-09-24 06:50:00-04:00,361.52,361.52,361.52,361.52,0
V,2026-09-24 06:55:00-04:00,361.52,361.52,361.52,361.52,0
V,2026-09-24 07:00:00-04:00,361.52,361.52,361.52,361.52,0
V,2026-09-24 07:05:00-04:00,361.52,361.52,361.52,361.52,0
V,2026-09-24 07:10:00-04:00,361.52,361.52,361.52,361.52,0
V,2026-09-24 07:15:00-04:00,361.52,361.52,361.52,361.52,0
V,2026-09-24 07:20:00-04:00,361.52,361.52,361.52,361.52,0
V,2026-09-24 07:25:00-04:00,361.5,361.5,361.5,361.5,1
V,2026-09-24 07:30:00-04:00,361.5,361.5,361.5,361.5,0
V,2026-09-24 07:35:00-04:00,361.5,361.5,361.5,361.5,0
V,2026-09-24 07:40:00-04:00,361.5,361.5,361.5,361.5,0
V,2026-09-24 07:45:00-04:00,361.5,361.5,361.5,361.5,0
V,2026-09-24 07:50:00-04:00,361.5,361.5,361.5,361.5,0
V,2026-09-24 07:55:00-04:00,361.51,361.51,361.51,361.51,1
V,2026-09-24 08:00:00-04:00,361.5,361.5,361.45,361.45,8
V,2026-09-24 08:05:00-04:00,361.45,361.45,361.45,361.45,0
V,2026-09-24 08:10:00-04:00,361.45,361.45,361.45,361.45,0
V,2026-09-24 08:15:00-04:00,361.45,361.45,361.45,361.45,0
V,2026-09-24 08:20:00-04:00,361.45,361.45,361.45,361.45,0
V,2026-09-24 08:25:00-04:00,361.45,361.45,361.45,361.45,0
V,2026-09-24 08:30:00-04:00,361.45,361.45,361.45,361.45,0
V,2026-09-24 08:35:00-04:00,361.32,361.32,361.32,361.32,5
V,2026-09-24 08:40:00-04:00,361.32,361.32,361.32,361.32,0
V,2026-09-24 08:45:00-04:00,362.11,363.0,362.11,363.0,29
V,2026-09-24 08:50:00-04:00,362.86,362.9,362.86,362.9,3
V,2026-09-24 08:55:00-04:00,363.0,363.56,363.0,363.56,3
V,2026-09-24 09:00:00-04:00,363.02,363.02,363.02,363.02,3
V,2026-09-24 09:05:00-04:00,362.93,362.93,362.9,362.9,5
V,2026-09-24 09:10:00-04:00,362.9,362.9,362.9,362.9,0
V,2026-09-24 09:15:00-04:00,362.9,362.9,362.9,362.9,0
V,2026-09-24 09:20:00-04:00,362.9,363.2,362.9,363.2,10
V,2026-09-24 09:25:00-04:00,363.23,363.3,361.26,362.19,42
V,2026-09-24 09:30:00-04:00,362.27,365.72,362.0,364.9,3318
V,2026-09-24 09:35:00-04:00,364.53,364.79,362.24,362.63,1093
V,2026-09-24 09:40:00-04:00,362.57,362.82,362.17,362.56,798
V,2026-09-24 09:45:00-04:00,362.56,364.07,362.33,364.07,1261
V,2026-09-24 09:50:00-04:00,363.95,365.0,363.92,365.0,673
V,2026-09-24 09:55:00-04:00,365.05,365.47,364.81,365.35,1442
V,2026-09-24 10:00:00-04:00,365.19,366.92,364.97,366.86,1220
V,2026-09-24 10:05:00-04:00,366.82,367.82,366.76,367.61,1377
V,2026-09-24 10:10:00-04:00,367.72,368.21,367.14,367.53,1212
V,2026-09-24 10:15:00-04:00,367.53,367.63,366.95,367.29,990
V,2026-09-24 10:20:00-04:00,367.29,367.31,366.85,366.99,592
V,2026-09-24 10:25:00-04:00,367.03,367.03,366.16,366.22,449
V,2026-09-24 10:30:00-04:00,366.21,366.68,365.61,365.81,435
V,2026-09-24 10:35:00-04:00,365.88,366.5,365.86,366.25,456
V,2026-09-24 10:40:00-04:00,366.31,366.32,365.48,365.61,348
V,2026-09-24 10:45:00-04:00,365.5,365.61,365.18,365.49,708
V,2026-09-24 10:50:00-04:00,365.55,365.65,365.0,365.0,337
V,2026-09-24 10:55:00-04:00,365.07,365.38,364.71,364.88,585
V,2026-09-24 11:00:00-04:00,364.87,365.06,364.57,364.9,548
V,2026-09-24 11:05:00-04:00,364.9,365.94,364.83,365.46,1042
V,2026-09-24 11:10:00-04:00,365.49,365.66,364.72,364.72,605
V,2026-09-24 11:15:00-04:00,364.74,365.43,364.62,365.38,795
V,2026-09-24 11:20:00-04:00,365.37,365.86,365.29,365.72,387
V,2026-09-24 11:25:00-04:00,365.66,365.74,365.25,365.43,598
V,2026-09-24 11:30:00-04:00,365.43,365.55,365.11,365.19,560
V,2026-09-24 11:35:00-04:00,365.21,365.75,365.21,365.61,388
V,2026-09-24 11:40:00-04:00,365.61,365.81,365.52,365.62,355
V,2026-09-24 11:45:00-04:00,365.62,365.7,365.36,365.57,304
V,2026-09-24 11:50:00-04:00,365.47,365.55,365.23,365.39,257
V,2026-09-24 11:55:00-04:00,365.34,365.48,365.17,365.32,380
V,2026-09-24 12:00:00-04:00,365.38,365.45,365.25,365.41,407
V,2026-09-24 12:05:00-04:00,365.41,365.59,365.27,365.3,386
V,2026-09-24 12:10:00-04:00,365.32,365.4,364.81,364.92,996
V,2026-09-24 12:15:00-04:00,365.0,365.74,364.5,364.72,1890
V,2026-09-24 12:20:00-04:00,364.7,366.08,364.34,365.72,3291
V,2026-09-24 12:25:00-04:00,365.71,365.98,365.4,365.59,1372
V,2026-09-24 12:30:00-04:00,365.6,365.98,365.37,365.45,359
V,2026-09-24 12:35:00-04:00,365.41,366.18,365.4,366.1,313
V,2026-09-24 12:40:00-04:00,366.13,366.18,365.61,365.79,399
V,2026-09-24 12:45:00-04:00,365.69,366.25,365.32,366.14,741
V,2026-09-24 12:50:00-04:00,366.17,366.39,365.77,365.97,696
V,2026-09-24 12:55:00-04:00,366.04,366.15,365.32,365.33,452
V,2026-09-24 13:00:00-04:00,365.29,365.55,364.73,364.81,804
V,2026-09-24 13:05:00-04:00,364.89,365.36,364.67,365.33,328
V,2026-09-24 13:10:00-04:00,365.26,365.86,365.1,365.86,565
V,2026-09-24 13:15:00-04:00,365.85,366.33,365.59,365.65,644
V,2026-09-24 13:20:00-04:00,365.65,365.76,365.42,365.47,345
V,2026-09-24 13:25:00-04:00,365.44,365.73,365.29,365.6,364
V,2026-09-24 13:30:00-04:00,365.64,366.14,365.55,365.81,559
V,2026-09-24 13:35:00-04:00,365.85,366.32,365.73,366.32,715
V,2026-09-24 13:40:00-04:00,366.24,366.36,365.82,365.94,490
V,2026-09-24 13:45:00-04:00,365.96,365.99,365.73,365.75,422
V,2026-09-24 13:50:00-04:00,365.74,366.02,365.64,366.0,395
V,2026-09-24 13:55:00-04:00,365.99,366.15,365.86,365.88,429
V,2026-09-24 14:00:00-04:00,365.88,366.16,365.86,366.02,1109
V,2026-09-24 14:05:00-04:00,365.99,366.54,365.96,366.12,843
V,2026-09-24 14:10:00-04:00,366.13,366.19,365.77,366.19,583
V,2026-09-24 14:15:00-04:00,366.19,366.59,365.99,366.33,1362
V,2026-09-24 14:20:00-04:00,366.33,366.36,366.13,366.15,841
V,2026-09-24 14:25:00-04:00,366.13,366.46,366.01,366.29,748
V,2026-09-24 14:30:00-04:00,366.23,366.48,366.03,366.27,513
V,2026-09-24 14:35:00-04:00,366.28,366.65,366.01,366.65,576
V,2026-09-24 14:40:00-04:00,366.63,366.67,366.16,366.65,537
V,2026-09-24 14:45:00-04:00,366.61,366.69,366.31,366.44,395
V,2026-09-24 14:50:00-04:00,366.37,366.6,366.27,366.38,417
V,2026-09-24 14:55:00-04:00,366.41,366.8,366.41,366.62,365
V,2026-09-24 15:00:00-04:00,366.62,366.72,366.24,366.4,505
V,2026-09-24 15:05:00-04:00,366.44,366.89,366.43,366.85,406
V,2026-09-24 15:10:00-04:00,366.85,366.97,366.81,366.9,631
V,2026-09-24 15:15:00-04:00,366.93,366.93,366.49,366.74,528
V,2026-09-24 15:20:00-04:00,366.71,366.87,366.58,366.81,722
V,2026-09-24 15:25:00-04:00,366.81,367.17,366.69,367.13,964
V,2026-09-24 15:30:00-04:00,367.08,367.42,367.03,367.4,870
V,2026-09-24 15:35:00-04:00,367.4,367.48,367.17,367.38,736
V,2026-09-24 15:40:00-04:00,367.38,367.62,367.23,367.53,859
V,2026-09-24 15:45:00-04:00,367.5,367.77,367.39,367.54,842
V,2026-09-24 15:50:00-04:00,367.5,367.94,367.45,367.84,1439
V,2026-09-24 15:55:00-04:00,367.81,368.09,367.56,367.82,4966
V,2026-09-24 16:00:00-04:00,367.82,368.0,366.78,366.81,20465
V,2026-09-24 16:05:00-04:00,366.81,366.81,366.81,366.81,0
V,2026-09-24 16:10:00-04:00,367.59,367.59,367.5,367.5,3
V,2026-09-24 16:15:00-04:00,367.5,367.5,367.5,367.5,0
V,2026-09-24 16:20:00-04:00,367.6,367.6,367.6,367.6,3
V,2026-09-24 16:25:00-04:00,367.6,367.6,367.6,367.6,0
V,2026-09-24 16:30:00-04:00,367.36,367.44,367.32,367.44,7
V,2026-09-24 16:35:00-04:00,367.44,367.44,367.44,367.44,0
V,2026-09-24 16:40:00-04:00,367.44,367.44,367.44,367.44,0
V,2026-09-24 16:45:00-04:00,367.44,367.44,367.44,367.44,0
V,2026-09-24 16:50:00-04:00,367.31,367.31,367.31,367.31,2
V,2026-09-24 16:55:00-04:00,367.37,367.37,367.37,367.37,1
V,2026-09-24 17:00:00-04:00,367.37,367.37,367.37,367.37,0
V,2026-09-24 17:05:00-04:00,367.37,367.37,367.37,367.37,0
V,2026-09-24 17:10:00-04:00,367.37,367.37,367.37,367.37,0
V,2026-09-24 17:15:00-04:00,367.37,367.37,367.37,367.37,0
V,2026-09-24 17:20:00-04:00,367.37,367.37,367.37,367.37,0
V,2026-09-24 17:25:00-04:00,367.37,367.37,367.37,367.37,0
V,2026-09-24 17:30:00-04:00,367.37,367.37,367.37,367.37,0
V,2026-09-24 17:35:00-04:00,367.37,367.37,367.37,367.37,0
V,2026-09-24 17:40:00-04:00,367.37,367.37,367.37,367.37,0
V,2026-09-24 17:45:00-04:00,367.37,367.37,367.37,367.37,0
V,2026-09-24 17:50:00-04:00,367.37,367.37,367.37,367.37,0
V,2026-09-24 17:55:00-04:00,367.37,367.37,367.37,367.37,0
V,2026-09-24 18:00:00-04:00,367.37,367.37,367.37,367.37,0
V,2026-09-24 18:05:00-04:00,367.37,367.37,367.37,367.37,0
V,2026-09-24 18:10:00-04:00,367.37,367.37,367.37,367.37,0
V,2026-09-24 18:15:00-04:00,367.98,367.98,367.98,367.98,36
V,2026-09-24 18:20:00-04:00,367.98,367.98,367.98,367.98,0
V,2026-09-24 18:25:00-04:00,367.98,367.98,367.98,367.98,0
WMT,2026-09-22 04:00:00-04:00,107.69,108.01,107.46,107.95,56
WMT,2026-09-22 04:05:00-04:00,107.88,107.88,107.82,107.82,5
WMT,2026-09-22 04:10:00-04:00,107.82,107.83,107.82,107.83,3
WMT,2026-09-22 04:15:00-04:00,107.81,107.81,107.81,107.81,3
WMT,2026-09-22 04:20:00-04:00,107.9,107.9,107.9,107.9,2
WMT,2026-09-22 04:25:00-04:00,107.8,107.8,107.8,107.8,2
WMT,2026-09-22 04:30:00-04:00,107.8,107.83,107.8,107.82,5
WMT,2026-09-22 04:35:00-04:00,107.82,107.83,107.82,107.83,3
WMT,2026-09-22 04:40:00-04:00,107.82,107.82,107.82,107.82,1
WMT,2026-09-22 04:45:00-04:00,107.82,107.82,107.82,107.82,0
WMT,2026-09-22 04:50:00-04:00,107.82,107.82,107.82,107.82,0
WMT,2026-09-22 04:55:00-04:00,107.82,107.82,107.82,107.82,0
WMT,2026-09-22 05:00:00-04:00,107.82,107.82,107.82,107.82,0
WMT,2026-09-22 05:05:00-04:00,107.82,107.82,107.82,107.82,0
WMT,2026-09-22 05:10:00-04:00,107.92,107.92,107.89,107.89,7
WMT,2026-09-22 05:15:00-04:00,107.89,107.89,107.85,107.85,3
WMT,2026-09-22 05:20:00-04:00,107.85,107.85,107.81,107.81,20
WMT,2026-09-22 05:25:00-04:00,107.8,107.8,107.8,107.8,5
WMT,2026-09-22 05:30:00-04:00,107.8,107.8,107.8,107.8,1
WMT,2026-09-22 05:35:00-04:00,107.83,107.83,107.83,107.83,1
WMT,2026-09-22 05:40:00-04:00,107.83,107.83,107.83,107.83,0
WMT,2026-09-22 05:45:00-04:00,107.83,107.83,107.83,107.83,0
WMT,2026-09-22 05:50:00-04:00,107.77,107.77,107.66,107.66,23
WMT,2026-09-22 05:55:00-04:00,107.66,107.66,107.66,107.66,0
WMT,2026-09-22 06:00:00-04:00,107.66,107.66,107.66,107.66,0
WMT,2026-09-22 06:05:00-04:00,107.66,107.66,107.66,107.66,0
WMT,2026-09-22 06:10:00-04:00,107.66,107.66,107.66,107.66,0
WMT,2026-09-22 06:15:00-04:00,107.66,107.66,107.66,107.66,0
WMT,2026-09-22 06:20:00-04:00,107.66,107.66,107.66,107.66,0
WMT,2026-09-22 06:25:00-04:00,107.66,107.66,107.66,107.66,0
WMT,2026-09-22 06:30:00-04:00,107.66,107.66,107.66,107.66,0
WMT,2026-09-22 06:35:00-04:00,107.57,107.63,107.57,107.63,3
WMT,2026-09-22 06:40:00-04:00,107.63,107.63,107.63,107.63,0
WMT,2026-09-22 06:45:00-04:00,107.63,107.63,107.63,107.63,0
WMT,2026-09-22 06:50:00-04:00,107.63,107.64,107.63,107.64,48
WMT,2026-09-22 06:55:00-04:00,107.59,107.59,107.59,107.59,2
WMT,2026-09-22 07:00:00-04:00,107.63,107.7,107.63,107.7,10
WMT,2026-09-22 07:05:00-04:00,107.7,107.7,107.5,107.5,25
WMT,2026-09-22 07:10:00-04:00,107.66,107.66,107.53,107.53,5
WMT,2026-09-22 07:15:00-04:00,107.56,107.75,107.56,107.75,2
WMT,2026-09-22 07:20:00-04:00,107.54,107.61,107.54,107.61,12
WMT,2026-09-22 07:25:00-04:00,107.61,107.61,107.61,107.61,0
WMT,2026-09-22 07:30:00-04:00,107.59,107.6,107.59,107.59,2
WMT,2026-09-22 07:35:00-04:00,107.61,107.61,107.61,107.61,1
WMT,2026-09-22 07:40:00-04:00,107.72,107.73,107.67,107.67,20
WMT,2026-09-22 07:45:00-04:00,107.69,107.69,107.69,107.69,1
WMT,2026-09-22 07:50:00-04:00,107.74,107.81,107.74,107.8,22
WMT,2026-09-22 07:55:00-04:00,107.8,107.81,107.64,107.64,5
WMT,2026-09-22 08:00:00-04:00,107.76,107.76,107.76,107.76,1
WMT,2026-09-22 08:05:00-04:00,107.76,107.76,107.76,107.76,0
WMT,2026-09-22 08:10:00-04:00,107.8,107.8,107.8,107.8,1
WMT,2026-09-22 08:15:00-04:00,107.8,107.85,107.8,107.85,3
WMT,2026-09-22 08:20:00-04:00,107.97,108.0,107.92,108.0,42
WMT,2026-09-22 08:25:00-04:00,108.03,108.05,107.98,108.05,19
WMT,2026-09-22 08:30:00-04:00,108.0,108.11,108.0,108.11,26
WMT,2026-09-22 08:35:00-04:00,108.16,108.16,108.16,108.16,2
WMT,2026-09-22 08:40:00-04:00,108.1,108.24,108.0,108.23,16
WMT,2026-09-22 08:45:00-04:00,108.25,108.29,108.25,108.29,31
WMT,2026-09-22 08:50:00-04:00,108.0,108.19,108.0,108.19,2
WMT,2026-09-22 08:55:00-04:00,108.17,108.17,108.16,108.17,1
WMT,2026-09-22 09:00:00-04:00,108.34,108.35,108.33,108.33,13
WMT,2026-09-22 09:05:00-04:00,108.35,108.37,108.3,108.32,120
WMT,2026-09-22 09:10:00-04:00,108.3,108.48,108.25,108.25,34
WMT,2026-09-22 09:15:00-04:00,108.46,108.46,108.33,108.43,15
WMT,2026-09-22 09:20:00-04:00,108.41,108.41,108.3,108.39,11
WMT,2026-09-22 09:25:00-04:00,108.37,108.37,108.06,108.07,74
WMT,2026-09-22 09:30:00-04:00,108.12,108.36,107.86,108.23,4249
WMT,2026-09-22 09:35:00-04:00,108.23,108.24,107.91,108.0,1749
WMT,2026-09-22 09:40:00-04:00,107.99,108.17,107.89,108.15,1162
WMT,2026-09-22 09:45:00-04:00,108.15,108.15,107.87,108.0,1624
WMT,2026-09-22 09:50:00-04:00,108.0,108.0,107.74,107.76,1298
WMT,2026-09-22 09:55:00-04:00,107.77,107.81,107.61,107.77,1173
WMT,2026-09-22 10:00:00-04:00,107.78,107.98,107.78,107.94,1623
WMT,2026-09-22 10:05:00-04:00,107.94,108.06,107.87,107.95,1313
WMT,2026-09-22 10:10:00-04:00,107.94,107.97,107.72,107.78,1095
WMT,2026-09-22 10:15:00-04:00,107.77,108.01,107.75,107.89,1291
WMT,2026-09-22 10:20:00-04:00,107.88,107.99,107.84,107.93,1594
WMT,2026-09-22 10:25:00-04:00,107.95,108.08,107.9,107.99,695
WMT,2026-09-22 10:30:00-04:00,107.99,108.09,107.93,108.02,1183
WMT,2026-09-22 10:35:00-04:00,108.03,108.44,107.99,108.41,1869
WMT,2026-09-22 10:40:00-04:00,108.4,108.61,108.4,108.54,2100
WMT,2026-09-22 10:45:00-04:00,108.53,108.59,108.42,108.57,990
WMT,2026-09-22 10:50:00-04:00,108.55,108.59,108.49,108.51,726
WMT,2026-09-22 10:55:00-04:00,108.51,108.66,108.5,108.58,671
WMT,2026-09-22 11:00:00-04:00,108.57,108.69,108.53,108.53,654
WMT,2026-09-22 11:05:00-04:00,108.54,108.54,108.31,108.31,1113
WMT,2026-09-22 11:10:00-04:00,108.32,108.45,108.28,108.45,896
WMT,2026-09-22 11:15:00-04:00,108.45,108.72,108.44,108.72,1056
WMT,2026-09-22 11:20:00-04:00,108.72,109.17,108.71,109.09,2694
WMT,2026-09-22 11:25:00-04:00,109.09,109.11,108.87,108.9,1095
WMT,2026-09-22 11:30:00-04:00,108.89,108.92,108.76,108.79,974
WMT,2026-09-22 11:35:00-04:00,108.79,108.85,108.7,108.74,1002
WMT,2026-09-22 11:40:00-04:00,108.74,108.78,108.64,108.72,688
WMT,2026-09-22 11:45:00-04:00,108.72,108.8,108.71,108.75,989
WMT,2026-09-22 11:50:00-04:00,108.74,108.85,108.71,108.73,583
WMT,2026-09-22 11:55:00-04:00,108.74,108.82,108.72,108.82,796
WMT,2026-09-22 12:00:00-04:00,108.82,108.86,108.73,108.8,653
WMT,2026-09-22 12:05:00-04:00,108.8,109.01,108.78,108.99,896
WMT,2026-09-22 12:10:00-04:00,108.99,109.3,108.98,109.3,2092
WMT,2026-09-22 12:15:00-04:00,109.29,109.32,109.05,109.21,2224
WMT,2026-09-22 12:20:00-04:00,109.21,109.3,109.15,109.17,1421
WMT,2026-09-22 12:25:00-04:00,109.17,109.27,108.93,109.22,1438
WMT,2026-09-22 12:30:00-04:00,109.21,109.23,109.14,109.14,600
WMT,2026-09-22 12:35:00-04:00,109.14,109.25,109.11,109.21,724
WMT,2026-09-22 12:40:00-04:00,109.2,109.39,109.2,109.36,872
WMT,2026-09-22 12:45:00-04:00,109.36,109.47,109.33,109.47,957
WMT,2026-09-22 12:50:00-04:00,109.47,109.72,109.47,109.67,1348
WMT,2026-09-22 12:55:00-04:00,109.68,109.83,109.66,109.72,1020
WMT,2026-09-22 13:00:00-04:00,109.72,109.8,109.57,109.61,1334
WMT,2026-09-22 13:05:00-04:00,109.62,109.69,109.51,109.61,918
WMT,2026-09-22 13:10:00-04:00,109.61,109.75,109.55,109.56,797
WMT,2026-09-22 13:15:00-04:00,109.56,109.65,109.52,109.57,809
WMT,2026-09-22 13:20:00-04:00,109.58,109.69,109.58,109.68,815
WMT,2026-09-22 13:25:00-04:00,109.67,109.92,109.67,109.9,1642
WMT,2026-09-22 13:30:00-04:00,109.9,109.92,109.85,109.88,809
WMT,2026-09-22 13:35:00-04:00,109.88,109.99,109.85,109.95,775
WMT,2026-09-22 13:40:00-04:00,109.95,109.99,109.82,109.87,906
WMT,2026-09-22 13:45:00-04:00,109.87,109.89,109.75,109.79,1498
WMT,2026-09-22 13:50:00-04:00,109.77,109.92,109.74,109.81,999
WMT,2026-09-22 13:55:00-04:00,109.81,109.95,109.75,109.75,712
WMT,2026-09-22 14:00:00-04:00,109.75,109.84,109.7,109.77,693
WMT,2026-09-22 14:05:00-04:00,109.77,109.77,109.5,109.52,857
WMT,2026-09-22 14:10:00-04:00,109.53,109.63,109.51,109.63,672
WMT,2026-09-22 14:15:00-04:00,109.63,109.63,109.52,109.57,731
WMT,2026-09-22 14:20:00-04:00,109.57,109.61,109.52,109.56,485
WMT,2026-09-22 14:25:00-04:00,109.56,109.59,109.46,109.51,1071
WMT,2026-09-22 14:30:00-04:00,109.51,109.53,109.47,109.47,464
WMT,2026-09-22 14:35:00-04:00,109.47,109.6,109.47,109.6,793
WMT,2026-09-22 14:40:00-04:00,109.6,109.71,109.59,109.68,539
WMT,2026-09-22 14:45:00-04:00,109.68,109.76,109.67,109.71,952
WMT,2026-09-22 14:50:00-04:00,109.72,109.83,109.68,109.76,664
WMT,2026-09-22 14:55:00-04:00,109.76,109.83,109.71,109.82,833
WMT,2026-09-22 15:00:00-04:00,109.82,109.88,109.77,109.8,667
WMT,2026-09-22 15:05:00-04:00,109.8,109.84,109.74,109.84,748
WMT,2026-09-22 15:10:00-04:00,109.84,109.94,109.8,109.93,987
WMT,2026-09-22 15:15:00-04:00,109.93,109.98,109.87,109.92,971
WMT,2026-09-22 15:20:00-04:00,109.92,109.92,109.86,109.92,1000
WMT,2026-09-22 15:25:00-04:00,109.92,109.94,109.88,109.93,1133
WMT,2026-09-22 15:30:00-04:00,109.93,110.01,109.86,110.01,3101
WMT,2026-09-22 15:35:00-04:00,110.0,110.12,109.99,110.04,1504
WMT,2026-09-22 15:40:00-04:00,110.04,110.1,110.01,110.07,1564
WMT,2026-09-22 15:45:00-04:00,110.07,110.11,109.94,110.0,2181
WMT,2026-09-22 15:50:00-04:00,110.0,110.13,109.97,110.01,5026
WMT,2026-09-22 15:55:00-04:00,110.02,110.19,109.92,110.12,12130
WMT,2026-09-22 16:00:00-04:00,110.12,110.17,110.12,110.13,41927
WMT,2026-09-22 16:05:00-04:00,110.12,110.13,109.75,110.04,23
WMT,2026-09-22 16:10:00-04:00,110.0,110.0,109.75,109.99,15
WMT,2026-09-22 16:15:00-04:00,110.0,110.0,109.79,109.79,2
WMT,2026-09-22 16:20:00-04:00,109.85,110.0,109.84,109.85,10
WMT,2026-09-22 16:25:00-04:00,109.84,109.85,109.84,109.85,5
WMT,2026-09-22 16:30:00-04:00,109.98,109.98,109.96,109.96,4
WMT,2026-09-22 16:35:00-04:00,109.96,110.0,109.95,110.0,7
WMT,2026-09-22 16:40:00-04:00,109.95,110.0,109.95,110.0,6
WMT,2026-09-22 16:45:00-04:00,109.95,110.0,109.95,110.0,21
WMT,2026-09-22 16:50:00-04:00,109.95,110.1,109.95,110.1,15
WMT,2026-09-22 16:55:00-04:00,110.01,110.13,109.97,109.98,7
WMT,2026-09-22 17:00:00-04:00,110.05,110.05,110.05,110.05,1
WMT,2026-09-22 17:05:00-04:00,110.0,110.0,109.99,110.0,1
WMT,2026-09-22 17:10:00-04:00,110.0,110.0,110.0,110.0,0
WMT,2026-09-22 17:15:00-04:00,110.01,110.11,110.01,110.1,4
WMT,2026-09-22 17:20:00-04:00,110.1,110.1,110.1,110.1,0
WMT,2026-09-22 17:25:00-04:00,110.01,110.02,110.01,110.01,8
WMT,2026-09-22 17:30:00-04:00,110.08,110.08,110.02,110.02,4
WMT,2026-09-22 17:35:00-04:00,110.08,110.08,110.01,110.01,2
WMT,2026-09-22 17:40:00-04:00,110.08,110.08,110.08,110.08,11
WMT,2026-09-22 17:45:00-04:00,110.03,110.03,110.02,110.03,1
WMT,2026-09-22 17:50:00-04:00,110.03,110.03,110.03,110.03,0
WMT,2026-09-22 17:55:00-04:00,110.01,110.02,110.01,110.01,9
WMT,2026-09-22 18:00:00-04:00,110.07,110.11,110.07,110.11,2
WMT,2026-09-22 18:05:00-04:00,110.12,110.12,110.12,110.12,1
WMT,2026-09-22 18:10:00-04:00,110.06,110.06,110.03,110.03,12
WMT,2026-09-22 18:15:00-04:00,110.1,110.1,110.1,110.1,1
WMT,2026-09-22 18:20:00-04:00,110.04,110.1,110.04,110.1,4
WMT,2026-09-22 18:25:00-04:00,110.01,110.01,110.01,110.01,2
WMT,2026-09-22 18:30:00-04:00,110.04,110.09,110.04,110.09,2
WMT,2026-09-22 18:35:00-04:00,110.09,110.09,110.09,110.09,1
WMT,2026-09-22 18:40:00-04:00,110.08,110.08,110.02,110.03,11
WMT,2026-09-22 18:45:00-04:00,110.03,110.07,110.03,110.07,10
WMT,2026-09-22 18:50:00-04:00,110.02,110.02,110.02,110.02,1
WMT,2026-09-22 18:55:00-04:00,110.06,110.07,110.06,110.07,3
WMT,2026-09-22 19:00:00-04:00,110.02,110.07,110.02,110.07,7
WMT,2026-09-22 19:05:00-04:00,110.07,110.07,110.07,110.07,0
WMT,2026-09-22 19:10:00-04:00,110.07,110.07,110.07,110.07,0
WMT,2026-09-22 19:15:00-04:00,110.02,110.02,110.02,110.02,1
WMT,2026-09-22 19:20:00-04:00,110.02,110.03,110.02,110.02,1
WMT,2026-09-22 19:25:00-04:00,110.05,110.05,110.05,110.05,1
WMT,2026-09-22 19:30:00-04:00,110.05,110.05,110.04,110.04,2
WMT,2026-09-22 19:35:00-04:00,110.02,110.03,110.02,110.02,10
WMT,2026-09-22 19:40:00-04:00,110.02,110.03,110.02,110.02,2
WMT,2026-09-22 19:45:00-04:00,110.04,110.04,109.99,109.99,4
WMT,2026-09-22 19:50:00-04:00,110.0,110.03,110.0,110.0,8
WMT,2026-09-22 19:55:00-04:00,110.05,110.05,109.95,109.99,7
WMT,2026-09-23 04:00:00-04:00,110.37,110.39,110.1,110.29,90
WMT,2026-09-23 04:05:00-04:00,110.29,110.29,110.29,110.29,0
WMT,2026-09-23 04:10:00-04:00,110.29,110.29,110.29,110.29,0
WMT,2026-09-23 04:15:00-04:00,110.19,110.2,110.19,110.19,1
WMT,2026-09-23 04:20:00-04:00,110.19,110.19,110.19,110.19,0
WMT,2026-09-23 04:25:00-04:00,110.0,110.0,110.0,110.0,10
WMT,2026-09-23 04:30:00-04:00,110.0,110.0,110.0,110.0,0
WMT,2026-09-23 04:35:00-04:00,110.0,110.0,110.0,110.0,0
WMT,2026-09-23 04:40:00-04:00,110.0,110.0,110.0,110.0,0
WMT,2026-09-23 04:45:00-04:00,110.0,110.0,110.0,110.0,0
WMT,2026-09-23 04:50:00-04:00,110.0,110.0,110.0,110.0,0
WMT,2026-09-23 04:55:00-04:00,110.0,110.0,110.0,110.0,0
WMT,2026-09-23 05:00:00-04:00,110.0,110.0,110.0,110.0,0
WMT,2026-09-23 05:05:00-04:00,109.8,109.8,109.8,109.8,1
WMT,2026-09-23 05:10:00-04:00,110.01,110.01,110.01,110.01,1
WMT,2026-09-23 05:15:00-04:00,110.01,110.01,110.01,110.01,0
WMT,2026-09-23 05:20:00-04:00,110.0,110.0,110.0,110.0,1
WMT,2026-09-23 05:25:00-04:00,110.0,110.0,110.0,110.0,0
WMT,2026-09-23 05:30:00-04:00,110.0,110.0,110.0,110.0,0
WMT,2026-09-23 05:35:00-04:00,110.0,110.0,110.0,110.0,0
WMT,2026-09-23 05:40:00-04:00,110.1,110.1,110.1,110.1,32
WMT,2026-09-23 05:45:00-04:00,110.1,110.1,110.1,110.1,0
WMT,2026-09-23 05:50:00-04:00,110.1,110.1,110.1,110.1,0
WMT,2026-09-23 05:55:00-04:00,110.02,110.02,110.01,110.01,3
WMT,2026-09-23 06:00:00-04:00,110.01,110.01,110.01,110.01,0
WMT,2026-09-23 06:05:00-04:00,110.01,110.01,110.01,110.01,0
WMT,2026-09-23 06:10:00-04:00,110.01,110.01,110.01,110.01,0
WMT,2026-09-23 06:15:00-04:00,110.15,110.15,110.12,110.15,24
WMT,2026-09-23 06:20:00-04:00,110.15,110.15,110.15,110.15,0
WMT,2026-09-23 06:25:00-04:00,110.15,110.15,110.15,110.15,0
WMT,2026-09-23 06:30:00-04:00,110.14,110.18,110.14,110.18,8
WMT,2026-09-23 06:35:00-04:00,110.19,110.19,110.17,110.17,3
WMT,2026-09-23 06:40:00-04:00,110.17,110.17,110.17,110.17,0
WMT,2026-09-23 06:45:00-04:00,110.09,110.09,110.09,110.09,1
WMT,2026-09-23 06:50:00-04:00,110.11,110.11,110.11,110.11,1
WMT,2026-09-23 06:55:00-04:00,110.11,110.11,110.11,110.11,0
WMT,2026-09-23 07:00:00-04:00,110.0,110.0,110.0,110.0,2
WMT,2026-09-23 07:05:00-04:00,110.08,110.1,110.08,110.1,4
WMT,2026-09-23 07:10:00-04:00,110.17,110.17,110.17,110.17,2
WMT,2026-09-23 07:15:00-04:00,110.17,110.25,110.07,110.07,18
WMT,2026-09-23 07:20:00-04:00,110.2,110.2,110.07,110.07,2
WMT,2026-09-23 07:25:00-04:00,110.3,110.3,110.26,110.26,15
WMT,2026-09-23 07:30:00-04:00,110.33,110.33,110.27,110.28,3
WMT,2026-09-23 07:35:00-04:00,110.33,110.35,110.3,110.35,14
WMT,2026-09-23 07:40:00-04:00,110.42,110.47,110.42,110.47,7
WMT,2026-09-23 07:45:00-04:00,110.49,110.55,110.49,110.55,9
WMT,2026-09-23 07:50:00-04:00,110.51,110.51,110.51,110.51,1
WMT,2026-09-23 07:55:00-04:00,110.55,110.6,110.55,110.6,4
WMT,2026-09-23 08:00:00-04:00,110.61,110.71,110.6,110.71,4
WMT,2026-09-23 08:05:00-04:00,110.73,110.75,110.7,110.75,30
WMT,2026-09-23 08:10:00-04:00,110.77,110.8,110.7,110.8,57
WMT,2026-09-23 08:15:00-04:00,110.64,110.81,110.63,110.81,22
WMT,2026-09-23 08:20:00-04:00,110.79,110.79,110.79,110.79,1
WMT,2026-09-23 08:25:00-04:00,110.7,110.77,110.7,110.77,9
WMT,2026-09-23 08:30:00-04:00,110.8,110.86,110.74,110.81,24
WMT,2026-09-23 08:35:00-04:00,110.88,110.88,110.78,110.85,14
WMT,2026-09-23 08:40:00-04:00,110.83,110.88,110.72,110.73,14
WMT,2026-09-23 08:45:00-04:00,110.72,110.72,110.65,110.65,8
WMT,2026-09-23 08:50:00-04:00,110.75,110.75,110.74,110.75,1
WMT,2026-09-23 08:55:00-04:00,110.75,110.75,110.75,110.75,0
WMT,2026-09-23 09:00:00-04:00,110.74,110.75,110.74,110.74,1
WMT,2026-09-23 09:05:00-04:00,110.75,110.84,110.69,110.84,15
WMT,2026-09-23 09:10:00-04:00,110.7,110.7,110.62,110.62,25
WMT,2026-09-23 09:15:00-04:00,110.66,110.66,110.65,110.66,1
WMT,2026-09-23 09:20:00-04:00,110.84,110.84,110.62,110.62,5
WMT,2026-09-23 09:25:00-04:00,110.6,110.61,109.99,110.13,143
WMT,2026-09-23 09:30:00-04:00,110.22,111.1,110.1,111.08,6887
WMT,2026-09-23 09:35:00-04:00,111.08,111.22,110.62,110.85,3318
WMT,2026-09-23 09:40:00-04:00,110.86,110.99,110.71,110.79,1984
WMT,2026-09-23 09:45:00-04:00,110.74,110.96,110.68,110.82,3062
WMT,2026-09-23 09:50:00-04:00,110.81,110.83,110.63,110.66,2194
WMT,2026-09-23 09:55:00-04:00,110.66,110.66,110.29,110.41,2872
WMT,2026-09-23 10:00:00-04:00,110.43,110.53,110.32,110.42,1532
WMT,2026-09-23 10:05:00-04:00,110.41,110.68,110.36,110.62,1685
WMT,2026-09-23 10:10:00-04:00,110.62,110.82,110.52,110.81,1993
WMT,2026-09-23 10:15:00-04:00,110.82,111.22,110.78,111.21,1723
WMT,2026-09-23 10:20:00-04:00,111.21,111.23,110.81,110.84,1814
WMT,2026-09-23 10:25:00-04:00,110.83,110.84,110.49,110.57,1241
WMT,2026-09-23 10:30:00-04:00,110.57,110.75,110.42,110.48,1272
WMT,2026-09-23 10:35:00-04:00,110.49,110.62,110.35,110.41,1186
WMT,2026-09-23 10:40:00-04:00,110.4,110.45,110.26,110.27,973
WMT,2026-09-23 10:45:00-04:00,110.27,110.27,110.09,110.1,1301
WMT,2026-09-23 10:50:00-04:00,110.11,110.25,109.85,109.91,2045
WMT,2026-09-23 10:55:00-04:00,109.91,109.91,109.55,109.65,1168
WMT,2026-09-23 11:00:00-04:00,109.65,109.71,109.51,109.54,1310
WMT,2026-09-23 11:05:00-04:00,109.54,109.62,109.49,109.6,1006
WMT,2026-09-23 11:10:00-04:00,109.61,109.73,109.6,109.66,885
WMT,2026-09-23 11:15:00-04:00,109.68,109.89,109.67,109.88,1222
WMT,2026-09-23 11:20:00-04:00,109.88,109.98,109.81,109.93,833
WMT,2026-09-23 11:25:00-04:00,109.93,109.94,109.75,109.8,1010
WMT,2026-09-23 11:30:00-04:00,109.8,109.84,109.69,109.83,930
WMT,2026-09-23 11:35:00-04:00,109.83,109.87,109.76,109.82,660
WMT,2026-09-23 11:40:00-04:00,109.83,109.9,109.8,109.86,613
WMT,2026-09-23 11:45:00-04:00,109.85,109.92,109.82,109.9,884
WMT,2026-09-23 11:50:00-04:00,109.9,109.96,109.87,109.9,539
WMT,2026-09-23 11:55:00-04:00,109.9,109.94,109.84,109.91,432
WMT,2026-09-23 12:00:00-04:00,109.91,110.0,109.9,109.98,852
WMT,2026-09-23 12:05:00-04:00,109.98,110.0,109.89,109.98,749
WMT,2026-09-23 12:10:00-04:00,109.98,110.1,109.97,110.03,1020
WMT,2026-09-23 12:15:00-04:00,110.04,110.04,109.91,109.99,523
WMT,2026-09-23 12:20:00-04:00,109.99,110.05,109.95,110.01,443
WMT,2026-09-23 12:25:00-04:00,110.02,110.1,109.98,110.08,298
WMT,2026-09-23 12:30:00-04:00,110.08,110.14,110.05,110.12,390
WMT,2026-09-23 12:35:00-04:00,110.12,110.18,110.07,110.15,394
WMT,2026-09-23 12:40:00-04:00,110.16,110.3,110.16,110.27,528
WMT,2026-09-23 12:45:00-04:00,110.27,110.31,110.22,110.26,448
WMT,2026-09-23 12:50:00-04:00,110.28,110.37,110.25,110.37,483
WMT,2026-09-23 12:55:00-04:00,110.37,110.5,110.32,110.5,592
WMT,2026-09-23 13:00:00-04:00,110.5,110.61,110.45,110.59,1105
WMT,2026-09-23 13:05:00-04:00,110.59,110.66,110.45,110.62,1050
WMT,2026-09-23 13:10:00-04:00,110.62,110.68,110.54,110.63,855
WMT,2026-09-23 13:15:00-04:00,110.63,110.64,110.41,110.5,698
WMT,2026-09-23 13:20:00-04:00,110.52,110.53,110.43,110.45,445
WMT,2026-09-23 13:25:00-04:00,110.45,110.52,110.35,110.47,616
WMT,2026-09-23 13:30:00-04:00,110.48,110.48,110.32,110.42,420
WMT,2026-09-23 13:35:00-04:00,110.43,110.43,110.29,110.31,558
WMT,2026-09-23 13:40:00-04:00,110.32,110.43,110.32,110.43,568
WMT,2026-09-23 13:45:00-04:00,110.42,110.49,110.27,110.28,566
WMT,2026-09-23 13:50:00-04:00,110.28,110.33,110.22,110.31,398
WMT,2026-09-23 13:55:00-04:00,110.31,110.37,110.26,110.36,302
WMT,2026-09-23 14:00:00-04:00,110.35,110.41,110.28,110.33,360
WMT,2026-09-23 14:05:00-04:00,110.32,110.38,110.22,110.34,830
WMT,2026-09-23 14:10:00-04:00,110.34,110.35,110.22,110.23,499
WMT,2026-09-23 14:15:00-04:00,110.24,110.25,110.13,110.24,550
WMT,2026-09-23 14:20:00-04:00,110.24,110.28,110.19,110.2,368
WMT,2026-09-23 14:25:00-04:00,110.19,110.25,110.17,110.21,278
WMT,2026-09-23 14:30:00-04:00,110.22,110.3,110.19,110.21,1000
WMT,2026-09-23 14:35:00-04:00,110.2,110.24,110.1,110.11,382
WMT,2026-09-23 14:40:00-04:00,110.11,110.21,110.1,110.17,399
WMT,2026-09-23 14:45:00-04:00,110.16,110.23,110.12,110.16,564
WMT,2026-09-23 14:50:00-04:00,110.16,110.23,110.13,110.23,491
WMT,2026-09-23 14:55:00-04:00,110.23,110.27,110.1,110.14,388
WMT,2026-09-23 15:00:00-04:00,110.14,110.18,110.13,110.17,465
WMT,2026-09-23 15:05:00-04:00,110.17,110.22,110.15,110.2,614
WMT,2026-09-23 15:10:00-04:00,110.21,110.3,110.2,110.3,637
WMT,2026-09-23 15:15:00-04:00,110.3,110.38,110.27,110.33,1400
WMT,2026-09-23 15:20:00-04:00,110.33,110.36,110.21,110.34,1298
WMT,2026-09-23 15:25:00-04:00,110.34,110.36,110.3,110.33,925
WMT,2026-09-23 15:30:00-04:00,110.33,110.37,110.25,110.26,1095
WMT,2026-09-23 15:35:00-04:00,110.26,110.41,110.23,110.4,1340
WMT,2026-09-23 15:40:00-04:00,110.4,110.43,110.32,110.4,1232
WMT,2026-09-23 15:45:00-04:00,110.39,110.48,110.35,110.46,2030
WMT,2026-09-23 15:50:00-04:00,110.46,110.48,110.18,110.36,3627
WMT,2026-09-23 15:55:00-04:00,110.37,110.62,110.36,110.53,9964
WMT,2026-09-23 16:00:00-04:00,110.53,110.53,110.13,110.13,47382
WMT,2026-09-23 16:05:00-04:00,110.2,110.48,110.2,110.48,9
WMT,2026-09-23 16:10:00-04:00,110.4,110.4,110.4,110.4,2
WMT,2026-09-23 16:15:00-04:00,110.36,110.53,110.3,110.53,1021
WMT,2026-09-23 16:20:00-04:00,110.3,110.34,110.3,110.34,2
WMT,2026-09-23 16:25:00-04:00,110.34,110.34,110.34,110.34,0
WMT,2026-09-23 16:30:00-04:00,110.41,110.41,110.3,110.4,5
WMT,2026-09-23 16:35:00-04:00,110.4,110.4,110.4,110.4,1
WMT,2026-09-23 16:40:00-04:00,110.4,110.4,110.4,110.4,0
WMT,2026-09-23 16:45:00-04:00,110.36,110.36,110.35,110.36,4
WMT,2026-09-23 16:50:00-04:00,110.35,110.36,110.35,110.36,12
WMT,2026-09-23 16:55:00-04:00,110.35,110.35,110.35,110.35,6
WMT,2026-09-23 17:00:00-04:00,110.35,110.35,110.35,110.35,0
WMT,2026-09-23 17:05:00-04:00,110.44,110.44,110.44,110.44,17
WMT,2026-09-23 17:10:00-04:00,110.44,110.44,110.44,110.44,0
WMT,2026-09-23 17:15:00-04:00,110.4,110.4,110.4,110.4,2
WMT,2026-09-23 17:20:00-04:00,110.4,110.4,110.4,110.4,0
WMT,2026-09-23 17:25:00-04:00,110.4,110.4,110.4,110.4,0
WMT,2026-09-23 17:30:00-04:00,110.4,110.4,110.4,110.4,0
WMT,2026-09-23 17:35:00-04:00,110.4,110.4,110.4,110.4,0
WMT,2026-09-23 17:40:00-04:00,110.4,110.4,110.4,110.4,0
WMT,2026-09-23 17:45:00-04:00,110.4,110.4,110.4,110.4,0
WMT,2026-09-23 17:50:00-04:00,110.49,110.49,110.49,110.49,1
WMT,2026-09-23 17:55:00-04:00,110.45,110.45,110.45,110.45,1
WMT,2026-09-23 18:00:00-04:00,110.48,110.5,110.45,110.45,36
WMT,2026-09-23 18:05:00-04:00,110.46,110.46,110.45,110.45,2
WMT,2026-09-23 18:10:00-04:00,110.45,110.45,110.45,110.45,2
WMT,2026-09-23 18:15:00-04:00,110.51,110.51,110.51,110.51,2
WMT,2026-09-23 18:20:00-04:00,110.51,110.51,110.51,110.51,0
WMT,2026-09-23 18:25:00-04:00,110.51,110.51,110.51,110.51,0
WMT,2026-09-23 18:30:00-04:00,110.5,110.5,110.5,110.5,1
WMT,2026-09-23 18:35:00-04:00,110.5,110.5,110.5,110.5,0
WMT,2026-09-23 18:40:00-04:00,110.51,110.51,110.51,110.51,1
WMT,2026-09-23 18:45:00-04:00,110.52,110.53,110.52,110.53,4
WMT,2026-09-23 18:50:00-04:00,110.43,110.44,110.43,110.43,1
WMT,2026-09-23 18:55:00-04:00,110.51,110.51,110.51,110.51,2
WMT,2026-09-23 19:00:00-04:00,110.51,110.51,110.51,110.51,0
WMT,2026-09-23 19:05:00-04:00,110.51,110.51,110.51,110.51,0
WMT,2026-09-23 19:10:00-04:00,110.52,111.25,110.43,111.25,169
WMT,2026-09-23 19:15:00-04:00,111.3,111.38,110.51,110.71,170
WMT,2026-09-23 19:20:00-04:00,110.77,110.77,110.67,110.67,23
WMT,2026-09-23 19:25:00-04:00,110.7,110.72,110.46,110.56,19
WMT,2026-09-23 19:30:00-04:00,110.56,110.56,110.56,110.56,0
WMT,2026-09-23 19:35:00-04:00,110.56,110.56,110.56,110.56,0
WMT,2026-09-23 19:40:00-04:00,110.55,110.93,110.55,110.93,28
WMT,2026-09-23 19:45:00-04:00,110.7,110.7,110.7,110.7,15
WMT,2026-09-23 19:50:00-04:00,110.6,110.6,110.57,110.58,18
WMT,2026-09-23 19:55:00-04:00,110.59,110.59,110.59,110.59,2
WMT,2026-09-24 04:00:00-04:00,111.01,111.01,110.63,110.75,19
WMT,2026-09-24 04:05:00-04:00,110.75,110.75,110.75,110.75,0
WMT,2026-09-24 04:10:00-04:00,110.75,110.75,110.75,110.75,0
WMT,2026-09-24 04:15:00-04:00,110.72,110.72,110.72,110.72,2
WMT,2026-09-24 04:20:00-04:00,110.72,110.72,110.72,110.72,0
WMT,2026-09-24 04:25:00-04:00,110.64,110.64,110.64,110.64,1
WMT,2026-09-24 04:30:00-04:00,110.71,111.01,110.71,111.01,70
WMT,2026-09-24 04:35:00-04:00,111.01,111.01,111.01,111.01,0
WMT,2026-09-24 04:40:00-04:00,111.24,111.25,111.23,111.25,6
WMT,2026-09-24 04:45:00-04:00,111.25,111.25,111.25,111.25,0
WMT,2026-09-24 04:50:00-04:00,111.18,111.18,111.18,111.18,1
WMT,2026-09-24 04:55:00-04:00,111.18,111.18,111.18,111.18,0
WMT,2026-09-24 05:00:00-04:00,111.03,111.03,111.03,111.03,2
WMT,2026-09-24 05:05:00-04:00,111.02,111.02,111.0,111.0,2
WMT,2026-09-24 05:10:00-04:00,111.02,111.02,111.02,111.02,2
WMT,2026-09-24 05:15:00-04:00,111.02,111.06,111.02,111.02,12
WMT,2026-09-24 05:20:00-04:00,111.02,111.16,111.02,111.06,5
WMT,2026-09-24 05:25:00-04:00,111.05,111.13,111.05,111.06,6
WMT,2026-09-24 05:30:00-04:00,111.06,111.13,111.03,111.03,5
WMT,2026-09-24 05:35:00-04:00,111.01,111.01,111.0,111.0,27
WMT,2026-09-24 05:40:00-04:00,111.0,111.0,111.0,111.0,5
WMT,2026-09-24 05:45:00-04:00,111.06,111.06,111.06,111.06,2
WMT,2026-09-24 05:50:00-04:00,111.08,111.08,111.0,111.0,21
WMT,2026-09-24 05:55:00-04:00,111.01,111.01,111.0,111.0,33
WMT,2026-09-24 06:00:00-04:00,110.97,110.97,110.96,110.96,3
WMT,2026-09-24 06:05:00-04:00,110.98,110.98,110.98,110.98,3
WMT,2026-09-24 06:10:00-04:00,110.98,110.98,110.98,110.98,0
WMT,2026-09-24 06:15:00-04:00,110.98,110.98,110.98,110.98,0
WMT,2026-09-24 06:20:00-04:00,110.92,111.0,110.92,110.92,8
WMT,2026-09-24 06:25:00-04:00,110.92,110.92,110.92,110.92,0
WMT,2026-09-24 06:30:00-04:00,110.92,110.92,110.85,110.9,91
WMT,2026-09-24 06:35:00-04:00,110.9,110.9,110.9,110.9,0
WMT,2026-09-24 06:40:00-04:00,110.81,110.81,110.81,110.81,3
WMT,2026-09-24 06:45:00-04:00,110.81,110.81,110.81,110.81,0
WMT,2026-09-24 06:50:00-04:00,110.81,110.81,110.81,110.81,0
WMT,2026-09-24 06:55:00-04:00,110.81,110.81,110.81,110.81,0
WMT,2026-09-24 07:00:00-04:00,110.81,110.9,110.81,110.9,14
WMT,2026-09-24 07:05:00-04:00,110.93,110.93,110.85,110.85,4
WMT,2026-09-24 07:10:00-04:00,110.89,110.91,110.89,110.91,14
WMT,2026-09-24 07:15:00-04:00,110.83,110.93,110.83,110.86,12
WMT,2026-09-24 07:20:00-04:00,110.85,110.95,110.85,110.95,3
WMT,2026-09-24 07:25:00-04:00,110.85,110.85,110.72,110.72,46
WMT,2026-09-24 07:30:00-04:00,110.71,110.72,110.71,110.72,5
WMT,2026-09-24 07:35:00-04:00,110.69,110.8,110.69,110.8,123
WMT,2026-09-24 07:40:00-04:00,110.75,110.75,110.64,110.66,232
WMT,2026-09-24 07:45:00-04:00,110.63,110.63,110.6,110.6,4
WMT,2026-09-24 07:50:00-04:00,110.69,110.69,110.56,110.59,8
WMT,2026-09-24 07:55:00-04:00,110.6,110.63,110.6,110.63,2
WMT,2026-09-24 08:00:00-04:00,110.65,110.8,110.65,110.65,7
WMT,2026-09-24 08:05:00-04:00,110.76,110.76,110.62,110.7,8
WMT,2026-09-24 08:10:00-04:00,110.71,110.91,110.7,110.91,85
WMT,2026-09-24 08:15:00-04:00,110.89,111.2,110.88,111.1,185
WMT,2026-09-24 08:20:00-04:00,111.03,111.16,111.0,111.1,32
WMT,2026-09-24 08:25:00-04:00,111.11,111.11,111.05,111.05,4
WMT,2026-09-24 08:30:00-04:00,111.03,111.1,111.0,111.02,49
WMT,2026-09-24 08:35:00-04:00,111.09,111.2,111.05,111.09,125
WMT,2026-09-24 08:40:00-04:00,111.09,111.15,111.0,111.03,81
WMT,2026-09-24 08:45:00-04:00,111.01,111.01,111.01,111.01,1
WMT,2026-09-24 08:50:00-04:00,111.0,111.11,111.0,111.03,16
WMT,2026-09-24 08:55:00-04:00,111.0,111.04,111.0,111.03,31
WMT,2026-09-24 09:00:00-04:00,110.97,111.02,110.86,111.02,44
WMT,2026-09-24 09:05:00-04:00,111.06,111.09,111.06,111.09,3
WMT,2026-09-24 09:10:00-04:00,111.0,111.2,111.0,111.15,38
WMT,2026-09-24 09:15:00-04:00,111.15,111.16,111.1,111.16,44
WMT,2026-09-24 09:20:00-04:00,111.2,111.2,111.2,111.2,1
WMT,2026-09-24 09:25:00-04:00,111.1,111.3,110.61,111.13,114
WMT,2026-09-24 09:30:00-04:00,111.17,111.17,109.51,109.54,8361
WMT,2026-09-24 09:35:00-04:00,109.54,110.24,109.41,109.74,2887
WMT,2026-09-24 09:40:00-04:00,109.75,109.94,109.61,109.73,2662
WMT,2026-09-24 09:45:00-04:00,109.73,109.76,109.39,109.4,1352
WMT,2026-09-24 09:50:00-04:00,109.41,109.89,109.39,109.84,2140
WMT,2026-09-24 09:55:00-04:00,109.8,109.82,109.57,109.69,1784
WMT,2026-09-24 10:00:00-04:00,109.69,109.77,109.16,109.17,1720
WMT,2026-09-24 10:05:00-04:00,109.15,109.26,109.05,109.12,1465
WMT,2026-09-24 10:10:00-04:00,109.1,109.31,109.08,109.14,2188
WMT,2026-09-24 10:15:00-04:00,109.14,109.54,109.07,109.51,3197
WMT,2026-09-24 10:20:00-04:00,109.52,109.67,109.15,109.17,3815
WMT,2026-09-24 10:25:00-04:00,109.17,109.25,108.97,109.07,1891
WMT,2026-09-24 10:30:00-04:00,109.07,109.11,108.81,108.99,1260
WMT,2026-09-24 10:35:00-04:00,108.98,109.12,108.93,109.02,1114
WMT,2026-09-24 10:40:00-04:00,109.03,109.08,108.83,109.0,1122
WMT,2026-09-24 10:45:00-04:00,109.0,109.18,108.75,109.13,2607
WMT,2026-09-24 10:50:00-04:00,109.14,109.14,108.75,108.82,1598
WMT,2026-09-24 10:55:00-04:00,108.81,108.97,108.81,108.94,990
WMT,2026-09-24 11:00:00-04:00,108.95,108.99,108.85,108.94,789
WMT,2026-09-24 11:05:00-04:00,108.93,109.31,108.9,109.31,1745
WMT,2026-09-24 11:10:00-04:00,109.31,109.33,109.17,109.31,1354
WMT,2026-09-24 11:15:00-04:00,109.31,109.32,108.97,109.02,1232
WMT,2026-09-24 11:20:00-04:00,109.02,109.09,108.97,109.05,916
WMT,2026-09-24 11:25:00-04:00,109.05,109.08,108.95,109.06,648
WMT,2026-09-24 11:30:00-04:00,109.06,109.1,108.91,108.96,889
WMT,2026-09-24 11:35:00-04:00,108.96,109.06,108.91,109.04,784
WMT,2026-09-24 11:40:00-04:00,109.04,109.07,108.83,108.84,816
WMT,2026-09-24 11:45:00-04:00,108.84,108.88,108.69,108.7,1102
WMT,2026-09-24 11:50:00-04:00,108.7,108.78,108.58,108.78,2221
WMT,2026-09-24 11:55:00-04:00,108.78,108.92,108.73,108.73,1706
WMT,2026-09-24 12:00:00-04:00,108.73,108.8,108.66,108.72,1434
WMT,2026-09-24 12:05:00-04:00,108.72,108.75,108.63,108.67,760
WMT,2026-09-24 12:10:00-04:00,108.67,108.71,108.46,108.57,1675
WMT,2026-09-24 12:15:00-04:00,108.57,108.83,108.54,108.58,1659
WMT,2026-09-24 12:20:00-04:00,108.59,108.68,108.49,108.56,1301
WMT,2026-09-24 12:25:00-04:00,108.56,108.82,108.54,108.78,1993
WMT,2026-09-24 12:30:00-04:00,108.79,108.8,108.6,108.62,947
WMT,2026-09-24 12:35:00-04:00,108.62,108.69,108.46,108.56,723
WMT,2026-09-24 12:40:00-04:00,108.58,108.58,108.4,108.5,1069
WMT,2026-09-24 12:45:00-04:00,108.49,108.61,108.42,108.59,1277
WMT,2026-09-24 12:50:00-04:00,108.61,108.67,108.47,108.48,993
WMT,2026-09-24 12:55:00-04:00,108.48,108.55,108.45,108.49,766
WMT,2026-09-24 13:00:00-04:00,108.49,108.52,108.36,108.41,1640
WMT,2026-09-24 13:05:00-04:00,108.41,108.48,108.39,108.46,860
WMT,2026-09-24 13:10:00-04:00,108.45,108.5,108.36,108.39,845
WMT,2026-09-24 13:15:00-04:00,108.39,108.43,108.3,108.31,787
WMT,2026-09-24 13:20:00-04:00,108.3,108.35,108.2,108.21,1201
WMT,2026-09-24 13:25:00-04:00,108.22,108.39,108.21,108.35,922
WMT,2026-09-24 13:30:00-04:00,108.34,108.54,108.34,108.53,1388
WMT,2026-09-24 13:35:00-04:00,108.53,108.56,108.33,108.42,2180
WMT,2026-09-24 13:40:00-04:00,108.41,108.47,108.34,108.37,461
WMT,2026-09-24 13:45:00-04:00,108.36,108.45,108.34,108.35,614
WMT,2026-09-24 13:50:00-04:00,108.36,108.53,108.33,108.53,930
WMT,2026-09-24 13:55:00-04:00,108.53,108.73,108.5,108.7,1477
WMT,2026-09-24 14:00:00-04:00,108.7,108.84,108.69,108.75,1006
WMT,2026-09-24 14:05:00-04:00,108.75,108.81,108.7,108.72,1218
WMT,2026-09-24 14:10:00-04:00,108.73,108.8,108.69,108.78,697
WMT,2026-09-24 14:15:00-04:00,108.77,108.78,108.59,108.61,1044
WMT,2026-09-24 14:20:00-04:00,108.6,108.69,108.5,108.69,771
WMT,2026-09-24 14:25:00-04:00,108.68,108.76,108.68,108.72,847
WMT,2026-09-24 14:30:00-04:00,108.72,108.72,108.51,108.53,752
WMT,2026-09-24 14:35:00-04:00,108.54,108.55,108.43,108.46,895
WMT,2026-09-24 14:40:00-04:00,108.46,108.52,108.36,108.45,589
WMT,2026-09-24 14:45:00-04:00,108.44,108.44,108.3,108.32,675
WMT,2026-09-24 14:50:00-04:00,108.32,108.37,108.27,108.33,772
WMT,2026-09-24 14:55:00-04:00,108.34,108.36,108.14,108.2,1395
WMT,2026-09-24 15:00:00-04:00,108.2,108.22,108.11,108.15,932
WMT,2026-09-24 15:05:00-04:00,108.15,108.32,108.14,108.29,1404
WMT,2026-09-24 15:10:00-04:00,108.29,108.38,108.25,108.31,855
WMT,2026-09-24 15:15:00-04:00,108.31,108.34,108.26,108.33,1151
WMT,2026-09-24 15:20:00-04:00,108.33,108.33,108.13,108.15,1208
WMT,2026-09-24 15:25:00-04:00,108.15,108.22,108.13,108.15,1327
WMT,2026-09-24 15:30:00-04:00,108.15,108.18,107.95,108.03,1927
WMT,2026-09-24 15:35:00-04:00,108.03,108.03,107.88,107.89,1521
WMT,2026-09-24 15:40:00-04:00,107.88,107.92,107.82,107.87,2388
WMT,2026-09-24 15:45:00-04:00,107.86,107.93,107.72,107.72,2341
WMT,2026-09-24 15:50:00-04:00,107.72,107.94,107.61,107.67,5427
WMT,2026-09-24 15:55:00-04:00,107.67,107.71,107.51,107.55,14191
WMT,2026-09-24 16:00:00-04:00,107.54,107.62,107.53,107.59,27008
WMT,2026-09-24 16:05:00-04:00,107.6,107.71,107.55,107.55,1501
WMT,2026-09-24 16:10:00-04:00,107.58,107.65,107.55,107.55,32
WMT,2026-09-24 16:15:00-04:00,107.62,107.63,107.47,107.58,101
WMT,2026-09-24 16:20:00-04:00,107.62,107.62,107.51,107.59,13
WMT,2026-09-24 16:25:00-04:00,107.59,107.59,107.5,107.55,14
WMT,2026-09-24 16:30:00-04:00,107.47,107.61,107.47,107.51,46
WMT,2026-09-24 16:35:00-04:00,107.5,107.63,107.5,107.63,2
WMT,2026-09-24 16:40:00-04:00,107.52,107.52,107.48,107.48,6
WMT,2026-09-24 16:45:00-04:00,107.52,107.55,107.52,107.55,12
WMT,2026-09-24 16:50:00-04:00,107.5,107.5,107.5,107.5,1
WMT,2026-09-24 16:55:00-04:00,107.5,107.56,107.5,107.55,3
WMT,2026-09-24 17:00:00-04:00,107.55,107.55,107.55,107.55,5
WMT,2026-09-24 17:05:00-04:00,107.55,107.58,107.55,107.58,5
WMT,2026-09-24 17:10:00-04:00,107.59,107.6,107.57,107.57,62
WMT,2026-09-24 17:15:00-04:00,107.57,107.63,107.55,107.63,24
WMT,2026-09-24 17:20:00-04:00,107.61,107.61,107.59,107.6,5
WMT,2026-09-24 17:25:00-04:00,107.6,107.6,107.6,107.6,0
WMT,2026-09-24 17:30:00-04:00,107.6,107.6,107.6,107.6,0
WMT,2026-09-24 17:35:00-04:00,107.58,107.58,107.58,107.58,1
WMT,2026-09-24 17:40:00-04:00,107.58,107.58,107.58,107.58,0
WMT,2026-09-24 17:45:00-04:00,107.58,107.58,107.58,107.58,0
WMT,2026-09-24 17:50:00-04:00,107.58,107.58,107.58,107.58,0
WMT,2026-09-24 17:55:00-04:00,107.58,107.58,107.55,107.57,24
WMT,2026-09-24 18:00:00-04:00,107.52,107.52,107.52,107.52,1
WMT,2026-09-24 18:05:00-04:00,107.52,107.52,107.42,107.49,17
WMT,2026-09-24 18:10:00-04:00,107.49,107.49,107.49,107.49,0
WMT,2026-09-24 18:15:00-04:00,107.5,107.5,107.4,107.4,3
WMT,2026-09-24 18:20:00-04:00,107.44,107.44,107.44,107.44,3
WMT,2026-09-24 18:25:00-04:00,107.44,107.44,107.44,107.44,0
XOM,2026-09-22 04:00:00-04:00,158.3,159.33,158.3,159.22,60
XOM,2026-09-22 04:05:00-04:00,159.12,159.12,159.12,159.12,5
XOM,2026-09-22 04:10:00-04:00,159.1,159.1,159.1,159.1,1
XOM,2026-09-22 04:15:00-04:00,159.13,159.15,159.13,159.15,5
XOM,2026-09-22 04:20:00-04:00,159.18,159.18,159.17,159.17,3
XOM,2026-09-22 04:25:00-04:00,159.08,159.08,159.08,159.08,1
XOM,2026-09-22 04:30:00-04:00,159.23,159.23,159.15,159.16,4
XOM,2026-09-22 04:35:00-04:00,159.24,159.4,159.24,159.34,8
XOM,2026-09-22 04:40:00-04:00,159.07,159.07,159.0,159.0,9
XOM,2026-09-22 04:45:00-04:00,158.37,158.37,158.25,158.26,20
XOM,2026-09-22 04:50:00-04:00,157.86,158.03,157.86,158.0,4
XOM,2026-09-22 04:55:00-04:00,157.61,157.61,157.61,157.61,2
XOM,2026-09-22 05:00:00-04:00,157.96,157.96,157.96,157.96,1
XOM,2026-09-22 05:05:00-04:00,158.27,158.3,158.27,158.3,3
XOM,2026-09-22 05:10:00-04:00,158.3,158.3,158.3,158.3,0
XOM,2026-09-22 05:15:00-04:00,158.3,158.3,158.3,158.3,0
XOM,2026-09-22 05:20:00-04:00,157.81,158.11,157.81,158.11,3
XOM,2026-09-22 05:25:00-04:00,158.11,158.11,158.11,158.11,0
XOM,2026-09-22 05:30:00-04:00,157.6,157.6,157.6,157.6,6
XOM,2026-09-22 05:35:00-04:00,157.5,157.5,157.5,157.5,4
XOM,2026-09-22 05:40:00-04:00,157.5,157.5,157.5,157.5,0
XOM,2026-09-22 05:45:00-04:00,157.5,157.5,157.5,157.5,0
XOM,2026-09-22 05:50:00-04:00,157.5,157.5,157.35,157.35,5
XOM,2026-09-22 05:55:00-04:00,157.1,157.21,157.1,157.21,7
XOM,2026-09-22 06:00:00-04:00,156.85,156.85,156.5,156.5,2
XOM,2026-09-22 06:05:00-04:00,156.5,156.5,156.5,156.5,1
XOM,2026-09-22 06:10:00-04:00,156.5,156.5,156.5,156.5,0
XOM,2026-09-22 06:15:00-04:00,156.79,156.79,156.79,156.79,1
XOM,2026-09-22 06:20:00-04:00,156.79,156.79,156.79,156.79,0
XOM,2026-09-22 06:25:00-04:00,156.79,156.79,156.79,156.79,0
XOM,2026-09-22 06:30:00-04:00,157.45,157.45,157.45,157.45,1
XOM,2026-09-22 06:35:00-04:00,157.11,157.11,157.11,157.11,2
XOM,2026-09-22 06:40:00-04:00,157.11,157.11,157.11,157.11,0
XOM,2026-09-22 06:45:00-04:00,157.11,157.11,157.11,157.11,0
XOM,2026-09-22 06:50:00-04:00,157.11,157.11,157.11,157.11,0
XOM,2026-09-22 06:55:00-04:00,157.11,157.11,157.11,157.11,0
XOM,2026-09-22 07:00:00-04:00,156.97,157.19,156.52,156.68,17
XOM,2026-09-22 07:05:00-04:00,156.56,156.56,156.56,156.56,1
XOM,2026-09-22 07:10:00-04:00,156.87,156.87,156.52,156.52,2
XOM,2026-09-22 07:15:00-04:00,156.59,156.59,156.53,156.58,10
XOM,2026-09-22 07:20:00-04:00,156.58,156.6,156.5,156.5,32
XOM,2026-09-22 07:25:00-04:00,156.4,156.4,156.29,156.29,5
XOM,2026-09-22 07:30:00-04:00,156.4,156.55,156.4,156.55,18
XOM,2026-09-22 07:35:00-04:00,156.46,156.46,156.38,156.46,38
XOM,2026-09-22 07:40:00-04:00,156.42,156.42,156.41,156.42,11
XOM,2026-09-22 07:45:00-04:00,156.36,156.5,156.35,156.5,4
XOM,2026-09-22 07:50:00-04:00,156.53,156.53,156.52,156.53,6
XOM,2026-09-22 07:55:00-04:00,156.4,156.4,156.05,156.1,91
XOM,2026-09-22 08:00:00-04:00,156.1,156.18,156.08,156.18,11
XOM,2026-09-22 08:05:00-04:00,156.11,156.37,156.11,156.27,17
XOM,2026-09-22 08:10:00-04:00,156.42,156.43,156.22,156.22,21
XOM,2026-09-22 08:15:00-04:00,156.17,156.43,156.16,156.43,175
XOM,2026-09-22 08:20:00-04:00,156.45,156.45,156.31,156.31,11
XOM,2026-09-22 08:25:00-04:00,156.8,156.8,156.8,156.8,3
XOM,2026-09-22 08:30:00-04:00,156.8,156.8,156.8,156.8,0
XOM,2026-09-22 08:35:00-04:00,156.3,156.3,156.2,156.2,21
XOM,2026-09-22 08:40:00-04:00,156.11,156.21,156.1,156.21,33
XOM,2026-09-22 08:45:00-04:00,156.34,156.35,156.34,156.35,5
XOM,2026-09-22 08:50:00-04:00,156.35,156.35,156.35,156.35,0
XOM,2026-09-22 08:55:00-04:00,156.34,156.39,156.34,156.38,10
XOM,2026-09-22 09:00:00-04:00,156.36,156.36,156.14,156.16,13
XOM,2026-09-22 09:05:00-04:00,156.2,156.22,156.04,156.04,9
XOM,2026-09-22 09:10:00-04:00,156.08,156.08,155.83,155.83,23
XOM,2026-09-22 09:15:00-04:00,155.83,156.3,155.83,156.0,8
XOM,2026-09-22 09:20:00-04:00,155.94,155.95,155.8,155.85,49
XOM,2026-09-22 09:25:00-04:00,155.8,157.5,155.8,157.5,40
XOM,2026-09-22 09:30:00-04:00,157.53,157.53,155.85,157.07,3648
XOM,2026-09-22 09:35:00-04:00,157.01,157.34,156.72,157.08,724
XOM,2026-09-22 09:40:00-04:00,157.06,157.54,156.91,157.36,958
XOM,2026-09-22 09:45:00-04:00,157.35,158.0,157.35,157.91,1145
XOM,2026-09-22 09:50:00-04:00,157.91,158.16,157.85,158.06,775
XOM,2026-09-22 09:55:00-04:00,158.08,158.15,157.88,157.91,640
XOM,2026-09-22 10:00:00-04:00,157.87,158.18,157.74,158.16,1155
XOM,2026-09-22 10:05:00-04:00,158.12,158.41,157.9,158.18,1893
XOM,2026-09-22 10:10:00-04:00,158.16,158.5,158.11,158.43,1219
XOM,2026-09-22 10:15:00-04:00,158.46,158.75,158.46,158.7,966
XOM,2026-09-22 10:20:00-04:00,158.67,158.82,158.34,158.69,836
XOM,2026-09-22 10:25:00-04:00,158.69,158.93,158.65,158.77,878
XOM,2026-09-22 10:30:00-04:00,158.8,158.97,158.67,158.69,905
XOM,2026-09-22 10:35:00-04:00,158.72,159.02,158.45,159.0,1994
XOM,2026-09-22 10:40:00-04:00,158.99,159.6,158.98,159.42,1157
XOM,2026-09-22 10:45:00-04:00,159.41,159.68,159.17,159.41,799
XOM,2026-09-22 10:50:00-04:00,159.38,159.54,159.12,159.12,1516
XOM,2026-09-22 10:55:00-04:00,159.14,159.2,158.99,159.18,883
XOM,2026-09-22 11:00:00-04:00,159.19,159.38,159.08,159.32,782
XOM,2026-09-22 11:05:00-04:00,159.35,159.45,159.24,159.33,485
XOM,2026-09-22 11:10:00-04:00,159.32,159.34,159.01,159.13,661
XOM,2026-09-22 11:15:00-04:00,159.17,159.2,158.9,158.91,529
XOM,2026-09-22 11:20:00-04:00,158.9,159.23,158.9,159.17,380
XOM,2026-09-22 11:25:00-04:00,159.16,159.25,159.07,159.18,410
XOM,2026-09-22 11:30:00-04:00,159.2,159.22,159.04,159.14,474
XOM,2026-09-22 11:35:00-04:00,159.1,159.55,159.09,159.55,538
XOM,2026-09-22 11:40:00-04:00,159.53,159.61,159.44,159.49,487
XOM,2026-09-22 11:45:00-04:00,159.52,159.59,159.49,159.53,282
XOM,2026-09-22 11:50:00-04:00,159.55,159.79,159.53,159.7,369
XOM,2026-09-22 11:55:00-04:00,159.72,159.8,159.53,159.62,776
XOM,2026-09-22 12:00:00-04:00,159.62,159.97,159.55,159.77,666
XOM,2026-09-22 12:05:00-04:00,159.76,159.84,159.71,159.81,453
XOM,2026-09-22 12:10:00-04:00,159.79,159.97,159.7,159.96,358
XOM,2026-09-22 12:15:00-04:00,159.93,159.95,159.72,159.74,413
XOM,2026-09-22 12:20:00-04:00,159.74,159.83,159.56,159.56,600
XOM,2026-09-22 12:25:00-04:00,159.55,159.75,159.53,159.71,528
XOM,2026-09-22 12:30:00-04:00,159.71,159.97,159.68,159.81,940
XOM,2026-09-22 12:35:00-04:00,159.81,159.84,159.68,159.68,373
XOM,2026-09-22 12:40:00-04:00,159.7,159.8,159.68,159.69,385
XOM,2026-09-22 12:45:00-04:00,159.7,159.89,159.64,159.64,1087
XOM,2026-09-22 12:50:00-04:00,159.65,159.71,159.52,159.6,515
XOM,2026-09-22 12:55:00-04:00,159.6,159.65,159.46,159.63,775
XOM,2026-09-22 13:00:00-04:00,159.65,159.7,159.47,159.51,319
XOM,2026-09-22 13:05:00-04:00,159.51,159.63,159.48,159.61,285
XOM,2026-09-22 13:10:00-04:00,159.6,159.85,159.58,159.84,433
XOM,2026-09-22 13:15:00-04:00,159.85,159.86,159.67,159.71,478
XOM,2026-09-22 13:20:00-04:00,159.7,159.72,159.63,159.67,485
XOM,2026-09-22 13:25:00-04:00,159.66,159.76,159.65,159.74,380
XOM,2026-09-22 13:30:00-04:00,159.75,159.85,159.63,159.71,575
XOM,2026-09-22 13:35:00-04:00,159.71,159.75,159.67,159.73,329
XOM,2026-09-22 13:40:00-04:00,159.74,159.76,159.62,159.7,512
XOM,2026-09-22 13:45:00-04:00,159.7,159.75,159.59,159.63,458
XOM,2026-09-22 13:50:00-04:00,159.63,159.65,158.59,158.65,2247
XOM,2026-09-22 13:55:00-04:00,158.59,158.93,158.05,158.38,4592
XOM,2026-09-22 14:00:00-04:00,158.43,158.94,158.27,158.8,1037
XOM,2026-09-22 14:05:00-04:00,158.81,158.9,158.56,158.64,868
XOM,2026-09-22 14:10:00-04:00,158.69,159.03,158.68,159.0,398
XOM,2026-09-22 14:15:00-04:00,159.0,159.21,158.94,159.2,752
XOM,2026-09-22 14:20:00-04:00,159.22,159.42,159.12,159.14,545
XOM,2026-09-22 14:25:00-04:00,159.14,159.32,159.07,159.27,579
XOM,2026-09-22 14:30:00-04:00,159.26,159.27,159.14,159.26,1428
XOM,2026-09-22 14:35:00-04:00,159.25,159.25,159.08,159.11,518
XOM,2026-09-22 14:40:00-04:00,159.11,159.25,159.06,159.09,471
XOM,2026-09-22 14:45:00-04:00,159.09,159.17,159.06,159.15,354
XOM,2026-09-22 14:50:00-04:00,159.16,159.27,159.14,159.24,479
XOM,2026-09-22 14:55:00-04:00,159.23,159.3,159.11,159.14,473
XOM,2026-09-22 15:00:00-04:00,159.14,159.19,158.92,158.98,636
XOM,2026-09-22 15:05:00-04:00,159.0,159.08,158.9,158.91,329
XOM,2026-09-22 15:10:00-04:00,158.91,159.05,158.88,159.04,395
XOM,2026-09-22 15:15:00-04:00,159.04,159.16,158.98,159.06,1135
XOM,2026-09-22 15:20:00-04:00,159.05,159.12,158.99,159.02,651
XOM,2026-09-22 15:25:00-04:00,159.03,159.03,158.75,158.77,805
XOM,2026-09-22 15:30:00-04:00,158.77,158.8,158.51,158.52,1177
XOM,2026-09-22 15:35:00-04:00,158.53,158.78,158.45,158.78,998
XOM,2026-09-22 15:40:00-04:00,158.74,158.8,158.6,158.77,851
XOM,2026-09-22 15:45:00-04:00,158.76,158.88,158.66,158.76,1251
XOM,2026-09-22 15:50:00-04:00,158.77,158.97,158.75,158.82,1060
XOM,2026-09-22 15:55:00-04:00,158.85,159.08,158.66,158.69,5330
XOM,2026-09-22 16:00:00-04:00,158.69,158.71,158.68,158.69,25290
XOM,2026-09-22 16:05:00-04:00,158.72,158.72,158.72,158.72,14
XOM,2026-09-22 16:10:00-04:00,159.01,159.01,159.01,159.01,1
XOM,2026-09-22 16:15:00-04:00,159.01,159.01,159.01,159.01,0
XOM,2026-09-22 16:20:00-04:00,159.01,159.01,159.01,159.01,0
XOM,2026-09-22 16:25:00-04:00,158.83,158.83,158.82,158.83,4
XOM,2026-09-22 16:30:00-04:00,158.71,159.24,158.71,158.71,1109
XOM,2026-09-22 16:35:00-04:00,158.71,158.71,158.71,158.71,0
XOM,2026-09-22 16:40:00-04:00,158.71,158.71,158.71,158.71,0
XOM,2026-09-22 16:45:00-04:00,158.71,158.71,158.71,158.71,0
XOM,2026-09-22 16:50:00-04:00,158.71,158.71,158.71,158.71,0
XOM,2026-09-22 16:55:00-04:00,158.71,158.71,158.71,158.71,0
XOM,2026-09-22 17:00:00-04:00,158.71,158.71,158.71,158.71,0
XOM,2026-09-22 17:05:00-04:00,158.71,158.71,158.71,158.71,0
XOM,2026-09-22 17:10:00-04:00,158.71,158.71,158.71,158.71,0
XOM,2026-09-22 17:15:00-04:00,158.71,158.71,158.71,158.71,0
XOM,2026-09-22 17:20:00-04:00,158.71,158.71,158.71,158.71,0
XOM,2026-09-22 17:25:00-04:00,158.89,158.89,158.89,158.89,1
XOM,2026-09-22 17:30:00-04:00,158.89,158.89,158.89,158.89,0
XOM,2026-09-22 17:35:00-04:00,158.89,158.89,158.89,158.89,0
XOM,2026-09-22 17:40:00-04:00,158.89,158.89,158.89,158.89,0
XOM,2026-09-22 17:45:00-04:00,158.89,158.89,158.89,158.89,0
XOM,2026-09-22 17:50:00-04:00,158.89,158.89,158.89,158.89,0
XOM,2026-09-22 17:55:00-04:00,158.89,158.89,158.89,158.89,0
XOM,2026-09-22 18:00:00-04:00,158.89,158.89,158.89,158.89,0
XOM,2026-09-22 18:05:00-04:00,158.89,158.89,158.89,158.89,0
XOM,2026-09-22 18:10:00-04:00,158.89,158.89,158.89,158.89,0
XOM,2026-09-22 18:15:00-04:00,158.89,158.89,158.89,158.89,0
XOM,2026-09-22 18:20:00-04:00,158.89,158.89,158.89,158.89,0
XOM,2026-09-22 18:25:00-04:00,158.89,158.89,158.89,158.89,0
XOM,2026-09-22 18:30:00-04:00,159.05,159.05,159.05,159.05,1
XOM,2026-09-22 18:35:00-04:00,159.05,159.05,159.05,159.05,0
XOM,2026-09-22 18:40:00-04:00,159.05,159.05,159.05,159.05,0
XOM,2026-09-22 18:45:00-04:00,159.05,159.05,159.05,159.05,0
XOM,2026-09-22 18:50:00-04:00,159.05,159.05,159.05,159.05,0
XOM,2026-09-22 18:55:00-04:00,159.05,159.05,159.05,159.05,0
XOM,2026-09-22 19:00:00-04:00,159.05,159.05,159.05,159.05,0
XOM,2026-09-22 19:05:00-04:00,158.94,158.94,158.92,158.92,3
XOM,2026-09-22 19:10:00-04:00,158.92,158.92,158.92,158.92,0
XOM,2026-09-22 19:15:00-04:00,158.92,158.92,158.92,158.92,0
XOM,2026-09-22 19:20:00-04:00,158.92,158.92,158.92,158.92,0
XOM,2026-09-22 19:25:00-04:00,158.92,158.92,158.92,158.92,0
XOM,2026-09-22 19:30:00-04:00,158.92,158.92,158.92,158.92,0
XOM,2026-09-22 19:35:00-04:00,158.92,158.92,158.92,158.92,0
XOM,2026-09-22 19:40:00-04:00,158.92,158.92,158.92,158.92,0
XOM,2026-09-22 19:45:00-04:00,158.92,158.92,158.92,158.92,0
XOM,2026-09-22 19:50:00-04:00,158.92,158.92,158.92,158.92,0
XOM,2026-09-22 19:55:00-04:00,158.92,158.92,158.92,158.92,0
XOM,2026-09-23 04:00:00-04:00,158.48,158.54,158.4,158.53,12
XOM,2026-09-23 04:05:00-04:00,158.53,158.53,158.53,158.53,0
XOM,2026-09-23 04:10:00-04:00,158.53,158.53,158.53,158.53,0
XOM,2026-09-23 04:15:00-04:00,158.53,158.53,158.53,158.53,0
XOM,2026-09-23 04:20:00-04:00,158.85,158.85,158.85,158.85,7
XOM,2026-09-23 04:25:00-04:00,158.85,158.85,158.85,158.85,0
XOM,2026-09-23 04:30:00-04:00,158.85,158.85,158.85,158.85,0
XOM,2026-09-23 04:35:00-04:00,159.58,159.59,159.58,159.58,3
XOM,2026-09-23 04:40:00-04:00,158.96,158.96,158.96,158.96,1
XOM,2026-09-23 04:45:00-04:00,159.03,159.03,159.03,159.03,1
XOM,2026-09-23 04:50:00-04:00,159.06,159.07,159.06,159.07,2
XOM,2026-09-23 04:55:00-04:00,159.07,159.07,159.07,159.07,0
XOM,2026-09-23 05:00:00-04:00,159.07,159.07,159.07,159.07,0
XOM,2026-09-23 05:05:00-04:00,159.11,159.12,159.11,159.12,2
XOM,2026-09-23 05:10:00-04:00,159.12,159.12,159.12,159.12,0
XOM,2026-09-23 05:15:00-04:00,159.12,159.12,159.12,159.12,0
XOM,2026-09-23 05:20:00-04:00,159.16,159.16,159.16,159.16,1
XOM,2026-09-23 05:25:00-04:00,159.16,159.16,159.16,159.16,3
XOM,2026-09-23 05:30:00-04:00,159.16,159.16,159.16,159.16,0
XOM,2026-09-23 05:35:00-04:00,159.09,159.13,159.09,159.13,2
XOM,2026-09-23 05:40:00-04:00,159.19,159.19,159.19,159.19,3
XOM,2026-09-23 05:45:00-04:00,159.19,159.19,159.19,159.19,0
XOM,2026-09-23 05:50:00-04:00,159.19,159.19,159.19,159.19,0
XOM,2026-09-23 05:55:00-04:00,159.34,159.34,159.34,159.34,6
XOM,2026-09-23 06:00:00-04:00,159.31,159.32,159.31,159.32,4
XOM,2026-09-23 06:05:00-04:00,159.32,159.32,159.32,159.32,0
XOM,2026-09-23 06:10:00-04:00,159.32,159.32,159.32,159.32,0
XOM,2026-09-23 06:15:00-04:00,159.21,159.21,159.21,159.21,1
XOM,2026-09-23 06:20:00-04:00,159.21,159.21,159.21,159.21,0
XOM,2026-09-23 06:25:00-04:00,159.27,159.27,159.27,159.27,3
XOM,2026-09-23 06:30:00-04:00,159.16,159.16,159.16,159.16,1
XOM,2026-09-23 06:35:00-04:00,159.16,159.16,159.16,159.16,0
XOM,2026-09-23 06:40:00-04:00,159.16,159.16,159.16,159.16,0
XOM,2026-09-23 06:45:00-04:00,159.16,159.16,159.16,159.16,0
XOM,2026-09-23 06:50:00-04:00,159.16,159.16,159.16,159.16,0
XOM,2026-09-23 06:55:00-04:00,159.16,159.16,159.16,159.16,0
XOM,2026-09-23 07:00:00-04:00,159.01,159.01,159.0,159.0,12
XOM,2026-09-23 07:05:00-04:00,159.0,159.0,159.0,159.0,0
XOM,2026-09-23 07:10:00-04:00,159.12,159.4,159.05,159.4,14
XOM,2026-09-23 07:15:00-04:00,159.4,159.4,159.4,159.4,0
XOM,2026-09-23 07:20:00-04:00,159.58,159.58,159.58,159.58,1
XOM,2026-09-23 07:25:00-04:00,159.5,159.58,159.5,159.5,10
XOM,2026-09-23 07:30:00-04:00,159.74,159.74,159.73,159.74,2
XOM,2026-09-23 07:35:00-04:00,159.52,159.87,159.52,159.87,8
XOM,2026-09-23 07:40:00-04:00,159.96,160.08,159.86,159.86,13
XOM,2026-09-23 07:45:00-04:00,159.92,159.92,159.81,159.81,13
XOM,2026-09-23 07:50:00-04:00,159.89,159.89,159.8,159.85,5
XOM,2026-09-23 07:55:00-04:00,159.85,159.85,159.85,159.85,0
XOM,2026-09-23 08:00:00-04:00,159.85,159.85,159.85,159.85,0
XOM,2026-09-23 08:05:00-04:00,159.8,159.8,159.8,159.8,1
XOM,2026-09-23 08:10:00-04:00,159.87,160.24,159.87,160.24,5
XOM,2026-09-23 08:15:00-04:00,159.97,160.24,159.96,159.96,14
XOM,2026-09-23 08:20:00-04:00,159.75,159.75,159.75,159.75,1
XOM,2026-09-23 08:25:00-04:00,159.75,159.75,159.75,159.75,0
XOM,2026-09-23 08:30:00-04:00,159.75,159.75,159.75,159.75,0
XOM,2026-09-23 08:35:00-04:00,160.15,160.2,160.0,160.08,21
XOM,2026-09-23 08:40:00-04:00,159.96,160.25,159.95,160.24,8
XOM,2026-09-23 08:45:00-04:00,160.24,160.24,160.24,160.24,0
XOM,2026-09-23 08:50:00-04:00,160.24,160.24,160.24,160.24,0
XOM,2026-09-23 08:55:00-04:00,160.21,160.25,160.21,160.25,6
XOM,2026-09-23 09:00:00-04:00,160.26,160.4,160.25,160.4,29
XOM,2026-09-23 09:05:00-04:00,160.46,160.52,160.44,160.5,7
XOM,2026-09-23 09:10:00-04:00,160.53,160.66,160.25,160.25,41
XOM,2026-09-23 09:15:00-04:00,160.32,160.33,160.32,160.32,7
XOM,2026-09-23 09:20:00-04:00,160.33,160.34,160.0,160.02,37
XOM,2026-09-23 09:25:00-04:00,159.93,160.16,159.75,159.75,59
XOM,2026-09-23 09:30:00-04:00,159.62,160.1,159.42,159.94,2402
XOM,2026-09-23 09:35:00-04:00,159.88,160.23,159.67,159.88,1706
XOM,2026-09-23 09:40:00-04:00,159.88,160.5,159.72,160.35,1083
XOM,2026-09-23 09:45:00-04:00,160.38,161.39,160.38,161.39,1155
XOM,2026-09-23 09:50:00-04:00,161.26,161.66,161.22,161.46,937
XOM,2026-09-23 09:55:00-04:00,161.45,161.69,161.08,161.12,1094
XOM,2026-09-23 10:00:00-04:00,161.12,161.31,160.85,161.15,699
XOM,2026-09-23 10:05:00-04:00,161.18,161.36,160.89,160.98,1238
XOM,2026-09-23 10:10:00-04:00,160.99,161.75,160.99,161.72,487
XOM,2026-09-23 10:15:00-04:00,161.7,162.12,161.67,162.12,1052
XOM,2026-09-23 10:20:00-04:00,162.1,162.11,161.58,161.58,745
XOM,2026-09-23 10:25:00-04:00,161.58,161.99,161.53,161.91,671
XOM,2026-09-23 10:30:00-04:00,161.94,162.1,161.66,161.91,637
XOM,2026-09-23 10:35:00-04:00,161.88,162.08,161.58,161.64,772
XOM,2026-09-23 10:40:00-04:00,161.69,162.02,161.57,161.61,860
XOM,2026-09-23 10:45:00-04:00,161.62,161.81,161.31,161.51,701
XOM,2026-09-23 10:50:00-04:00,161.54,161.64,160.71,160.79,1414
XOM,2026-09-23 10:55:00-04:00,160.79,160.93,160.41,160.8,1096
XOM,2026-09-23 11:00:00-04:00,160.83,161.19,160.8,161.13,998
XOM,2026-09-23 11:05:00-04:00,161.12,161.25,160.95,161.09,1848
XOM,2026-09-23 11:10:00-04:00,161.08,161.28,160.91,161.23,541
XOM,2026-09-23 11:15:00-04:00,161.24,161.42,161.09,161.2,945
XOM,2026-09-23 11:20:00-04:00,161.2,161.28,161.06,161.24,477
XOM,2026-09-23 11:25:00-04:00,161.24,161.79,161.21,161.72,660
XOM,2026-09-23 11:30:00-04:00,161.72,161.79,161.51,161.53,1294
XOM,2026-09-23 11:35:00-04:00,161.52,161.52,161.02,161.1,600
XOM,2026-09-23 11:40:00-04:00,161.15,161.39,161.12,161.21,619
XOM,2026-09-23 11:45:00-04:00,161.21,161.38,161.14,161.28,818
XOM,2026-09-23 11:50:00-04:00,161.3,161.52,161.24,161.34,484
XOM,2026-09-23 11:55:00-04:00,161.33,161.35,161.04,161.17,534
XOM,2026-09-23 12:00:00-04:00,161.13,161.14,160.88,160.93,542
XOM,2026-09-23 12:05:00-04:00,160.9,161.12,160.9,160.96,408
XOM,2026-09-23 12:10:00-04:00,160.97,161.29,160.96,161.28,608
XOM,2026-09-23 12:15:00-04:00,161.29,161.31,161.15,161.19,304
XOM,2026-09-23 12:20:00-04:00,161.21,161.26,161.17,161.23,211
XOM,2026-09-23 12:25:00-04:00,161.22,161.33,161.16,161.31,219
XOM,2026-09-23 12:30:00-04:00,161.29,161.33,161.04,161.05,304
XOM,2026-09-23 12:35:00-04:00,161.04,161.14,160.99,161.04,266
XOM,2026-09-23 12:40:00-04:00,161.06,161.26,161.03,161.15,272
XOM,2026-09-23 12:45:00-04:00,161.14,161.34,160.26,160.5,1471
XOM,2026-09-23 12:50:00-04:00,160.46,160.46,159.96,160.18,1468
XOM,2026-09-23 12:55:00-04:00,160.16,160.16,159.82,160.04,1098
XOM,2026-09-23 13:00:00-04:00,160.05,160.52,159.78,160.47,886
XOM,2026-09-23 13:05:00-04:00,160.43,160.63,160.29,160.35,236
XOM,2026-09-23 13:10:00-04:00,160.3,160.54,160.27,160.44,302
XOM,2026-09-23 13:15:00-04:00,160.42,160.61,160.39,160.6,579
XOM,2026-09-23 13:20:00-04:00,160.61,160.68,160.47,160.64,235
XOM,2026-09-23 13:25:00-04:00,160.63,160.8,160.57,160.77,224
XOM,2026-09-23 13:30:00-04:00,160.8,160.95,160.77,160.87,333
XOM,2026-09-23 13:35:00-04:00,160.89,161.13,160.86,161.08,380
XOM,2026-09-23 13:40:00-04:00,161.08,161.48,161.08,161.29,1037
XOM,2026-09-23 13:45:00-04:00,161.29,161.32,161.03,161.07,457
XOM,2026-09-23 13:50:00-04:00,161.05,161.27,160.97,161.09,361
XOM,2026-09-23 13:55:00-04:00,161.09,161.26,160.91,161.25,295
XOM,2026-09-23 14:00:00-04:00,161.3,161.43,161.24,161.3,624
XOM,2026-09-23 14:05:00-04:00,161.27,161.36,161.08,161.13,411
XOM,2026-09-23 14:10:00-04:00,161.14,161.2,160.95,161.11,276
XOM,2026-09-23 14:15:00-04:00,161.1,161.25,161.01,161.15,417
XOM,2026-09-23 14:20:00-04:00,161.13,161.3,161.06,161.25,275
XOM,2026-09-23 14:25:00-04:00,161.24,161.29,161.14,161.18,376
XOM,2026-09-23 14:30:00-04:00,161.21,161.3,161.13,161.13,311
XOM,2026-09-23 14:35:00-04:00,161.14,161.18,161.01,161.05,481
XOM,2026-09-23 14:40:00-04:00,161.06,161.1,160.91,160.91,208
XOM,2026-09-23 14:45:00-04:00,160.92,161.05,160.92,160.94,310
XOM,2026-09-23 14:50:00-04:00,160.94,160.99,160.81,160.99,303
XOM,2026-09-23 14:55:00-04:00,160.97,161.02,160.89,160.93,276
XOM,2026-09-23 15:00:00-04:00,160.93,160.97,160.86,160.9,331
XOM,2026-09-23 15:05:00-04:00,160.9,161.09,160.89,161.05,917
XOM,2026-09-23 15:10:00-04:00,161.05,161.1,161.02,161.04,294
XOM,2026-09-23 15:15:00-04:00,161.05,161.09,160.96,161.03,362
XOM,2026-09-23 15:20:00-04:00,161.02,161.03,160.87,160.95,566
XOM,2026-09-23 15:25:00-04:00,160.95,161.06,160.86,161.0,667
XOM,2026-09-23 15:30:00-04:00,160.99,161.12,160.89,160.9,564
XOM,2026-09-23 15:35:00-04:00,160.9,161.15,160.87,161.14,637
XOM,2026-09-23 15:40:00-04:00,161.14,161.19,161.08,161.17,660
XOM,2026-09-23 15:45:00-04:00,161.19,161.31,160.95,160.98,1266
XOM,2026-09-23 15:50:00-04:00,160.95,161.0,160.77,160.91,1326
XOM,2026-09-23 15:55:00-04:00,160.88,161.3,160.85,161.28,5374
XOM,2026-09-23 16:00:00-04:00,161.28,161.28,161.23,161.23,27260
XOM,2026-09-23 16:05:00-04:00,161.02,161.25,161.01,161.25,863
XOM,2026-09-23 16:10:00-04:00,161.25,161.25,161.25,161.25,0
XOM,2026-09-23 16:15:00-04:00,161.23,161.23,161.23,161.23,927
XOM,2026-09-23 16:20:00-04:00,161.23,161.23,161.23,161.23,0
XOM,2026-09-23 16:25:00-04:00,161.23,161.23,161.23,161.23,0
XOM,2026-09-23 16:30:00-04:00,161.23,161.29,161.23,161.29,25
XOM,2026-09-23 16:35:00-04:00,161.23,161.24,161.23,161.24,10
XOM,2026-09-23 16:40:00-04:00,161.24,161.24,161.24,161.24,0
XOM,2026-09-23 16:45:00-04:00,161.26,161.27,161.26,161.26,3
XOM,2026-09-23 16:50:00-04:00,161.26,161.26,161.26,161.26,0
XOM,2026-09-23 16:55:00-04:00,161.26,161.26,161.26,161.26,0
XOM,2026-09-23 17:00:00-04:00,161.26,161.26,161.26,161.26,0
XOM,2026-09-23 17:05:00-04:00,161.26,161.26,161.26,161.26,0
XOM,2026-09-23 17:10:00-04:00,161.26,161.26,161.26,161.26,0
XOM,2026-09-23 17:15:00-04:00,161.15,161.16,161.15,161.15,1
XOM,2026-09-23 17:20:00-04:00,161.15,161.15,161.15,161.15,0
XOM,2026-09-23 17:25:00-04:00,161.15,161.15,161.15,161.15,1
XOM,2026-09-23 17:30:00-04:00,161.22,161.22,161.22,161.22,1
XOM,2026-09-23 17:35:00-04:00,161.25,161.25,161.25,161.25,1
XOM,2026-09-23 17:40:00-04:00,161.18,161.18,161.18,161.18,1
XOM,2026-09-23 17:45:00-04:00,161.18,161.18,161.18,161.18,0
XOM,2026-09-23 17:50:00-04:00,161.18,161.18,161.18,161.18,0
XOM,2026-09-23 17:55:00-04:00,161.23,161.23,161.23,161.23,1
XOM,2026-09-23 18:00:00-04:00,161.23,161.23,161.23,161.23,0
XOM,2026-09-23 18:05:00-04:00,161.19,161.19,161.18,161.19,1
XOM,2026-09-23 18:10:00-04:00,161.29,161.29,161.29,161.29,2
XOM,2026-09-23 18:15:00-04:00,161.25,161.25,161.25,161.25,2
XOM,2026-09-23 18:20:00-04:00,161.25,161.25,161.25,161.25,0
XOM,2026-09-23 18:25:00-04:00,161.25,161.25,161.25,161.25,0
XOM,2026-09-23 18:30:00-04:00,161.25,161.25,161.25,161.25,0
XOM,2026-09-23 18:35:00-04:00,161.25,161.25,161.25,161.25,0
XOM,2026-09-23 18:40:00-04:00,161.25,161.25,161.25,161.25,0
XOM,2026-09-23 18:45:00-04:00,161.25,161.25,161.25,161.25,0
XOM,2026-09-23 18:50:00-04:00,161.32,161.32,161.23,161.24,3
XOM,2026-09-23 18:55:00-04:00,161.24,161.24,161.24,161.24,0
XOM,2026-09-23 19:00:00-04:00,161.24,161.24,161.24,161.24,0
XOM,2026-09-23 19:05:00-04:00,161.24,161.24,161.24,161.24,0
XOM,2026-09-23 19:10:00-04:00,161.42,161.42,161.41,161.42,1
XOM,2026-09-23 19:15:00-04:00,161.42,161.42,161.42,161.42,0
XOM,2026-09-23 19:20:00-04:00,161.44,161.44,161.43,161.44,1
XOM,2026-09-23 19:25:00-04:00,161.29,161.35,161.23,161.35,12
XOM,2026-09-23 19:30:00-04:00,161.35,161.35,161.35,161.35,0
XOM,2026-09-23 19:35:00-04:00,161.35,161.35,161.34,161.35,1
XOM,2026-09-23 19:40:00-04:00,161.3,161.31,161.3,161.3,4
XOM,2026-09-23 19:45:00-04:00,161.3,161.3,161.3,161.3,0
XOM,2026-09-23 19:50:00-04:00,161.33,161.33,161.3,161.31,3
XOM,2026-09-23 19:55:00-04:00,161.31,161.31,161.31,161.31,0
XOM,2026-09-24 04:00:00-04:00,161.6,161.79,161.32,161.79,22
XOM,2026-09-24 04:05:00-04:00,161.8,162.13,161.8,162.13,10
XOM,2026-09-24 04:10:00-04:00,162.13,162.13,162.13,162.13,0
XOM,2026-09-24 04:15:00-04:00,162.21,162.21,162.07,162.07,4
XOM,2026-09-24 04:20:00-04:00,162.5,162.7,162.5,162.69,8
XOM,2026-09-24 04:25:00-04:00,162.7,162.7,162.7,162.7,1
XOM,2026-09-24 04:30:00-04:00,162.58,162.58,162.58,162.58,1
XOM,2026-09-24 04:35:00-04:00,162.58,162.58,162.58,162.58,0
XOM,2026-09-24 04:40:00-04:00,162.58,162.58,162.58,162.58,0
XOM,2026-09-24 04:45:00-04:00,162.58,162.58,162.58,162.58,0
XOM,2026-09-24 04:50:00-04:00,162.9,162.92,162.9,162.92,6
XOM,2026-09-24 04:55:00-04:00,162.9,162.9,162.9,162.9,1
XOM,2026-09-24 05:00:00-04:00,162.9,162.9,162.9,162.9,0
XOM,2026-09-24 05:05:00-04:00,162.9,162.9,162.9,162.9,0
XOM,2026-09-24 05:10:00-04:00,162.9,162.9,162.9,162.9,1
XOM,2026-09-24 05:15:00-04:00,162.86,163.19,162.65,163.19,22
XOM,2026-09-24 05:20:00-04:00,163.0,163.0,163.0,163.0,3
XOM,2026-09-24 05:25:00-04:00,163.0,163.0,163.0,163.0,0
XOM,2026-09-24 05:30:00-04:00,162.87,162.95,162.86,162.93,7
XOM,2026-09-24 05:35:00-04:00,163.0,163.1,163.0,163.1,5
XOM,2026-09-24 05:40:00-04:00,163.1,163.1,163.1,163.1,0
XOM,2026-09-24 05:45:00-04:00,163.09,163.09,163.07,163.07,6
XOM,2026-09-24 05:50:00-04:00,163.1,163.1,163.0,163.0,13
XOM,2026-09-24 05:55:00-04:00,163.16,163.16,163.16,163.16,2
XOM,2026-09-24 06:00:00-04:00,163.03,163.08,162.98,162.98,7
XOM,2026-09-24 06:05:00-04:00,162.98,163.16,162.93,163.16,10
XOM,2026-09-24 06:10:00-04:00,162.91,162.97,162.91,162.97,6
XOM,2026-09-24 06:15:00-04:00,162.93,162.93,162.86,162.86,17
XOM,2026-09-24 06:20:00-04:00,162.75,162.75,162.73,162.73,11
XOM,2026-09-24 06:25:00-04:00,162.74,162.76,162.73,162.73,8
XOM,2026-09-24 06:30:00-04:00,162.77,162.77,162.77,162.77,4
XOM,2026-09-24 06:35:00-04:00,162.57,162.57,162.57,162.57,2
XOM,2026-09-24 06:40:00-04:00,162.48,162.51,162.1,162.51,26
XOM,2026-09-24 06:45:00-04:00,162.46,162.46,162.46,162.46,1
XOM,2026-09-24 06:50:00-04:00,162.46,162.46,162.46,162.46,0
XOM,2026-09-24 06:55:00-04:00,162.46,162.46,162.46,162.46,0
XOM,2026-09-24 07:00:00-04:00,162.03,162.14,162.03,162.1,13
XOM,2026-09-24 07:05:00-04:00,162.49,162.49,162.49,162.49,1
XOM,2026-09-24 07:10:00-04:00,162.54,162.6,162.54,162.6,3
XOM,2026-09-24 07:15:00-04:00,162.35,162.6,162.35,162.6,7
XOM,2026-09-24 07:20:00-04:00,162.6,162.6,162.6,162.6,0
XOM,2026-09-24 07:25:00-04:00,162.5,162.5,162.5,162.5,4
XOM,2026-09-24 07:30:00-04:00,162.73,162.73,162.73,162.73,3
XOM,2026-09-24 07:35:00-04:00,162.79,162.79,162.79,162.79,2
XOM,2026-09-24 07:40:00-04:00,162.76,162.98,162.7,162.98,7
XOM,2026-09-24 07:45:00-04:00,162.98,162.98,162.98,162.98,0
XOM,2026-09-24 07:50:00-04:00,162.78,162.88,162.78,162.88,6
XOM,2026-09-24 07:55:00-04:00,162.88,162.88,162.88,162.88,0
XOM,2026-09-24 08:00:00-04:00,162.85,162.9,162.85,162.9,2
XOM,2026-09-24 08:05:00-04:00,162.87,162.87,162.87,162.87,6
XOM,2026-09-24 08:10:00-04:00,162.86,162.86,162.86,162.86,3
XOM,2026-09-24 08:15:00-04:00,162.86,162.89,162.83,162.83,25
XOM,2026-09-24 08:20:00-04:00,162.88,162.9,162.85,162.9,3
XOM,2026-09-24 08:25:00-04:00,162.85,163.0,162.85,162.98,75
XOM,2026-09-24 08:30:00-04:00,163.12,163.14,163.1,163.14,18
XOM,2026-09-24 08:35:00-04:00,163.14,163.24,163.14,163.24,21
XOM,2026-09-24 08:40:00-04:00,163.14,163.19,163.09,163.19,12
XOM,2026-09-24 08:45:00-04:00,163.11,163.11,163.11,163.11,1
XOM,2026-09-24 08:50:00-04:00,162.94,162.95,162.92,162.95,3
XOM,2026-09-24 08:55:00-04:00,162.92,163.23,162.92,163.23,4
XOM,2026-09-24 09:00:00-04:00,162.93,162.93,162.79,162.79,4
XOM,2026-09-24 09:05:00-04:00,162.94,162.94,162.72,162.77,6
XOM,2026-09-24 09:10:00-04:00,162.83,162.83,162.83,162.83,1
XOM,2026-09-24 09:15:00-04:00,162.85,162.85,162.78,162.78,5
XOM,2026-09-24 09:20:00-04:00,162.78,162.78,162.71,162.71,7
XOM,2026-09-24 09:25:00-04:00,162.79,163.3,162.64,163.3,41
XOM,2026-09-24 09:30:00-04:00,163.09,163.09,162.03,162.63,2016
XOM,2026-09-24 09:35:00-04:00,162.64,163.86,162.61,163.86,1523
XOM,2026-09-24 09:40:00-04:00,163.83,164.05,163.57,163.71,970
XOM,2026-09-24 09:45:00-04:00,163.73,164.16,163.67,164.05,999
XOM,2026-09-24 09:50:00-04:00,164.06,164.16,163.62,163.75,933
XOM,2026-09-24 09:55:00-04:00,163.76,163.95,163.5,163.61,611
XOM,2026-09-24 10:00:00-04:00,163.59,163.82,163.21,163.59,572
XOM,2026-09-24 10:05:00-04:00,163.61,164.11,163.61,163.98,1076
XOM,2026-09-24 10:10:00-04:00,164.02,164.49,163.88,164.36,1166
XOM,2026-09-24 10:15:00-04:00,164.36,164.91,164.34,164.76,1049
XOM,2026-09-24 10:20:00-04:00,164.72,164.74,164.16,164.44,953
XOM,2026-09-24 10:25:00-04:00,164.42,164.49,164.3,164.45,520
XOM,2026-09-24 10:30:00-04:00,164.45,164.62,164.19,164.41,610
XOM,2026-09-24 10:35:00-04:00,164.4,164.47,164.18,164.44,522
XOM,2026-09-24 10:40:00-04:00,164.45,164.69,164.36,164.62,746
XOM,2026-09-24 10:45:00-04:00,164.62,164.83,164.43,164.5,961
XOM,2026-09-24 10:50:00-04:00,164.5,164.51,164.03,164.24,625
XOM,2026-09-24 10:55:00-04:00,164.27,164.58,164.26,164.45,1164
XOM,2026-09-24 11:00:00-04:00,164.45,164.52,164.2,164.29,708
XOM,2026-09-24 11:05:00-04:00,164.28,164.45,164.13,164.45,612
XOM,2026-09-24 11:10:00-04:00,164.44,164.45,163.96,163.99,1051
XOM,2026-09-24 11:15:00-04:00,163.99,164.15,163.78,164.1,727
XOM,2026-09-24 11:20:00-04:00,164.1,164.22,163.97,164.16,736
XOM,2026-09-24 11:25:00-04:00,164.15,164.36,164.13,164.33,669
XOM,2026-09-24 11:30:00-04:00,164.33,164.44,164.17,164.2,715
XOM,2026-09-24 11:35:00-04:00,164.21,164.39,164.16,164.35,772
XOM,2026-09-24 11:40:00-04:00,164.34,164.51,164.3,164.47,649
XOM,2026-09-24 11:45:00-04:00,164.48,164.54,164.33,164.49,831
XOM,2026-09-24 11:50:00-04:00,164.51,164.57,164.3,164.31,1029
XOM,2026-09-24 11:55:00-04:00,164.31,164.5,164.3,164.47,340
XOM,2026-09-24 12:00:00-04:00,164.47,164.48,164.34,164.42,708
XOM,2026-09-24 12:05:00-04:00,164.42,164.48,164.31,164.45,600
XOM,2026-09-24 12:10:00-04:00,164.46,164.5,164.15,164.19,710
XOM,2026-09-24 12:15:00-04:00,164.21,164.24,162.08,162.99,3691
XOM,2026-09-24 12:20:00-04:00,162.93,163.01,162.29,162.52,1338
XOM,2026-09-24 12:25:00-04:00,162.57,163.05,162.15,162.39,1116
XOM,2026-09-24 12:30:00-04:00,162.42,162.57,162.15,162.45,627
XOM,2026-09-24 12:35:00-04:00,162.44,162.44,162.02,162.13,1411
XOM,2026-09-24 12:40:00-04:00,162.12,162.19,161.63,161.95,996
XOM,2026-09-24 12:45:00-04:00,161.95,162.25,161.79,162.21,886
XOM,2026-09-24 12:50:00-04:00,162.21,162.32,161.96,162.27,477
XOM,2026-09-24 12:55:00-04:00,162.25,162.48,162.24,162.41,314
XOM,2026-09-24 13:00:00-04:00,162.41,162.55,162.1,162.34,1137
XOM,2026-09-24 13:05:00-04:00,162.3,162.45,162.22,162.42,431
XOM,2026-09-24 13:10:00-04:00,162.4,162.69,162.4,162.55,1122
XOM,2026-09-24 13:15:00-04:00,162.55,162.62,162.44,162.49,300
XOM,2026-09-24 13:20:00-04:00,162.52,162.75,162.5,162.64,661
XOM,2026-09-24 13:25:00-04:00,162.64,162.73,162.42,162.45,491
XOM,2026-09-24 13:30:00-04:00,162.42,162.57,162.27,162.54,602
XOM,2026-09-24 13:35:00-04:00,162.54,162.7,162.53,162.65,593
XOM,2026-09-24 13:40:00-04:00,162.64,162.69,162.4,162.65,418
XOM,2026-09-24 13:45:00-04:00,162.62,162.65,162.47,162.58,607
XOM,2026-09-24 13:50:00-04:00,162.56,162.58,162.32,162.43,301
XOM,2026-09-24 13:55:00-04:00,162.39,162.68,162.38,162.5,944
XOM,2026-09-24 14:00:00-04:00,162.47,162.6,162.31,162.45,579
XOM,2026-09-24 14:05:00-04:00,162.47,162.49,162.31,162.34,987
XOM,2026-09-24 14:10:00-04:00,162.35,162.42,162.08,162.15,528
XOM,2026-09-24 14:15:00-04:00,162.15,162.17,161.9,162.05,574
XOM,2026-09-24 14:20:00-04:00,162.07,162.16,161.94,162.03,319
XOM,2026-09-24 14:25:00-04:00,162.03,162.03,161.79,161.88,435
XOM,2026-09-24 14:30:00-04:00,161.89,161.89,161.69,161.75,535
XOM,2026-09-24 14:35:00-04:00,161.76,161.83,161.2,161.56,924
XOM,2026-09-24 14:40:00-04:00,161.58,161.81,161.57,161.77,258
XOM,2026-09-24 14:45:00-04:00,161.77,161.77,161.46,161.49,268
XOM,2026-09-24 14:50:00-04:00,161.53,161.64,161.37,161.41,273
XOM,2026-09-24 14:55:00-04:00,161.45,161.61,161.44,161.56,270
XOM,2026-09-24 15:00:00-04:00,161.56,161.94,161.52,161.87,665
XOM,2026-09-24 15:05:00-04:00,161.85,162.08,161.81,161.89,438
XOM,2026-09-24 15:10:00-04:00,161.89,162.17,161.76,162.13,588
XOM,2026-09-24 15:15:00-04:00,162.12,162.2,162.04,162.18,439
XOM,2026-09-24 15:20:00-04:00,162.16,162.28,162.1,162.22,493
XOM,2026-09-24 15:25:00-04:00,162.25,162.25,162.11,162.16,371
XOM,2026-09-24 15:30:00-04:00,162.2,162.34,161.94,161.94,574
XOM,2026-09-24 15:35:00-04:00,161.92,162.13,161.92,162.07,355
XOM,2026-09-24 15:40:00-04:00,162.1,162.22,162.03,162.21,462
XOM,2026-09-24 15:45:00-04:00,162.23,162.31,161.97,162.07,1290
XOM,2026-09-24 15:50:00-04:00,162.05,162.13,161.83,162.05,1347
XOM,2026-09-24 15:55:00-04:00,162.04,162.21,161.82,162.03,4849
XOM,2026-09-24 16:00:00-04:00,162.06,162.14,161.46,161.46,17114
XOM,2026-09-24 16:05:00-04:00,162.04,162.06,162.04,162.06,9
XOM,2026-09-24 16:10:00-04:00,162.06,162.06,162.06,162.06,0
XOM,2026-09-24 16:15:00-04:00,161.85,162.06,161.85,162.06,14
XOM,2026-09-24 16:20:00-04:00,162.14,162.14,162.14,162.14,1366
XOM,2026-09-24 16:25:00-04:00,162.14,162.14,162.14,162.14,0
XOM,2026-09-24 16:30:00-04:00,162.14,162.14,162.14,162.14,0
XOM,2026-09-24 16:35:00-04:00,162.16,162.17,162.16,162.17,2
XOM,2026-09-24 16:40:00-04:00,162.14,162.14,162.14,162.14,3
XOM,2026-09-24 16:45:00-04:00,162.08,162.08,162.08,162.08,1
XOM,2026-09-24 16:50:00-04:00,162.08,162.08,162.08,162.08,1
XOM,2026-09-24 16:55:00-04:00,162.07,162.07,162.07,162.07,1
XOM,2026-09-24 17:00:00-04:00,162.07,162.07,162.07,162.07,0
XOM,2026-09-24 17:05:00-04:00,162.2,162.2,162.2,162.2,1
XOM,2026-09-24 17:10:00-04:00,162.15,162.15,162.08,162.15,27
XOM,2026-09-24 17:15:00-04:00,162.15,162.15,162.15,162.15,0
XOM,2026-09-24 17:20:00-04:00,162.15,162.15,162.15,162.15,0
XOM,2026-09-24 17:25:00-04:00,162.18,162.18,162.18,162.18,8
XOM,2026-09-24 17:30:00-04:00,162.1,162.1,162.1,162.1,1
XOM,2026-09-24 17:35:00-04:00,162.1,162.1,162.1,162.1,0
XOM,2026-09-24 17:40:00-04:00,162.1,162.1,162.1,162.1,0
XOM,2026-09-24 17:45:00-04:00,162.06,162.06,162.06,162.06,1
XOM,2026-09-24 17:50:00-04:00,162.06,162.06,162.06,162.06,0
XOM,2026-09-24 17:55:00-04:00,162.14,162.14,162.09,162.1,19
XOM,2026-09-24 18:00:00-04:00,162.1,162.1,162.1,162.1,0
XOM,2026-09-24 18:05:00-04:00,162.1,162.1,162.1,162.1,0
XOM,2026-09-24 18:10:00-04:00,162.1,162.1,162.1,162.1,0
XOM,2026-09-24 18:15:00-04:00,162.14,162.14,162.14,162.14,40
XOM,2026-09-24 18:20:00-04:00,162.14,162.14,162.14,162.14,0
XOM,2026-09-24 18:25:00-04:00,162.14,162.14,162.14,162.14,0
