ticker,date,open,high,low,close,adj_close,volume,ema20,dist_ema20_pct,atr14
AAOI,2026-08-20,121.91500091552734,130.49000549316406,118.5999984741211,129.10000610351562,129.10000610351562,9518800.0,129.10000610351562,0.0,
AAOI,2026-08-21,129.3679962158203,133.72000122070312,121.88999938964844,124.81999969482422,124.81999969482422,9748200.0,128.69238644554503,-3.0090255202155025,
AAOI,2026-08-24,109.125,112.45999908447266,102.0999984741211,107.62999725341797,107.62999725341797,15016500.0,126.6864446177234,-15.042214991357827,15.480003356933594
AAOI,2026-08-25,111.7750015258789,115.08000183105469,110.23999786376953,113.1500015258789,113.1500015258789,6735500.0,125.39725956135725,-9.766766896118428,13.472503662109375
AAOI,2026-08-26,110.58999633789062,114.20999908447266,110.01000213623047,113.76000213623047,113.76000213623047,4878800.0,124.2889493303928,-8.471346206470542,11.618002319335938
AAOI,2026-08-27,117.02999877929688,118.9000015258789,111.30000305175781,113.27999877929688,113.27999877929688,6254100.0,123.24047784933605,-8.082149017805706,10.94833501180013
AAOI,2026-08-28,110.45999908447266,110.9000015258789,105.1500015258789,106.2300033569336,106.2300033569336,5716900.0,121.62043265958343,-12.65447669120514,10.54571533203125
AAOI,2026-08-31,107.5199966430664,108.66999816894531,104.05599975585938,107.69000244140625,107.69000244140625,4609500.0,120.29372501975703,-10.477456389583706,9.804250717163086
AAOI,2026-09-01,104.44999694824219,105.73999786376953,101.2300033569336,103.38999938964844,103.38999938964844,4893800.0,118.68384638831812,-12.886207739366817,9.432667202419704
AAOI,2026-09-02,102.08999633789062,104.73999786376953,100.80000305175781,103.12999725341797,103.12999725341797,4092300.0,117.20252742308952,-12.007019369873406,8.883399963378906
AAOI,2026-09-03,101.9000015258789,103.13999938964844,96.95999908447266,100.37999725341797,100.37999725341797,5918000.0,115.6003816926446,-13.166379052012312,8.637636358087713
AAOI,2026-09-04,101.91000366210938,106.55999755859375,100.54000091552734,105.52999877929688,105.52999877929688,6840200.0,114.6412976056591,-7.947658493628618,8.432833353678385
AAOI,2026-09-08,108.38999938964844,116.9000015258789,107.80000305175781,111.55000305175781,111.55000305175781,12081100.0,114.34688860052565,-2.4459655903177557,8.65876946082482
AAOI,2026-09-09,110.77999877929688,113.63999938964844,107.62000274658203,107.93000030517578,107.93000030517578,5977400.0,113.73575638192091,-5.1046005771919205,8.47028568812779
AAOI,2026-09-10,104.5,109.77999877929688,102.98999786376953,103.29000091552734,103.29000091552734,5703900.0,112.74092252797867,-8.382867019831163,8.105999537876674
AAOI,2026-09-11,104.51000213623047,108.66999816894531,104.08000183105469,105.36000061035156,105.36000061035156,5001400.0,112.03797758344275,-5.960458334869189,7.645284925188337
AAOI,2026-09-14,96.7699966430664,101.12999725341797,95.66999816894531,95.76000213623047,95.76000213623047,8519400.0,110.48769420751778,-13.329712577425845,6.714570726667132
AAOI,2026-09-15,96.98999786376953,99.79000091552734,95.08000183105469,95.29000091552734,95.29000091552734,4598500.0,109.04029484637583,-12.61028682123515,6.518856048583984
AAOI,2026-09-16,98.19999694824219,99.5999984741211,94.0,96.73999786376953,96.73999786376953,7101200.0,107.86883799088952,-10.317011228080453,6.618856157575335
AAOI,2026-09-17,100.7249984741211,102.34700012207031,96.36000061035156,98.05999755859375,98.05999755859375,7819200.0,106.93466271162326,-8.299147281141494,6.5036419459751675
AAOI,2026-09-18,101.06999969482422,105.43499755859375,98.51499938964844,105.16999816894531,105.16999816894531,9920300.0,106.7665994218444,-1.495412667955054,6.449713570731027
AAOI,2026-09-21,108.19999694824219,109.7300033569336,104.91999816894531,108.66999816894531,108.66999816894531,8161300.0,106.94787549299687,1.610244867427224,6.463714054652622
AAOI,2026-09-22,106.93000030517578,110.73999786376953,103.9000015258789,107.0,107.0,7480500.0,106.95283973175907,0.04409445168469528,6.4908567156110495
AAOI,2026-09-23,106.5999984741211,107.31999969482422,100.41999816894531,101.05999755859375,101.05999755859375,6601700.0,106.39161666764808,-5.011315060386323,6.7022857666015625
AAOI,2026-09-24,98.93000030517578,103.58000183105469,97.58999633789062,101.02999877929688,101.02999877929688,5551400.0,105.88098639256701,-4.581547432212707,6.688714708600726
AAOI,2026-09-25,101.70999908447266,105.02999877929688,99.97000122070312,101.4000015258789,101.4000015258789,5511000.0,105.45422592907292,-3.8445347898346194,6.608714512416294
AAOI,2026-09-28,100.08999633789062,102.43000030517578,93.62000274658203,96.81999969482422,96.81999969482422,8195600.0,104.63191866866828,-7.46609550244568,6.42585699898856
AAOI,2026-09-29,98.7699966430664,103.83000183105469,97.43000030517578,100.66999816894531,100.66999816894531,7288100.0,104.2545929067899,-3.4383086997897827,6.4965716770717075
AAOI,2026-09-30,101.9000015258789,104.25,96.41000366210938,99.26000213623047,99.26000213623047,5795000.0,103.77891759530804,-4.35436749947552,6.571571350097656
AAOI,2026-10-01,99.80000305175781,104.94000244140625,97.7699966430664,104.20999908447266,104.20999908447266,3049800.0,103.81997297522848,0.3756754101036375,6.699429103306362
ACCV,2026-09-30,17.549999237060547,18.100000381469727,17.510000228881836,17.954999923706055,17.954999923706055,12749740.0,17.954999923706055,0.0,
ACCV,2026-10-01,17.799999237060547,17.8799991607666,16.829999923706055,17.059999465942383,17.059999465942383,1505732.0,17.86976178487142,-4.531466779901816,
ACHV,2026-08-20,8.420000076293945,8.460000038146973,7.960000038146973,8.020000457763672,8.020000457763672,1453900.0,8.020000457763672,0.0,
ACHV,2026-08-21,8.109999656677246,8.1899995803833,7.900000095367432,7.989999771118164,7.989999771118164,1060700.0,8.017143249511719,-0.3385679605414027,
ACHV,2026-08-24,7.989999771118164,8.119999885559082,7.679999828338623,7.940000057220459,7.940000057220459,920300.0,8.009796278817314,-0.8713857277673598,0.4099998474121094
ACHV,2026-08-25,8.039999961853027,8.420000076293945,8.010000228881836,8.170000076293945,8.170000076293945,1322400.0,8.025053783338898,1.8061722309696604,0.4274998903274536
ACHV,2026-08-26,8.199999809265137,8.34000015258789,8.020000457763672,8.270000457763672,8.270000457763672,1322200.0,8.04838203804602,2.753577286341846,0.40599985122680665
ACHV,2026-08-27,8.3100004196167,8.399999618530273,8.15999984741211,8.180000305175781,8.180000305175781,987700.0,8.060917111105997,1.477290889217997,0.3783331712086995
ACHV,2026-08-28,8.170000076293945,8.220000267028809,7.949999809265137,8.100000381469727,8.100000381469727,988900.0,8.064639327331115,0.4384703729870765,0.3628570692879813
ACHV,2026-08-31,8.069999694824219,8.140000343322754,7.820000171661377,7.940000057220459,7.940000057220459,1059000.0,8.052768920653909,-1.4003737663975224,0.35749995708465576
ACHV,2026-09-01,7.829999923706055,8.399999618530273,7.829999923706055,8.25,8.25,1652200.0,8.071552832972584,2.2108158209465323,0.3811110390557183
ACHV,2026-09-02,8.270000457763672,8.520000457763672,8.25,8.479999542236328,8.479999542236328,1044200.0,8.110452519569131,4.556429148380348,0.36999998092651365
ACHV,2026-09-03,8.489999771118164,8.640000343322754,8.210000038146973,8.3100004196167,8.3100004196167,1532400.0,8.129457081478424,2.2208535739688173,0.37545455585826526
ACHV,2026-09-04,8.199999809265137,8.5600004196167,8.100000381469727,8.489999771118164,8.489999771118164,886400.0,8.163794480491733,3.9957557898589124,0.38250001271565753
ACHV,2026-09-08,8.319999694824219,8.34000015258789,7.820000171661377,7.840000152587891,7.840000152587891,3533200.0,8.132956925453271,-3.6020942389173416,0.4046153655418983
ACHV,2026-09-09,7.820000171661377,7.849999904632568,7.519999980926514,7.539999961853027,7.539999961853027,2367200.0,8.07648483368182,-6.642554067475725,0.3992856911250523
ACHV,2026-09-10,7.480000019073486,7.559999942779541,7.210000038146973,7.28000020980835,7.28000020980835,2476300.0,8.000629155217679,-9.007153455417505,0.3885713985988072
ACHV,2026-09-11,7.380000114440918,7.440000057220459,7.010000228881836,7.059999942779541,7.059999942779541,1460700.0,7.911045420699761,-10.757686660392629,0.39857142312186106
ACHV,2026-09-14,7.059999942779541,7.289999961853027,7.019999980926514,7.230000019073486,7.230000019073486,1430300.0,7.846183953878211,-7.853294524150911,0.38642856052943636
ACHV,2026-09-15,7.21999979019165,7.329999923706055,7.019999980926514,7.320000171661377,7.320000171661377,1383900.0,7.796071212714703,-6.106550697957925,0.3742856979370117
ACHV,2026-09-16,7.429999828338623,7.619999885559082,7.269999980926514,7.420000076293945,7.420000076293945,1905700.0,7.760254914007964,-4.384583257694641,0.3764285700661795
ACHV,2026-09-17,7.590000152587891,8.109999656677246,7.590000152587891,7.909999847412109,7.909999847412109,1871100.0,7.77451633623693,1.7426616051173793,0.4085714135851179
ACHV,2026-09-18,7.909999847412109,8.09000015258789,7.800000190734863,7.980000019073486,7.980000019073486,2830200.0,7.794086210792793,2.3853188591018037,0.40999994959150043
ACHV,2026-09-21,8.029999732971191,8.069999694824219,7.820000171661377,8.050000190734863,8.050000190734863,1006800.0,7.818458970787276,2.9614687601829504,0.4049999032701765
ACHV,2026-09-22,8.149999618530273,8.420000076293945,7.949999809265137,8.119999885559082,8.119999885559082,1674900.0,7.847177153146496,3.4766990356932537,0.39785708699907574
ACHV,2026-09-23,8.149999618530273,8.199999809265137,7.760000228881836,7.829999923706055,7.829999923706055,1328100.0,7.84554122653312,-0.19809089492138776,0.4099998814719064
ACHV,2026-09-24,7.789999961853027,8.140000343322754,7.619999885559082,7.829999923706055,7.829999923706055,1141100.0,7.844061102454352,-0.17925891403238747,0.41642846379961285
ACHV,2026-09-25,7.900000095367432,7.960000038146973,7.510000228881836,7.539999961853027,7.539999961853027,1423000.0,7.815102898587559,-3.520144779977896,0.41571416173662457
ACHV,2026-09-28,7.5,7.840000152587891,7.349999904632568,7.75,7.75,1301100.0,7.8089026225316,-0.7543008970510634,0.40285706520080566
ACHV,2026-09-29,7.75,7.760000228881836,7.46999979019165,7.690000057220459,7.690000057220459,1027600.0,7.797578568692444,-1.3796399808514437,0.3999999591282436
ACHV,2026-09-30,8.079999923706055,8.279999732971191,7.869999885559082,8.09000015258789,8.09000015258789,2377200.0,7.825428243349153,3.3809256313045655,0.41714279992239817
ACHV,2026-10-01,7.889999866485596,8.039999961853027,7.724999904632568,7.730000019073486,7.730000019073486,336901.0,7.816339841037185,-1.104606807273134,0.4124999727521624
ACN,2026-08-20,182.2100067138672,187.13999938964844,181.1699981689453,181.35000610351562,181.35000610351562,4383300.0,181.35000610351562,0.0,
ACN,2026-08-21,180.97999572753906,188.4499969482422,180.02000427246094,185.27999877929688,185.27999877929688,4837600.0,181.7242911202567,1.9566496240654763,
ACN,2026-08-24,184.63999938964844,188.0800018310547,183.42999267578125,186.52999877929688,186.52999877929688,7346300.0,182.18197756397484,2.386636303689915,6.3500010172526045
ACN,2026-08-25,183.77999877929688,188.0,182.3300018310547,186.92999267578125,186.92999267578125,4071800.0,182.63416947938498,2.3521464842213735,6.180000305175781
ACN,2026-08-26,182.35000610351562,185.83999633789062,180.7899932861328,181.3800048828125,181.3800048828125,4376500.0,182.51472523209236,-0.6217144111725248,6.172000122070313
ACN,2026-08-27,184.10000610351562,189.92999267578125,183.50999450683594,187.3800048828125,187.3800048828125,4930200.0,182.9780851988276,2.405708683201957,6.568331400553386
ACN,2026-08-28,189.33999633789062,191.89999389648438,188.6699981689453,189.61000061035156,189.61000061035156,4840700.0,183.60969619040134,3.267967076056788,6.2757110595703125
ACN,2026-08-31,188.32000732421875,191.4600067138672,186.75999450683594,189.75999450683594,189.75999450683594,4194000.0,184.19543888720463,3.02100619496819,6.07874870300293
ACN,2026-09-01,187.32000732421875,190.5,186.99000549316406,188.08999633789062,188.08999633789062,3409500.0,184.5663491206033,1.9091493298081241,5.793331570095486
ACN,2026-09-02,186.30999755859375,190.0500030517578,185.44000244140625,187.67999267578125,187.67999267578125,2876300.0,184.86288660204883,1.5238894758777377,5.674998474121094
ACN,2026-09-03,190.0,195.32000732421875,189.08999633789062,193.1199951171875,193.1199951171875,5420300.0,185.64927788920488,4.02410249742049,5.853636308149858
ACN,2026-09-04,192.0,192.1699981689453,186.02000427246094,186.72000122070312,186.72000122070312,5103400.0,185.75125153982378,0.5215306345710768,5.957499186197917
ACN,2026-09-08,184.35000610351562,184.35000610351562,177.0399932861328,179.02999877929688,179.02999877929688,6099500.0,185.11113222929743,-3.285125738665917,6.243846012995793
ACN,2026-09-09,178.61000061035156,180.97000122070312,175.60000610351562,175.8000030517578,175.8000030517578,3981100.0,184.2243580219127,-4.57287790855151,6.181428091866629
ACN,2026-09-10,177.6300048828125,179.38999938964844,175.49000549316406,177.91000366210938,177.91000366210938,3961100.0,183.62299094002668,-3.111259243012343,6.033570425851004
ACN,2026-09-11,179.0500030517578,184.1199951171875,178.2899932861328,183.89999389648438,183.89999389648438,2886800.0,183.64937217397502,0.13646750846059152,5.874998910086496
ACN,2026-09-14,190.5500030517578,195.47000122070312,187.77999877929688,195.0,195.0,5322100.0,184.73038434788214,5.5592455395850005,6.369284493582589
ACN,2026-09-15,190.52999877929688,197.6300048828125,190.0800018310547,193.39999389648438,193.39999389648438,5748700.0,185.55606144774902,4.227257459301126,6.503570556640625
ACN,2026-09-16,190.0399932861328,192.0,188.17999267578125,189.63999938964844,189.63999938964844,3317200.0,185.9450079184061,1.987142065606684,6.43785640171596
ACN,2026-09-17,189.94000244140625,192.11000061035156,188.89999389648438,190.2899932861328,190.2899932861328,2935900.0,186.3588160486658,2.109466737779897,6.056429181780134
ACN,2026-09-18,188.5800018310547,189.47999572753906,180.6999969482422,181.2899932861328,181.2899932861328,11664700.0,185.87607102366266,-2.4672771014973893,6.418572562081473
ACN,2026-09-21,187.0,193.75,184.99000549316406,186.11000061035156,186.11000061035156,7418300.0,185.89835003191874,0.11385285474372342,6.9728578839983255
ACN,2026-09-22,189.3800048828125,190.24000549316406,182.16000366210938,183.72000122070312,183.72000122070312,3878300.0,185.6908882403744,-1.0613805762617612,7.299286978585379
ACN,2026-09-23,185.5,188.27999877929688,182.55999755859375,183.52000427246094,183.52000427246094,4021400.0,185.4841373862874,-1.0589224186518753,7.378572736467634
ACN,2026-09-24,185.75,186.33999633789062,176.8699951171875,177.41000366210938,177.41000366210938,4634600.0,184.715172269699,-3.9548286791100673,7.509286063058036
ACN,2026-09-25,177.1300048828125,180.0500030517578,175.74000549316406,176.11000061035156,176.11000061035156,4960100.0,183.8956321116659,-4.2337229067989535,7.310000828334263
ACN,2026-09-28,173.50999450683594,177.0800018310547,172.3000030517578,174.47000122070312,174.47000122070312,5499800.0,182.99795297919323,-4.6601350559695724,6.960000174386161
ACN,2026-09-29,173.08999633789062,177.77000427246094,172.11000061035156,177.1199951171875,177.1199951171875,6358600.0,182.438147468526,-2.915044043766113,6.980715070452009
ACN,2026-09-30,178.10000610351562,184.3000030517578,177.74000549316406,183.3699951171875,183.3699951171875,10531000.0,182.52689486363664,0.4619046711887176,7.215001787458148
ACN,2026-10-01,215.97999572753906,227.5800018310547,215.0,221.2100067138672,221.2100067138672,13075999.0,186.2110007541348,18.795348189951255,9.929288591657366
AKAM,2026-08-20,112.19000244140625,112.72000122070312,109.48999786376953,110.08999633789062,110.08999633789062,2118900.0,110.08999633789062,0.0,
AKAM,2026-08-21,110.26000213623047,112.51000213623047,109.58999633789062,110.41999816894531,110.41999816894531,3011500.0,110.12142508370536,0.2711307858693335,
AKAM,2026-08-24,110.0,110.0,105.19999694824219,105.66000366210938,105.66000366210938,2759300.0,109.69652780545812,-3.6797191525581696,3.790003458658854
AKAM,2026-08-25,106.0,107.2699966430664,104.06999969482422,105.73999786376953,105.73999786376953,2978100.0,109.3197154300592,-3.2745397773925933,3.6425018310546875
AKAM,2026-08-26,105.55999755859375,109.52999877929688,105.41999816894531,108.05999755859375,108.05999755859375,3374800.0,109.19974229944344,-1.0437247532364413,3.7360015869140626
AKAM,2026-08-27,109.75,111.8499984741211,108.81999969482422,111.23999786376953,111.23999786376953,3042400.0,109.39405235318878,1.6874276716808634,3.745001475016276
AKAM,2026-08-28,110.91000366210938,112.4000015258789,106.87999725341797,107.47000122070312,107.47000122070312,2583100.0,109.21080938819014,-1.5939888892310239,3.9985733032226562
AKAM,2026-08-31,107.05999755859375,109.69000244140625,107.02999877929688,108.62000274658203,108.62000274658203,2403400.0,109.15454208898936,-0.48970874887783733,3.831252098083496
AKAM,2026-09-01,108.91999816894531,109.98999786376953,105.77999877929688,106.45999908447266,106.45999908447266,2700900.0,108.89791894570206,-2.2387203399589106,3.8733350965711804
AKAM,2026-09-02,106.0,106.33999633789062,104.01000213623047,105.08999633789062,105.08999633789062,2172400.0,108.53525964972002,-3.1743263184226267,3.731001281738281
AKAM,2026-09-03,105.41999816894531,106.55999755859375,102.55000305175781,106.5,106.5,3350700.0,108.34142539736573,-1.6996503328361223,3.7563643022017046
AKAM,2026-09-04,105.0,106.5,104.0,105.22000122070312,105.22000122070312,1758400.0,108.04414690435024,-2.6138812370347875,3.651667277018229
AKAM,2026-09-08,102.69000244140625,108.11000061035156,100.7699966430664,105.61000061035156,105.61000061035156,3766700.0,107.81232344777894,-2.0427375711776663,3.9353854839618387
AKAM,2026-09-09,108.76000213623047,112.76000213623047,107.93000030517578,110.75,110.75,4566500.0,108.09210216703809,2.4589195507129347,4.165000915527344
AKAM,2026-09-10,109.08000183105469,111.18000030517578,106.62999725341797,107.12999725341797,107.12999725341797,2929400.0,108.00047312764569,-0.8059926489385916,4.259286608014788
AKAM,2026-09-11,107.62999725341797,110.73999786376953,106.30999755859375,106.79000091552734,106.79000091552734,3688400.0,107.8851900598249,-1.0151431755278328,4.3671433585030695
AKAM,2026-09-14,105.43000030517578,107.86000061035156,102.5,105.56999969482422,105.56999969482422,4585200.0,107.66469573934864,-1.9455737371845583,4.377143314906529
AKAM,2026-09-15,105.62999725341797,107.41999816894531,103.93000030517578,105.4000015258789,105.4000015258789,2826400.0,107.44901057616106,-1.9069594399194534,4.397857666015625
AKAM,2026-09-16,105.38999938964844,107.26000213623047,103.75,104.4800033569336,104.4800033569336,2502600.0,107.16624798385368,-2.5066144214779373,4.3550006321498325
AKAM,2026-09-17,105.05999755859375,109.8499984741211,104.30999755859375,107.08000183105469,107.08000183105469,2859700.0,107.15803406453948,-0.07281976957302927,4.4800006321498325
AKAM,2026-09-18,107.25,107.25,102.61000061035156,104.5199966430664,104.5199966430664,4817000.0,106.90679240535157,-2.232595056481823,4.417143140520368
AKAM,2026-09-21,106.04000091552734,117.58000183105469,105.4000015258789,117.41000366210938,117.41000366210938,4703100.0,107.90709823932849,8.806561920240208,5.160000392368862
AKAM,2026-09-22,117.87000274658203,122.79000091552734,116.0999984741211,118.33999633789062,118.33999633789062,4670700.0,108.9007075820487,8.667793777859622,5.33714348929269
AKAM,2026-09-23,117.33000183105469,119.4800033569336,113.76000213623047,118.44000244140625,118.44000244140625,3919400.0,109.80921185436846,7.859805603999925,5.570715223039899
AKAM,2026-09-24,116.73999786376953,118.0,110.30999755859375,110.41000366210938,110.41000366210938,7058400.0,109.86643012177235,0.49475853519089785,5.865001678466797
AKAM,2026-09-25,125.2300033569336,128.4600067138672,113.83999633789062,113.94000244140625,113.94000244140625,31946800.0,110.25438939030892,3.3428265953657332,6.975716182163784
AKAM,2026-09-28,112.8499984741211,115.0999984741211,108.80000305175781,108.98999786376953,108.98999786376953,8243100.0,110.13397114968612,-1.0387106484717412,6.901429857526507
AKAM,2026-09-29,110.77999877929688,111.43000030517578,105.75,108.44999694824219,108.44999694824219,6052000.0,109.97359265431051,-1.3854195987372808,6.796429770333426
AKAM,2026-09-30,108.83999633789062,113.43000030517578,106.33000183105469,106.3499984741211,106.3499984741211,6249400.0,109.62848844667342,-2.9905456318930046,6.978572300502232
AKAM,2026-10-01,107.16000366210938,108.09989929199219,104.05999755859375,104.06099700927734,104.06099700927734,1595071.0,109.0982511669214,-4.617172231236788,6.950708116803851
ALHC,2026-08-20,12.829999923706055,13.270000457763672,12.770000457763672,12.930000305175781,12.930000305175781,3925900.0,12.930000305175781,0.0,
ALHC,2026-08-21,13.069999694824219,13.319999694824219,12.930999755859375,13.15999984741211,13.15999984741211,2220900.0,12.951905023484004,1.606673485875576,
ALHC,2026-08-24,13.229999542236328,13.789999961853027,13.15999984741211,13.430000305175781,13.430000305175781,3448000.0,12.99743790745465,3.3280589667063154,0.5066665013631185
ALHC,2026-08-25,13.430000305175781,13.619999885559082,13.260000228881836,13.59000015258789,13.59000015258789,3730800.0,13.053872406991148,4.107039879672891,0.4699997901916504
ALHC,2026-08-26,13.59000015258789,14.550000190734863,13.59000015258789,13.899999618530273,13.899999618530273,7243700.0,13.134455950947254,5.828514484665881,0.5679998397827148
ALHC,2026-08-27,13.819999694824219,14.079999923706055,13.520000457763672,13.5600004196167,13.5600004196167,4699900.0,13.17498399558244,2.9223293490402202,0.5666664441426595
ALHC,2026-08-28,13.625,13.869999885559082,13.399999618530273,13.619999885559082,13.619999885559082,3085800.0,13.217366461294501,3.0462454486954282,0.5528569902692523
ALHC,2026-08-31,13.579999923706055,13.630000114440918,13.260000228881836,13.399999618530273,13.399999618530273,2849300.0,13.234760095316956,1.2485267736117578,0.529999852180481
ALHC,2026-09-01,13.449999809265137,13.9399995803833,13.430000305175781,13.59000015258789,13.59000015258789,4123800.0,13.268592481723712,2.42231925735068,0.5311109754774306
ALHC,2026-09-02,13.579999923706055,13.869999885559082,13.399999618530273,13.59000015258789,13.59000015258789,3631000.0,13.299202736091727,2.1865778142248216,0.5249999046325684
ALHC,2026-09-03,13.729999542236328,13.829999923706055,13.300000190734863,13.545000076293945,13.545000076293945,4191900.0,13.322612006587178,1.6692527681269276,0.5254544344815341
ALHC,2026-09-04,13.34000015258789,13.579999923706055,13.15999984741211,13.539999961853027,13.539999961853027,5101100.0,13.343315621374403,1.4740289899427994,0.516666571299235
ALHC,2026-09-08,13.449999809265137,13.550000190734863,13.055000305175781,13.460000038146973,13.460000038146973,3981100.0,13.35442842297179,0.7905363811272048,0.5149999031653771
ALHC,2026-09-09,13.5,13.510000228881836,12.649999618530273,13.029999732971191,13.029999732971191,4900200.0,13.323530452495541,-2.2031001510517068,0.5396428108215332
ALHC,2026-09-10,12.949999809265137,13.210000038146973,12.699999809265137,12.760000228881836,12.760000228881836,4962200.0,13.269860907389475,-3.842245838641134,0.5403571128845215
ALHC,2026-09-11,12.890000343322754,12.949999809265137,12.390000343322754,12.609999656677246,12.609999656677246,6076400.0,13.207016978750216,-4.520455474794627,0.5524999754769462
ALHC,2026-09-14,12.729999542236328,13.329999923706055,12.649999618530273,12.9399995803833,12.9399995803833,5666600.0,13.181586750334318,-1.8327624323747682,0.5589285578046527
ALHC,2026-09-15,12.175000190734863,12.279999732971191,9.9399995803833,10.369999885559082,10.369999885559082,28546000.0,12.913816572736676,-19.698411177281518,0.7475000108991351
ALHC,2026-09-16,10.300000190734863,10.390000343322754,8.520000457763672,8.710000038146973,8.710000038146973,24341300.0,12.513453093251941,-30.39491199400456,0.8125
ALHC,2026-09-17,8.579999923706055,9.574999809265137,8.265000343322754,8.699999809265137,8.699999809265137,25424800.0,12.15026706620558,-28.39663719439486,0.8660714285714286
ALHC,2026-09-18,8.680000305175781,8.779999732971191,8.305000305175781,8.350000381469727,8.350000381469727,23588300.0,11.788336905754546,-29.167273991010344,0.8664285114833287
ALHC,2026-09-21,8.329999923706055,8.375,8.020000457763672,8.329999923706055,8.329999923706055,13585000.0,11.458971478892785,-27.305867380421,0.8653570583888462
ALHC,2026-09-22,8.4399995803833,8.5,7.849999904632568,7.989999771118164,7.989999771118164,11961600.0,11.128593221009487,-28.202966786188433,0.8732142107827323
ALHC,2026-09-23,7.920000076293945,8.130000114440918,7.630000114440918,7.860000133514404,7.860000133514404,13722000.0,10.817298641248051,-27.33860463514435,0.8753570488521031
ALHC,2026-09-24,7.920000076293945,7.968999862670898,7.369999885559082,7.670000076293945,7.670000076293945,15932700.0,10.517555920776232,-27.07431142683315,0.8802856377192906
ALHC,2026-09-25,7.730000019073486,8.399999618530273,7.699999809265137,8.210000038146973,8.210000038146973,10647700.0,10.29778869385916,-20.274145428495626,0.9024284567151751
ALHC,2026-09-28,8.119999885559082,8.270000457763672,7.835000038146973,7.929999828338623,7.929999828338623,8664700.0,10.072284992381013,-21.269107910100637,0.8981427805764335
ALHC,2026-09-29,7.929999828338623,7.989999771118164,7.75,7.909999847412109,7.909999847412109,7073400.0,9.866353073812547,-19.8285345331197,0.8538570063454765
ALHC,2026-09-30,7.920000076293945,8.180000305175781,7.769999980926514,8.15999984741211,8.15999984741211,8787000.0,9.703843242726792,-15.909607736829656,0.8467141560145787
ALHC,2026-10-01,8.149999618530273,8.199999809265137,7.730000019073486,7.776000022888184,7.776000022888184,888051.0,9.520239126551687,-18.321379121653237,0.8402856077466693
AMAT,2026-08-20,489.5799865722656,499.8900146484375,487.4700012207031,496.2099914550781,496.2099914550781,6604500.0,496.2099914550781,0.0,
AMAT,2026-08-21,503.0,503.5,483.1300048828125,492.32000732421875,492.32000732421875,5526800.0,495.83951677594865,-0.7098081803996736,
AMAT,2026-08-24,481.8800048828125,489.739990234375,473.6700134277344,484.19000244140625,484.19000244140625,9264700.0,494.73003922027794,-2.130462260889465,17.14666748046875
AMAT,2026-08-25,490.05999755859375,492.29998779296875,475.8800048828125,480.0400085449219,480.0400085449219,5185200.0,493.3309886797678,-2.6941303992304877,16.964996337890625
AMAT,2026-08-26,479.739990234375,480.6700134277344,472.3999938964844,479.760009765625,479.760009765625,5193000.0,492.0385144974685,-2.495435696610837,15.2260009765625
AMAT,2026-08-27,481.5,484.9800109863281,471.0,482.3599853515625,482.3599853515625,6285600.0,491.116749816906,-1.783031116044842,15.018335978190104
AMAT,2026-08-28,476.260009765625,477.9700012207031,460.510009765625,461.6700134277344,461.6700134277344,6524800.0,488.312298732223,-5.455993095741896,15.994284493582589
AMAT,2026-08-31,462.4100036621094,465.8999938964844,453.9100036621094,458.3900146484375,458.3900146484375,6174000.0,485.4625573909101,-5.5766489774149335,15.49374771118164
AMAT,2026-09-01,450.7200012207031,451.45001220703125,438.8299865722656,441.8500061035156,441.8500061035156,7142500.0,481.3089810778249,-8.19826276375445,15.945556640625
AMAT,2026-09-02,443.5,443.5,433.57000732421875,438.4599914550781,438.4599914550781,6518400.0,477.2281249232776,-8.123606184030352,15.344000244140625
AMAT,2026-09-03,432.4200134277344,437.1400146484375,426.1300048828125,435.9100036621094,435.9100036621094,5999200.0,473.29306575554733,-7.898501963843696,15.069999001242898
AMAT,2026-09-04,452.5,460.20001220703125,443.3599853515625,454.7099914550781,454.7099914550781,6009400.0,471.52324915550264,-3.5657324915657984,15.838333129882812
AMAT,2026-09-08,464.0199890136719,472.8900146484375,458.1499938964844,472.7900085449219,472.7900085449219,6304600.0,471.64389290687586,0.24300444790712472,16.018463134765625
AMAT,2026-09-09,466.6600036621094,474.0400085449219,463.7799987792969,468.8500061035156,468.8500061035156,3936600.0,471.377808449413,-0.536258241390819,15.607145036969866
AMAT,2026-09-10,455.3999938964844,460.8599853515625,450.55999755859375,454.010009765625,454.010009765625,4837400.0,469.7237323842903,-3.345311623686409,16.02643040248326
AMAT,2026-09-11,461.19000244140625,464.57000732421875,452.70001220703125,456.489990234375,456.489990234375,4313100.0,468.4633759890603,-2.555885127499258,15.419287545340401
AMAT,2026-09-14,422.20001220703125,432.510009765625,419.6000061035156,424.2099914550781,424.2099914550781,8056600.0,464.2487679382048,-8.624422776810936,16.722143990652903
AMAT,2026-09-15,429.8500061035156,429.989990234375,416.760009765625,421.1700134277344,421.1700134277344,5630600.0,460.14602941339814,-8.470357993820144,16.494286673409597
AMAT,2026-09-16,429.7300109863281,430.739990234375,411.510009765625,415.3800048828125,415.3800048828125,5511000.0,455.8825985057233,-8.884435105807686,17.27714102608817
AMAT,2026-09-17,427.5799865722656,428.5400085449219,413.55999755859375,417.3999938964844,417.3999938964844,6929300.0,452.21758854293864,-7.69930129401597,17.34856959751674
AMAT,2026-09-18,421.69000244140625,445.0,420.0,444.57000732421875,444.57000732421875,14302900.0,451.48924747448916,-1.5325370845429398,17.759286063058035
AMAT,2026-09-21,455.95001220703125,468.510009765625,452.6600036621094,464.239990234375,464.239990234375,9491100.0,452.7036039278116,2.5483310065282705,18.612858363560267
AMAT,2026-09-22,457.8999938964844,472.489990234375,453.3399963378906,472.4599914550781,472.4599914550781,5807700.0,454.58516464469415,3.932118379700089,18.583570207868302
AMAT,2026-09-23,471.2300109863281,474.8999938964844,461.0,474.3800048828125,474.3800048828125,4585600.0,456.470387524515,3.9235003732494445,18.867141723632812
AMAT,2026-09-24,463.7900085449219,474.79998779296875,460.54998779296875,474.25,474.25,4159900.0,458.1636839507517,3.511041274711202,19.004285539899552
AMAT,2026-09-25,478.8900146484375,487.67999267578125,476.3599853515625,485.0,485.0,5201600.0,460.71952357448964,5.270121013568185,18.228570120675222
AMAT,2026-09-28,482.20001220703125,487.45001220703125,471.3800048828125,486.760009765625,486.760009765625,6092100.0,463.1995698784073,5.086455476071028,18.077854701450892
AMAT,2026-09-29,504.7099914550781,513.280029296875,499.1700134277344,512.010009765625,512.010009765625,7161200.0,467.8481832009995,9.439349804133457,19.239283970424108
AMAT,2026-09-30,513.8200073242188,515.4199829101562,506.7799987792969,511.3800048828125,511.3800048828125,6255000.0,471.99407098021976,8.344582342061525,18.549996512276785
AMAT,2026-10-01,517.0,533.8800048828125,516.5300903320312,532.030029296875,532.030029296875,2058358.0,477.71178129609166,11.370506260785774,19.309282575334823
AMLX,2026-08-20,37.4900016784668,40.43899917602539,37.37200164794922,39.65999984741211,39.65999984741211,8540900.0,39.65999984741211,0.0,
AMLX,2026-08-21,39.79499816894531,41.13999938964844,38.349998474121094,38.65999984741211,38.65999984741211,4641200.0,39.564761752174014,-2.28678719318256,
AMLX,2026-08-24,38.63999938964844,39.380001068115234,37.45000076293945,38.150001525878906,38.150001525878906,3714300.0,39.43002268300305,-3.246310983422085,2.595666249593099
AMLX,2026-08-25,38.5,38.880001068115234,36.84000015258789,37.459999084472656,37.459999084472656,2146600.0,39.24240138790492,-4.542031681021507,2.45674991607666
AMLX,2026-08-26,37.130001068115234,37.689998626708984,35.790000915527344,37.08000183105469,37.08000183105469,2815300.0,39.0364585729668,-5.011870475532798,2.3453994750976563
AMLX,2026-08-27,36.75,38.22999954223633,36.529998779296875,37.18000030517578,37.18000030517578,1988700.0,38.85965302365337,-4.3223564488731,2.237833023071289
AMLX,2026-08-28,36.779998779296875,37.68000030517578,34.474998474121094,34.7400016784668,34.7400016784668,1361400.0,38.467305276492745,-9.689536532998822,2.375999995640346
AMLX,2026-08-31,34.77000045776367,35.09000015258789,32.97999954223633,33.75,33.75,2728900.0,38.018038107302964,-11.226350226849569,2.342750072479248
AMLX,2026-09-01,33.4900016784668,34.209999084472656,32.9900016784668,33.810001373291016,33.810001373291016,1821500.0,37.61727270406373,-10.121072201923397,2.2179997762044272
AMLX,2026-09-02,34.0,35.474998474121094,34.0,34.4900016784668,34.4900016784668,1938300.0,37.31943736829259,-7.581667595636754,2.162699508666992
AMLX,2026-09-03,34.4900016784668,35.310001373291016,33.72999954223633,33.959999084472656,33.959999084472656,1556700.0,36.99949086507164,-8.214955691372328,2.109726992520419
AMLX,2026-09-04,33.380001068115234,34.2400016784668,33.380001068115234,34.099998474121094,34.099998474121094,885500.0,36.723348732600165,-7.143548584256054,2.005583127339681
AMLX,2026-09-08,33.4900016784668,34.720001220703125,33.099998474121094,33.880001068115234,33.880001068115234,1166500.0,36.452553716934936,-7.057263172276896,1.975923098050631
AMLX,2026-09-09,33.5,34.349998474121094,32.29999923706055,32.400001525878906,32.400001525878906,1287500.0,36.06659636540579,-10.166179260108377,1.9812142508370536
AMLX,2026-09-10,31.809999465942383,32.56999969482422,31.440000534057617,32.09000015258789,32.09000015258789,1777400.0,35.68787291656599,-10.081499596205978,1.8428572246006556
AMLX,2026-09-11,32.09000015258789,33.0,31.3700008392334,31.6200008392334,31.6200008392334,1712700.0,35.3004565282486,-10.426085243600125,1.7599999564034599
AMLX,2026-09-14,31.84000015258789,33.95500183105469,31.56999969482422,33.63999938964844,33.63999938964844,1923700.0,35.14231775314383,-4.274955266321312,1.7925000871930803
AMLX,2026-09-15,33.220001220703125,33.540000915527344,32.36000061035156,33.150001525878906,33.150001525878906,1828400.0,34.95257335054717,-5.15719345351161,1.7382142203194755
AMLX,2026-09-16,33.04999923706055,33.75,32.095001220703125,32.630001068115234,32.630001068115234,1366200.0,34.731375990315556,-6.050364727231838,1.7207142966134208
AMLX,2026-09-17,33.33000183105469,34.345001220703125,32.95000076293945,33.939998626708984,33.939998626708984,1592100.0,34.65600671759112,-2.0660432597350953,1.7217856815883092
AMLX,2026-09-18,34.209999084472656,34.209999084472656,32.25,32.40999984741211,32.40999984741211,2048800.0,34.442101301383595,-5.900050743680529,1.6328569139753069
AMLX,2026-09-21,32.54999923706055,33.15999984741211,31.899999618530273,32.38999938964844,32.38999938964844,1005600.0,34.24666302407548,-5.421443931987779,1.5721426010131836
AMLX,2026-09-22,32.52000045776367,33.189998626708984,32.25,33.0,33.0,1383500.0,34.12793321225877,-3.3050147081675973,1.5521426882062639
AMLX,2026-09-23,32.880001068115234,33.02000045776367,30.530000686645508,30.604999542236328,30.604999542236328,1824800.0,33.79241571987568,-9.43234187239419,1.6110714503696986
AMLX,2026-09-24,30.729999542236328,31.000999450683594,29.829999923706055,30.139999389648438,30.139999389648438,1420300.0,33.44456654556832,-9.88072950928337,1.5818570000784737
AMLX,2026-09-25,30.280000686645508,30.700000762939453,29.469999313354492,29.489999771118164,29.489999771118164,1294500.0,33.067941138477835,-10.819970171037896,1.608285631452288
AMLX,2026-09-28,29.100000381469727,30.139999389648438,28.709999084472656,29.850000381469727,29.850000381469727,1020500.0,32.761470590191344,-8.886872769360055,1.5947140284946986
AMLX,2026-09-29,29.8700008392334,30.100000381469727,28.989999771118164,29.280000686645508,29.280000686645508,1177700.0,32.429902027948884,-9.712953614811148,1.5275712694440569
AMLX,2026-09-30,29.469999313354492,29.6200008392334,28.639999389648438,29.100000381469727,29.100000381469727,1306900.0,32.112768537808016,-9.381838731192548,1.5168571472167969
AMLX,2026-10-01,28.6200008392334,29.280000686645508,27.560100555419922,27.68000030517578,27.68000030517578,285893.0,31.690600134700183,-12.655487155426016,1.5232786451067244
ARCO,2026-08-20,7.739999771118164,7.829999923706055,7.71999979019165,7.800000190734863,7.727490425109863,1224100.0,7.800000190734863,0.0,
ARCO,2026-08-21,7.809999942779541,7.96999979019165,7.800000190734863,7.960000038146973,7.886003017425537,969100.0,7.815238271440778,1.8523013845297198,
ARCO,2026-08-24,8.140000343322754,8.220000267028809,8.0,8.09000015258789,8.01479434967041,1038000.0,7.841406069645266,3.1702743198691596,0.17999998728434244
ARCO,2026-08-25,8.069999694824219,8.170000076293945,7.949999809265137,8.130000114440918,8.054422378540039,951200.0,7.86889121676866,3.318242564032814,0.19000005722045898
ARCO,2026-08-26,8.119999885559082,8.1899995803833,7.989999771118164,8.010000228881836,7.935538291931152,629500.0,7.8823301703032485,1.6196994520679464,0.19200000762939454
ARCO,2026-08-27,7.940000057220459,7.960000038146973,7.849999904632568,7.940000057220459,7.866189002990723,988300.0,7.88782254048584,0.6614945565370789,0.18666672706604004
ARCO,2026-08-28,7.980000019073486,8.0600004196167,7.929999828338623,8.0,7.925631046295166,677000.0,7.898506108058617,1.2849757986238775,0.17857156481061662
ARCO,2026-08-31,7.989999771118164,8.050000190734863,7.840000152587891,7.920000076293945,7.846374988555908,1515900.0,7.900553152652458,0.24614635539739194,0.18250012397766113
ARCO,2026-09-01,7.860000133514404,8.109999656677246,7.840000152587891,8.0600004196167,7.985073566436768,992400.0,7.915738606649053,1.8224681250397667,0.19222227732340494
ARCO,2026-09-02,8.0600004196167,8.34000015258789,8.0600004196167,8.210000038146973,8.133678436279297,1521600.0,7.943763504886951,3.351516357407114,0.20100002288818358
ARCO,2026-09-03,8.289999961853027,8.34000015258789,8.09000015258789,8.25,8.173307418823242,1304500.0,7.972928885373908,3.4751484505822106,0.20545456626198508
ARCO,2026-09-04,8.1899995803833,8.329999923706055,8.140000343322754,8.170000076293945,8.094050407409668,540600.0,7.991697570223435,2.231096766409868,0.20416665077209473
ARCO,2026-09-08,8.220000267028809,8.220000267028809,8.09000015258789,8.180000305175781,8.103958129882812,821500.0,8.00963116402842,2.127053514180477,0.19846153259277344
ARCO,2026-09-09,8.109999656677246,8.149999618530273,8.0,8.09000015258789,8.01479434967041,464200.0,8.017285353415035,0.9069753160511063,0.1971428734915597
ARCO,2026-09-10,8.069999694824219,8.079999923706055,7.949999809265137,8.0600004196167,7.985073566436768,1408700.0,8.021353454958051,0.48180104362263165,0.19928574562072754
ARCO,2026-09-11,8.170000076293945,8.170000076293945,7.699999809265137,8.010000228881836,7.935538291931152,870600.0,8.020272195331744,-0.1280750353571114,0.22071436473301478
ARCO,2026-09-14,7.940000057220459,8.010000228881836,7.900000095367432,7.940000057220459,7.866189002990723,681300.0,8.012627229797337,-0.9064089779041828,0.21000007220676967
ARCO,2026-09-15,7.949999809265137,7.949999809265137,7.710000038146973,7.78000020980835,7.707676410675049,1037900.0,7.990472275512672,-2.6340378696929845,0.2114286082131522
ARCO,2026-09-16,7.809999942779541,7.820000171661377,7.599999904632568,7.710000038146973,7.638327121734619,1027100.0,7.963760633858795,-3.1864417751700347,0.21285721233912877
ARCO,2026-09-17,7.769999980926514,7.789999961853027,7.630000114440918,7.639999866485596,7.568977355957031,2028100.0,7.932926275061348,-3.6925391516195227,0.21285717827933176
ARCO,2026-09-18,7.639999866485596,7.639999866485596,7.510000228881836,7.53000020980835,7.460000514984131,1226800.0,7.8945523640848725,-4.617768525230137,0.2128571101597377
ARCO,2026-09-21,7.539999961853027,7.579999923706055,7.46999979019165,7.519999980926514,7.519999980926514,1219200.0,7.858880708545981,-4.312073693279994,0.20571425982883998
ARCO,2026-09-22,7.630000114440918,7.670000076293945,7.559999942779541,7.619999885559082,7.619999885559082,855600.0,7.8361301539758,-2.7581250460351314,0.1971428734915597
ARCO,2026-09-23,7.590000152587891,7.610000133514404,7.389999866485596,7.409999847412109,7.409999847412109,1090100.0,7.795546315255448,-4.9457273711381315,0.19357146535600936
ARCO,2026-09-24,7.389999866485596,7.429999828338623,7.190000057220459,7.230000019073486,7.230000019073486,1319900.0,7.741684763238118,-6.609475324988678,0.19285716329302108
ARCO,2026-09-25,7.239999771118164,7.260000228881836,7.150000095367432,7.239999771118164,7.239999771118164,1385200.0,7.693905240179075,-5.899545872888168,0.18714291708809988
ARCO,2026-09-28,7.230000019073486,7.25,7.099999904632568,7.139999866485596,7.139999866485596,1527500.0,7.641152347446363,-6.558598208400468,0.18857148715427943
ARCO,2026-09-29,7.210000038146973,7.25,7.070000171661377,7.119999885559082,7.119999885559082,1331400.0,7.591518779647574,-6.211127282627649,0.18857145309448242
ARCO,2026-09-30,7.170000076293945,7.190000057220459,7.099999904632568,7.150000095367432,7.150000095367432,1297500.0,7.549469381144703,-5.29135579746799,0.18500001089913504
ARCO,2026-10-01,7.099999904632568,7.114999771118164,6.795000076293945,6.855000019073486,6.855000019073486,575577.0,7.483329441899825,-8.39638863562876,0.17678570747375488
AXTI,2026-08-20,73.04000091552734,74.69000244140625,69.30000305175781,73.12000274658203,73.12000274658203,7692400.0,73.12000274658203,0.0,
AXTI,2026-08-21,75.41999816894531,75.87999725341797,68.30000305175781,70.73999786376953,70.73999786376953,8567200.0,72.8933356148856,-2.954094133505858,
AXTI,2026-08-24,66.62999725341797,67.19999694824219,61.86000061035156,65.4000015258789,65.4000015258789,9117100.0,72.17968474926592,-9.392785860644759,7.2833302815755205
AXTI,2026-08-25,68.19999694824219,71.27999877929688,66.86000061035156,67.44999694824219,67.44999694824219,6523000.0,71.72923829202557,-5.96582571581431,6.932497024536133
AXTI,2026-08-26,65.33999633789062,67.08999633789062,63.689998626708984,65.18000030517578,65.18000030517578,4792800.0,71.105501340897,-8.333393231155117,6.297997283935547
AXTI,2026-08-27,70.30000305175781,70.8499984741211,65.69000244140625,66.91999816894531,66.91999816894531,6869500.0,70.70688199118733,-5.355749985855695,6.193330764770508
AXTI,2026-08-28,65.29000091552734,65.41999816894531,58.5,58.630001068115234,58.630001068115234,8350200.0,69.55670285565665,-15.709056552344636,6.511426108224051
AXTI,2026-08-31,60.04999923706055,63.20000076293945,58.5,60.61000061035156,60.61000061035156,6379100.0,68.7046359751514,-11.781789176100798,6.284997940063477
AXTI,2026-09-01,58.029998779296875,58.06999969482422,54.79999923706055,56.11000061035156,56.11000061035156,8154000.0,67.50514689278951,-16.880411060412204,6.2322205437554254
AXTI,2026-09-02,56.369998931884766,59.900001525878906,55.72999954223633,56.95000076293945,56.95000076293945,5742300.0,66.49989488042284,-14.360765734525726,6.02599868774414
AXTI,2026-09-03,56.11000061035156,57.77000045776367,52.7599983215332,56.20000076293945,56.20000076293945,7225400.0,65.51895258351966,-14.22329181575509,5.933635364879262
AXTI,2026-09-04,57.689998626708984,62.5,56.0099983215332,61.63999938964844,61.63999938964844,10899300.0,65.14952846981764,-5.386883316884006,5.97999922434489
AXTI,2026-09-08,64.4800033569336,70.58999633789062,62.310001373291016,69.55999755859375,69.55999755859375,13825200.0,65.56957314493917,6.0857867792335485,6.208460587721604
AXTI,2026-09-09,68.58999633789062,73.94000244140625,68.18000030517578,68.91000366210938,68.91000366210938,8577400.0,65.88770938466966,4.58703801614162,6.176427841186523
AXTI,2026-09-10,65.9000015258789,69.31999969482422,64.55000305175781,64.69999694824219,64.69999694824219,7230900.0,65.77459391453371,-1.6337568996440122,6.1321419307163785
AXTI,2026-09-11,66.45999908447266,68.68000030517578,64.6500015258789,64.7699966430664,64.7699966430664,6523400.0,65.67891798391777,-1.383885984653288,5.878570829119001
AXTI,2026-09-14,59.68000030517578,62.650001525878906,56.900001525878906,57.060001373291016,57.060001373291016,10223900.0,64.8580687829057,-12.023280304130768,5.8064278193882535
AXTI,2026-09-15,57.91999816894531,59.790000915527344,57.18000030517578,57.70000076293945,57.70000076293945,4699700.0,64.1763480190994,-10.091486125437566,5.581427982875279
AXTI,2026-09-16,59.4900016784668,66.58000183105469,59.29999923706055,64.30000305175781,64.30000305175781,12071700.0,64.18812468887639,0.17429760321510113,5.947142464773996
AXTI,2026-09-17,67.91000366210938,68.66999816894531,65.16999816894531,67.75,67.75,7751800.0,64.5273509089834,4.994237397971268,5.854285103934152
AXTI,2026-09-18,69.72000122070312,71.30999755859375,67.66999816894531,70.02999877929688,70.02999877929688,16819900.0,65.051412610918,7.653309849175027,5.512856619698661
AXTI,2026-09-21,73.44999694824219,81.5,72.7699966430664,79.93000030517578,79.93000030517578,12591500.0,66.46842096275208,20.252593859522207,5.996428080967495
AXTI,2026-09-22,76.63999938964844,79.38999938964844,74.9000015258789,77.79000091552734,77.79000091552734,7665600.0,67.5466666725402,15.164825664374915,5.940713609967913
AXTI,2026-09-23,78.41000366210938,78.76000213623047,72.91000366210938,72.9800033569336,72.9800033569336,5353800.0,68.06412730914909,7.2224183900228,6.060713359287807
AXTI,2026-09-24,70.81999969482422,78.69999694824219,69.5999984741211,75.9000015258789,75.9000015258789,7597000.0,68.81040104407573,10.30309426224969,6.352855954851423
AXTI,2026-09-25,77.5,80.44000244140625,75.0,78.94000244140625,78.94000244140625,7429700.0,69.77512498667863,13.134877875858141,6.277856009347098
AXTI,2026-09-28,76.52999877929688,78.18000030517578,71.55999755859375,73.66999816894531,73.66999816894531,7016100.0,70.14606528975165,5.0237071240381015,6.165713718959263
AXTI,2026-09-29,76.63999938964844,82.13999938964844,75.58000183105469,78.18000030517578,78.18000030517578,9165300.0,70.91120195788727,10.250564292515163,6.359285082135882
AXTI,2026-09-30,79.79000091552734,83.9800033569336,75.29000091552734,77.41000366210938,77.41000366210938,7136100.0,71.53013545352746,8.220127322982652,6.639285496303013
AXTI,2026-10-01,77.41999816894531,82.36000061035156,77.25,82.12999725341797,82.12999725341797,3102766.0,72.53964610113609,13.220840833591673,6.716428484235491
BAH,2026-08-20,78.54000091552734,79.62999725341797,75.72000122070312,76.36000061035156,76.36000061035156,1645300.0,76.36000061035156,0.0,
BAH,2026-08-21,76.43000030517578,77.86000061035156,76.19999694824219,77.05000305175781,77.05000305175781,915600.0,76.42571512858072,0.8168558477035903,
BAH,2026-08-24,76.77999877929688,76.83000183105469,74.9000015258789,75.22000122070312,75.22000122070312,1908100.0,76.31088523259237,-1.4295260873521176,2.573333740234375
BAH,2026-08-25,75.33999633789062,75.91999816894531,73.79000091552734,73.83000183105469,73.83000183105469,1423300.0,76.07461062292212,-2.9505360244211465,2.4624996185302734
BAH,2026-08-26,73.83000183105469,75.41000366210938,73.83000183105469,74.23999786376953,74.23999786376953,887800.0,75.89988559824093,-2.1869436579359802,2.286000061035156
BAH,2026-08-27,74.2699966430664,75.33000183105469,73.54000091552734,74.87999725341797,74.87999725341797,1750100.0,75.80275337492445,-1.2173121429276845,2.203333536783854
BAH,2026-08-28,75.45999908447266,75.97000122070312,74.5999984741211,75.23999786376953,75.23999786376953,1030400.0,75.74915761195732,-0.6721655583235342,2.0842862810407365
BAH,2026-08-31,75.05000305175781,76.66999816894531,74.81999969482422,75.6500015258789,75.6500015258789,1650700.0,75.73971417518794,-0.11844862406203971,2.0550003051757812
BAH,2026-09-01,75.4800033569336,76.43000030517578,74.8499984741211,75.37999725341797,75.37999725341797,1314500.0,75.70545542073366,-0.429900547466433,2.002222696940104
BAH,2026-09-02,74.7300033569336,74.75,72.70999908447266,73.16999816894531,73.16999816894531,1632400.0,75.46398330151571,-3.039841037021329,2.069000244140625
BAH,2026-09-03,73.86000061035156,75.9000015258789,72.6500015258789,73.87999725341797,73.87999725341797,1723100.0,75.31312748741117,-1.9028956595020574,2.176363858309659
BAH,2026-09-04,72.7699966430664,74.05999755859375,72.41000366210938,72.80000305175781,72.80000305175781,1253400.0,75.07378230306323,-3.0287261165641843,2.1324996948242188
BAH,2026-09-08,72.4000015258789,73.43000030517578,71.7300033569336,72.11000061035156,72.11000061035156,1683200.0,74.79151737994782,-3.5853220572781064,2.099230252779447
BAH,2026-09-09,72.5999984741211,73.36000061035156,71.13999938964844,72.19999694824219,72.19999694824219,1541500.0,74.54470591026157,-3.145372878446917,2.1078567504882812
BAH,2026-09-10,73.05000305175781,76.05000305175781,72.66999816894531,75.68000030517578,75.68000030517578,2369700.0,74.65282918596768,1.3759305982219638,2.10357175554548
BAH,2026-09-11,75.55000305175781,75.91999816894531,74.30999755859375,75.9000015258789,75.9000015258789,1950900.0,74.77160750405446,1.509120987887358,2.1000001089913503
BAH,2026-09-14,78.0,79.7300033569336,77.68000030517578,79.11000061035156,79.11000061035156,1813600.0,75.18478779989228,5.2207539920261725,2.2200001307896207
BAH,2026-09-15,78.01000213623047,81.19000244140625,77.62000274658203,80.05999755859375,80.05999755859375,1865600.0,75.64909349119718,5.830742793910471,2.322857448032924
BAH,2026-09-16,78.91000366210938,79.4800033569336,77.31999969482422,78.41000366210938,78.41000366210938,1419700.0,75.91203731699834,3.290606382594996,2.405714307512556
BAH,2026-09-17,79.20999908447266,79.47000122070312,78.52999877929688,78.88999938964844,78.88999938964844,1037200.0,76.19565275248883,3.5360897109338207,2.353571210588728
BAH,2026-09-18,78.80999755859375,78.87000274658203,77.06999969482422,77.06999969482422,77.06999969482422,1997700.0,76.2789238898541,1.0370830691219801,2.385713849748884
BAH,2026-09-21,77.0,77.98999786376953,76.80999755859375,77.37999725341797,77.37999725341797,1474800.0,76.38378801971733,1.3042155404016986,2.3378568376813615
BAH,2026-09-22,78.0,78.05999755859375,75.37999725341797,76.27999877929688,76.27999877929688,1688700.0,76.37390333015347,-0.12295371424275725,2.4164281572614397
BAH,2026-09-23,76.69999694824219,77.94999694824219,75.51000213623047,75.6500015258789,75.6500015258789,1509200.0,76.30496030117493,-0.85834364202656,2.399999346051897
BAH,2026-09-24,75.5999984741211,76.63999938964844,73.3499984741211,73.81999969482422,73.81999969482422,1565300.0,76.06829738628439,-2.9556303594426847,2.4028565543038503
BAH,2026-09-25,73.5199966430664,73.86000061035156,72.33000183105469,72.94999694824219,72.94999694824219,1240800.0,75.77131639218513,-3.723466317174773,2.3942854745047435
BAH,2026-09-28,72.08000183105469,72.44999694824219,69.30999755859375,70.25,70.25,2062000.0,75.24547673578654,-6.638906353570495,2.5328570774623325
BAH,2026-09-29,69.91000366210938,70.61000061035156,69.33000183105469,69.70999908447266,69.70999908447266,1548200.0,74.71828838804237,-6.702896187289031,2.4657140459333147
BAH,2026-09-30,69.97000122070312,70.95999908447266,69.11000061035156,69.41999816894531,69.41999816894531,1464100.0,74.21368931955693,-6.4593085110894455,2.3228563581194197
BAH,2026-10-01,72.13999938964844,73.05999755859375,71.0,72.62000274658203,72.62000274658203,469660.0,74.06190964594028,-1.9468940326429762,2.4678562709263394
BRUN,2026-08-20,18.950000762939453,19.59000015258789,18.260000228881836,19.395000457763672,19.395000457763672,1443600.0,19.395000457763672,0.0,
BRUN,2026-08-21,21.209999084472656,21.399999618530273,18.93000030517578,19.510000228881836,19.510000228881836,2155600.0,19.405952816917782,0.5361623463978837,
BRUN,2026-08-24,18.6200008392334,19.200000762939453,17.110000610351562,18.0,18.0,2955200.0,19.2720525486399,-6.600503736845987,2.06666628519694
BRUN,2026-08-25,18.209999084472656,18.8799991607666,17.899999618530273,18.690000534057617,18.690000534057617,1397700.0,19.216619023441584,-2.740432584637109,1.794999599456787
BRUN,2026-08-26,18.1200008392334,18.770000457763672,17.889999389648438,18.190000534057617,18.190000534057617,1417500.0,19.118845833976444,-4.858270776304707,1.6119998931884765
BRUN,2026-08-27,18.899999618530273,20.81999969482422,18.833999633789062,20.610000610351562,20.610000610351562,2850000.0,19.260860574583596,7.004567789397087,1.7816664377848308
BRUN,2026-08-28,20.200000762939453,20.90999984741211,16.70599937438965,17.049999237060547,17.049999237060547,3643600.0,19.050302351962355,-10.500112165914043,2.127714157104492
BRUN,2026-08-31,16.774999618530273,17.655000686645508,16.280000686645508,17.43000030517578,17.43000030517578,2425400.0,18.895987871316013,-7.758194893666248,2.0336248874664307
BRUN,2026-09-01,16.799999237060547,17.43000030517578,16.4689998626709,16.81999969482422,16.81999969482422,1737300.0,18.69827471165013,-10.045178209172601,1.9144443935818143
BRUN,2026-09-02,16.549999237060547,16.860000610351562,15.579999923706055,16.549999237060547,16.549999237060547,2651300.0,18.4936770474035,-10.509958648898577,1.8510000228881835
BRUN,2026-09-03,16.56999969482422,17.260000228881836,15.5600004196167,16.940000534057617,16.940000534057617,2256600.0,18.345707855656276,-7.6623226133259115,1.8372727307406338
BRUN,2026-09-04,17.049999237060547,17.719999313354492,16.851999282836914,17.639999389648438,17.639999389648438,1440400.0,18.27849752556029,-3.493165316345004,1.756500005722046
BRUN,2026-09-08,18.350000381469727,19.3700008392334,17.75,18.81999969482422,18.81999969482422,2062500.0,18.330069160728282,2.672824252870809,1.7544616552499623
BRUN,2026-09-09,18.670000076293945,19.2549991607666,17.184999465942383,17.360000610351562,17.360000610351562,1867200.0,18.23768167974002,-4.812459636048272,1.7770000866481237
BRUN,2026-09-10,16.899999618530273,17.43000030517578,16.329999923706055,16.459999084472656,16.459999084472656,1142200.0,18.068378575428845,-8.90162603269461,1.7605715479169572
BRUN,2026-09-11,16.559999465942383,17.25,16.510000228881836,16.6299991607666,16.6299991607666,824400.0,17.931390059746725,-7.2576130163023445,1.6405716623578752
BRUN,2026-09-14,15.739999771118164,15.878000259399414,14.460000038146973,14.569999694824219,14.569999694824219,2810300.0,17.61125764403982,-17.268828897320997,1.624143055507115
BRUN,2026-09-15,14.569999694824219,14.699999809265137,13.479999542236328,13.569999694824219,13.569999694824219,3002500.0,17.226375934590717,-21.225452490122787,1.6412859644208635
BRUN,2026-09-16,13.739999771118164,15.1899995803833,13.630000114440918,15.15999984741211,15.15999984741211,4212600.0,17.029578212002278,-10.978418498189857,1.6941430228097099
BRUN,2026-09-17,15.869999885559082,17.15999984741211,15.329999923706055,16.68000030517578,16.68000030517578,2763000.0,16.9962850780188,-1.8609053177865875,1.6491430827549525
BRUN,2026-09-18,17.440000534057617,17.770000457763672,16.649999618530273,17.270000457763672,17.270000457763672,5619100.0,17.022353209423073,1.4548355641187616,1.4288573946271623
BRUN,2026-09-21,17.600000381469727,17.954999923706055,17.010000228881836,17.170000076293945,17.170000076293945,1321000.0,17.036414815791726,0.7841160358363242,1.3981430871146066
BRUN,2026-09-22,17.270000457763672,17.989999771118164,16.90999984741211,17.09000015258789,17.09000015258789,1798200.0,17.041518181200885,0.28449326445860734,1.4066430500575475
BRUN,2026-09-23,17.100000381469727,17.18000030517578,16.059999465942383,16.510000228881836,16.510000228881836,1241900.0,16.990897423837165,-2.830322513045491,1.3952144895281111
BRUN,2026-09-24,16.06999969482422,17.100000381469727,15.800999641418457,16.719999313354492,16.719999313354492,1350700.0,16.965097603791197,-1.4447207800439177,1.3665716988699776
BRUN,2026-09-25,16.81999969482422,17.059999465942383,16.190000534057617,16.770000457763672,16.770000457763672,1360100.0,16.946516923217146,-1.0416091179872078,1.3667144775390625
BRUN,2026-09-28,16.360000610351562,16.829999923706055,16.0,16.239999771118164,16.239999771118164,1499700.0,16.879229575398195,-3.787079270559368,1.3024286542619978
BRUN,2026-09-29,16.389999389648438,17.200000762939453,16.200000762939453,16.649999618530273,16.649999618530273,1412600.0,16.857398150934582,-1.2303116444622342,1.2260001046316964
BRUN,2026-09-30,16.84000015258789,17.100000381469727,15.920000076293945,16.5,16.5,1663800.0,16.823360231797956,-1.9220906367252932,1.2317143848964147
BRUN,2026-10-01,16.329999923706055,16.5,14.920000076293945,15.229999542236328,15.229999542236328,638200.0,16.67161159469685,-8.6471067555286,1.2881428854806083
CARG,2026-08-20,36.709999084472656,37.29499816894531,36.279998779296875,36.88999938964844,36.88999938964844,539700.0,36.88999938964844,0.0,
CARG,2026-08-21,37.0099983215332,37.150001525878906,36.400001525878906,36.849998474121094,36.849998474121094,664100.0,36.88618977864583,-0.09811613707438882,
CARG,2026-08-24,36.91999816894531,37.75,36.7400016784668,37.209999084472656,37.209999084472656,634500.0,36.917028760153144,0.7935912887868435,0.9249992370605469
CARG,2026-08-25,37.2400016784668,37.529998779296875,36.36000061035156,36.45000076293945,36.45000076293945,594300.0,36.87254990327565,-1.1459721159633118,0.9862489700317383
CARG,2026-08-26,36.38999938964844,36.77000045776367,35.97999954223633,36.20000076293945,36.20000076293945,837400.0,36.808497604196006,-1.653142292847043,0.9469993591308594
CARG,2026-08-27,36.15999984741211,36.959999084472656,35.869998931884766,36.36000061035156,36.36000061035156,568200.0,36.76578360478225,-1.1036973910108827,0.9708328247070312
CARG,2026-08-28,36.5,37.43000030517578,36.34000015258789,36.560001373291016,36.560001373291016,541700.0,36.74618529702118,-0.5066755153636415,0.9878567286900112
CARG,2026-08-31,36.560001373291016,36.560001373291016,35.28499984741211,35.65999984741211,35.65999984741211,1284300.0,36.642739063725074,-2.6819480241471294,1.023749828338623
CARG,2026-09-01,35.20000076293945,35.63999938964844,34.630001068115234,34.77000045776367,34.77000045776367,756300.0,36.464383006014465,-4.646678233857182,1.0244441562228732
CARG,2026-09-02,34.65999984741211,35.22999954223633,34.19499969482422,34.630001068115234,34.630001068115234,720400.0,36.28967996430978,-4.573418387339889,1.0254997253417968
CARG,2026-09-03,34.56999969482422,35.42499923706055,34.04999923706055,34.22999954223633,34.22999954223633,741100.0,36.09351992411231,-5.163033103432657,1.0572724775834517
CARG,2026-09-04,33.599998474121094,34.029998779296875,32.93000030517578,33.7400016784668,33.7400016784668,984800.0,35.86937532928893,-5.936467059361927,1.0774997075398762
CARG,2026-09-08,33.279998779296875,33.505001068115234,32.459999084472656,32.77000045776367,32.77000045776367,914200.0,35.574196770096044,-7.88266936975398,1.0930768526517427
CARG,2026-09-09,32.58000183105469,33.11000061035156,32.150001525878906,32.47999954223633,32.47999954223633,1062400.0,35.27951131982369,-7.935234000858471,1.083571297781808
CARG,2026-09-10,32.380001068115234,33.584999084472656,32.22999954223633,33.29999923706055,33.29999923706055,833900.0,35.09098635956053,-5.10383807439494,1.1078570229666573
CARG,2026-09-11,33.650001525878906,34.689998626708984,33.63999938964844,34.42499923706055,34.42499923706055,1169000.0,35.02755901456053,-1.720244842780816,1.153571265084403
CARG,2026-09-14,34.939998626708984,35.42599868774414,34.20500183105469,34.93000030517578,34.93000030517578,945400.0,35.01826770890484,-0.2520610227290332,1.168642589024135
CARG,2026-09-15,34.619998931884766,35.11000061035156,34.290000915527344,35.0,35.0,974400.0,35.01652792710438,-0.047200359609567144,1.1436426980154855
CARG,2026-09-16,34.814998626708984,34.875,34.11000061035156,34.70000076293945,34.70000076293945,1458600.0,34.98638248289819,-0.8185519611772607,1.1507854461669922
CARG,2026-09-17,34.95000076293945,34.95000076293945,33.66999816894531,33.75,33.75,1102900.0,34.86863177024122,-3.2081321045580147,1.1643570491245814
CARG,2026-09-18,33.56999969482422,33.59000015258789,33.150001525878906,33.209999084472656,33.209999084472656,1827400.0,34.710666752548974,-4.3233616881361625,1.129356929234096
CARG,2026-09-21,33.47999954223633,33.689998626708984,32.970001220703125,33.16999816894531,33.16999816894531,841000.0,34.56393641125339,-4.0329267642508215,1.0897137778145927
CARG,2026-09-22,33.70000076293945,33.70000076293945,31.290000915527344,31.940000534057617,31.940000534057617,2225800.0,34.31403775628236,-6.9185598007628695,1.1882852826799666
CARG,2026-09-23,31.559999465942383,31.760000228881836,29.780000686645508,30.56999969482422,30.56999969482422,2203300.0,33.957462702810155,-9.975606945761605,1.2686424255371094
CARG,2026-09-24,30.729999542236328,31.229999542236328,30.197999954223633,30.989999771118164,30.989999771118164,1197300.0,33.67484718550616,-7.972857009856216,1.2441423961094447
CARG,2026-09-25,30.790000915527344,31.889999389648438,30.709999084472656,31.299999237060547,31.299999237060547,1179700.0,33.4486711904161,-6.423788679447462,1.2355710438319616
CARG,2026-09-28,30.850000381469727,31.260000228881836,30.450000762939453,30.809999465942383,30.809999465942383,983500.0,33.1973691214186,-7.19144233009692,1.2048564638410295
CARG,2026-09-29,30.520000457763672,31.200000762939453,30.520000457763672,31.15999984741211,31.15999984741211,1200200.0,33.0033339524656,-5.585296648236904,1.18485655103411
CARG,2026-09-30,31.200000762939453,31.834999084472656,30.94499969482422,31.15999984741211,31.15999984741211,1614200.0,32.827778323412886,-5.080387894575589,1.1516422544206892
CARG,2026-10-01,31.43000030517578,31.454999923706055,29.53499984741211,29.75,29.75,389359.0,32.534656578325944,-8.559047093741379,1.1894994463239397
CAT,2026-08-20,811.5399780273438,818.9299926757812,801.0,815.3900146484375,815.3900146484375,2937800.0,815.3900146484375,0.0,
CAT,2026-08-21,829.52001953125,832.0,812.3400268554688,827.9000244140625,827.9000244140625,2465200.0,816.5814441499257,1.3860932482882449,
CAT,2026-08-24,822.989990234375,825.969970703125,804.489990234375,811.02001953125,811.02001953125,2536200.0,816.0517846624327,-0.6165987533823247,20.333333333333332
CAT,2026-08-25,833.5700073242188,834.4500122070312,804.75,811.2899780273438,811.2899780273438,1655500.0,815.5982792686148,-0.5282381474779996,22.675003051757812
CAT,2026-08-26,816.2000122070312,824.6199951171875,812.260009765625,821.9299926757812,821.9299926757812,1848200.0,816.2012995931068,0.7018725754945887,20.806005859375
CAT,2026-08-27,827.4199829101562,832.989990234375,807.3099975585938,817.0,817.0,1835400.0,816.2773662985253,0.0885279601407385,21.618336995442707
CAT,2026-08-28,819.010009765625,821.22998046875,799.1699829101562,800.25,800.25,1787500.0,814.7509504605705,-1.7798016010135642,21.681431361607142
CAT,2026-08-31,800.0,802.9000244140625,789.0499877929688,797.469970703125,797.469970703125,3071400.0,813.1051428646233,-1.9228967248214102,20.70250701904297
CAT,2026-09-01,788.8800048828125,790.219970703125,774.5499877929688,779.1599731445312,779.1599731445312,2946600.0,809.8722695579479,-3.7922395379928697,20.948893229166668
CAT,2026-09-02,778.510009765625,793.9400024414062,771.3900146484375,792.280029296875,792.280029296875,2507600.0,808.1968181045123,-1.969419880291956,21.109002685546876
CAT,2026-09-03,796.9000244140625,803.9199829101562,781.489990234375,800.1400146484375,800.1400146484375,2351900.0,807.4295034896481,-0.9028018928842751,21.22909268465909
CAT,2026-09-04,802.3800048828125,821.0,801.0,813.9400024414062,813.9400024414062,2149500.0,808.0495510088632,0.7289715618539416,21.198333740234375
CAT,2026-09-08,823.3400268554688,830.5,817.0900268554688,822.47998046875,822.47998046875,2443200.0,809.4238776240906,1.6130118230491375,20.841538649338943
CAT,2026-09-09,815.6799926757812,827.9600219726562,813.5,815.5599975585938,815.5599975585938,1929000.0,810.0082699988051,0.6853914664102012,20.385716029575892
CAT,2026-09-10,809.75,811.9500122070312,797.5,805.0,805.0,1781900.0,809.5312919036808,-0.5597426497282232,20.395002092633927
CAT,2026-09-11,817.75,826.0,813.510009765625,818.5700073242188,818.5700073242188,1824600.0,810.392121943732,1.009126959535589,20.490718296595983
CAT,2026-09-14,783.0499877929688,794.5599975585938,772.8599853515625,784.0,784.0,2428000.0,807.8785865205194,-2.9557147471085954,22.083574567522323
CAT,2026-09-15,789.489990234375,791.2000122070312,776.5,783.5399780273438,783.5399780273438,2261600.0,805.5606238068837,-2.733580208460995,21.01214599609375
CAT,2026-09-16,797.0,798.3900146484375,774.47998046875,782.719970703125,782.719970703125,2645300.0,803.3853235112877,-2.5722840837871352,21.76786150251116
CAT,2026-09-17,813.9500122070312,813.9500122070312,795.0,798.5700073242188,798.5700073242188,2429600.0,802.926721969662,-0.5426042658981167,22.164293561662948
CAT,2026-09-18,800.7899780273438,809.489990234375,799.5700073242188,808.989990234375,808.989990234375,4786800.0,803.5041760901108,0.6827362330533715,21.368578229631698
CAT,2026-09-21,827.0,827.8099975585938,805.239990234375,816.5,816.5,1867300.0,804.7418736053385,1.4611053283438258,21.99143327985491
CAT,2026-09-22,806.0599975585938,812.4600219726562,802.6099853515625,808.010009765625,808.010009765625,2062600.0,805.053124668223,0.36729068017973265,21.346435546875
CAT,2026-09-23,803.969970703125,816.760009765625,798.530029296875,812.02001953125,812.02001953125,2788700.0,805.7166384647016,0.7823322450631665,21.03786359514509
CAT,2026-09-24,798.8699951171875,809.1400146484375,794.2000122070312,805.25,805.25,2197800.0,805.6721967061586,-0.05240303784649347,20.70857892717634
CAT,2026-09-25,816.3400268554688,823.0,809.0499877929688,821.5800170898438,821.5800170898438,1978200.0,807.1872272188906,1.783079487090311,20.486437116350448
CAT,2026-09-28,821.0499877929688,827.5700073242188,808.2000122070312,819.9500122070312,819.9500122070312,2174700.0,808.4027305510945,1.4284070574656305,20.687151227678573
CAT,2026-09-29,826.530029296875,829.739990234375,815.5,826.6400146484375,826.6400146484375,2313400.0,810.1396147508415,2.036735347483365,20.671434674944198
CAT,2026-09-30,828.5,831.9500122070312,810.0700073242188,810.7899780273438,810.7899780273438,1959800.0,810.2015541105084,0.07262685610143205,20.944292340959823
CAT,2026-10-01,810.5800170898438,817.97998046875,802.4401245117188,814.907470703125,814.907470703125,433437.0,810.6497366431386,0.5252248742616539,20.55428205217634
CDNS,2026-08-20,315.4800109863281,317.5,311.4700012207031,313.5899963378906,313.5899963378906,1697800.0,313.5899963378906,0.0,
CDNS,2026-08-21,314.489990234375,319.7799987792969,312.1499938964844,319.0199890136719,319.0199890136719,2150600.0,314.10713849748885,1.5640684066217991,
CDNS,2026-08-24,314.5,317.3399963378906,311.42999267578125,315.9200134277344,315.9200134277344,2032700.0,314.2797932527504,0.5218980698720621,7.083333333333333
CDNS,2026-08-25,318.42999267578125,333.3399963378906,317.17999267578125,331.8999938964844,331.8999938964844,2984300.0,315.9579075997726,5.045636115841656,9.667495727539062
CDNS,2026-08-26,328.5,340.30999755859375,327.4599914550781,334.67999267578125,334.67999267578125,2208100.0,317.7409633212972,5.331081386996184,10.303997802734376
CDNS,2026-08-27,340.0400085449219,347.7200012207031,330.5,347.54998779296875,347.54998779296875,2715700.0,320.57991803288496,8.412900572679426,11.4566650390625
CDNS,2026-08-28,347.42999267578125,347.42999267578125,338.1000061035156,340.3900146484375,340.3900146484375,1795000.0,322.4665939010328,5.558225591859456,11.169995989118304
CDNS,2026-08-31,336.2200012207031,342.3800048828125,336.2200012207031,338.7799987792969,338.7799987792969,1607100.0,324.0202515084865,4.555192831959087,10.543746948242188
CDNS,2026-09-01,331.19000244140625,332.8399963378906,311.8699951171875,313.0400085449219,313.0400085449219,2281700.0,322.97451408338515,-3.075941012453509,12.362219916449654
CDNS,2026-09-02,312.6199951171875,313.2099914550781,303.6600036621094,306.6700134277344,306.6700134277344,2561000.0,321.4217044971327,-4.589513048746186,12.080996704101562
CDNS,2026-09-03,307.6400146484375,311.0400085449219,302.3599853515625,304.8800048828125,304.8800048828125,2168900.0,319.8463045338641,-4.6792160606210835,11.771817294034092
CDNS,2026-09-04,305.9599914550781,308.29998779296875,287.8999938964844,292.70001220703125,292.70001220703125,4224500.0,317.26094335988,-7.741555229818642,12.490832010904947
CDNS,2026-09-08,291.3399963378906,295.82000732421875,282.67999267578125,284.1099853515625,284.1099853515625,4402100.0,314.1037092638498,-9.54898749288322,12.54076913686899
CDNS,2026-09-09,283.8500061035156,287.760009765625,281.6499938964844,284.6000061035156,284.6000061035156,2300400.0,311.29383277238935,-8.575122234558252,12.081429617745536
CDNS,2026-09-10,282.2799987792969,289.1400146484375,282.2799987792969,284.95001220703125,284.95001220703125,1923000.0,308.7848974804505,-7.718928441093298,12.140716552734375
CDNS,2026-09-11,288.2099914550781,293.3999938964844,285.0199890136719,289.3699951171875,289.3699951171875,2553900.0,306.9358591601397,-5.722975507331474,12.199286324637276
CDNS,2026-09-14,288.0,288.79998779296875,278.1000061035156,279.05999755859375,279.05999755859375,2337700.0,304.28101519808774,-8.288725349189152,12.462142944335938
CDNS,2026-09-15,277.3800048828125,279.0,273.07000732421875,273.9599914550781,273.9599914550781,2608500.0,301.39329865113444,-9.10216229718187,11.645714896065849
CDNS,2026-09-16,274.25,282.0,274.1600036621094,279.8999938964844,279.8999938964844,2496300.0,299.3463172459297,-6.496262766269167,11.30214364188058
CDNS,2026-09-17,285.54998779296875,285.54998779296875,278.29998779296875,280.760009765625,280.760009765625,2095500.0,297.5761927239959,-5.65105118270266,10.590000697544642
CDNS,2026-09-18,281.92999267578125,284.9800109863281,280.489990234375,282.8999938964844,282.8999938964844,4132300.0,296.17845950232817,-4.483265132837733,10.2357177734375
CDNS,2026-09-21,285.7300109863281,295.79998779296875,283.3900146484375,294.8999938964844,294.8999938964844,2341900.0,296.05670087320016,-0.3907045418340971,10.717145647321429
CDNS,2026-09-22,298.6499938964844,303.8500061035156,294.0,302.95001220703125,302.95001220703125,2900000.0,296.71320671451736,2.1019642373096836,9.498574393136161
CDNS,2026-09-23,305.6300048828125,315.70001220703125,305.6300048828125,309.0899963378906,309.0899963378906,3589300.0,297.89194858341006,3.7590971517463156,9.727146693638392
CDNS,2026-09-24,306.3900146484375,322.489990234375,305.20001220703125,322.0,322.0,2474800.0,300.18795348022815,7.266129858608239,10.34214346749442
CDNS,2026-09-25,324.9700012207031,330.80999755859375,322.7799987792969,326.1300048828125,326.1300048828125,2697000.0,302.658625042379,7.755067227027479,9.514286586216517
CDNS,2026-09-28,319.0,329.3500061035156,317.8900146484375,326.70001220703125,326.70001220703125,1996000.0,304.9482809628221,7.132924696454035,9.394284929547991
CDNS,2026-09-29,321.20001220703125,324.25,314.0,324.1700134277344,324.1700134277344,2632600.0,306.7789221499566,5.668932909698676,9.864998953683036
CDNS,2026-09-30,322.489990234375,335.0,321.010009765625,330.19000244140625,330.19000244140625,2969700.0,309.00854884438036,6.854649709931837,10.374282836914062
CDNS,2026-10-01,339.3599853515625,355.0299987792969,337.8500061035156,346.30999755859375,346.30999755859375,774327.0,312.56106776954357,10.797547509638594,11.544998168945312
CELC,2026-08-20,92.9000015258789,93.36000061035156,90.26000213623047,90.56999969482422,90.56999969482422,936900.0,90.56999969482422,0.0,
CELC,2026-08-21,91.38999938964844,95.45500183105469,90.51000213623047,93.52999877929688,93.52999877929688,889300.0,90.8519043695359,2.9477581437015843,
CELC,2026-08-24,93.47000122070312,93.47000122070312,90.75,90.79000091552734,90.79000091552734,514100.0,90.84600880248748,-0.06165145579691833,3.608332316080729
CELC,2026-08-25,92.47000122070312,94.33000183105469,91.68000030517578,92.2699966430664,92.2699966430664,681600.0,90.98162669206641,1.4160770672529077,3.591249465942383
CELC,2026-08-26,92.37999725341797,96.16000366210938,91.0199966430664,95.08000183105469,95.08000183105469,655400.0,91.37194813387482,4.0581970428680725,3.9010009765625
CELC,2026-08-27,95.05999755859375,95.05999755859375,92.53500366210938,93.23999786376953,93.23999786376953,457300.0,91.54985763196004,1.8461418461228396,3.6750005086263022
CELC,2026-08-28,91.9000015258789,92.4749984741211,88.2249984741211,88.44000244140625,88.44000244140625,610300.0,91.25368094714538,-3.083358913892831,3.866428920200893
CELC,2026-08-31,87.61000061035156,89.80500030517578,86.98999786376953,89.05999755859375,89.05999755859375,819000.0,91.04475871966427,-2.1799839869769966,3.7350006103515625
CELC,2026-09-01,89.0,92.84500122070312,88.63999938964844,91.9800033569336,91.9800033569336,1161800.0,91.13382963749945,0.9284957329237065,3.787222968207465
CELC,2026-09-02,93.61000061035156,96.94000244140625,92.12999725341797,96.19999694824219,96.19999694824219,818200.0,91.61632176233209,5.003120729732968,3.9045005798339845
CELC,2026-09-03,97.11000061035156,98.0,94.91699981689453,96.43000030517578,96.43000030517578,773200.0,92.07476733784101,4.73010477599638,3.8298187255859375
CELC,2026-09-04,95.83000183105469,97.24500274658203,94.55000305175781,95.69999694824219,95.69999694824219,515500.0,92.42002730073636,3.5489814743645764,3.735250473022461
CELC,2026-09-08,93.62000274658203,97.43000030517578,92.61000061035156,93.0199966430664,93.0199966430664,940700.0,92.47716723810112,0.5869874923478902,3.8186927208533654
CELC,2026-09-09,92.0,93.80000305175781,90.0,90.08000183105469,90.08000183105469,708300.0,92.24886577076336,-2.3511009285450246,3.817357744489397
CELC,2026-09-10,88.37000274658203,89.4749984741211,84.81999969482422,85.48999786376953,85.48999786376953,1069400.0,91.60516406533537,-6.675569291273065,3.971643720354353
CELC,2026-09-11,86.37999725341797,87.01000213623047,83.23500061035156,83.44999694824219,83.44999694824219,863400.0,90.82848148275507,-8.123536157448342,3.8880724225725447
CELC,2026-09-14,83.44999694824219,84.90499877929688,82.48999786376953,83.52999877929688,83.52999877929688,1645900.0,90.13338789194952,-7.326240882644608,3.8620011465890065
CELC,2026-09-15,83.6500015258789,83.6500015258789,80.62000274658203,82.69999694824219,82.69999694824219,783500.0,89.42544589731074,-7.52073292068517,3.8255724225725447
CELC,2026-09-16,83.33000183105469,84.06999969482422,81.54000091552734,82.58000183105469,82.58000183105469,799300.0,88.77349884338159,-6.97674091144449,3.639143262590681
CELC,2026-09-17,85.22000122070312,87.5,84.41000366210938,84.91000366210938,84.91000366210938,692100.0,88.40554692135566,-3.9539863515078655,3.8087861197335378
CELC,2026-09-18,84.88999938964844,85.1719970703125,79.7699966430664,80.61000061035156,80.61000061035156,1406100.0,87.66311393935527,-8.045702476280958,3.8364290509905135
CELC,2026-09-21,81.37000274658203,84.33000183105469,80.26000213623047,84.0,84.0,718100.0,87.31424594513096,-3.7957677000539647,3.9260717119489397
CELC,2026-09-22,84.0,85.5,82.80000305175781,84.0999984741211,84.0999984741211,540200.0,87.00812713836812,-3.3423643973191863,3.8185713631766185
CELC,2026-09-23,84.93000030517578,85.05000305175781,79.4000015258789,79.98999786376953,79.98999786376953,739300.0,86.33973387412064,-7.354361341452287,3.8678572518484935
CELC,2026-09-24,79.7300033569336,80.19000244140625,77.06999969482422,79.37000274658203,79.37000274658203,1237700.0,85.67594995721221,-7.360230279068347,3.870500292096819
CELC,2026-09-25,80.0,80.28299713134766,78.0199966430664,79.5199966430664,79.5199966430664,657200.0,85.08966868919832,-6.545650173437512,3.8396432059151784
CELC,2026-09-28,79.44000244140625,80.0199966430664,77.08999633789062,79.63999938964844,79.63999938964844,610400.0,84.57065256543167,-5.830217724722441,3.7046432495117188
CELC,2026-09-29,79.63999938964844,80.5199966430664,77.25,77.37999725341797,77.37999725341797,1221600.0,83.8858282500018,-7.755578185620027,3.666785648890904
CELC,2026-09-30,81.30000305175781,88.68000030517578,77.83999633789062,79.5199966430664,79.5199966430664,2555300.0,83.470034763627,-4.732282826701139,4.098214285714286
CELC,2026-10-01,78.37999725341797,79.18000030517578,75.4000015258789,75.90499877929688,75.90499877929688,208065.0,82.74955514607176,-8.271411676706519,4.122856685093471
CIFR,2026-08-20,16.200000762939453,17.239999771118164,15.579999923706055,17.209999084472656,17.209999084472656,36042000.0,17.209999084472656,0.0,
CIFR,2026-08-21,17.520000457763672,18.229999542236328,15.479999542236328,15.765000343322754,15.765000343322754,55322000.0,17.072380156744096,-7.657864933993331,
CIFR,2026-08-24,15.5,15.869999885559082,14.960000038146973,15.359999656677246,15.359999656677246,33539000.0,16.90929629959487,-9.162395734674922,1.773333231608073
CIFR,2026-08-25,15.630000114440918,16.3799991607666,15.399999618530273,16.309999465942383,16.309999465942383,29429800.0,16.852220410675585,-3.217504468370913,1.5849997997283936
CIFR,2026-08-26,16.0,16.420000076293945,15.720999717712402,16.020000457763672,16.020000457763672,24944600.0,16.772961367541118,-4.489135181784709,1.4077999114990234
CIFR,2026-08-27,16.520000457763672,17.46500015258789,16.3799991607666,16.770000457763672,16.770000457763672,35794800.0,16.77267937613374,-0.01597191665084763,1.413999875386556
CIFR,2026-08-28,16.190000534057617,16.469999313354492,15.109999656677246,15.170000076293945,15.170000076293945,30897800.0,16.620043252339475,-8.724665477879656,1.4491428647722517
CIFR,2026-08-31,15.119999885559082,15.59000015258789,14.789999961853027,15.5,15.5,19235800.0,16.51337246640238,-6.1366778255874666,1.3680000305175781
CIFR,2026-09-01,14.885000228881836,15.100000381469727,14.470000267028809,14.609999656677246,14.609999656677246,20048400.0,16.332098865476176,-10.544261475413997,1.3304444419013128
CIFR,2026-09-02,14.329999923706055,15.329999923706055,14.180000305175781,15.180000305175781,15.180000305175781,21544000.0,16.222375193066615,-6.425538033027001,1.312399959564209
CIFR,2026-09-03,15.109999656677246,17.56999969482422,15.020000457763672,17.3700008392334,17.3700008392334,37199400.0,16.33167287365393,6.357756327917197,1.4249089847911487
CIFR,2026-09-04,17.325000762939453,17.920000076293945,17.270000457763672,17.739999771118164,17.739999771118164,25036700.0,16.465799244841,7.738467518826275,1.3603332042694092
CIFR,2026-09-08,17.950000762939453,19.489999771118164,17.56999969482422,18.510000228881836,18.510000228881836,39893500.0,16.66048505284489,11.101208459240674,1.4033845021174505
CIFR,2026-09-09,18.59000015258789,18.690000534057617,16.850000381469727,16.899999618530273,16.899999618530273,42443800.0,16.683295963862548,1.2989259145022913,1.4345713342939104
CIFR,2026-09-10,16.049999237060547,16.459999084472656,15.279999732971191,15.9399995803833,15.9399995803833,47161400.0,16.61250583210262,-4.048192720087684,1.4317141941615514
CIFR,2026-09-11,16.1200008392334,17.510000228881836,15.890000343322754,16.850000381469727,16.850000381469727,34342900.0,16.635124360613773,1.2917007182988494,1.3509999002729143
CIFR,2026-09-14,15.550000190734863,16.459999084472656,15.399999618530273,15.635000228881836,15.635000228881836,34901800.0,16.53987444330597,-5.470865075341336,1.3895713942391532
CIFR,2026-09-15,15.524999618530273,15.645000457763672,14.850000381469727,15.09000015258789,15.09000015258789,25931400.0,16.401791177523293,-7.997852251241044,1.3735000065394811
CIFR,2026-09-16,15.920000076293945,17.579999923706055,15.829999923706055,16.719999313354492,16.719999313354492,62825600.0,16.43209671426912,1.7520746383835828,1.5014285360063826
CIFR,2026-09-17,18.03499984741211,18.437999725341797,16.56999969482422,16.940000534057617,16.940000534057617,41311900.0,16.480468506629933,2.788343227274259,1.5316428456987654
CIFR,2026-09-18,17.799999237060547,18.420000076293945,17.045000076293945,18.34000015258789,18.34000015258789,41168300.0,16.65756675862593,10.100114970817886,1.5187856129237585
CIFR,2026-09-21,18.665000915527344,19.25,18.290000915527344,18.899999618530273,18.899999618530273,42333500.0,16.871131792902535,12.025677059088924,1.5302141053336007
CIFR,2026-09-22,18.510000228881836,19.7450008392334,18.3799991607666,19.09000015258789,19.09000015258789,28768800.0,17.082452589063045,11.752103821497894,1.5541428157261439
CIFR,2026-09-23,19.0,19.559999465942383,18.299999237060547,18.350000381469727,18.350000381469727,30313100.0,17.20317142643511,6.666381021306056,1.562000002179827
CIFR,2026-09-24,17.864999771118164,18.809999465942383,17.719999313354492,18.100000381469727,18.100000381469727,25974900.0,17.288583707866977,4.693366948465094,1.457714353288923
CIFR,2026-09-25,18.59000015258789,18.700000762939453,17.440000534057617,17.729999542236328,17.729999542236328,32207000.0,17.330623311140247,2.3044539363991534,1.5012858254568917
CIFR,2026-09-28,17.299999237060547,17.940000534057617,16.68000030517578,16.739999771118164,16.739999771118164,22340300.0,17.274373450185763,-3.0934475314463694,1.4541429792131697
CIFR,2026-09-29,17.065000534057617,17.3700008392334,16.440000534057617,16.510000228881836,16.510000228881836,28489200.0,17.20157600053777,-4.020420987206719,1.3891429901123047
CIFR,2026-09-30,16.770000457763672,16.90999984741211,15.8100004196167,15.824999809265137,15.824999809265137,28973500.0,17.070473506130853,-7.296070003086941,1.3520001002720423
CIFR,2026-10-01,15.729999542236328,15.850000381469727,14.890000343322754,15.154999732971191,15.154999732971191,11079293.0,16.8880474324966,-10.261977925231392,1.3048572540283203
CNXC,2026-08-20,25.940000534057617,26.399999618530273,25.15999984741211,25.200000762939453,25.200000762939453,943600.0,25.200000762939453,0.0,
CNXC,2026-08-21,25.389999389648438,26.549999237060547,25.1200008392334,25.399999618530273,25.399999618530273,1085600.0,25.21904827299572,0.7175185343069046,
CNXC,2026-08-24,25.540000915527344,26.920000076293945,25.270000457763672,26.030000686645508,26.030000686645508,1051500.0,25.29628183620046,2.9005007739716593,1.439999262491862
CNXC,2026-08-25,25.392000198364258,26.940000534057617,25.392000198364258,26.8700008392334,26.8700008392334,1130400.0,25.44615983648931,5.59550443718555,1.4669995307922363
CNXC,2026-08-26,25.709999084472656,27.8799991607666,25.709999084472656,27.860000610351562,27.860000610351562,1096800.0,25.676049434,8.505791289915464,1.607599639892578
CNXC,2026-08-27,27.84000015258789,28.81999969482422,27.649999618530273,28.1299991607666,28.1299991607666,1013900.0,25.909758931787295,8.569127311545198,1.534666379292806
CNXC,2026-08-28,28.25,29.93000030517578,27.829999923706055,29.3799991607666,29.3799991607666,1252200.0,26.240258001213896,11.96535933224232,1.6154283796037947
CNXC,2026-08-31,29.375,30.315000534057617,28.31999969482422,30.100000381469727,30.100000381469727,1629900.0,26.60785251361921,13.124500994821208,1.6628749370574951
CNXC,2026-09-01,29.950000762939453,33.84000015258789,29.520000457763672,32.279998779296875,32.279998779296875,2391500.0,27.14805691987423,18.90353285529511,1.9581110212537978
CNXC,2026-09-02,31.799999237060547,33.439998626708984,31.43000030517578,32.369998931884766,32.369998931884766,1163200.0,27.6453847305419,17.09006493269467,1.9632997512817383
CNXC,2026-09-03,32.880001068115234,33.75,32.119998931884766,32.849998474121094,32.849998474121094,1084900.0,28.141062229930395,16.73332799492675,1.9329998709938743
CNXC,2026-09-04,32.47999954223633,32.540000915527344,31.434999465942383,32.15999984741211,32.15999984741211,862100.0,28.523818193500084,12.747878384460565,1.889833132425944
CNXC,2026-09-08,31.770000457763672,31.799999237060547,28.200000762939453,28.270000457763672,28.270000457763672,1698500.0,28.499645075810903,-0.8057806244125554,2.049076667198768
CNXC,2026-09-09,28.1299991607666,28.135000228881836,26.1299991607666,27.06999969482422,27.06999969482422,1556800.0,28.36348837285979,-4.560400543937593,2.0555712836129323
CNXC,2026-09-10,27.045000076293945,27.469999313354492,26.25,27.0,27.0,938700.0,28.233632337349334,-4.369371686254498,2.0541426794869557
CNXC,2026-09-11,27.1299991607666,28.3799991607666,26.43000030517578,28.239999771118164,28.239999771118164,985700.0,28.234238759613035,0.020404345072577712,2.0912855693272183
CNXC,2026-09-14,28.760000228881836,30.34000015258789,28.719999313354492,29.270000457763672,29.270000457763672,1286700.0,28.332882730865478,3.3075269318688427,2.1234284809657504
CNXC,2026-09-15,28.780000686645508,29.940000534057617,28.600000381469727,29.209999084472656,29.209999084472656,1143200.0,28.41641762168521,2.7926865143685253,2.108571325029646
CNXC,2026-09-16,28.770000457763672,29.51099967956543,27.889999389648438,29.15999984741211,29.15999984741211,1493500.0,28.48723497651634,2.361636260768618,2.069357054574149
CNXC,2026-09-17,29.0,29.114999771118164,28.059999465942383,28.34000015258789,28.34000015258789,1919700.0,28.473212612332677,-0.46785187733641154,2.0643570763724193
CNXC,2026-09-18,28.05500030517578,28.700000762939453,27.280000686645508,27.8700008392334,27.8700008392334,5474900.0,28.41576387203751,-1.9206347408494917,2.0157856260027205
CNXC,2026-09-21,27.739999771118164,28.349000930786133,26.69499969482422,27.530000686645508,27.530000686645508,1222500.0,28.33140547342875,-2.828679952128943,1.9914285114833288
CNXC,2026-09-22,28.1200008392334,30.780000686645508,27.475000381469727,30.510000228881836,30.510000228881836,2343100.0,28.538890688233806,6.906748976969501,1.918928555079869
CNXC,2026-09-23,30.31999969482422,31.260000228881836,28.84000015258789,30.209999084472656,30.209999084472656,2472800.0,28.698043868827984,5.268495729379552,1.948214394705636
CNXC,2026-09-24,30.020000457763672,30.65999984741211,28.209999084472656,29.389999389648438,29.389999389648438,2192700.0,28.76394439462041,2.176526927041045,2.0067858014787947
CNXC,2026-09-25,29.079999923706055,29.232999801635742,26.700000762939453,27.079999923706055,27.079999923706055,2705100.0,28.603568730723804,-5.326499016121877,2.0978572028023854
CNXC,2026-09-28,26.799999237060547,26.799999237060547,24.610000610351562,25.450000762939453,25.450000762939453,3366200.0,28.30322892426815,-10.080928112347786,1.9914286477225167
CNXC,2026-09-29,25.520000457763672,26.010000228881836,23.93000030517578,24.8799991607666,24.8799991607666,3460800.0,27.977207042029907,-11.07046845887939,1.987142835344587
CNXC,2026-09-30,24.989999771118164,26.969999313354492,22.649999618530273,24.950000762939453,24.950000762939453,5296000.0,27.68890168211653,-9.891692168295918,2.208571434020996
CNXC,2026-10-01,26.059999465942383,28.239999771118164,25.959999084472656,27.424999237060547,27.424999237060547,543373.0,27.66376811592072,-0.863110469476358,2.3042857306344167
COHR,2026-08-20,291.54998779296875,291.54998779296875,277.8699951171875,290.0299987792969,290.0299987792969,4979500.0,290.0299987792969,0.0,
COHR,2026-08-21,296.9800109863281,303.989990234375,283.4100036621094,289.5199890136719,289.5199890136719,6000800.0,289.9814264206659,-0.15912653878895622,
COHR,2026-08-24,275.29998779296875,279.95001220703125,262.6199951171875,275.489990234375,275.489990234375,6919700.0,288.60128964101915,-4.54304948635289,20.38665771484375
COHR,2026-08-25,287.1499938964844,291.7099914550781,281.32000732421875,288.1400146484375,288.1400146484375,4738900.0,288.5573586893447,-0.14463122437868847,19.344993591308594
COHR,2026-08-26,286.2300109863281,294.8599853515625,283.5,294.3699951171875,294.3699951171875,5468200.0,289.110943111044,1.819042873144916,17.747991943359374
COHR,2026-08-27,303.67999267578125,307.489990234375,291.0199890136719,295.3900146484375,295.3900146484375,4907600.0,289.70894992412906,1.9609558923865622,17.534993489583332
COHR,2026-08-28,289.44000244140625,291.2699890136719,278.04998779296875,279.20001220703125,279.20001220703125,5240200.0,288.7080987129769,-3.293321714330655,17.50714111328125
COHR,2026-08-31,280.25,281.989990234375,275.1199951171875,277.8299865722656,277.8299865722656,5049000.0,287.6720880329092,-3.4212917658934083,16.17749786376953
COHR,2026-09-01,270.5,276.0400085449219,264.6400146484375,272.0299987792969,272.0299987792969,5509600.0,286.18236524685085,-4.945226605890496,15.845550537109375
COHR,2026-09-02,268.1199951171875,272.5,263.6700134277344,268.6400146484375,268.6400146484375,4189500.0,284.5116651898591,-5.578558802089962,15.143994140625
COHR,2026-09-03,266.8599853515625,268.6499938964844,255.25,264.4100036621094,264.4100036621094,4212500.0,282.59722123483533,-6.435738289730941,14.985448663884943
COHR,2026-09-04,269.69000244140625,283.8500061035156,264.1000061035156,281.8599853515625,281.8599853515625,5035800.0,282.5270082935712,-0.23609174430347935,15.382494608561197
COHR,2026-09-08,281.04998779296875,315.70001220703125,281.04998779296875,301.8800048828125,301.8800048828125,8701500.0,284.37015082587993,6.157416313238118,16.86461228590745
COHR,2026-09-09,301.8599853515625,313.3299865722656,301.8599853515625,303.4800109863281,303.4800109863281,5036100.0,286.19013750782733,6.041393889063662,16.479282924107142
COHR,2026-09-10,296.0899963378906,309.989990234375,290.260009765625,293.1700134277344,293.1700134277344,5638400.0,286.85488759543756,2.201505397113279,16.911424909319198
COHR,2026-09-11,303.17999267578125,312.67999267578125,292.510009765625,305.3699951171875,305.3699951171875,7303900.0,288.61823116893754,5.804125359788737,16.88213893345424
COHR,2026-09-14,283.75,284.9700012207031,265.489990234375,266.5,266.5,9939600.0,286.5117329623721,-6.984612028087611,17.809282575334823
COHR,2026-09-15,271.1499938964844,279.5,269.3399963378906,271.1700134277344,271.1700134277344,4335400.0,285.0506168162161,-4.869522312744601,17.57928248814174
COHR,2026-09-16,280.55999755859375,294.55999755859375,278.010009765625,289.92999267578125,289.92999267578125,7543200.0,285.5153192790318,1.5462124441858904,18.438568115234375
COHR,2026-09-17,302.9100036621094,312.4200134277344,290.1000061035156,295.9800109863281,295.9800109863281,6563300.0,286.51195658448864,3.304593118803223,18.86856951032366
COHR,2026-09-18,305.7300109863281,318.45001220703125,302.1099853515625,317.3599853515625,317.3599853515625,10161600.0,289.4498640861147,9.642471712180246,19.234996250697545
COHR,2026-09-21,326.4800109863281,332.8599853515625,316.6400146484375,321.5199890136719,321.5199890136719,7586500.0,292.50416169826303,9.919799823340814,19.90285164969308
COHR,2026-09-22,310.2900085449219,323.42999267578125,305.0,310.3900146484375,310.3900146484375,7469600.0,294.20757626494634,5.500347268052064,20.27713884626116
COHR,2026-09-23,312.1199951171875,312.239990234375,298.4700012207031,300.6000061035156,300.6000061035156,5703000.0,294.81637910671486,1.9617726173576155,20.629996163504465
COHR,2026-09-24,294.8999938964844,300.8900146484375,290.20001220703125,290.6099853515625,290.6099853515625,4995900.0,294.41577017765275,-1.2926565801124723,20.436425345284597
COHR,2026-09-25,297.9200134277344,301.7699890136719,290.2799987792969,295.8299865722656,295.8299865722656,4693700.0,294.5504574533301,0.4344006558327118,19.846424647739955
COHR,2026-09-28,290.0799865722656,299.3699951171875,275.7900085449219,282.45001220703125,282.45001220703125,6885000.0,293.3980340965398,-3.7314571391798057,19.055707659040177
COHR,2026-09-29,289.92999267578125,302.7200012207031,285.8500061035156,292.2099914550781,292.2099914550781,5661500.0,293.2848871783053,-0.3665022543673402,19.684278215680802
COHR,2026-09-30,294.6600036621094,299.5,282.25,287.80999755859375,287.80999755859375,5339300.0,292.76346911928516,-1.6919705097062976,19.507136753627233
COHR,2026-10-01,290.0,316.9599914550781,286.4165954589844,314.8399963378906,314.8399963378906,3670206.0,294.8659955210571,6.773924806601572,20.248094831194198
CRDO,2026-08-20,235.41000366210938,236.5,226.5800018310547,231.35000610351562,231.35000610351562,3278400.0,231.35000610351562,0.0,
CRDO,2026-08-21,233.0500030517578,236.36000061035156,223.0449981689453,230.57000732421875,230.57000732421875,2714400.0,231.27572050548736,-0.3051393288176385,
CRDO,2026-08-24,222.77999877929688,223.58999633789062,211.5,222.61000061035156,222.61000061035156,4256100.0,230.45041384880776,-3.4022126962202304,14.101669311523438
CRDO,2026-08-25,229.05999755859375,232.0,223.00999450683594,226.50999450683594,226.50999450683594,2639100.0,230.07513581623903,-1.549555234099942,12.923751831054688
CRDO,2026-08-26,223.0,226.72000122070312,219.73899841308594,226.49000549316406,226.49000549316406,2283300.0,229.73369483308903,-1.4119345193493005,11.735202026367187
CRDO,2026-08-27,239.14999389648438,244.4600067138672,233.77999877929688,240.24000549316406,240.24000549316406,4227700.0,230.73429584833428,4.119764515231861,12.774335225423178
CRDO,2026-08-28,238.57000732421875,240.49000549316406,228.60000610351562,232.75,232.75,3518200.0,230.92626767230243,0.7897465914469048,12.648001534598214
CRDO,2026-08-31,232.0,238.39500427246094,222.91000366210938,226.19000244140625,226.19000244140625,4270300.0,230.47519479316946,-1.8592857056087042,13.002626419067383
CRDO,2026-09-01,220.0,221.74000549316406,206.11500549316406,206.6300048828125,206.6300048828125,9513700.0,228.2042243255164,-9.453908886423545,13.788445366753471
CRDO,2026-09-02,188.63499450683594,190.57000732421875,161.9499969482422,165.22000122070312,165.22000122070312,30111800.0,222.20572688696276,-25.645480188388024,16.877601623535156
CRDO,2026-09-03,168.5,171.1300048828125,164.11000061035156,164.1699981689453,164.1699981689453,13770300.0,216.67851462810395,-24.233374753044433,15.981456409801137
CRDO,2026-09-04,162.10000610351562,172.0500030517578,160.75,170.57000732421875,170.57000732421875,10756500.0,212.28722821821012,-19.65130980518066,15.59133529663086
CRDO,2026-09-08,170.5449981689453,178.0,167.22000122070312,167.75,167.75,10394700.0,208.04558743552346,-19.368633544324354,15.221232487605167
CRDO,2026-09-09,165.02000427246094,173.24000549316406,164.18800354003906,167.9199981689453,167.9199981689453,6972200.0,204.2241027434684,-17.77660133491965,14.780573163713727
CRDO,2026-09-10,162.35000610351562,165.67999267578125,159.1999969482422,160.30999755859375,160.30999755859375,6901300.0,200.04180701157557,-19.86175292381892,14.694859095982142
CRDO,2026-09-11,162.8800048828125,164.8000030517578,160.44000244140625,162.9499969482422,162.9499969482422,5889800.0,196.5092536722105,-17.07769791846404,14.064502171107701
CRDO,2026-09-14,153.6909942626953,154.11000061035156,149.13999938964844,150.08999633789062,150.08999633789062,10698800.0,192.08837202132287,-21.8640905961607,13.688787187848773
CRDO,2026-09-15,153.0,154.74000549316406,149.6999969482422,150.38999938964844,150.38999938964844,6494300.0,188.11709843735386,-20.05511426717501,13.378073556082589
CRDO,2026-09-16,153.10000610351562,164.5500030517578,152.72000122070312,161.49000549316406,161.49000549316406,8978500.0,185.5811848236215,-12.981477272792485,13.89085933140346
CRDO,2026-09-17,168.64999389648438,169.8000030517578,163.52000427246094,168.25,168.25,8903300.0,183.9305957928004,-8.525278638505984,13.200859069824219
CRDO,2026-09-18,171.11000061035156,175.97999572753906,170.1929931640625,175.88999938964844,175.88999938964844,13345500.0,183.16482470678594,-3.9717371109781574,12.90371595110212
CRDO,2026-09-21,180.91000366210938,188.75999450683594,176.49000549316406,187.27000427246094,187.27000427246094,11146500.0,183.55579418923116,2.023477438909249,12.716929844447545
CRDO,2026-09-22,183.67999267578125,194.0,183.1699981689453,192.55999755859375,192.55999755859375,8199200.0,184.4133373672657,4.417609001405176,12.056573050362724
CRDO,2026-09-23,191.5,196.14999389648438,189.25999450683594,193.8699951171875,193.8699951171875,7813400.0,185.31397143868682,4.617041884147155,9.357286725725446
CRDO,2026-09-24,188.91000366210938,196.4250030517578,187.0,195.97000122070312,195.97000122070312,5788700.0,186.32883141792647,5.174276964766644,9.52907235281808
CRDO,2026-09-25,201.58999633789062,214.8699951171875,198.0,210.97000122070312,210.97000122070312,11753100.0,188.67560949438138,11.816255310406532,10.07192884172712
CRDO,2026-09-28,206.11500549316406,208.10499572753906,189.43899536132812,192.6699981689453,192.6699981689453,9095400.0,189.05602746338747,1.9115871385046113,10.839857918875557
CRDO,2026-09-29,194.4600067138672,199.3800048828125,189.00999450683594,192.35000610351562,192.35000610351562,6677400.0,189.36973971482826,1.5737817420963696,10.93400137765067
CRDO,2026-09-30,192.55999755859375,195.55999755859375,186.80999755859375,194.7899932861328,194.7899932861328,6427000.0,189.88595434066679,2.582623323823041,10.936144147600446
CRDO,2026-10-01,197.1300048828125,205.1300048828125,195.02999877929688,203.78500366210938,203.78500366210938,2485255.0,191.20967332366132,6.576722882195263,11.354001726422991
CSQR,2026-08-20,20.450000762939453,20.670000076293945,19.84000015258789,20.360000610351562,20.360000610351562,661900.0,20.360000610351562,0.0,
CSQR,2026-08-21,20.40999984741211,20.549999237060547,19.8799991607666,20.329999923706055,20.329999923706055,492400.0,20.35714340209961,-0.13333638152175364,
CSQR,2026-08-24,20.350000381469727,20.649999618530273,19.56999969482422,19.600000381469727,19.600000381469727,984300.0,20.285034542992,-3.377042124677765,0.8599999745686849
CSQR,2026-08-25,19.68000030517578,20.510000228881836,19.68000030517578,20.260000228881836,20.260000228881836,864000.0,20.282650322600556,-0.1116722585976948,0.872499942779541
CSQR,2026-08-26,20.149999618530273,20.770000457763672,20.139999389648438,20.489999771118164,20.489999771118164,601300.0,20.30239788912604,0.924038052138676,0.8240001678466797
CSQR,2026-08-27,20.690000534057617,21.079999923706055,19.93000030517578,20.059999465942383,20.059999465942383,685700.0,20.27931232501331,-1.0814610256799417,0.8783334096272787
CSQR,2026-08-28,20.059999465942383,20.399999618530273,19.1299991607666,19.260000228881836,19.260000228881836,654000.0,20.182234982524598,-4.5695372907971095,0.9342858450753349
CSQR,2026-08-31,19.15999984741211,19.6200008392334,18.940000534057617,19.40999984741211,19.40999984741211,603600.0,20.10868877918055,-3.4745623617777888,0.9025001525878906
CSQR,2026-09-01,19.270000457763672,19.809999465942383,18.020000457763672,18.350000381469727,18.350000381469727,1165400.0,19.941194646065235,-7.979432992042335,1.0011111365424261
CSQR,2026-09-02,18.299999237060547,18.90999984741211,17.850000381469727,18.0,18.0,1182000.0,19.756318965487594,-8.889909950106167,1.0069999694824219
CSQR,2026-09-03,18.079999923706055,18.809999465942383,18.079999923706055,18.360000610351562,18.360000610351562,933700.0,19.62333626499845,-6.437924915450088,0.9890908327969637
CSQR,2026-09-04,18.25,18.670000076293945,17.81999969482422,18.020000457763672,18.020000457763672,886100.0,19.470637616690375,-7.4503834311168475,0.9774999618530273
CSQR,2026-09-08,18.270000457763672,18.979999542236328,18.190000534057617,18.43000030517578,18.43000030517578,1169500.0,19.371529301308033,-4.860375148949525,0.9761537405160757
CSQR,2026-09-09,18.3799991607666,18.940000534057617,17.90999984741211,17.959999084472656,17.959999084472656,856600.0,19.237097852085615,-6.638728863535414,0.9799999509538923
CSQR,2026-09-10,17.860000610351562,18.5,16.6200008392334,17.020000457763672,17.020000457763672,1296400.0,19.02594571929305,-10.543209210858151,1.054999896458217
CSQR,2026-09-11,17.190000534057617,17.760000228881836,17.040000915527344,17.420000076293945,17.420000076293945,1527300.0,18.872998515197896,-7.698821349103014,1.059999874659947
CSQR,2026-09-14,17.389999389648438,17.56999969482422,16.780000686645508,17.309999465942383,17.309999465942383,1992900.0,18.724141462887847,-7.552506478058618,1.039285523550851
CSQR,2026-09-15,17.209999084472656,18.270000457763672,17.0,17.940000534057617,17.940000534057617,1332300.0,18.649461374427826,-3.8041894407900845,1.0649998528616769
CSQR,2026-09-16,18.0,18.469999313354492,17.239999771118164,17.459999084472656,17.459999084472656,1260500.0,18.536179251574953,-5.805835995089758,1.1078568867274694
CSQR,2026-09-17,17.690000534057617,18.149999618530273,17.690000534057617,17.770000457763672,17.770000457763672,1003600.0,18.463209842640545,-3.7545442573908017,1.0749998092651367
CSQR,2026-09-18,17.729999542236328,18.200000762939453,17.559999465942383,17.969999313354492,17.969999313354492,13366500.0,18.41623741127997,-2.4230687732780587,1.0299998692103796
CSQR,2026-09-21,17.899999618530273,18.670000076293945,17.75,18.25,18.25,1189800.0,18.400405276872352,-0.8174019789737863,1.047142710004534
CSQR,2026-09-22,18.420000076293945,19.100000381469727,17.940000534057617,18.8700008392334,18.8700008392334,1063900.0,18.445128663763878,2.303438394030821,1.0021427699497767
CSQR,2026-09-23,18.889999389648438,19.040000915527344,18.399999618530273,18.530000686645508,18.530000686645508,893400.0,18.45321171356213,0.41612795796919233,0.9721429007393974
CSQR,2026-09-24,18.559999465942383,18.829999923706055,17.25,17.350000381469727,17.350000381469727,1282800.0,18.348143967648568,-5.4400248217954195,1.0271429334368025
CSQR,2026-09-25,17.260000228881836,17.719999313354492,16.950000762939453,17.010000228881836,17.010000228881836,853500.0,18.22070170681364,-6.6446479252720625,1.0214285169328963
CSQR,2026-09-28,16.799999237060547,16.829999923706055,15.84000015258789,16.139999389648438,16.139999389648438,1937900.0,18.022539581369333,-10.445476805427345,1.036428587777274
CSQR,2026-09-29,16.1200008392334,16.3799991607666,15.720000267028809,15.880000114440918,15.880000114440918,1481000.0,17.818488203566627,-10.879082821053764,1.0099998882838659
CSQR,2026-09-30,16.059999465942383,16.059999465942383,15.520000457763672,15.8100004196167,15.8100004196167,2268300.0,17.62720365271425,-10.309084009577074,0.914285591670445
CSQR,2026-10-01,15.930000305175781,16.61989974975586,15.699999809265137,16.489999771118164,16.489999771118164,122437.0,17.51889852113367,-5.873078999654635,0.9271356037684849
CTSH,2026-08-20,60.400001525878906,61.810001373291016,60.2599983215332,60.91999816894531,60.91999816894531,4752400.0,60.91999816894531,0.0,
CTSH,2026-08-21,60.81999969482422,63.11000061035156,60.119998931884766,61.869998931884766,61.869998931884766,6859000.0,61.010474432082404,1.408814646670531,
CTSH,2026-08-24,61.79999923706055,62.41999816894531,61.439998626708984,62.20000076293945,62.20000076293945,4122900.0,61.123762654068784,1.7607523852248175,1.8400014241536458
CTSH,2026-08-25,61.810001373291016,63.29999923706055,61.099998474121094,63.060001373291016,63.060001373291016,5817200.0,61.308166341613756,2.857425260308566,1.9300012588500977
CTSH,2026-08-26,61.65999984741211,62.400001525878906,61.02000045776367,62.09000015258789,62.09000015258789,7003900.0,61.38262670456367,1.1524000942951362,1.952001190185547
CTSH,2026-08-27,63.02000045776367,64.23999786376953,62.65999984741211,63.7599983215332,63.7599983215332,5800800.0,61.609043049036956,3.4912979751758444,1.9850006103515625
CTSH,2026-08-28,64.08000183105469,65.37999725341797,63.90999984741211,64.04000091552734,64.04000091552734,5303000.0,61.84056284584556,3.556626861829315,1.9328575134277344
CTSH,2026-08-31,63.34000015258789,64.91000366210938,63.130001068115234,64.58000183105469,64.58000183105469,8661300.0,62.10146179681786,3.9911138361703236,1.9137506484985352
CTSH,2026-09-01,64.36000061035156,65.08000183105469,63.189998626708984,63.38999938964844,63.38999938964844,4106100.0,62.224179662801724,1.8735799060178637,1.911112043592665
CTSH,2026-09-02,63.310001373291016,64.04000091552734,62.709999084472656,63.400001525878906,63.400001525878906,5852000.0,62.3361626973805,1.7066158429785983,1.853001022338867
CTSH,2026-09-03,64.51000213623047,65.41999816894531,63.68000030517578,64.63999938964844,64.63999938964844,4456700.0,62.55557571569173,3.332114923584406,1.868182442405007
CTSH,2026-09-04,63.95000076293945,63.95000076293945,62.290000915527344,62.310001373291016,62.310001373291016,4473100.0,62.53218768308214,-0.3553151073446892,1.9083337783813477
CTSH,2026-09-08,62.380001068115234,62.380001068115234,59.119998931884766,59.91999816894531,59.91999816894531,5939700.0,62.28340772935483,-3.7946054118930594,2.012308267446665
CTSH,2026-09-09,59.86000061035156,59.869998931884766,58.08000183105469,58.20000076293945,58.20000076293945,6273500.0,61.894511827791455,-5.969044679003543,2.0000002724783763
CTSH,2026-09-10,58.65999984741211,59.02000045776367,57.88999938964844,58.31999969482422,58.31999969482422,3867200.0,61.554082100842194,-5.2540502524587644,1.9700001307896204
CTSH,2026-09-11,58.40999984741211,60.04999923706055,58.060001373291016,60.0,60.0,3103400.0,61.40607428171437,-2.2897967312870082,1.898571286882673
CTSH,2026-09-14,62.400001525878906,64.45999908447266,61.900001525878906,64.0999984741211,64.0999984741211,6614100.0,61.66263849051501,3.9527338486837538,2.1471426827566966
CTSH,2026-09-15,62.880001068115234,64.61000061035156,62.56999969482422,63.279998779296875,63.279998779296875,9111200.0,61.816672803732324,2.3672027451406175,2.13571412222726
CTSH,2026-09-16,62.29999923706055,62.959999084472656,61.650001525878906,61.849998474121094,61.849998474121094,5257200.0,61.81984667710268,0.04877365221545027,2.1064281463623047
CTSH,2026-09-17,61.79999923706055,62.119998931884766,61.029998779296875,61.880001068115234,61.880001068115234,4153300.0,61.825575666722926,0.0880305614713528,2.0307140350341797
CTSH,2026-09-18,61.880001068115234,61.88999938964844,59.7599983215332,59.869998931884766,59.869998931884766,19126200.0,61.63933026340501,-2.8704583971943087,2.067142759050642
CTSH,2026-09-21,60.36000061035156,61.970001220703125,59.220001220703125,59.380001068115234,59.380001068115234,5753100.0,61.424156054329785,-3.327933369416569,2.1364282880510603
CTSH,2026-09-22,61.0099983215332,61.0099983215332,58.349998474121094,58.68000030517578,58.68000030517578,6361500.0,61.16280788774369,-4.059342054937664,2.1914280482700894
CTSH,2026-09-23,59.04999923706055,59.959999084472656,58.459999084472656,59.13999938964844,59.13999938964844,4520300.0,60.97015945935366,-3.0017308236258033,2.203570774623326
CTSH,2026-09-24,59.2599983215332,59.7400016784668,56.91999816894531,57.16999816894531,57.16999816894531,4628900.0,60.60823933645763,-5.672893991236794,2.26071412222726
CTSH,2026-09-25,57.11000061035156,58.279998779296875,57.0,57.33000183105469,57.33000183105469,4465700.0,60.29602624070497,-4.9191042836052805,2.1842855725969588
CTSH,2026-09-28,56.650001525878906,57.400001525878906,55.630001068115234,56.75,56.75,4846200.0,59.95830945587593,-5.350900458988028,2.077856881277902
CTSH,2026-09-29,56.470001220703125,56.880001068115234,55.88999938964844,56.84000015258789,56.84000015258789,8660100.0,59.66132761746754,-4.728904933140687,2.0171429770333424
CTSH,2026-09-30,56.880001068115234,58.02000045776367,56.2599983215332,57.439998626708984,57.439998626708984,10941200.0,59.44977247549053,-3.380624963047796,2.0621430533272878
CTSH,2026-10-01,61.90999984741211,64.73999786376953,61.59000015258789,62.46500015258789,62.46500015258789,5275389.0,59.73693701616648,4.566794470367852,2.4414288657052174
CTVA,2026-08-20,78.83000183105469,82.12000274658203,78.81999969482422,79.45999908447266,79.2909927368164,4927700.0,79.45999908447266,0.0,
CTVA,2026-08-21,80.23999786376953,82.1500015258789,79.44999694824219,81.79000091552734,81.61603546142578,4674900.0,79.68190402076358,2.6456407143765404,
CTVA,2026-08-24,82.0,84.19999694824219,81.2699966430664,82.80999755859375,82.63386535644531,9243700.0,79.97981769103313,3.538617552860357,2.9766693115234375
CTVA,2026-08-25,82.5,83.95999908447266,81.73999786376953,83.05000305175781,82.87335968017578,3098100.0,80.27221629681644,3.460458528602439,2.7875022888183594
CTVA,2026-08-26,83.11000061035156,84.5999984741211,82.62999725341797,82.87999725341797,82.70372009277344,3924500.0,80.52057638792134,2.9302086141680395,2.6240020751953126
CTVA,2026-08-27,82.05000305175781,83.4749984741211,81.33000183105469,82.4000015258789,82.22473907470703,3942700.0,80.69956925820301,2.107114428622614,2.5441678365071616
CTVA,2026-08-28,83.18000030517578,84.12999725341797,82.05999755859375,83.9000015258789,83.72154998779297,3130200.0,81.00437233131501,3.574657899601408,2.4764295305524553
CTVA,2026-08-31,84.04000091552734,85.27999877929688,83.71499633789062,84.62999725341797,84.44999694824219,5751000.0,81.34966994294386,4.032379372620465,2.3625011444091797
CTVA,2026-09-01,85.48999786376953,87.83999633789062,85.29000091552734,87.7300033569336,87.7300033569336,5567300.0,81.95732074427622,7.043522848519346,2.4566675821940103
CTVA,2026-09-02,88.2699966430664,90.77999877929688,88.0,89.97000122070312,89.97000122070312,8787900.0,82.72043317060259,8.76393869353782,2.5160003662109376
CTVA,2026-09-03,90.23999786376953,90.87000274658203,87.95999908447266,88.62000274658203,88.62000274658203,5552700.0,83.28229693974349,6.409172180614187,2.55181884765625
CTVA,2026-09-04,87.63999938964844,88.20999908447266,86.63999938964844,87.86000061035156,87.86000061035156,4274300.0,83.71826871789663,4.947225923186749,2.5041675567626953
CTVA,2026-09-08,88.25,89.12999725341797,84.9800033569336,85.9000015258789,85.9000015258789,4604000.0,83.92605279484732,2.352009495617291,2.630769582895132
CTVA,2026-09-09,86.4000015258789,86.51000213623047,84.63999938964844,84.75,84.75,4213400.0,84.00452395724281,0.8874236858203322,2.5764290945870534
CTVA,2026-09-10,85.04000091552734,86.125,84.20999908447266,84.48999786376953,84.48999786376953,3589500.0,84.05075956738821,0.5225869446535469,2.4775003705705916
CTVA,2026-09-11,84.30000305175781,84.48999786376953,82.48500061035156,83.9000015258789,83.9000015258789,5325900.0,84.03640165867304,-0.16231077259607485,2.427856990269252
CTVA,2026-09-14,84.38999938964844,84.79000091552734,82.36000061035156,82.54000091552734,82.54000091552734,4137400.0,83.89388730218297,-1.6138081452573227,2.3921427045549666
CTVA,2026-09-15,82.18000030517578,85.19000244140625,81.19999694824219,83.38999938964844,83.38999938964844,4869200.0,83.84589797717969,-0.5437339196430746,2.518571581159319
CTVA,2026-09-16,82.58000183105469,83.33999633789062,80.69999694824219,81.01000213623047,81.01000213623047,6479700.0,83.57581265899405,-3.0700395738089914,2.570000239780971
CTVA,2026-09-17,81.4000015258789,82.80999755859375,80.56999969482422,81.52999877929688,81.52999877929688,4905300.0,83.38097324188003,-2.21990028494109,2.5767860412597656
CTVA,2026-09-18,80.44999694824219,80.97000122070312,80.0,80.52999877929688,80.52999877929688,7608000.0,83.10945186449116,-3.10368198481209,2.538214547293527
CTVA,2026-09-21,80.66999816894531,81.05000305175781,78.8499984741211,79.11000061035156,79.11000061035156,2881600.0,82.7285517450493,-4.374005175201534,2.5835718427385603
CTVA,2026-09-22,79.06999969482422,81.48999786376953,78.58999633789062,80.33999633789062,80.33999633789062,4089900.0,82.50107027770086,-2.619449581121802,2.5614291599818637
CTVA,2026-09-23,79.83000183105469,82.26000213623047,79.61000061035156,80.41999816894531,80.41999816894531,5550000.0,82.30287293400986,-2.2877388090379647,2.5328581673758372
CTVA,2026-09-24,81.5250015258789,81.5250015258789,79.05500030517578,79.44999694824219,79.44999694824219,3498100.0,82.03117045917485,-3.146576473899332,2.501429421561105
CTVA,2026-09-25,78.97000122070312,78.9800033569336,77.33000183105469,78.5199966430664,78.5199966430664,4163200.0,81.6967729528788,-3.8884966871882476,2.5114288330078125
CTVA,2026-09-28,78.41000366210938,78.88999938964844,77.66000366210938,77.73999786376953,77.73999786376953,3248500.0,81.31993723010649,-4.4022898790575855,2.3028575352260043
CTVA,2026-09-29,77.0,78.47000122070312,76.5,77.87000274658203,77.87000274658203,3633700.0,80.9913720411994,-3.853952854422027,2.3100002833775113
CTVA,2026-09-30,77.91000366210938,78.79499816894531,77.27999877929688,77.6500015258789,77.6500015258789,4034800.0,80.67314627783554,-3.7473990930575907,2.281428745814732
CTVA,2026-10-01,14.4399995803833,14.4399995803833,12.0600004196167,12.275799751281738,12.275799751281738,26912078.0,74.15911327530661,-83.44667403760704,6.823214735303607
CVI,2026-08-20,37.15999984741211,37.5,35.790000915527344,35.83000183105469,35.83000183105469,716700.0,35.83000183105469,0.0,
CVI,2026-08-21,36.18000030517578,40.16999816894531,36.13999938964844,39.5099983215332,39.5099983215332,1771100.0,36.18047768729073,9.202533650936417,
CVI,2026-08-24,39.09000015258789,40.0,37.68000030517578,38.029998779296875,38.029998779296875,924600.0,36.356622553196075,4.602672384246809,2.7899983723958335
CVI,2026-08-25,37.54999923706055,38.38999938964844,37.380001068115234,37.88999938964844,37.88999938964844,562900.0,36.502658442382014,3.800657284883191,2.344998359680176
CVI,2026-08-26,37.31999969482422,40.70000076293945,37.31999969482422,40.029998779296875,40.029998779296875,888300.0,36.838595617326284,8.663205283725794,2.5519989013671873
CVI,2026-08-27,40.040000915527344,40.29999923706055,38.939998626708984,39.7599983215332,39.7599983215332,1003600.0,37.116824446298374,7.121228485101261,2.35333251953125
CVI,2026-08-28,39.849998474121094,42.20000076293945,39.849998474121094,41.7599983215332,41.7599983215332,929700.0,37.559031482035024,11.184971160684887,2.3657139369419644
CVI,2026-08-31,43.470001220703125,43.470001220703125,40.220001220703125,41.86000061035156,41.86000061035156,1677800.0,37.96864758949374,10.248858644979997,2.4762496948242188
CVI,2026-09-01,42.939998626708984,43.150001525878906,41.13999938964844,42.869998931884766,42.869998931884766,1096900.0,38.43544295543574,11.53767365603333,2.424444410536024
CVI,2026-09-02,42.58000183105469,44.33000183105469,42.58000183105469,42.91999816894531,42.91999816894531,1163400.0,38.862543451960455,10.440527964929625,2.356999969482422
CVI,2026-09-03,42.45000076293945,43.63999938964844,42.11000061035156,43.58000183105469,43.58000183105469,989500.0,39.311825202350384,10.857233432267899,2.2818180431019175
CVI,2026-09-04,42.88999938964844,44.650001525878906,42.439998626708984,44.5,44.5,1030800.0,39.805937087840825,11.792368816241305,2.2758334477742515
CVI,2026-09-08,45.0,46.279998779296875,44.880001068115234,46.119998931884766,46.119998931884766,1193300.0,40.4072763110831,14.137856203969745,2.2376923194298377
CVI,2026-09-09,46.68000030517578,47.849998474121094,44.939998626708984,47.72999954223633,47.72999954223633,1162700.0,41.10467852357389,16.118167704103946,2.2857142857142856
CVI,2026-09-10,48.7599983215332,50.27000045776367,48.20000076293945,48.599998474121094,48.599998474121094,1656500.0,41.818518518864096,16.21645193432166,2.3450001307896207
CVI,2026-09-11,48.36000061035156,52.400001525878906,48.20000076293945,49.65999984741211,49.65999984741211,1310700.0,42.565326264440095,16.667729829899237,2.335000446864537
CVI,2026-09-14,50.25,51.11000061035156,47.470001220703125,48.630001068115234,48.630001068115234,1670700.0,43.14291434098059,12.71839608183949,2.429286139351981
CVI,2026-09-15,48.869998931884766,52.54999923706055,48.689998626708984,52.16999816894531,52.16999816894531,1021400.0,44.00263661031056,18.561073126061277,2.6371432713099887
CVI,2026-09-16,51.04999923706055,53.93000030517578,50.75,53.04999923706055,53.04999923706055,1326700.0,44.86429019381056,18.245488801646715,2.6228575025285994
CVI,2026-09-17,51.880001068115234,54.38999938964844,51.7599983215332,54.13999938964844,54.13999938964844,952100.0,45.74769106960464,18.344769154086894,2.7135718209402904
CVI,2026-09-18,54.099998474121094,54.63999938964844,53.040000915527344,53.689998626708984,53.689998626708984,1884700.0,46.50410131313839,15.452179723211689,2.653571537562779
CVI,2026-09-21,53.189998626708984,55.189998626708984,52.70000076293945,53.150001525878906,53.150001525878906,1206100.0,47.13704419054225,12.756330904055968,2.599285670689174
CVI,2026-09-22,52.0,54.11000061035156,51.220001220703125,52.130001068115234,52.130001068115234,1140600.0,47.61256389316824,9.487909924538185,2.6621426173618863
CVI,2026-09-23,52.65999984741211,53.47999954223633,50.18000030517578,51.79999923706055,51.79999923706055,1230900.0,48.01136725925323,7.891114529918197,2.7728568485804965
CVI,2026-09-24,52.54999923706055,52.9900016784668,51.060001373291016,51.29999923706055,51.29999923706055,900900.0,48.32457030475869,6.157176180848234,2.8014283861432756
CVI,2026-09-25,50.58000183105469,52.310001373291016,49.7599983215332,51.52000045776367,51.52000045776367,1169200.0,48.62889698599726,5.945237607587339,2.825714111328125
CVI,2026-09-28,52.0,52.869998931884766,49.81999969482422,50.75,50.75,1214500.0,48.83090679685466,3.930078978727769,2.916428429739816
CVI,2026-09-29,49.95000076293945,51.91999816894531,49.91999816894531,50.56999969482422,50.56999969482422,1021700.0,48.996534691899384,3.211380177841394,2.851428440638951
CVI,2026-09-30,51.0,53.33000183105469,50.95000076293945,50.9900016784668,50.9900016784668,1074700.0,49.18638869062009,3.6668945126086427,2.867142813546317
CVI,2026-10-01,50.81999969482422,53.619998931884766,50.599998474121094,53.20000076293945,53.20000076293945,137117.0,49.568637459412415,7.3259292360022155,2.7828570774623325
DXC,2026-08-20,10.850000381469727,11.0,10.640000343322754,10.699999809265137,10.699999809265137,1770200.0,10.699999809265137,0.0,
DXC,2026-08-21,10.630000114440918,10.979999542236328,10.600000381469727,10.800000190734863,10.800000190734863,1732300.0,10.709523655119398,0.8448231548768836,
DXC,2026-08-24,10.859999656677246,10.920000076293945,10.609999656677246,10.630000114440918,10.630000114440918,2280200.0,10.70194998457859,-0.6723061707572087,0.34999974568684894
DXC,2026-08-25,10.550000190734863,10.899999618530273,10.40999984741211,10.890000343322754,10.890000343322754,2041800.0,10.719859542554225,1.5871551310269183,0.38499975204467773
DXC,2026-08-26,10.699999809265137,10.729999542236328,10.510000228881836,10.550000190734863,10.550000190734863,1878000.0,10.703682461428572,-1.4357887694026128,0.3839998245239258
DXC,2026-08-27,10.670000076293945,11.039999961853027,10.640000343322754,11.0,11.0,2072500.0,10.731903179387755,2.498129326466203,0.40166648228963214
DXC,2026-08-28,11.0,11.319999694824219,11.0,11.210000038146973,11.210000038146973,2342300.0,10.7774362135553,4.013605982168711,0.3899997983660017
DXC,2026-08-31,11.039999961853027,11.380000114440918,11.0,11.300000190734863,11.300000190734863,4470400.0,10.827204211381925,4.366741128387686,0.3887498378753662
DXC,2026-09-01,11.210000038146973,11.380000114440918,11.029999732971191,11.15999984741211,11.15999984741211,1861200.0,10.85889903386099,2.772848450033516,0.38444434271918404
DXC,2026-09-02,11.130000114440918,11.760000228881836,11.050000190734863,11.630000114440918,11.630000114440918,2368600.0,10.932337232011458,6.381644360426453,0.41699991226196287
DXC,2026-09-03,11.770000457763672,11.960000038146973,11.520000457763672,11.670000076293945,11.670000076293945,1820000.0,11.002590836228839,6.065928016404021,0.41909079118208453
DXC,2026-09-04,11.479999542236328,11.829999923706055,11.40999984741211,11.65999984741211,11.65999984741211,1796900.0,11.065201218246292,5.375398218561145,0.41916656494140625
DXC,2026-09-08,11.460000038146973,11.460000038146973,11.020000457763672,11.210000038146973,11.210000038146973,2153500.0,11.078991582046358,1.1824944096258339,0.4361537053034856
DXC,2026-09-09,11.25,11.34000015258789,10.869999885559082,10.949999809265137,10.949999809265137,2290800.0,11.066706651305289,-1.054576087696213,0.4385713168552944
DXC,2026-09-10,11.069999694824219,11.239999771118164,10.890000343322754,11.039999961853027,11.039999961853027,1721100.0,11.06416315707174,-0.2183915301652739,0.4378570147923061
DXC,2026-09-11,11.09000015258789,11.40999984741211,11.010000228881836,11.390000343322754,11.390000343322754,1788000.0,11.095195270048027,2.6570516885860096,0.43928561891828266
DXC,2026-09-14,11.710000038146973,12.229999542236328,11.550000190734863,12.119999885559082,12.119999885559082,2754700.0,11.192795709620508,8.283937275310205,0.47714267458234516
DXC,2026-09-15,11.930000305175781,12.199999809265137,11.899999618530273,12.039999961853027,12.039999961853027,2176400.0,11.273481828880747,6.799302510148997,0.4635712759835379
DXC,2026-09-16,11.84000015258789,11.850000381469727,11.569999694824219,11.579999923706055,11.579999923706055,2258300.0,11.30267402838792,2.453630836575482,0.4699998583112444
DXC,2026-09-17,11.640000343322754,11.680000305175781,11.380000114440918,11.4399995803833,11.4399995803833,1963900.0,11.315752652387479,1.09799968073363,0.45642845971243723
DXC,2026-09-18,11.40999984741211,11.449999809265137,10.729999542236328,10.779999732971191,10.779999732971191,9259100.0,11.264728564824024,-4.303067127302818,0.48499992915562223
DXC,2026-09-21,10.960000038146973,11.199999809265137,10.800000190734863,10.890000343322754,10.890000343322754,2607900.0,11.229040162776283,-3.019312555114273,0.4878570692879813
DXC,2026-09-22,11.0600004196167,11.25,10.680000305175781,10.930000305175781,10.930000305175781,2583400.0,11.20056017633814,-2.4155923177300753,0.5035713059561593
DXC,2026-09-23,10.930000305175781,11.1899995803833,10.84000015258789,10.880000114440918,10.880000114440918,1626600.0,11.170030646633641,-2.596506145487887,0.47785697664533344
DXC,2026-09-24,11.0,11.109999656677246,10.600000381469727,10.8100004196167,10.8100004196167,1800000.0,11.135742053584408,-2.9251901884963183,0.4828569548470633
DXC,2026-09-25,10.75,10.890000343322754,10.619999885559082,10.649999618530273,10.649999618530273,2633900.0,11.089480869293538,-3.9630462051670645,0.47214269638061523
DXC,2026-09-28,10.460000038146973,10.5600004196167,10.260000228881836,10.350000381469727,10.350000381469727,2648300.0,11.019054156167462,-6.071789513106807,0.4542855535234724
DXC,2026-09-29,10.220000267028809,10.449999809265137,10.130000114440918,10.329999923706055,10.329999923706055,2007800.0,10.953429943552091,-5.691642006739894,0.44357122693743023
DXC,2026-09-30,10.40999984741211,10.890000343322754,10.239999771118164,10.829999923706055,10.829999923706055,3662100.0,10.941674703566756,-1.0206369946668015,0.4649998801095145
DXC,2026-10-01,11.319999694824219,11.859999656677246,11.319999694824219,11.5,11.5,660511.0,10.994848541322302,4.594437629396819,0.5099998882838658
EPAM,2026-08-20,107.36000061035156,110.3499984741211,106.30999755859375,106.76000213623047,106.76000213623047,1119400.0,106.76000213623047,0.0,
EPAM,2026-08-21,106.29000091552734,112.48999786376953,105.05000305175781,110.33999633789062,110.33999633789062,1911200.0,107.10095396496001,3.0242890030562464,
EPAM,2026-08-24,109.5,112.29000091552734,109.31999969482422,111.26000213623047,111.26000213623047,1018700.0,107.49705379079529,3.500513002671135,4.8166656494140625
EPAM,2026-08-25,109.5999984741211,112.16000366210938,108.87000274658203,111.8499984741211,111.8499984741211,535500.0,107.91161995111203,3.6496333988807583,4.434999465942383
EPAM,2026-08-26,108.93000030517578,110.43000030517578,107.06999969482422,109.36000061035156,109.36000061035156,1010700.0,108.0495609662777,1.2128134833262916,4.503999328613281
EPAM,2026-08-27,110.16000366210938,114.94999694824219,108.48999786376953,112.7699966430664,112.7699966430664,976500.0,108.499126268829,3.9363177576706487,4.829999287923177
EPAM,2026-08-28,112.80000305175781,115.47000122070312,112.63999938964844,114.80000305175781,114.80000305175781,1233800.0,109.09920977196508,5.225329580029325,4.544285365513393
EPAM,2026-08-31,114.70999908447266,119.18000030517578,114.70999908447266,117.83000183105469,117.83000183105469,1553800.0,109.93071377759266,7.185697046817641,4.534999847412109
EPAM,2026-09-01,116.77999877929688,119.58999633789062,115.72000122070312,116.33999633789062,116.33999633789062,1111300.0,110.54112164047818,5.245898188253051,4.461110432942708
EPAM,2026-09-02,116.55000305175781,119.87000274658203,115.77999877929688,117.19999694824219,117.19999694824219,971200.0,111.1753002412176,5.419096412559954,4.423999786376953
EPAM,2026-09-03,119.5,121.52999877929688,117.87000274658203,119.87999725341797,119.87999725341797,836900.0,112.0043190042843,7.031584423840309,4.415454517711293
EPAM,2026-09-04,118.56999969482422,118.56999969482422,114.5199966430664,117.04000091552734,117.04000091552734,485400.0,112.48390775773602,4.050439968358921,4.4941666920979815
EPAM,2026-09-08,115.27999877929688,115.69000244140625,111.23999786376953,115.30999755859375,115.30999755859375,1080400.0,112.75305916734152,2.2677330532179907,4.594615642841045
EPAM,2026-09-09,116.0,116.19000244140625,113.5,114.68000030517578,114.68000030517578,1506300.0,112.93657737094479,1.5437185850821766,4.45857184273856
EPAM,2026-09-10,114.56999969482422,116.01000213623047,112.12999725341797,114.5199966430664,114.5199966430664,1130000.0,113.08737920638494,1.2668234481470586,4.4471435546875
EPAM,2026-09-11,114.5199966430664,118.80999755859375,113.51000213623047,117.91000366210938,117.91000366210938,919100.0,113.54667677359679,3.8427605390976893,4.294286455426898
EPAM,2026-09-14,121.25,126.5,121.0,123.61000061035156,123.61000061035156,1624500.0,114.50508856757344,7.951534867732102,4.695714678083148
EPAM,2026-09-15,122.37000274658203,126.5,122.0,123.51000213623047,123.51000213623047,1845000.0,115.36269938363601,7.062337129873142,4.782143184116909
EPAM,2026-09-16,120.9000015258789,121.87999725341797,116.30999755859375,117.16999816894531,117.16999816894531,1213400.0,115.534823077475,1.4153092962922553,4.955000741141183
EPAM,2026-09-17,117.26000213623047,119.04000091552734,116.11000061035156,117.0999984741211,117.0999984741211,764100.0,115.68388740096509,1.2241212713121508,4.702857971191406
EPAM,2026-09-18,116.81999969482422,116.81999969482422,113.20999908447266,114.0,114.0,1878300.0,115.52351717230175,-1.31879396472101,4.778572082519531
EPAM,2026-09-21,115.37000274658203,116.86000061035156,112.62999725341797,113.12999725341797,113.12999725341797,851300.0,115.29556289431281,-1.8782731846150313,4.761429377964565
EPAM,2026-09-22,114.5999984741211,115.98999786376953,110.9800033569336,111.54000091552734,111.54000091552734,745600.0,114.93789032490466,-2.956283084518263,4.842857905796596
EPAM,2026-09-23,111.6500015258789,113.9800033569336,109.66999816894531,110.05999755859375,110.05999755859375,653300.0,114.47332910906552,-3.855336072446125,4.858572278703962
EPAM,2026-09-24,110.69999694824219,112.06999969482422,105.58000183105469,106.98999786376953,106.98999786376953,1049800.0,113.7606308952278,-5.951648631145467,5.012857709612165
EPAM,2026-09-25,107.0,109.38999938964844,106.4000015258789,108.2300033569336,108.2300033569336,1538000.0,113.23390446300931,-4.419083780432887,4.84357179914202
EPAM,2026-09-28,106.5199966430664,109.5199966430664,104.33000183105469,107.55000305175781,107.55000305175781,1029300.0,112.6925805190806,-4.5633682746771935,4.7999997820172995
EPAM,2026-09-29,106.56999969482422,108.27999877929688,105.37000274658203,107.13999938964844,107.13999938964844,706300.0,112.16376326865849,-4.478954461412776,4.815713609967913
EPAM,2026-09-30,107.44000244140625,110.1500015258789,106.04000091552734,108.36000061035156,108.36000061035156,1044100.0,111.80150015834354,-3.0782230498855645,4.832141876220703
EPAM,2026-10-01,117.41000366210938,121.8989028930664,115.56999969482422,116.05999755859375,116.05999755859375,379466.0,112.20707133931975,3.433764176611076,5.420635223388672
EXLS,2026-08-20,36.86000061035156,37.88999938964844,36.83000183105469,37.04999923706055,37.04999923706055,1912600.0,37.04999923706055,0.0,
EXLS,2026-08-21,37.029998779296875,38.04999923706055,36.9900016784668,37.529998779296875,37.529998779296875,1963300.0,37.09571347917829,1.1707155878329267,
EXLS,2026-08-24,37.619998931884766,38.33000183105469,37.5,37.65999984741211,37.65999984741211,1901300.0,37.14945503805771,1.3742995929048485,0.9833323160807291
EXLS,2026-08-25,37.31999969482422,37.7400016784668,37.04999923706055,37.45000076293945,37.45000076293945,1557700.0,37.1780784404274,0.7314049943376588,0.9099998474121094
EXLS,2026-08-26,37.439998626708984,37.68000030517578,37.150001525878906,37.5,37.5,1724600.0,37.20873763657717,0.7827794811735567,0.8339996337890625
EXLS,2026-08-27,37.619998931884766,38.2599983215332,37.47999954223633,38.18000030517578,38.18000030517578,1906300.0,37.30123884311037,2.355850607969079,0.8249994913736979
EXLS,2026-08-28,38.18000030517578,38.86000061035156,38.18000030517578,38.400001525878906,38.400001525878906,2786900.0,37.40588290813594,2.6576531295475325,0.8042853219168526
EXLS,2026-08-31,38.099998474121094,38.630001068115234,38.06999969482422,38.08000183105469,38.08000183105469,2417400.0,37.47008471031868,1.6277441736555431,0.773749828338623
EXLS,2026-09-01,38.16999816894531,38.61000061035156,37.36000061035156,37.41999816894531,37.41999816894531,1871900.0,37.46531456352122,-0.12095559613966023,0.826666514078776
EXLS,2026-09-02,36.95000076293945,37.630001068115234,36.7400016784668,36.90999984741211,36.90999984741211,1394200.0,37.412427447701305,-1.3429430661550557,0.8329998016357422
EXLS,2026-09-03,37.29999923706055,37.970001220703125,36.70000076293945,37.31999969482422,37.31999969482422,1896400.0,37.40362480457015,-0.22357488126582004,0.8727271340110085
EXLS,2026-09-04,36.77000045776367,36.9900016784668,36.040000915527344,36.630001068115234,36.630001068115234,2865700.0,37.32994635347921,-1.8750235500907375,0.9066664377848307
EXLS,2026-09-08,36.189998626708984,36.43000030517578,34.939998626708984,35.52000045776367,35.52000045776367,1911400.0,37.157570553887254,-4.407096781929587,0.9669230534480169
EXLS,2026-09-09,35.47999954223633,35.599998474121094,34.83000183105469,34.95000076293945,34.95000076293945,1504700.0,36.94732581189223,-5.405871751372859,0.9528568812779018
EXLS,2026-09-10,34.95000076293945,35.2400016784668,34.56999969482422,34.619998931884766,34.619998931884766,1716000.0,36.725675632843895,-5.733527470018862,0.9250000544956752
EXLS,2026-09-11,34.619998931884766,35.33000183105469,34.33000183105469,35.2599983215332,35.2599983215332,1965300.0,36.586087317480974,-3.6245717789946896,0.9207145145961216
EXLS,2026-09-14,36.040000915527344,36.77000045776367,35.93000030517578,36.45000076293945,36.45000076293945,1472700.0,36.573126693238926,-0.336656833669724,0.9692859649658203
EXLS,2026-09-15,36.08000183105469,36.83000183105469,36.029998779296875,36.290000915527344,36.290000915527344,1250400.0,36.54616233345687,-0.7009256282294207,0.9771431514195034
EXLS,2026-09-16,35.939998626708984,36.09000015258789,35.56999969482422,35.849998474121094,35.849998474121094,1781700.0,36.47986101352013,-1.7266034516019602,0.9907147543770927
EXLS,2026-09-17,35.7400016784668,35.91999816894531,35.439998626708984,35.47999954223633,35.47999954223633,1527600.0,36.384636111493094,-2.486314735936057,0.9692862374441964
EXLS,2026-09-18,35.22999954223633,35.599998474121094,34.720001220703125,35.150001525878906,35.150001525878906,2713000.0,36.26705186524412,-3.080069324398871,0.9835717337472099
EXLS,2026-09-21,35.11000061035156,35.75,35.0,35.2599983215332,35.2599983215332,1632800.0,36.171142003938314,-2.5189795840725893,0.997143064226423
EXLS,2026-09-22,35.95000076293945,35.97999954223633,34.79999923706055,35.02000045776367,35.02000045776367,1995200.0,36.06150947573121,-2.88814592930019,0.992143086024693
EXLS,2026-09-23,35.279998779296875,35.58000183105469,34.81999969482422,34.83000183105469,34.83000183105469,1793100.0,35.944223033381064,-3.0998616976408377,0.9828575679234096
EXLS,2026-09-24,35.060001373291016,35.61000061035156,34.630001068115234,35.15999984741211,35.15999984741211,3060600.0,35.86953511090783,-1.97809997063485,0.9621432168143136
EXLS,2026-09-25,34.93000030517578,35.33000183105469,34.5099983215332,34.75,34.75,1356100.0,35.7629127193928,-2.832299279816597,0.9292864118303571
EXLS,2026-09-28,34.56999969482422,34.66999816894531,34.16999816894531,34.599998474121094,34.599998474121094,2367200.0,35.652158981747874,-2.951183147605263,0.8500006539481026
EXLS,2026-09-29,34.31999969482422,34.84000015258789,34.04999923706055,34.58000183105469,34.58000183105469,1983400.0,35.55004877691995,-2.728679648099508,0.8514295305524554
EXLS,2026-09-30,34.540000915527344,34.70000076293945,34.209999084472656,34.380001068115234,34.380001068115234,1809700.0,35.438615661795694,-2.9871781781298234,0.8385723658970424
EXLS,2026-10-01,35.380001068115234,36.56999969482422,35.380001068115234,36.16999816894531,36.16999816894531,518574.0,35.50827113866709,1.8635856071224755,0.923572267804827
FSLR,2026-08-20,220.25,225.0,213.02000427246094,214.05999755859375,214.05999755859375,1619800.0,214.05999755859375,0.0,
FSLR,2026-08-21,214.99000549316406,221.39999389648438,211.52999877929688,214.27999877929688,214.27999877929688,1502400.0,214.08095005580358,0.09297825119021219,
FSLR,2026-08-24,212.82000732421875,212.8800048828125,208.1199951171875,208.30999755859375,208.30999755859375,1611100.0,213.5313355322598,-2.4452326683814585,9.336664835611979
FSLR,2026-08-25,211.60000610351562,211.99000549316406,205.39999389648438,206.82000732421875,206.82000732421875,1523300.0,212.89216141720826,-2.8522206043508636,8.650001525878906
FSLR,2026-08-26,207.4199981689453,209.89999389648438,204.2100067138672,205.92999267578125,205.92999267578125,1465400.0,212.22909772754855,-2.968068525576939,8.057998657226562
FSLR,2026-08-27,212.92999267578125,213.1999969482422,207.00999450683594,210.10000610351562,210.10000610351562,1467200.0,212.02632709668828,-0.9085291527472505,7.926666259765625
FSLR,2026-08-28,209.6199951171875,211.14999389648438,202.10000610351562,204.4600067138672,204.4600067138672,1447600.0,211.30572515546723,-3.2397221781678365,8.087140764508929
FSLR,2026-08-31,203.41000366210938,205.24000549316406,200.35000610351562,201.89999389648438,201.89999389648438,2790200.0,210.4099412260403,-4.044460675179707,7.687498092651367
FSLR,2026-09-01,199.0,202.61000061035156,198.1999969482422,199.64999389648438,199.64999389648438,1690700.0,209.38518433751116,-4.649417040574599,7.323332044813368
FSLR,2026-09-02,199.35000610351562,204.35000610351562,197.80999755859375,202.60000610351562,202.60000610351562,1729600.0,208.73897688665443,-2.9409796266618105,7.244999694824219
FSLR,2026-09-03,202.1699981689453,207.6999969482422,201.75,207.4199981689453,207.4199981689453,1873700.0,208.61335986592022,-0.5720447135993068,7.127272172407671
FSLR,2026-09-04,208.24000549316406,209.67999267578125,203.47999572753906,204.4499969482422,204.4499969482422,1520700.0,208.21684911185565,-1.8091005505466495,7.049999237060547
FSLR,2026-09-08,206.4499969482422,215.5,205.9499969482422,213.25,213.25,2886500.0,208.69619681548843,2.182024998058618,7.357691838191106
FSLR,2026-09-09,214.82000732421875,220.97999572753906,202.49000549316406,203.10000610351562,203.10000610351562,3463700.0,208.16322627149103,-2.4323317132738165,8.152856009347099
FSLR,2026-09-10,197.55999755859375,208.75,197.10000610351562,207.1699981689453,207.1699981689453,2189100.0,208.0686331188676,-0.4318935230419485,8.129284449986049
FSLR,2026-09-11,209.83999633789062,214.17999267578125,207.0800018310547,209.02999877929688,209.02999877929688,2068300.0,208.1601917531942,0.41785464299244346,7.931427001953125
FSLR,2026-09-14,203.7100067138672,211.6699981689453,203.7100067138672,207.0399932861328,207.0399932861328,1351000.0,208.05350618490263,-0.4871405040725807,8.05999755859375
FSLR,2026-09-15,209.47999572753906,210.3000030517578,202.19000244140625,202.33999633789062,202.33999633789062,1446100.0,207.5093623899491,-2.4911483474872154,8.168568202427455
FSLR,2026-09-16,205.52000427246094,205.72999572753906,189.39999389648438,191.07000732421875,191.07000732421875,3090200.0,205.9437095265462,-7.2222172925414,8.92856924874442
FSLR,2026-09-17,193.14999389648438,203.52000427246094,192.72000122070312,201.16000366210938,201.16000366210938,2660000.0,205.48811849183795,-2.1062603821059844,9.298568725585938
FSLR,2026-09-18,202.11000061035156,202.41000366210938,192.4199981689453,195.9600067138672,195.9600067138672,2760900.0,204.58067927488838,-4.21382536785787,9.36571284702846
FSLR,2026-09-21,198.22000122070312,201.16000366210938,193.72999572753906,199.83999633789062,199.83999633789062,1835500.0,204.12918566184098,-2.1012131655959276,9.547142028808594
FSLR,2026-09-22,200.88999938964844,202.4600067138672,198.52999877929688,200.77999877929688,200.77999877929688,2043000.0,203.8102154825511,-1.486783523622559,9.512856619698661
FSLR,2026-09-23,200.38999938964844,201.49000549316406,191.14999389648438,191.97000122070312,191.97000122070312,2116500.0,202.68257602904177,-5.285395034057427,9.784285409109932
FSLR,2026-09-24,190.0,190.0,170.8000030517578,172.16000366210938,172.16000366210938,6370100.0,199.7756643750482,-13.82333568972377,10.87142835344587
FSLR,2026-09-25,174.08999633789062,180.9199981689453,173.44000244140625,177.7100067138672,177.7100067138672,3153300.0,197.67417316922143,-10.099532040669612,11.054285321916852
FSLR,2026-09-28,178.1300048828125,178.22999572753906,172.1999969482422,172.97000122070312,172.97000122070312,2268100.0,195.32139488841017,-11.443392404849817,10.695713588169642
FSLR,2026-09-29,174.22000122070312,177.0500030517578,172.0,176.92999267578125,176.92999267578125,2402000.0,193.5698327729217,-8.596298224145693,9.735714503696986
FSLR,2026-09-30,178.5,178.67999267578125,174.8300018310547,175.16000366210938,175.16000366210938,1921200.0,191.8165157147491,-8.683565119809433,9.178571428571429
FSLR,2026-10-01,174.0,174.5800018310547,168.60000610351562,170.19000244140625,170.19000244140625,531378.0,189.75684778395453,-10.311535826536222,9.140000479561943
G,2026-08-20,36.38999938964844,37.529998779296875,36.29999923706055,36.93000030517578,36.730892181396484,5121800.0,36.93000030517578,0.0,
G,2026-08-21,37.04999923706055,37.869998931884766,36.720001220703125,37.13999938964844,36.93975830078125,5304500.0,36.9500002179827,0.5142061449116664,
G,2026-08-24,37.150001525878906,38.0,37.150001525878906,37.59000015258789,37.387332916259766,1970200.0,37.01095259270701,1.5645302790584958,1.079999287923177
G,2026-08-25,37.08000183105469,37.459999084472656,36.790000915527344,37.25,37.04916763305664,2063700.0,37.0337190124492,0.5840109859830633,1.0099992752075195
G,2026-08-26,36.79999923706055,37.25,36.65999984741211,36.880001068115234,36.6811637878418,2421700.0,37.01907920822692,-0.3756931373938066,0.9259994506835938
G,2026-08-27,36.900001525878906,37.88999938964844,36.720001220703125,37.529998779296875,37.32765579223633,1410000.0,37.06773821499549,1.247069787803734,0.9666659037272135
G,2026-08-28,37.849998474121094,38.31999969482422,37.72999954223633,38.02000045776367,37.81501770019531,2280400.0,37.15842985716388,2.3186410295366278,0.9414280482700893
G,2026-08-31,37.83000183105469,38.439998626708984,37.79999923706055,37.97999954223633,37.775230407714844,2637900.0,37.23667458907554,1.9962173350970058,0.9037494659423828
G,2026-09-01,38.02000045776367,38.849998474121094,37.59000015258789,37.689998626708984,37.486793518066406,1880300.0,37.27984830694539,1.1001931026827227,0.9433326721191406
G,2026-09-02,37.06999969482422,38.15999984741211,37.06999969482422,37.4900016784668,37.28787612915039,1848400.0,37.29986291375695,0.5097572748443691,0.9579994201660156
G,2026-09-03,37.150001525878906,38.59000015258789,37.150001525878906,38.08000183105469,37.87469482421875,1738400.0,37.37416185826149,1.8885773959829377,1.00181752985174
G,2026-09-04,37.529998779296875,37.77000045776367,36.91999816894531,37.31999969482422,37.11878967285156,1435400.0,37.369003556981745,-0.1311350517623655,1.0149997075398762
G,2026-09-08,36.790000915527344,36.90999984741211,35.29999923706055,35.349998474121094,35.15940856933594,2829900.0,37.17671735861407,-4.913609953434239,1.0923074575570912
G,2026-09-09,35.38999938964844,35.56999969482422,34.7400016784668,34.869998931884766,34.68199920654297,1901800.0,36.95702988940176,-5.647182589517286,1.073571068899972
G,2026-09-10,34.959999084472656,35.20000076293945,34.29999923706055,34.40999984741211,34.40999984741211,1703900.0,36.71445559968846,-6.276698686214233,1.049999782017299
G,2026-09-11,34.439998626708984,35.18000030517578,34.18000030517578,35.13999938964844,35.13999938964844,1957200.0,36.56450738920846,-3.8958763600913326,1.039285659790039
G,2026-09-14,35.93000030517578,36.91999816894531,35.93000030517578,36.43000030517578,36.43000030517578,2625600.0,36.55169719072915,-0.3329445549911103,1.1049998147147042
G,2026-09-15,35.97999954223633,36.720001220703125,35.84000015258789,35.86000061035156,35.86000061035156,1692300.0,36.48582132593128,-1.71524360103944,1.1107142312186105
G,2026-09-16,35.529998779296875,35.849998474121094,34.939998626708984,35.27000045776367,35.27000045776367,1603800.0,36.37002886229627,-3.0245464162195645,1.1342857905796595
G,2026-09-17,35.16999816894531,35.349998474121094,34.779998779296875,34.95000076293945,34.95000076293945,1575800.0,36.23478809092896,-3.5457288304416523,1.0914287567138672
G,2026-09-18,34.61000061035156,35.130001068115234,34.06999969482422,34.13999938964844,34.13999938964844,4105800.0,36.03528440509272,-5.259525619774008,1.1107145036969865
G,2026-09-21,34.459999084472656,34.79999923706055,33.90999984741211,34.08000183105469,34.08000183105469,1556000.0,35.84906701708909,-4.934759348663375,1.1285716465541296
G,2026-09-22,34.41999816894531,34.56999969482422,33.310001373291016,33.88999938964844,33.88999938964844,1748100.0,35.662489147809026,-4.970179593505697,1.1285716465541296
G,2026-09-23,33.79999923706055,34.33000183105469,33.4900016784668,33.849998474121094,33.849998474121094,1472600.0,35.489870988410175,-4.620677586640454,1.1107145036969865
G,2026-09-24,34.09000015258789,34.380001068115234,33.099998474121094,33.369998931884766,33.369998931884766,2053800.0,35.28797841159823,-5.435220621998216,1.0992862156459264
G,2026-09-25,33.2599983215332,33.5099983215332,32.970001220703125,33.099998474121094,33.099998474121094,1383400.0,35.07959936993374,-5.643168483586891,1.0550000326974052
G,2026-09-28,32.79999923706055,32.88999938964844,32.34000015258789,32.599998474121094,32.599998474121094,1357400.0,34.843446903665864,-6.438652397816414,0.9649998801095145
G,2026-09-29,32.380001068115234,32.779998779296875,32.040000915527344,32.2400016784668,32.2400016784668,1586400.0,34.59549973936119,-6.8086834375582495,0.958571297781808
G,2026-09-30,32.310001373291016,32.689998626708984,32.08000183105469,32.529998779296875,32.529998779296875,1876600.0,34.39878536221221,-5.432710961266196,0.9378566741943359
G,2026-10-01,33.744998931884766,34.83000183105469,33.404998779296875,34.29999923706055,34.29999923706055,343276.0,34.38937715981682,-0.25989980086265074,1.0307140350341797
GDYN,2026-08-20,7.929999828338623,8.050000190734863,7.829999923706055,7.909999847412109,7.909999847412109,1336000.0,7.909999847412109,0.0,
GDYN,2026-08-21,7.96999979019165,8.239999771118164,7.820000171661377,8.0,8.0,1202100.0,7.918571290515718,1.0283257736381168,
GDYN,2026-08-24,7.960000038146973,8.0,7.829999923706055,7.860000133514404,7.860000133514404,1038600.0,7.912993085087022,-0.6696954111142794,0.26999998092651367
GDYN,2026-08-25,7.840000152587891,7.889999866485596,7.699999809265137,7.869999885559082,7.869999885559082,823100.0,7.90889849465579,-0.4918334597794227,0.25
GDYN,2026-08-26,7.739999771118164,7.820000171661377,7.570000171661377,7.71999979019165,7.71999979019165,853700.0,7.890908141849682,-2.1658895096194786,0.259999942779541
GDYN,2026-08-27,7.75,8.010000228881836,7.71999979019165,7.889999866485596,7.889999866485596,952100.0,7.890821639434055,-0.010414288726945387,0.2650000254313151
GDYN,2026-08-28,7.869999885559082,8.0600004196167,7.820000171661377,7.96999979019165,7.96999979019165,1125400.0,7.898362415696683,0.9069902180305123,0.26142862864903044
GDYN,2026-08-31,7.920000076293945,8.039999961853027,7.849999904632568,7.980000019073486,7.980000019073486,960800.0,7.906137425542093,0.9342437344026955,0.252500057220459
GDYN,2026-09-01,7.880000114440918,7.920000076293945,7.769999980926514,7.849999904632568,7.849999904632568,704700.0,7.900790994979281,-0.6428608272132319,0.2477778328789605
GDYN,2026-09-02,7.78000020980835,7.989999771118164,7.71999979019165,7.849999904632568,7.849999904632568,677800.0,7.895953748279593,-0.5819923103910996,0.2500000476837158
GDYN,2026-09-03,7.949999809265137,8.199999809265137,7.889999866485596,8.199999809265137,8.199999809265137,937800.0,7.924910515992503,3.4711974692648306,0.25909094376997516
GDYN,2026-09-04,8.109999656677246,8.1899995803833,7.829999923706055,8.0600004196167,8.0600004196167,1029000.0,7.937776221099569,1.5397788387160993,0.26833335558573407
GDYN,2026-09-08,7.989999771118164,7.989999771118164,7.659999847412109,7.889999866485596,7.889999866485596,1379000.0,7.933226092088715,-0.544875755478913,0.27846160301795375
GDYN,2026-09-09,7.989999771118164,8.050000190734863,7.820000171661377,7.849999904632568,7.849999904632568,1036000.0,7.925299788521462,-0.9501203222363142,0.2750000613076346
GDYN,2026-09-10,7.840000152587891,7.949999809265137,7.769999980926514,7.829999923706055,7.829999923706055,830600.0,7.916223610919995,-1.0892022693118397,0.2721428871154785
GDYN,2026-09-11,7.909999847412109,8.0,7.869999885559082,7.980000019073486,7.980000019073486,591000.0,7.922297554553661,0.7283551788162645,0.25428577831813265
GDYN,2026-09-14,8.09000015258789,8.430000305175781,8.09000015258789,8.229999542236328,8.229999542236328,1432500.0,7.951602505761534,3.5011437791699684,0.27428579330444336
GDYN,2026-09-15,8.119999885559082,8.329999923706055,8.079999923706055,8.130000114440918,8.130000114440918,765300.0,7.968592754207189,2.0255440980907258,0.278571503502982
GDYN,2026-09-16,8.010000228881836,8.180000305175781,7.980000019073486,8.020000457763672,8.020000457763672,1040800.0,7.973488725974473,0.5833297492185752,0.2714286872318813
GDYN,2026-09-17,8.020000457763672,8.25,8.0,8.079999923706055,8.079999923706055,1113500.0,7.983632649567957,1.2070604744484736,0.26857151303972515
GDYN,2026-09-18,8.069999694824219,8.069999694824219,7.550000190734863,7.590000152587891,7.590000152587891,1716900.0,7.946143840331761,-4.481968800214931,0.2892857619694301
GDYN,2026-09-21,7.650000095367432,7.900000095367432,7.650000095367432,7.699999809265137,7.699999809265137,891600.0,7.922701551658749,-2.8109318638537606,0.2978571823665074
GDYN,2026-09-22,7.860000133514404,7.900000095367432,7.690000057220459,7.78000020980835,7.78000020980835,896200.0,7.909110947672997,-1.6324304807310175,0.2978571823665074
GDYN,2026-09-23,7.860000133514404,7.889999866485596,7.690000057220459,7.699999809265137,7.699999809265137,697500.0,7.889195601157963,-2.3981632787131946,0.29285717010498047
GDYN,2026-09-24,7.710000038146973,7.760000228881836,7.510000228881836,7.710000038146973,7.710000038146973,648300.0,7.872129357061678,-2.059535756602726,0.28571431977408274
GDYN,2026-09-25,7.730000019073486,7.769999980926514,7.659999847412109,7.75,7.75,565300.0,7.860497989722471,-1.4057377772622726,0.2671429089137486
GDYN,2026-09-28,7.559999942779541,7.739999771118164,7.550000190734863,7.590000152587891,7.590000152587891,574800.0,7.834736290947749,-3.1237316646206215,0.2528571401323591
GDYN,2026-09-29,7.559999942779541,7.679999828338623,7.449999809265137,7.639999866485596,7.639999866485596,493900.0,7.816189964808497,-2.2541685797834554,0.2528571401323591
GDYN,2026-09-30,7.710000038146973,7.909999847412109,7.639999866485596,7.880000114440918,7.880000114440918,618600.0,7.822267121916346,0.7380595884128871,0.2592857224600656
GDYN,2026-10-01,8.229999542236328,8.720000267028809,8.229999542236328,8.475000381469727,8.475000381469727,328155.0,7.884432194254764,7.490307135183416,0.30714287076677593
GLOB,2026-08-20,39.369998931884766,40.58000183105469,38.650001525878906,39.630001068115234,39.630001068115234,1460400.0,39.630001068115234,0.0,
GLOB,2026-08-21,39.040000915527344,41.05500030517578,38.81999969482422,39.619998931884766,39.619998931884766,1097000.0,39.62904848371233,-0.022835652567543274,
GLOB,2026-08-24,39.58000183105469,40.34000015258789,39.000999450683594,39.58000183105469,39.58000183105469,782600.0,39.62437737393541,-0.11199051145195371,1.8346672058105469
GLOB,2026-08-25,38.880001068115234,40.189998626708984,38.604000091552734,40.08000183105469,40.08000183105469,929600.0,39.667770179375346,1.03921054754339,1.7725000381469727
GLOB,2026-08-26,39.2599983215332,40.15999984741211,38.369998931884766,38.790000915527344,38.790000915527344,857600.0,39.584173106627915,-2.0062871819029993,1.7760002136230468
GLOB,2026-08-27,39.52000045776367,40.709999084472656,38.869998931884766,40.16999816894531,40.16999816894531,922800.0,39.63996596970576,1.3371156767506331,1.7999998728434246
GLOB,2026-08-28,40.2599983215332,41.4900016784668,40.20000076293945,40.52000045776367,40.52000045776367,914000.0,39.72377877809223,2.0043956143229735,1.731428963797433
GLOB,2026-08-31,40.18000030517578,41.314998626708984,39.83599853515625,40.709999084472656,40.709999084472656,1225400.0,39.81770452155703,2.240949280319615,1.6998753547668457
GLOB,2026-09-01,40.02000045776367,40.720001220703125,39.2400016784668,39.68000030517578,39.68000030517578,920900.0,39.80458983428262,-0.313002921586536,1.6754447089301214
GLOB,2026-09-02,39.380001068115234,40.45000076293945,38.849998474121094,38.880001068115234,38.880001068115234,906100.0,39.7165337613143,-2.106258059241539,1.6679004669189452
GLOB,2026-09-03,39.91999816894531,40.90999984741211,39.22999954223633,40.349998474121094,40.349998474121094,783200.0,39.77686373396257,1.4408746350435875,1.700818495316939
GLOB,2026-09-04,39.814998626708984,39.814998626708984,38.34000015258789,39.130001068115234,39.130001068115234,1016600.0,39.71525776578664,-1.4736318749908328,1.726583480834961
GLOB,2026-09-08,38.119998931884766,38.119998931884766,36.22999954223633,37.119998931884766,37.119998931884766,1465800.0,39.468090257795986,-5.949341127412189,1.816846407376803
GLOB,2026-09-09,37.130001068115234,37.224998474121094,35.84000015258789,36.13999938964844,36.13999938964844,948500.0,39.15112922273431,-7.691042104955093,1.7860001155308314
GLOB,2026-09-10,36.209999084472656,37.06999969482422,35.900001525878906,36.70000076293945,36.70000076293945,804100.0,38.917688417039564,-5.698405389178063,1.7317142486572266
GLOB,2026-09-11,36.70000076293945,37.93000030517578,36.45000076293945,37.75,37.75,1465000.0,38.80647999636913,-2.722431914638934,1.6777856009347099
GLOB,2026-09-14,39.29999923706055,40.97999954223633,38.970001220703125,40.4900016784668,40.4900016784668,1142100.0,38.966815394664145,3.9089319164922642,1.812856946672712
GLOB,2026-09-15,39.599998474121094,41.189998626708984,39.48699951171875,40.099998474121094,40.099998474121094,885600.0,39.07473759270766,2.6238458517627183,1.8212141309465681
GLOB,2026-09-16,39.310001373291016,39.7130012512207,38.34000015258789,38.369998931884766,38.369998931884766,885000.0,39.00761962501025,-1.6346054931192566,1.8190710885184151
GLOB,2026-09-17,38.400001525878906,38.73500061035156,37.369998931884766,37.72999954223633,37.72999954223633,959700.0,38.885941521888924,-2.9726475286754095,1.779428482055664
GLOB,2026-09-18,37.720001220703125,37.72999954223633,35.5,35.59000015258789,35.59000015258789,2156400.0,38.572042343860254,-7.731097473885862,1.844428198678153
GLOB,2026-09-21,36.2599983215332,37.369998931884766,35.65999984741211,35.84000015258789,35.84000015258789,688200.0,38.31184784945336,-6.451914578953765,1.8659281049455916
GLOB,2026-09-22,36.54999923706055,36.7599983215332,34.685001373291016,35.0099983215332,35.0099983215332,835300.0,37.997385989651434,-7.862087326038281,1.9084279196602958
GLOB,2026-09-23,35.060001373291016,35.68000030517578,34.45000076293945,34.45000076293945,34.45000076293945,691200.0,37.659539777583625,-8.522512578750652,1.8819991520472936
GLOB,2026-09-24,34.790000915527344,35.04999923706055,33.2599983215332,34.83000183105469,34.83000183105469,906000.0,37.3900599731523,-6.8468949874267215,1.864856447492327
GLOB,2026-09-25,34.599998474121094,35.22999954223633,34.13999938964844,34.5,34.5,486100.0,37.11481616618541,-7.045208453888884,1.799142292567662
GLOB,2026-09-28,33.79999923706055,34.268001556396484,33.16999816894531,33.790000915527344,33.790000915527344,750300.0,36.798167094694165,-8.174771779870959,1.6869994572230749
GLOB,2026-09-29,33.599998474121094,34.119998931884766,33.0,33.939998626708984,33.939998626708984,684100.0,36.52596057393367,-7.079791760685772,1.6680709293910436
GLOB,2026-09-30,34.040000915527344,35.39500045776367,34.01499938964844,34.70000076293945,34.70000076293945,843300.0,36.352059639553275,-4.544608731925271,1.6884283338274275
GLOB,2026-10-01,37.869998931884766,38.709999084472656,37.29999923706055,37.775001525878906,37.775001525878906,559530.0,36.48757791444143,3.5283887970210426,1.8691425323486328
GLUE,2026-08-20,15.619999885559082,15.899999618530273,14.71500015258789,14.779999732971191,14.779999732971191,1021500.0,14.779999732971191,0.0,
GLUE,2026-08-21,14.800000190734863,15.0,14.170000076293945,14.300000190734863,14.300000190734863,969200.0,14.734285490853445,-2.9474473016568803,
GLUE,2026-08-24,14.029999732971191,14.289999961853027,13.289999961853027,13.774999618530273,13.774999618530273,1998700.0,14.642924931584572,-5.927267380727985,1.0083332061767578
GLUE,2026-08-25,14.0600004196167,14.84000015258789,14.0,14.5600004196167,14.5600004196167,1098800.0,14.635027359016204,-0.5126532227032965,1.0225000381469727
GLUE,2026-08-26,14.4399995803833,14.625,14.100000381469727,14.380000114440918,14.380000114440918,997700.0,14.610739050009034,-1.5792420546171693,0.9229999542236328
GLUE,2026-08-27,14.279999732971191,14.569999694824219,14.1899995803833,14.319999694824219,14.319999694824219,1080900.0,14.58304958761048,-1.8038057897694082,0.8324999809265137
GLUE,2026-08-28,14.289999961853027,14.300000190734863,13.369999885559082,13.380000114440918,13.380000114440918,884600.0,14.468473447308618,-7.523069637109325,0.8492856706891742
GLUE,2026-08-31,13.390000343322754,14.109999656677246,13.119999885559082,13.9399995803833,13.9399995803833,1109700.0,14.418142602839541,-3.3162594907479526,0.8668749332427979
GLUE,2026-09-01,13.8100004196167,14.319999694824219,13.710000038146973,14.3100004196167,14.3100004196167,796300.0,14.40784334729451,-0.6790948882449022,0.8383332358466254
GLUE,2026-09-02,14.380000114440918,15.0,13.8100004196167,14.220000267028809,14.220000267028809,1530400.0,14.389953530126348,-1.1810549821563376,0.873499870300293
GLUE,2026-09-03,14.5,14.59000015258789,14.0600004196167,14.380000114440918,14.380000114440918,672700.0,14.389005585775354,-0.06258577968264456,0.8422725850885565
GLUE,2026-09-04,14.119999885559082,14.3100004196167,13.789999961853027,13.84000015258789,13.84000015258789,804600.0,14.336719354043215,-3.4646643293274826,0.8212498823801676
GLUE,2026-09-08,13.550000190734863,14.289999961853027,13.4399995803833,14.270000457763672,14.270000457763672,1196200.0,14.330365173445163,-0.4212364091973675,0.8234614592332107
GLUE,2026-09-09,14.279999732971191,14.869999885559082,14.130000114440918,14.260000228881836,14.260000228881836,1146100.0,14.323663750153417,-0.4444639470882472,0.8174999100821358
GLUE,2026-09-10,14.210000038146973,14.34000015258789,13.829999923706055,14.319999694824219,14.319999694824219,1064200.0,14.323314792503018,-0.023144765906657483,0.7692856788635254
GLUE,2026-09-11,14.234999656677246,14.739999771118164,13.880000114440918,14.069999694824219,14.069999694824219,1173900.0,14.299189545105037,-1.6028170656656182,0.7714285169328962
GLUE,2026-09-14,14.350000381469727,14.380000114440918,13.380000114440918,13.899999618530273,13.899999618530273,1787400.0,14.26117145685982,-2.5325537907043283,0.7707142148699079
GLUE,2026-09-15,13.84000015258789,13.880000114440918,12.869999885559082,12.989999771118164,12.989999771118164,1265300.0,14.140107486789185,-8.133656103714515,0.7682141576494489
GLUE,2026-09-16,12.9399995803833,13.010000228881836,12.59000015258789,12.649999618530273,12.649999618530273,1496000.0,13.998192451716907,-9.631192297411761,0.7607141903468541
GLUE,2026-09-17,12.84000015258789,13.020000457763672,12.430000305175781,12.600000381469727,12.600000381469727,1387800.0,13.865031302169557,-9.123895165688388,0.7757141930716378
GLUE,2026-09-18,12.569999694824219,12.640999794006348,12.020000457763672,12.130000114440918,12.130000114440918,1598200.0,13.699790236671593,-11.458497503331555,0.7522141592843192
GLUE,2026-09-21,12.199999809265137,12.3149995803833,12.0600004196167,12.260000228881836,12.260000228881836,1128200.0,13.562667378786855,-9.604800541982616,0.699714115687779
GLUE,2026-09-22,12.350000381469727,12.729999542236328,12.210000038146973,12.600000381469727,12.600000381469727,1213000.0,13.470984807613796,-6.465632903481488,0.6932855333600726
GLUE,2026-09-23,12.600000381469727,12.605999946594238,11.699999809265137,11.890000343322754,11.890000343322754,1175800.0,13.320414858633697,-10.738513255717496,0.6729998588562012
GLUE,2026-09-24,11.930000305175781,11.994999885559082,11.414999961853027,11.720000267028809,11.720000267028809,1143500.0,13.167994421337992,-10.996315064979001,0.6765713010515485
GLUE,2026-09-25,11.75,11.890000343322754,11.614999771118164,11.770000457763672,11.770000457763672,802100.0,13.03485213909282,-9.703613572537062,0.6540713310241699
GLUE,2026-09-28,11.6899995803833,11.979999542236328,11.5,11.710000038146973,11.710000038146973,772400.0,12.908675748526548,-9.285814701143124,0.6276426996503558
GLUE,2026-09-29,11.680000305175781,12.170000076293945,11.5600004196167,11.739999771118164,11.739999771118164,545100.0,12.797373274487654,-8.262426051738514,0.6183569771902901
GLUE,2026-09-30,11.850000381469727,12.149999618530273,11.649999618530273,11.930000305175781,11.930000305175781,854200.0,12.71476632502938,-6.172083700105169,0.6176426751273019
GLUE,2026-10-01,12.175000190734863,12.259400367736816,11.15999984741211,11.239999771118164,11.239999771118164,1096842.0,12.574312367514027,-10.611416015424313,0.6347427368164062
GRND,2026-08-20,15.510000228881836,15.84000015258789,15.479999542236328,15.65999984741211,15.65999984741211,1277100.0,15.65999984741211,0.0,
GRND,2026-08-21,15.34000015258789,15.920000076293945,15.279999732971191,15.529999732971191,15.529999732971191,1041400.0,15.647618884132022,-0.7516744370615114,
GRND,2026-08-24,15.600000381469727,15.979999542236328,15.529999732971191,15.579999923706055,15.579999923706055,951600.0,15.641178983139074,-0.39114097152759264,0.4833335876464844
GRND,2026-08-25,15.569999694824219,15.91100025177002,15.479999542236328,15.6899995803833,15.6899995803833,1336200.0,15.645828563829001,0.2823181679007858,0.47025036811828613
GRND,2026-08-26,15.5,15.885000228881836,15.5,15.789999961853027,15.789999961853027,1096800.0,15.659559173164622,0.832978676129903,0.4532003402709961
GRND,2026-08-27,15.930000305175781,15.954999923706055,15.305000305175781,15.350000381469727,15.350000381469727,1213000.0,15.630077383479394,-1.7919105269798674,0.48600021998087567
GRND,2026-08-28,15.479999542236328,15.890000343322754,15.479999542236328,15.59000015258789,15.59000015258789,923100.0,15.62626050434687,-0.2320475314544601,0.49371446881975445
GRND,2026-08-31,16.0,16.0,15.255000114440918,15.479999542236328,15.479999542236328,1421100.0,15.61233088890777,-0.8476078787534647,0.5251251459121704
GRND,2026-09-01,15.390000343322754,15.680000305175781,15.329999923706055,15.529999732971191,15.529999732971191,982300.0,15.60448982643762,-0.4773632095310454,0.5056668387518989
GRND,2026-09-02,15.489999771118164,15.710000038146973,15.489999771118164,15.670000076293945,15.670000076293945,673500.0,15.610728897852507,0.37968232508087674,0.47710018157958983
GRND,2026-09-03,16.100000381469727,16.100000381469727,15.59000015258789,15.65999984741211,15.65999984741211,542000.0,15.615421369239135,0.2854772671122996,0.4800910949707031
GRND,2026-09-04,15.430000305175781,15.529999732971191,15.130000114440918,15.25,15.25,1119900.0,15.580619334073504,-2.1219909618770183,0.48425014813741046
GRND,2026-09-08,15.25,15.625,14.989999771118164,15.460000038146973,15.460000038146973,1316200.0,15.5691317820805,-0.7009494521661996,0.49584630819467396
GRND,2026-09-09,15.4399995803833,15.4399995803833,14.699999809265137,14.930000305175781,14.930000305175781,1980900.0,15.508262117613386,-3.7287338068709097,0.5147144453866142
GRND,2026-09-10,15.039999961853027,15.460000038146973,14.960000038146973,15.380000114440918,15.380000114440918,1303500.0,15.496046688739817,-0.7488785793554942,0.5268572398594448
GRND,2026-09-11,15.430000305175781,15.520000457763672,15.244999885559082,15.279999732971191,15.279999732971191,752200.0,15.475470788190425,-1.2631024793662515,0.5007858276367188
GRND,2026-09-14,15.300000190734863,15.729999542236328,15.300000190734863,15.729999542236328,15.729999542236328,1237800.0,15.499711621909082,1.4857561607903191,0.5007858276367188
GRND,2026-09-15,15.739999771118164,15.739999771118164,15.149999618530273,15.350000381469727,15.350000381469727,848900.0,15.485453408533905,-0.8747114048952009,0.5121429307120187
GRND,2026-09-16,15.319999694824219,15.84000015258789,15.3149995803833,15.529999732971191,15.529999732971191,1818700.0,15.489695915623171,0.2601976021192831,0.5221429552350726
GRND,2026-09-17,15.890000343322754,15.890000343322754,15.239999771118164,15.449999809265137,15.449999809265137,1413400.0,15.485915334065263,-0.2319238096383014,0.5221430233546666
GRND,2026-09-18,15.59000015258789,15.720000267028809,15.3149995803833,15.399999618530273,15.399999618530273,2329100.0,15.477732884966693,-0.5022264372576246,0.5125002179827008
GRND,2026-09-21,15.649999618530273,15.989999771118164,15.5,15.890000343322754,15.890000343322754,1363100.0,15.516996452429176,2.4038407950733642,0.5014288084847587
GRND,2026-09-22,16.270000457763672,16.29800033569336,15.770000457763672,15.960000038146973,15.960000038146973,1546200.0,15.559187270116585,2.5760520846753954,0.5141430582318988
GRND,2026-09-23,15.930000305175781,15.930000305175781,15.399999618530273,15.4399995803833,15.4399995803833,1321300.0,15.547836061570559,-0.6935787125630699,0.538428783416748
GRND,2026-09-24,15.380000114440918,15.899999618530273,15.380000114440918,15.869999885559082,15.869999885559082,1547900.0,15.578518330521847,1.8710479960482251,0.5391430173601423
GRND,2026-09-25,15.829999923706055,16.049999237060547,15.6850004196167,15.770000457763672,15.770000457763672,1412700.0,15.596754723592499,1.1107806543185106,0.5273572376796177
GRND,2026-09-28,15.699999809265137,15.895000457763672,15.569999694824219,15.609999656677246,15.609999656677246,1100400.0,15.598016145791044,0.0768271475948934,0.5052144186837333
GRND,2026-09-29,15.539999961853027,16.149999618530273,15.539999961853027,16.1200008392334,16.1200008392334,1620500.0,15.647728973737935,3.018149574855822,0.49450009209769114
GRND,2026-09-30,16.40999984741211,16.40999984741211,15.180000305175781,15.430000305175781,15.430000305175781,1989700.0,15.62699291006535,-1.2605918875325473,0.5445000784737724
GRND,2026-10-01,15.675000190734863,15.949199676513672,13.819999694824219,13.819999694824219,13.819999694824219,760920.0,15.454898318137625,-10.578514265569217,0.6769428934369769
GWRE,2026-08-20,181.17999267578125,184.57000732421875,179.99000549316406,181.7899932861328,181.7899932861328,1010100.0,181.7899932861328,0.0,
GWRE,2026-08-21,181.97000122070312,189.9199981689453,180.8300018310547,189.19000244140625,189.19000244140625,1120600.0,182.49475606282553,3.668733569679028,
GWRE,2026-08-24,187.82000732421875,193.22999572753906,187.07000732421875,191.88999938964844,191.88999938964844,1550900.0,183.38954114157056,4.635192495255658,6.609995524088542
GWRE,2026-08-25,188.4600067138672,192.8699951171875,186.60000610351562,188.33999633789062,188.33999633789062,907600.0,183.8610130650296,2.4360701587545774,6.524993896484375
GWRE,2026-08-26,182.4600067138672,191.52000427246094,181.5,191.07000732421875,191.07000732421875,883200.0,184.54758394685715,3.5342773055429655,7.223995971679687
GWRE,2026-08-27,195.0,201.69000244140625,194.50999450683594,201.08999633789062,201.08999633789062,1091500.0,186.12305179362224,8.041424423270316,7.789995829264323
GWRE,2026-08-28,199.75999450683594,207.47000122070312,199.75999450683594,205.85000610351562,205.85000610351562,1599500.0,188.00180934694544,9.493630310563915,7.778568812779018
GWRE,2026-08-31,204.44000244140625,207.49000549316406,203.7100067138672,204.75,204.75,1338500.0,189.59687512342683,7.992286194964215,7.27874755859375
GWRE,2026-09-01,201.97000122070312,205.27000427246094,199.32000732421875,201.08999633789062,201.08999633789062,1128500.0,190.6914580962329,5.453069762784057,7.1311086018880205
GWRE,2026-09-02,199.3800048828125,201.05999755859375,188.72999572753906,192.75999450683594,192.75999450683594,1813300.0,190.88846156390937,0.9804327236929256,7.653997802734375
GWRE,2026-09-03,198.0,204.41000366210938,197.11000061035156,202.86000061035156,202.86000061035156,2134200.0,192.02860813976102,5.640509805032434,8.017271562056107
GWRE,2026-09-04,167.5500030517578,168.88999938964844,157.0500030517578,162.4199981689453,162.4199981689453,4700400.0,189.20874052349285,-14.158300658008638,11.166665395100912
GWRE,2026-09-08,160.52000427246094,161.80999755859375,147.75999450683594,149.7100067138672,149.7100067138672,2841700.0,185.44695635114755,-19.270712413101954,11.435383723332333
GWRE,2026-09-09,147.85000610351562,148.3300018310547,142.07000732421875,142.24000549316406,142.24000549316406,2050600.0,181.33200865038722,-21.558247464513315,11.164284842354911
GWRE,2026-09-10,142.42999267578125,147.22000122070312,139.6999969482422,140.08999633789062,140.08999633789062,1330300.0,177.404197953959,-21.033437791450904,11.374285016741071
GWRE,2026-09-11,138.80999755859375,142.44000244140625,137.44000244140625,140.9199981689453,140.9199981689453,1988600.0,173.9295122601482,-18.978673407552716,11.082142421177455
GWRE,2026-09-14,145.8699951171875,154.0399932861328,145.32000732421875,153.0,153.0,1686200.0,171.93622537822932,-11.013516980829941,11.579285757882255
GWRE,2026-09-15,149.0,152.2899932861328,147.77000427246094,148.8800048828125,148.8800048828125,1528000.0,169.7403948548563,-12.289584921657193,11.505000523158483
GWRE,2026-09-16,146.58999633789062,150.52000427246094,146.16000366210938,146.72999572753906,146.72999572753906,1377600.0,167.54892827130226,-12.425583833071318,11.100714547293526
GWRE,2026-09-17,145.0,146.0,142.22999572753906,144.97999572753906,144.97999572753906,1245600.0,165.3995061242772,-12.345569146618496,10.663572038922991
GWRE,2026-09-18,144.97999572753906,145.61000061035156,140.11000061035156,144.2899932861328,144.2899932861328,2157700.0,163.38907633016822,-11.689326773254393,10.505714416503906
GWRE,2026-09-21,145.9199981689453,150.14999389648438,143.86000061035156,149.3800048828125,149.3800048828125,990900.0,162.05487904946767,-7.821346843118581,10.684999738420759
GWRE,2026-09-22,152.08999633789062,152.57000732421875,147.22000122070312,150.4600067138672,150.4600067138672,1058400.0,160.9506054936962,-6.517899542937656,10.642143249511719
GWRE,2026-09-23,153.7899932861328,155.4499969482422,150.11000061035156,152.88999938964844,152.88999938964844,703100.0,160.18292872188212,-4.552875509534504,10.140714372907366
GWRE,2026-09-24,152.66000366210938,154.99000549316406,150.00999450683594,151.0,151.0,987200.0,159.30836408170288,-5.215271733907112,9.664285932268415
GWRE,2026-09-25,151.0,152.97000122070312,144.1300048828125,145.55999755859375,145.55999755859375,1009100.0,157.99899584140678,-7.872833758575792,7.0235715593610495
GWRE,2026-09-28,142.64999389648438,145.83999633789062,139.13999938964844,145.17999267578125,145.17999267578125,1132800.0,156.7781383970615,-7.397808036160248,6.454999651227679
GWRE,2026-09-29,144.38999938964844,145.92999267578125,139.0500030517578,142.52000427246094,142.52000427246094,1419700.0,155.42022086138525,-8.300217640553754,6.400713239397321
GWRE,2026-09-30,143.3300018310547,146.24000549316406,141.5,142.5800018310547,142.5800018310547,1101000.0,154.19734285849663,-7.534073423108789,6.202141898018973
GWRE,2026-10-01,149.0,154.47000122070312,146.85000610351562,152.52999877929688,152.52999877929688,332800.0,154.03854818428712,-0.979332396190502,6.69428471156529
IBM,2026-08-20,236.0,237.5,233.02999877929688,233.69000244140625,233.69000244140625,4986900.0,233.69000244140625,0.0,
IBM,2026-08-21,233.7100067138672,238.72000122070312,233.1199951171875,235.67999267578125,235.67999267578125,3888700.0,233.87952532087053,0.7698268381725937,
IBM,2026-08-24,234.3699951171875,234.49000549316406,230.47000122070312,231.0399932861328,231.0399932861328,4078300.0,233.60909369851456,-1.0997433240750976,5.093332926432292
IBM,2026-08-25,230.0,234.44000244140625,229.50999450683594,234.19000244140625,234.19000244140625,3022800.0,233.6644183406947,0.22493116600457164,5.052501678466797
IBM,2026-08-26,230.6999969482422,234.22999572753906,228.9600067138672,229.8699951171875,229.8699951171875,4632000.0,233.30304470036072,-1.4714979770548697,5.095999145507813
IBM,2026-08-27,232.8000030517578,240.80999755859375,231.4499969482422,238.7899932861328,238.7899932861328,5501300.0,233.825611232339,2.123113044644609,6.069999694824219
IBM,2026-08-28,238.3000030517578,239.0800018310547,235.08999633789062,235.58999633789062,235.58999633789062,3943300.0,233.9936479090582,0.6822187025576243,5.772857666015625
IBM,2026-08-31,232.72999572753906,235.94000244140625,232.17999267578125,233.8699951171875,233.8699951171875,6096600.0,233.98187145268957,-0.04781410406177189,5.521251678466797
IBM,2026-09-01,231.0,233.08999633789062,229.89999389648438,231.39999389648438,231.39999389648438,3236800.0,233.73597835209858,-0.9994115891286959,5.348890516493055
IBM,2026-09-02,230.5500030517578,232.8800048828125,229.10000610351562,231.6999969482422,231.6999969482422,4653600.0,233.54207536125512,-0.7887565485420578,5.1920013427734375
IBM,2026-09-03,234.3800048828125,238.2899932861328,232.82000732421875,234.7100067138672,234.7100067138672,4371500.0,233.65330691864673,0.45225116184139935,5.319091796875
IBM,2026-09-04,233.3300018310547,236.1699981689453,231.67999267578125,234.88999938964844,234.88999938964844,3721100.0,233.77108715398023,0.4786358524017098,5.250001271565755
IBM,2026-09-08,232.9499969482422,233.39999389648438,230.1999969482422,232.08999633789062,232.08999633789062,4785300.0,233.61098326673363,-0.6510768062246264,5.2069244384765625
IBM,2026-09-09,232.64999389648438,241.5,230.36000061035156,239.94000244140625,239.94000244140625,6397500.0,234.21374699765485,2.444884434477168,5.630715506417411
IBM,2026-09-10,238.17999267578125,242.30999755859375,231.8300018310547,234.02000427246094,234.02000427246094,5817600.0,234.19529530954117,-0.07484823162162701,6.060000828334263
IBM,2026-09-11,235.77999877929688,243.6300048828125,235.0,243.2899932861328,243.2899932861328,4914700.0,235.0614570215975,3.5005893219573148,6.346429007393973
IBM,2026-09-14,249.41000366210938,251.3699951171875,244.1199951171875,249.08999633789062,249.08999633789062,6959400.0,236.39750838505398,5.369129327777267,6.551429748535156
IBM,2026-09-15,246.19000244140625,251.82000732421875,246.14999389648438,248.3699951171875,248.3699951171875,4516800.0,237.53774521668575,4.560222582992179,6.604287283761161
IBM,2026-09-16,240.5,243.33999633789062,235.41000366210938,237.49000549316406,237.49000549316406,6181800.0,237.53319857635037,-0.018184019516087613,7.153573172433036
IBM,2026-09-17,238.5800018310547,243.3699951171875,237.35000610351562,237.75,237.75,5901300.0,237.55384633098367,0.08257229762680396,6.802143641880581
IBM,2026-09-18,237.85000610351562,237.88999938964844,229.3800048828125,229.5500030517578,229.5500030517578,13413800.0,236.791575542486,-3.0582052905124835,7.125
IBM,2026-09-21,231.99000549316406,234.6999969482422,228.35000610351562,231.92999267578125,231.92999267578125,8200100.0,236.32856765041888,-1.86121170976844,7.309998648507254
IBM,2026-09-22,234.47000122070312,236.1999969482422,230.0800018310547,231.3800048828125,231.3800048828125,4801500.0,235.8572759582659,-1.898296780229758,7.463569641113281
IBM,2026-09-23,233.47000122070312,237.86000061035156,232.52999877929688,232.75999450683594,232.75999450683594,4536600.0,235.56229677241544,-1.189622577116789,7.656426565987723
IBM,2026-09-24,232.0,232.6199951171875,226.00999450683594,227.05999755859375,227.05999755859375,4142400.0,234.7525539901467,-3.276878696653429,7.667855398995536
IBM,2026-09-25,226.14999389648438,228.99000549316406,225.19000244140625,225.50999450683594,225.50999450683594,4143500.0,233.87231022983138,-3.5755903359305896,7.618569510323661
IBM,2026-09-28,222.5,223.13999938964844,219.22999572753906,220.6699981689453,220.6699981689453,5285800.0,232.61494717641364,-5.135073714076233,7.732140677315848
IBM,2026-09-29,220.8699951171875,223.1199951171875,219.91000366210938,219.99000549316406,219.99000549316406,3762100.0,231.4125717780089,-4.936018037862855,7.165711539132254
IBM,2026-09-30,220.6999969482422,222.3300018310547,218.60000610351562,219.92999267578125,219.92999267578125,4559300.0,230.318992815892,-4.510700577965487,6.683568681989398
IBM,2026-10-01,230.75999450683594,234.27000427246094,228.3000946044922,228.76800537109375,228.76800537109375,3430915.0,230.1712797259112,-0.6096652703536543,7.021426609584263
IMMX,2026-08-20,12.979999542236328,13.199999809265137,12.6899995803833,13.15999984741211,13.15999984741211,1666200.0,13.15999984741211,0.0,
IMMX,2026-08-21,13.359999656677246,13.760000228881836,13.119999885559082,13.65999984741211,13.65999984741211,1510600.0,13.207618895031157,3.425151467318188,
IMMX,2026-08-24,13.65999984741211,13.800000190734863,12.899999618530273,13.609999656677246,13.609999656677246,1415400.0,13.245940872330785,2.748455454054888,0.6833337148030599
IMMX,2026-08-25,13.600000381469727,15.100000381469727,13.484999656677246,14.470000267028809,14.470000267028809,3651500.0,13.36251795754012,8.287976210829061,0.916250467300415
IMMX,2026-08-26,14.449999809265137,14.550000190734863,13.800000190734863,14.069999694824219,14.069999694824219,1385000.0,13.429897170614797,4.766250374649128,0.883000373840332
IMMX,2026-08-27,14.029999732971191,14.609999656677246,13.770000457763672,14.3100004196167,14.3100004196167,1511000.0,13.513716527662599,5.892412278473547,0.8758335113525391
IMMX,2026-08-28,14.0600004196167,14.170000076293945,13.760000228881836,13.9399995803833,13.9399995803833,1143400.0,13.554314913635999,2.845475180448198,0.8292858941214425
IMMX,2026-08-31,13.699999809265137,14.149999618530273,13.520000457763672,14.029999732971191,14.029999732971191,1326800.0,13.599618229763161,3.16465871274334,0.8043750524520874
IMMX,2026-09-01,13.859999656677246,14.260000228881836,13.619999885559082,14.010000228881836,14.010000228881836,1277400.0,13.638702229679225,2.7223851136996657,0.7861111958821615
IMMX,2026-09-02,14.0,14.229999542236328,13.420000076293945,13.960000038146973,13.960000038146973,1578200.0,13.669302020961867,2.126648578978796,0.7885000228881835
IMMX,2026-09-03,14.140000343322754,14.140000343322754,13.520000457763672,13.829999923706055,13.829999923706055,987200.0,13.68460658312798,1.0624590461908667,0.773181828585538
IMMX,2026-09-04,13.680000305175781,14.085000038146973,13.600000381469727,13.90999984741211,13.90999984741211,1050700.0,13.706072608297898,1.4878604903256543,0.7491666475931803
IMMX,2026-09-08,13.699999809265137,13.890000343322754,12.75,13.25,13.25,1420200.0,13.662637121793335,-3.020186499245703,0.7807692014254056
IMMX,2026-09-09,13.119999885559082,13.229999542236328,12.239999771118164,12.3100004196167,12.3100004196167,1285600.0,13.533814578728892,-9.042640210511399,0.7971428462437221
IMMX,2026-09-10,12.079999923706055,12.770000457763672,11.90999984741211,12.699999809265137,12.699999809265137,1656300.0,13.454403648303773,-5.607114657465662,0.8221428734915597
IMMX,2026-09-11,12.859999656677246,13.289999961853027,12.020000457763672,12.140000343322754,12.140000343322754,1190300.0,13.329222381162724,-8.921916101577064,0.867142813546317
IMMX,2026-09-14,12.4399995803833,12.59000015258789,11.979999542236328,12.210000038146973,12.210000038146973,1079600.0,13.222629777065986,-7.658308188249896,0.846428530556815
IMMX,2026-09-15,12.489999771118164,12.630000114440918,11.8100004196167,12.140000343322754,12.140000343322754,1054900.0,13.119522211947583,-7.466139793816618,0.7896427427019391
IMMX,2026-09-16,12.279999732971191,12.460000038146973,11.75,11.920000076293945,11.920000076293945,1421900.0,13.005282008552,-8.34493194030238,0.7867856025695801
IMMX,2026-09-17,12.239999771118164,12.75,12.069999694824219,12.720000267028809,12.720000267028809,1184700.0,12.978112318883124,-1.988825843946218,0.7860713686261859
IMMX,2026-09-18,12.680000305175781,12.84000015258789,12.34000015258789,12.5,12.5,4183900.0,12.932577812322826,-3.3448692024156568,0.7824999264308384
IMMX,2026-09-21,12.59000015258789,12.710000038146973,12.140000343322754,12.470000267028809,12.470000267028809,1329500.0,12.88852280800911,-3.247249876612901,0.7782142502920968
IMMX,2026-09-22,12.449999809265137,12.899999618530273,12.3100004196167,12.829999923706055,12.829999923706055,948100.0,12.882949199980247,-0.41100275606360537,0.7746427399771554
IMMX,2026-09-23,12.800000190734863,12.84000015258789,11.710000038146973,11.920000076293945,11.920000076293945,1168200.0,12.791239759629171,-6.811221583735549,0.7974999291556222
IMMX,2026-09-24,11.869999885559082,11.970000267028809,11.1850004196167,11.699999809265137,11.699999809265137,1535800.0,12.687312145308788,-7.781887327559101,0.8092856407165527
IMMX,2026-09-25,11.779999732971191,11.989999771118164,10.819999694824219,10.970000267028809,10.970000267028809,1828200.0,12.523758633091646,-12.40648603652682,0.8582142421177456
IMMX,2026-09-28,10.819999694824219,11.84000015258789,10.699999809265137,11.470000267028809,11.470000267028809,995600.0,12.423400693466613,-7.674230671310401,0.856785706111363
IMMX,2026-09-29,11.640000343322754,11.847999572753906,10.069999694824219,10.539999961853027,10.539999961853027,5759500.0,12.2440291952177,-13.91722615321953,0.9116428239004952
IMMX,2026-09-30,10.609999656677246,11.25,10.392999649047852,10.404999732971191,10.404999732971191,2408600.0,12.068883532146602,-13.786559417393496,0.91142851965768
IMMX,2026-10-01,10.25,10.289999961853027,9.859999656677246,9.920000076293945,9.920000076293945,472968.0,11.86422796492254,-16.387310614536798,0.8596428462437221
IT,2026-08-20,193.0,196.35000610351562,190.4199981689453,193.67999267578125,193.67999267578125,854200.0,193.67999267578125,0.0,
IT,2026-08-21,193.13999938964844,196.7899932861328,189.61000061035156,195.89999389648438,195.89999389648438,1059800.0,193.89142136346726,1.0359264576496496,
IT,2026-08-24,196.36000061035156,203.02999877929688,194.67999267578125,202.77999877929688,202.77999877929688,1292100.0,194.73795254592721,4.129675868638394,7.1533355712890625
IT,2026-08-25,199.0500030517578,202.25,195.07000732421875,195.7899932861328,195.7899932861328,1986200.0,194.83814690213728,0.48853183995514193,7.292499542236328
IT,2026-08-26,190.83999633789062,196.27999877929688,190.0,192.9600067138672,192.9600067138672,1181400.0,194.65927640801632,-0.872945654327506,7.089999389648438
IT,2026-08-27,194.30999755859375,199.33999633789062,193.3699951171875,196.60000610351562,196.60000610351562,1198200.0,194.8441078075877,0.901181111240934,6.9716644287109375
IT,2026-08-28,197.30999755859375,200.35000610351562,195.77000427246094,198.38999938964844,198.38999938964844,610200.0,195.18181176778396,1.6436918956779678,6.629998343331473
IT,2026-08-31,197.33999633789062,199.5800018310547,194.94000244140625,198.11000061035156,198.11000061035156,997700.0,195.46068689564754,1.3554202416767414,6.381248474121094
IT,2026-09-01,197.47000122070312,198.69000244140625,189.66000366210938,189.92999267578125,189.92999267578125,772300.0,194.93395411280312,-2.56700350628819,6.67555406358507
IT,2026-09-02,189.07000732421875,192.13999938964844,186.4199981689453,186.75,186.75,690700.0,194.15452991158378,-3.81373018438238,6.579998779296875
IT,2026-09-03,189.1999969482422,197.94000244140625,188.47999572753906,195.4600067138672,195.4600067138672,1026500.0,194.27886103561076,0.6079640738885672,6.999090021306818
IT,2026-09-04,192.67999267578125,192.67999267578125,184.83999633789062,186.4199981689453,186.4199981689453,839500.0,193.53039790545213,-3.6740480118170105,7.300833384195964
IT,2026-09-08,183.9199981689453,184.10000610351562,172.49000549316406,172.58999633789062,172.58999633789062,1457900.0,191.53607394663675,-9.891649765163624,7.810768714317908
IT,2026-09-09,172.6999969482422,172.6999969482422,166.00999450683594,169.69000244140625,169.69000244140625,1295800.0,189.45549570804337,-10.43278960727344,7.730713980538504
IT,2026-09-10,171.07000732421875,172.4199981689453,169.0800018310547,170.6199951171875,170.6199951171875,1012100.0,187.66163850891422,-9.081047957980616,7.545713152204241
IT,2026-09-11,171.24000549316406,179.6300048828125,170.7100067138672,179.58999633789062,179.58999633789062,900500.0,186.89291068310246,-3.9075395201023544,7.676428658621652
IT,2026-09-14,186.08999633789062,197.63999938964844,184.8800048828125,197.07000732421875,197.07000732421875,1693300.0,187.8621579822564,4.901385910211897,8.369285583496094
IT,2026-09-15,192.4499969482422,202.97999572753906,191.25999450683594,195.6199951171875,195.6199951171875,1248600.0,188.6009996141546,3.721610976289935,8.655714852469307
IT,2026-09-16,192.7100067138672,195.83999633789062,190.0399932861328,191.57000732421875,191.57000732421875,912000.0,188.88376225320832,1.4221683425647669,8.621429443359375
IT,2026-09-17,191.61000061035156,193.00999450683594,187.61000061035156,187.8000030517578,187.8000030517578,754300.0,188.7805470911654,-0.5194094701579943,8.551429748535156
IT,2026-09-18,188.32000732421875,189.38999938964844,183.4199981689453,185.77999877929688,185.77999877929688,2571800.0,188.49478058527316,-1.4402424287542237,8.65071541922433
IT,2026-09-21,188.5800018310547,192.91000366210938,183.22999572753906,183.32000732421875,183.32000732421875,715800.0,188.0019450366013,-2.4903666350212794,9.010716029575892
IT,2026-09-22,186.5,186.5,178.17999267578125,178.75,178.75,927900.0,187.12080741406785,-4.4734776050557645,8.96000235421317
IT,2026-09-23,178.0,181.80999755859375,176.50999450683594,178.52000427246094,178.52000427246094,977800.0,186.30168330534337,-4.176923629900042,8.93000248500279
IT,2026-09-24,179.8800048828125,181.89999389648438,176.0399932861328,179.32000732421875,179.32000732421875,854900.0,185.6367617833315,-3.4027497562608033,8.549288068498884
IT,2026-09-25,179.75,189.13999938964844,177.9499969482422,187.89999389648438,187.89999389648438,1070600.0,185.85230769886988,1.1017814214781207,8.590001787458148
IT,2026-09-28,185.2899932861328,187.00999450683594,182.63999938964844,185.72999572753906,185.72999572753906,896400.0,185.84065893969552,-0.05954736320235021,7.970716203962054
IT,2026-09-29,184.10000610351562,186.94000244140625,180.67999267578125,185.85000610351562,185.85000610351562,787400.0,185.84154914577363,0.004550628091970488,7.94000244140625
IT,2026-09-30,186.35000610351562,190.5,183.0,186.5399932861328,186.5399932861328,777200.0,185.90806763533166,0.3399129789465105,8.237145560128349
IT,2026-10-01,196.19000244140625,204.2899932861328,194.91000366210938,194.91000366210938,194.91000366210938,188238.0,186.76539487597717,4.360876805652714,8.86143057686942
KD,2026-08-20,12.390000343322754,12.5600004196167,12.22599983215332,12.3100004196167,12.3100004196167,4251700.0,12.3100004196167,0.0,
KD,2026-08-21,12.3100004196167,13.005000114440918,12.239999771118164,12.550000190734863,12.550000190734863,4423500.0,12.332857540675572,1.7606840048473904,
KD,2026-08-24,12.600000381469727,13.305000305175781,12.595000267028809,12.75,12.75,4007900.0,12.372585393944565,3.050410193492392,0.618000348409017
KD,2026-08-25,12.75,13.029999732971191,12.529999732971191,13.020000457763672,13.020000457763672,2625200.0,12.434243971451146,4.7108331448008745,0.5885002613067627
KD,2026-08-26,12.800000190734863,12.899999618530273,12.484999656677246,12.680000305175781,12.680000305175781,3320300.0,12.457649336567778,1.7848549321044072,0.5778003692626953
KD,2026-08-27,12.84000015258789,13.270000457763672,12.819999694824219,13.25,13.25,2818200.0,12.533111304513703,5.719957942351583,0.5798336664835612
KD,2026-08-28,13.25,13.569999694824219,13.149999618530273,13.199999809265137,13.199999809265137,3148600.0,12.596624495442411,4.789976187994127,0.5570002964564732
KD,2026-08-31,13.0600004196167,13.6899995803833,12.885000228881836,13.449999809265137,13.449999809265137,5138300.0,12.677898334854099,6.090137765881698,0.5880001783370972
KD,2026-09-01,13.279999732971191,13.425000190734863,12.930000305175781,13.119999885559082,13.119999885559082,3153500.0,12.72000324444505,3.144626879625334,0.5804445478651259
KD,2026-09-02,13.0,13.390000343322754,12.984999656677246,13.09000015258789,13.09000015258789,2399400.0,12.755241045220558,2.6244828002899068,0.562900161743164
KD,2026-09-03,13.270000457763672,13.649999618530273,13.140000343322754,13.34000015258789,13.34000015258789,2779400.0,12.810932388779351,4.129814659485143,0.5626364621249113
KD,2026-09-04,13.289999961853027,13.539999961853027,13.043000221252441,13.149999618530273,13.149999618530273,3429300.0,12.843224505898487,2.388614420707924,0.5571667353312174
KD,2026-09-08,13.0,13.0,12.510000228881836,12.789999961853027,12.789999961853027,3953600.0,12.838155501703682,-0.3750970288859956,0.5635384779710036
KD,2026-09-09,12.770000457763672,13.010000228881836,12.413999557495117,13.010000228881836,13.010000228881836,3736900.0,12.85452166619684,1.209524295982578,0.5658572060721261
KD,2026-09-10,13.020000457763672,13.119999885559082,12.545000076293945,12.680000305175781,12.680000305175781,2644400.0,12.837900584194834,-1.229954056611482,0.5830714362008231
KD,2026-09-11,12.779999732971191,13.180000305175781,12.670000076293945,13.149999618530273,13.149999618530273,2777300.0,12.86762430175059,2.194463485705489,0.5648571423121861
KD,2026-09-14,13.420000076293945,13.725000381469727,13.199999809265137,13.569999694824219,13.569999694824219,3628300.0,12.93451719632903,4.91307475067988,0.5520000457763672
KD,2026-09-15,13.399999618530273,13.845000267028809,13.175000190734863,13.239999771118164,13.239999771118164,2958000.0,12.963610774880376,2.1320371387063553,0.5641429083687919
KD,2026-09-16,13.010000228881836,13.239999771118164,12.640000343322754,12.84000015258789,12.84000015258789,3039800.0,12.951838334662044,-0.8634927273207915,0.5687856674194336
KD,2026-09-17,13.0,13.180000305175781,12.852999687194824,12.949999809265137,12.949999809265137,3097100.0,12.951663237005196,-0.012843352314062528,0.5509285245622907
KD,2026-09-18,12.970000267028809,13.0,12.029999732971191,12.069999694824219,12.069999694824219,9615200.0,12.867695280607009,-6.199211034978447,0.5902142524719238
KD,2026-09-21,12.25,12.609999656677246,12.079999923706055,12.199999809265137,12.199999809265137,3471200.0,12.804105235717307,-4.718060460538909,0.5712857246398926
KD,2026-09-22,12.4399995803833,12.470000267028809,11.914999961853027,12.0600004196167,12.0600004196167,3772700.0,12.733238110374392,-5.287246534792855,0.5737857818603516
KD,2026-09-23,12.100000381469727,12.4350004196167,11.970000267028809,12.109999656677246,12.109999656677246,2796200.0,12.67388206716514,-4.449168830036476,0.5780714579990932
KD,2026-09-24,12.140000343322754,12.229999542236328,11.515000343322754,11.739999771118164,11.739999771118164,3094100.0,12.584940896113046,-6.713906183348451,0.5891428674970355
KD,2026-09-25,11.720000267028809,11.954999923706055,11.5600004196167,11.600000381469727,11.600000381469727,3986800.0,12.491137037575587,-7.13415162627038,0.5818571363176618
KD,2026-09-28,11.399999618530273,11.524999618530273,11.15999984741211,11.229999542236328,11.229999542236328,3964000.0,12.371028704686132,-9.223397582268833,0.5675715037754604
KD,2026-09-29,11.295000076293945,11.475000381469727,10.954999923706055,11.289999961853027,11.289999961853027,3964400.0,12.268073586321075,-7.9725118828648185,0.5621429170880999
KD,2026-09-30,11.329999923706055,11.404999732971191,11.154999732971191,11.260000228881836,11.260000228881836,4508400.0,12.17206659989829,-7.4931102580729885,0.538928644997733
KD,2026-10-01,11.779999732971191,12.125,11.729999542236328,11.875,11.875,962992.0,12.14377454276512,-2.2132701971583235,0.5642857551574707
KOD,2026-08-20,39.5,40.52000045776367,38.689998626708984,39.84000015258789,39.84000015258789,486600.0,39.84000015258789,0.0,
KOD,2026-08-21,40.38999938964844,40.900001525878906,37.9900016784668,38.33000183105469,38.33000183105469,509100.0,39.69619078863234,-3.441612231390434,
KOD,2026-08-24,38.33000183105469,38.900001525878906,36.459999084472656,37.220001220703125,37.220001220703125,717500.0,39.46036321073432,-5.677499667366859,2.393334706624349
KOD,2026-08-25,37.9900016784668,39.68000030517578,37.70000076293945,39.459999084472656,39.459999084472656,571300.0,39.46032853204274,-0.000834882988398622,2.410000801086426
KOD,2026-08-26,39.939998626708984,40.029998779296875,38.400001525878906,39.33000183105469,39.33000183105469,296800.0,39.44791646528197,-0.2989121981412102,2.2540000915527343
KOD,2026-08-27,39.369998931884766,40.11000061035156,38.650001525878906,39.119998931884766,39.119998931884766,474900.0,39.41668622400605,-0.7526946594018646,2.121666590372721
KOD,2026-08-28,38.72999954223633,39.619998931884766,37.400001525878906,37.720001220703125,37.720001220703125,469000.0,39.25509717607244,-3.9105646547858197,2.135713849748884
KOD,2026-08-31,37.279998779296875,37.7599983215332,35.5,37.349998474121094,37.349998474121094,1151500.0,39.073659204458025,-4.411311265519446,2.151249408721924
KOD,2026-09-01,37.0099983215332,38.11000061035156,36.70000076293945,37.060001373291016,37.060001373291016,391600.0,38.88188226815641,-4.685680807067005,2.0688883463541665
KOD,2026-09-02,37.439998626708984,39.540000915527344,36.61000061035156,37.5,37.5,507400.0,38.75027443309389,-3.2264918155679445,2.154999542236328
KOD,2026-09-03,37.599998474121094,37.81999969482422,36.20000076293945,36.36000061035156,36.36000061035156,460200.0,38.522629307118436,-5.613917678166502,2.106363123113459
KOD,2026-09-04,35.97999954223633,36.619998931884766,35.18000030517578,35.36000061035156,35.36000061035156,671800.0,38.22142657409302,-7.486444699269734,2.050832748413086
KOD,2026-09-08,34.709999084472656,35.27000045776367,33.91999816894531,35.06999969482422,35.06999969482422,673200.0,37.92129068082932,-7.518971360978865,2.0038458017202525
KOD,2026-09-09,35.0,35.93000030517578,33.72999954223633,33.779998779296875,33.779998779296875,643500.0,37.52688192830242,-9.98453097212877,2.017856870378767
KOD,2026-09-10,33.290000915527344,33.40999984741211,32.61000061035156,32.869998931884766,32.869998931884766,668200.0,37.083369261976934,-11.361886511246178,1.9707137516566686
KOD,2026-09-11,33.099998474121094,34.06999969482422,32.310001373291016,32.88999938964844,32.88999938964844,682600.0,36.68400070270755,-10.34238698174239,1.888570785522461
KOD,2026-09-14,33.209999084472656,33.88999938964844,32.959999084472656,33.13999938964844,33.13999938964844,547600.0,36.34647676813049,-8.82197578306565,1.7857134682791573
KOD,2026-09-15,32.709999084472656,33.290000915527344,32.380001068115234,32.9900016784668,32.9900016784668,819600.0,36.02681247387681,-8.429307470962122,1.6749992370605469
KOD,2026-09-16,33.119998931884766,33.4900016784668,31.6200008392334,32.77000045776367,32.77000045776367,707900.0,35.71663990091365,-8.250046620635775,1.6921423503330775
KOD,2026-09-17,33.31999969482422,33.689998626708984,32.72999954223633,32.849998474121094,32.849998474121094,826100.0,35.44362643169531,-7.317614529575545,1.6564280646187919
KOD,2026-09-18,32.779998779296875,32.81999969482422,31.540000915527344,32.709999084472656,32.709999084472656,1608900.0,35.18328097005505,-7.029707910661987,1.5914280755179269
KOD,2026-09-21,33.040000915527344,33.34000015258789,32.0,32.41999816894531,32.41999816894531,666200.0,34.92011117947317,-7.159521908960809,1.5257139205932617
KOD,2026-09-22,32.709999084472656,34.45000076293945,32.459999084472656,33.79999923706055,33.79999923706055,1038200.0,34.813433851624346,-2.911044681438435,1.569999831063407
KOD,2026-09-23,34.099998474121094,34.47999954223633,30.799999237060547,31.520000457763672,31.520000457763672,1052500.0,34.49977352839952,-8.637080090345982,1.6235712596348353
KOD,2026-09-24,30.899999618530273,33.779998779296875,29.809999465942383,33.220001220703125,33.220001220703125,1290100.0,34.377890451476055,-3.368121823551906,1.7914284297398158
KOD,2026-09-25,33.029998779296875,33.709999084472656,31.0,32.349998474121094,32.349998474121094,2277300.0,34.18475788220415,-5.367185616482583,1.8821427481515067
KOD,2026-09-28,61.709999084472656,95.7699966430664,60.4900016784668,89.91999816894531,89.91999816894531,38552000.0,39.492876004750926,127.68662924960972,6.3092853001185825
KOD,2026-09-29,87.19999694824219,93.13999938964844,83.63999938964844,91.12000274658203,91.12000274658203,6047100.0,44.40974521825865,105.18019704629809,6.830713817051479
KOD,2026-09-30,93.83000183105469,98.80000305175781,88.4800033569336,94.80000305175781,94.80000305175781,4908200.0,49.20881739287762,92.64840748942478,7.484285354614258
KOD,2026-10-01,96.0,104.0,93.95999908447266,99.01000213623047,99.01000213623047,1645047.0,53.951787368435035,83.51570349299888,8.075714111328125
LITE,2026-08-20,830.0,881.8800048828125,815.030029296875,879.280029296875,879.280029296875,4260100.0,879.280029296875,0.0,
LITE,2026-08-21,898.6199951171875,922.989990234375,855.010009765625,866.7100219726562,866.7100219726562,3660700.0,878.0828857421875,-1.2951925102057449,
LITE,2026-08-24,823.5999755859375,844.0,784.469970703125,830.1699829101562,830.1699829101562,3919000.0,873.5197521391369,-4.962654722211224,72.35666910807292
LITE,2026-08-25,858.0999755859375,887.3599853515625,841.0999755859375,885.5650024414062,885.5650024414062,3240600.0,874.6669188345911,1.2459695653444625,68.56500244140625
LITE,2026-08-26,880.0,947.530029296875,876.0900268554688,939.030029296875,939.030029296875,4511400.0,880.7967388786182,6.6114334724259205,69.14000244140625
LITE,2026-08-27,958.72998046875,970.3200073242188,918.010009765625,956.1400146484375,956.1400146484375,4119600.0,887.9722889519343,7.676785249341611,66.33500162760417
LITE,2026-08-28,941.7100219726562,942.9099731445312,893.6500244140625,895.0,895.0,3442100.0,888.6415947660357,0.7155196506009043,65.78571428571429
LITE,2026-08-31,894.5800170898438,918.8400268554688,886.8350219726562,914.760009765625,914.760009765625,3206500.0,891.1290628612347,2.651798475578393,61.56312561035156
LITE,2026-09-01,901.0399780273438,909.1400146484375,854.1259765625,868.9500122070312,868.9500122070312,3834300.0,889.0167723227391,-2.257185774266035,61.45989312065972
LITE,2026-09-02,867.7139892578125,887.4600219726562,848.4299926757812,870.5800170898438,870.5800170898438,2791300.0,887.2608908719872,-1.8800415924734026,59.21690673828125
LITE,2026-09-03,874.0,874.0,818.8900146484375,847.3699951171875,847.3699951171875,3301500.0,883.4617579429586,-4.085266000625387,58.84355024857955
LITE,2026-09-04,861.385009765625,885.8300170898438,841.0399780273438,881.2550048828125,881.2550048828125,3558500.0,883.2515909848495,-0.22604953361144986,57.67242431640625
LITE,2026-09-08,897.5599975585938,1000.1500244140625,884.7000122070312,978.5349731445312,978.5349731445312,7390800.0,892.3261988095811,9.661127786000012,62.38185471754808
LITE,2026-09-09,980.0549926757812,1026.760009765625,978.1099853515625,988.97998046875,988.97998046875,4539800.0,901.5313208723592,9.700013473938075,61.401009695870535
LITE,2026-09-10,959.4400024414062,994.5,933.8200073242188,935.7000122070312,935.7000122070312,3962400.0,904.7854819518517,3.4167800955966943,60.960296630859375
LITE,2026-09-11,945.594970703125,973.5,914.6500244140625,927.030029296875,927.030029296875,3396700.0,906.9040102704254,2.219200576745539,60.308153424944194
LITE,2026-09-14,860.875,878.989990234375,833.7000122070312,835.030029296875,835.030029296875,4919200.0,900.0588692253253,-7.22495407266196,61.100293840680806
LITE,2026-09-15,842.7050170898438,856.0,832.1099853515625,838.9600219726562,838.9600219726562,2893700.0,894.2399313917379,-6.18177599529105,58.72172328404018
LITE,2026-09-16,856.0,937.8800048828125,855.0900268554688,919.4000244140625,919.4000244140625,6482700.0,896.6361307271974,2.538810662069002,60.684579031808035
LITE,2026-09-17,934.8800048828125,945.0,886.0999755859375,893.6099853515625,893.6099853515625,4902900.0,896.3479264057083,-0.3054551668485228,61.15529523577009
LITE,2026-09-18,915.6599731445312,951.5999755859375,896.0,930.9099731445312,930.9099731445312,9259400.0,899.6395499046439,3.4758835628337925,60.83386666434152
LITE,2026-09-21,959.27001953125,983.4500122070312,946.0,954.489990234375,954.489990234375,4713600.0,904.8634013646183,5.484428787252882,62.30065482003348
LITE,2026-09-22,937.1699829101562,1002.0,934.3800048828125,945.6699829101562,945.6699829101562,4333900.0,908.7497424641934,4.062751131664566,62.799652099609375
LITE,2026-09-23,946.5599975585938,960.0,924.5499877929688,937.0,937.0,3271500.0,911.4402431818893,2.8043261211377013,62.543936593191965
LITE,2026-09-24,923.8300170898438,954.4500122070312,912.0,929.0399780273438,929.0399780273438,3671300.0,913.1164084052659,1.7438707130329467,61.63965279715402
LITE,2026-09-25,936.0349731445312,962.8800048828125,913.2899780273438,941.6500244140625,941.6500244140625,3853800.0,915.833895644199,2.818865832837991,61.982509068080354
LITE,2026-09-28,947.7999877929688,950.969970703125,881.22998046875,921.3200073242188,921.3200073242188,4461500.0,916.3563824708675,0.5416696984166025,58.471435546875
LITE,2026-09-29,945.0,998.8800048828125,934.5050048828125,973.489990234375,973.489990234375,6036700.0,921.7976784483444,5.607771964998198,60.53643362862723
LITE,2026-09-30,985.5349731445312,1009.4500122070312,940.27001953125,971.260009765625,971.260009765625,3996400.0,926.5083766690378,4.830137991571881,61.14357648577009
LITE,2026-10-01,978.4249877929688,1058.8800048828125,966.0001220703125,1053.93994140625,1053.93994140625,2696482.0,938.64471616782,12.283159245720011,63.57428414481027
LQDA,2026-08-20,73.55000305175781,74.52999877929688,70.8499984741211,71.05000305175781,71.05000305175781,1583500.0,71.05000305175781,0.0,
LQDA,2026-08-21,70.91000366210938,71.12999725341797,68.05000305175781,68.62000274658203,68.62000274658203,1698900.0,70.81857445126488,-3.1045127944446804,
LQDA,2026-08-24,67.7699966430664,71.11000061035156,67.25,70.2699966430664,70.2699966430664,1291300.0,70.76632894572217,-0.7013678822260894,3.5399983723958335
LQDA,2026-08-25,71.5,73.06999969482422,70.0999984741211,70.48999786376953,70.48999786376953,931000.0,70.74001169982192,-0.35342634252493177,3.3974990844726562
LQDA,2026-08-26,70.13999938964844,72.95999908447266,70.0,71.36000061035156,71.36000061035156,846000.0,70.7990582627295,0.7923019901485917,3.3099990844726563
LQDA,2026-08-27,71.01000213623047,71.69999694824219,69.51000213623047,69.94000244140625,69.94000244140625,548700.0,70.71724342260347,-1.099082689850428,3.1233317057291665
LQDA,2026-08-28,69.98999786376953,70.30999755859375,67.56999969482422,67.69000244140625,67.69000244140625,926300.0,70.42893475772755,-3.8889304882192333,3.0685697283063615
LQDA,2026-08-31,67.0999984741211,68.2699966430664,66.0999984741211,68.16999816894531,68.16999816894531,1054400.0,70.21379793974829,-2.910823557154385,2.9562482833862305
LQDA,2026-09-01,67.69999694824219,69.0,66.0999984741211,66.91000366210938,66.91000366210938,1410000.0,69.89915086568745,-4.276371267115642,2.9499986436631946
LQDA,2026-09-02,67.4000015258789,70.12999725341797,66.7300033569336,69.68000030517578,69.68000030517578,1282600.0,69.87827938373395,-0.28374922838230177,2.9949981689453127
LQDA,2026-09-03,69.2699966430664,70.75,68.1500015258789,68.62999725341797,68.62999725341797,931700.0,69.75939537132291,-1.618990692068445,2.9590891057794746
LQDA,2026-09-04,67.91000366210938,69.47000122070312,67.4000015258789,68.66000366210938,68.66000366210938,900200.0,69.65469139901685,-1.4280269095004794,2.884998321533203
LQDA,2026-09-08,68.0,69.20999908447266,67.06999969482422,67.68000030517578,67.68000030517578,1329000.0,69.4666255805558,-2.571918904147985,2.8276907113882213
LQDA,2026-09-09,67.38999938964844,69.38999938964844,67.3499984741211,69.12000274658203,69.12000274658203,997300.0,69.43361388208211,-0.4516704776920899,2.7714271545410156
LQDA,2026-09-10,67.87000274658203,68.3499984741211,66.62000274658203,67.8499984741211,67.8499984741211,955000.0,69.28279336703821,-2.068038575359721,2.6871414184570312
LQDA,2026-09-11,68.66000366210938,69.94000244140625,66.68000030517578,66.73999786376953,66.73999786376953,778500.0,69.04062236672691,-3.3322765990390746,2.6999991280691966
LQDA,2026-09-14,66.79000091552734,66.9000015258789,65.12999725341797,65.30999755859375,65.30999755859375,1074400.0,68.68532476595232,-4.914189776142308,2.550713675362723
LQDA,2026-09-15,65.30999755859375,65.93000030517578,62.86000061035156,65.72000122070312,65.72000122070312,1372100.0,68.4029129997381,-3.922218603534111,2.55785642351423
LQDA,2026-09-16,65.66999816894531,69.87000274658203,65.33999633789062,68.44999694824219,68.44999694824219,1296400.0,68.40739718530992,0.06227362052215746,2.669999803815569
LQDA,2026-09-17,69.51000213623047,70.80999755859375,67.41000366210938,68.38999938964844,68.38999938964844,1082300.0,68.40574025238978,-0.02301102609701955,2.7564283098493303
LQDA,2026-09-18,68.08000183105469,68.72000122070312,66.56999969482422,66.87999725341797,66.87999725341797,3895700.0,68.26043139534484,-2.0223050363273987,2.7142857142857144
LQDA,2026-09-21,67.18000030517578,67.41000366210938,65.73999786376953,66.43000030517578,66.43000030517578,1010200.0,68.08610462485254,-2.432367556936499,2.678571973528181
LQDA,2026-09-22,66.58999633789062,68.76000213623047,66.0,68.63999938964844,68.63999938964844,1139000.0,68.13885650721406,0.7354729857864895,2.668572017124721
LQDA,2026-09-23,68.5999984741211,68.5999984741211,67.0999984741211,67.48999786376953,67.48999786376953,765900.0,68.07706044593363,-0.8623500755152835,2.5357153756277904
LQDA,2026-09-24,67.04000091552734,71.41000366210938,66.75,70.94999694824219,70.94999694824219,1026100.0,68.3506734461535,3.8029230306507955,2.6828586033412387
LQDA,2026-09-25,71.5999984741211,71.80999755859375,67.55000305175781,68.43000030517578,68.43000030517578,967300.0,68.35822838510799,0.10499382702466864,2.8392868041992188
LQDA,2026-09-28,68.05000305175781,74.73999786376953,67.66000366210938,73.66999816894531,73.66999816894531,1206300.0,68.86411122166393,6.97879760883271,3.19214357648577
LQDA,2026-09-29,72.48999786376953,73.1500015258789,68.73999786376953,70.69000244140625,70.69000244140625,1532900.0,69.03800562354415,2.3928802736136845,3.398572104317801
LQDA,2026-09-30,70.54000091552734,71.93000030517578,29.860000610351562,30.260000228881836,30.260000228881836,22856700.0,65.34486225262393,-53.691844797382295,6.225000653948102
LQDA,2026-10-01,24.014999389648438,26.550199508666992,22.309999465942383,25.815000534057617,25.815000534057617,10259195.0,61.58011351752237,-58.07899813839729,6.560000555855887
LRCX,2026-08-20,305.2300109863281,312.5400085449219,302.95001220703125,310.5299987792969,310.2004699707031,6802600.0,310.5299987792969,0.0,
LRCX,2026-08-21,317.8599853515625,319.1000061035156,303.8500061035156,314.0,313.6667785644531,5940400.0,310.86047508603053,1.009946637024406,
LRCX,2026-08-24,307.94000244140625,311.44000244140625,297.7799987792969,310.1700134277344,309.8408508300781,8608400.0,310.7947168328595,-0.20100193835053126,13.686665852864584
LRCX,2026-08-25,316.20001220703125,318.6099853515625,307.8599853515625,314.6600036621094,314.3260803222656,5018300.0,311.1628393880261,1.1239016461481288,12.952499389648438
LRCX,2026-08-26,314.6099853515625,315.7200012207031,308.04998779296875,312.8800048828125,312.5479736328125,4113500.0,311.3263789589581,0.49903446314107924,11.896002197265625
LRCX,2026-08-27,318.8800048828125,321.4100036621094,310.44000244140625,318.5799865722656,318.2419128417969,6555900.0,312.01719873165405,2.103341696319694,11.741668701171875
LRCX,2026-08-28,318.0299987792969,318.2900085449219,301.04998779296875,301.8999938964844,301.5796203613281,8057600.0,311.05365541401886,-2.942791816849344,12.568572998046875
LRCX,2026-08-31,303.19000244140625,303.3999938964844,298.7699890136719,301.489990234375,301.1700439453125,6949300.0,310.14283015881466,-2.789953235420206,11.576251983642578
LRCX,2026-09-01,294.55999755859375,296.3399963378906,286.5899963378906,290.20001220703125,289.8920593261719,8249700.0,308.24351416340676,-5.853651780913138,11.945556640625
LRCX,2026-09-02,291.5,292.19000244140625,284.3999938964844,288.32000732421875,288.0140380859375,4840600.0,306.34603732157933,-5.884205376039575,11.530001831054687
LRCX,2026-09-03,283.7300109863281,292.7799987792969,278.0400085449219,292.6600036621094,292.34942626953125,7207100.0,305.04260554448695,-4.059302424418776,11.821818958629262
LRCX,2026-09-04,303.4700012207031,310.29998779296875,297.3800048828125,307.6499938964844,307.3235168457031,8355500.0,305.29092824467716,0.7727270722949653,12.306666056315104
LRCX,2026-09-08,314.489990234375,321.7699890136719,312.0299987792969,320.4200134277344,320.0799865722656,8937400.0,306.7317935002064,4.462602253039272,12.446152907151442
LRCX,2026-09-09,319.260009765625,322.2099914550781,312.760009765625,315.8399963378906,315.50482177734375,5580100.0,307.59924138950964,2.679055680097009,12.232140677315849
LRCX,2026-09-10,302.1499938964844,307.0299987792969,297.010009765625,298.010009765625,297.6937561035156,10597400.0,306.68598123485395,-2.8289429579714254,12.892139979771205
LRCX,2026-09-11,303.45001220703125,303.69000244140625,294.5400085449219,298.2200012207031,297.9035339355469,9364200.0,305.87969742398246,-2.504153190874314,12.456425258091517
LRCX,2026-09-14,275.0,280.20001220703125,273.239990234375,273.489990234375,273.19976806640625,13682900.0,302.79496340592465,-9.67815740457466,13.082140241350446
LRCX,2026-09-15,278.6099853515625,278.6099853515625,265.3699951171875,270.8699951171875,270.5825500488281,8930500.0,299.7544902355687,-9.636050854711698,13.259996686662946
LRCX,2026-09-16,277.1300048828125,277.7799987792969,265.75,269.2300109863281,268.9443054199219,7603200.0,296.84739697373624,-9.303563470307807,13.571424211774554
LRCX,2026-09-17,280.4599914550781,281.3999938964844,266.8999938964844,269.30999755859375,269.0242004394531,11273200.0,294.22478750562743,-8.467943900395259,13.82356698172433
LRCX,2026-09-18,274.4100036621094,288.2699890136719,272.6400146484375,288.1099853515625,287.8042297363281,19636000.0,293.6424253957165,-1.8840738141630564,13.925709315708705
LRCX,2026-09-21,292.489990234375,305.69000244140625,290.0400085449219,302.2799987792969,301.959228515625,11336000.0,294.46505143224795,2.6539473221143917,14.850710187639509
LRCX,2026-09-22,296.82000732421875,311.3900146484375,296.0799865722656,310.9599914550781,310.6300048828125,9294800.0,296.0359981010889,5.041276550729834,14.879998343331474
LRCX,2026-09-23,307.5,309.75,298.55999755859375,307.2799987792969,307.2799987792969,9644600.0,297.1068553085373,3.4240689129152013,15.209283011300224
LRCX,2026-09-24,301.8599853515625,307.2200012207031,298.8599853515625,307.1600036621094,307.1600036621094,7900100.0,298.06429800887753,3.051591792104169,14.757856096540179
LRCX,2026-09-25,309.17999267578125,317.1300048828125,307.5,315.2099914550781,315.2099914550781,8138100.0,299.69722119423,5.176147512824114,14.210000174386161
LRCX,2026-09-28,313.8800048828125,316.30999755859375,305.5,314.4700012207031,314.4700012207031,9178800.0,301.1041526253227,4.438945288148233,13.97357177734375
LRCX,2026-09-29,323.6300048828125,328.32000732421875,319.1499938964844,323.8599853515625,323.8599853515625,7964600.0,303.2713747897265,6.788840712748145,14.287859235491071
LRCX,2026-09-30,324.6499938964844,330.5,322.05999755859375,328.510009765625,328.510009765625,7685900.0,305.6750543112407,7.470336598397598,13.545717511858259
LRCX,2026-10-01,331.9800109863281,340.54998779296875,331.0450134277344,336.9100036621094,336.9100036621094,2328056.0,308.6498113922758,9.15606983278423,13.752144949776786
MCHP,2026-08-20,76.69000244140625,77.41999816894531,75.68000030517578,75.80999755859375,75.35661315917969,6824800.0,75.80999755859375,0.0,
MCHP,2026-08-21,76.81999969482422,77.0,75.05999755859375,76.08000183105469,75.625,4628800.0,75.83571225120907,0.3221299999614846,
MCHP,2026-08-24,74.79000091552734,75.2300033569336,72.7699966430664,74.20999908447266,74.20999908447266,11782200.0,75.6808824258056,-1.943533550596399,2.3300018310546875
MCHP,2026-08-25,75.31999969482422,75.31999969482422,73.12999725341797,73.5,73.5,6001700.0,75.47317933763364,-2.6144113113434675,2.295001983642578
MCHP,2026-08-26,73.41000366210938,74.41000366210938,72.91000366210938,74.05000305175781,74.05000305175781,6224900.0,75.3376387389788,-1.7091532317361824,2.1360015869140625
MCHP,2026-08-27,74.58999633789062,75.56999969482422,73.70999908447266,75.48999786376953,75.48999786376953,7520800.0,75.35214913181602,0.18293935016022722,2.090001424153646
MCHP,2026-08-28,75.38999938964844,75.58000183105469,72.66999816894531,72.93000030517578,72.93000030517578,11147800.0,75.12146829118362,-2.9172326311745267,2.2071446010044644
MCHP,2026-08-31,73.51000213623047,74.05999755859375,72.75,73.44999694824219,73.44999694824219,7193300.0,74.96228054423682,-2.0173927274026893,2.095001220703125
MCHP,2026-09-01,71.91999816894531,72.37000274658203,70.44999694824219,71.41000366210938,71.41000366210938,10116500.0,74.62396846022467,-4.306880033897387,2.195556640625
MCHP,2026-09-02,71.45999908447266,73.19000244140625,70.66999816894531,72.76000213623047,72.76000213623047,5837700.0,74.4464478579395,-2.2653138870066036,2.2280014038085936
MCHP,2026-09-03,71.63999938964844,73.29000091552734,70.8499984741211,73.11000061035156,73.11000061035156,5814700.0,74.31916716769304,-1.626991533170874,2.247274225408381
MCHP,2026-09-04,73.77999877929688,74.86000061035156,73.20999908447266,74.16999816894531,74.16999816894531,7673200.0,74.30496059638374,-0.18163313237123946,2.205834706624349
MCHP,2026-09-08,74.6500015258789,74.83999633789062,72.83000183105469,73.37999725341797,73.37999725341797,8727500.0,74.21686884943462,-1.1276029412052302,2.190770075871394
MCHP,2026-09-09,73.05000305175781,74.2699966430664,72.55000305175781,73.01000213623047,73.01000213623047,5104200.0,74.1019291624628,-1.4735473672194965,2.1571431841169084
MCHP,2026-09-10,71.43000030517578,72.5999984741211,70.94000244140625,71.58000183105469,71.58000183105469,7593600.0,73.8617456070906,-3.0892091126219823,2.1807147434779575
MCHP,2026-09-11,72.81999969482422,75.16000366210938,72.44999694824219,74.19999694824219,74.19999694824219,8766900.0,73.89396002053361,0.41415689133934563,2.2978575570242747
MCHP,2026-09-14,71.05000305175781,72.37999725341797,70.69000244140625,71.4800033569336,71.4800033569336,10437000.0,73.66405938590503,-2.9648868758776814,2.3121425083705356
MCHP,2026-09-15,71.87999725341797,72.4000015258789,70.43000030517578,71.48999786376953,71.48999786376953,6744900.0,73.4570059076064,-2.677767790196839,2.2964281354631697
MCHP,2026-09-16,72.5999984741211,72.91000366210938,68.75,69.58999633789062,69.58999633789062,7330800.0,73.0887192819192,-4.786953415523987,2.4864283970424106
MCHP,2026-09-17,71.47000122070312,71.80000305175781,70.0999984741211,70.81999969482422,70.81999969482422,8555800.0,72.87265074981492,-2.8167646351137,2.5114288330078125
MCHP,2026-09-18,71.48999786376953,73.4000015258789,71.05999755859375,73.2699966430664,73.2699966430664,15928500.0,72.91049321583887,0.493075017560618,2.4878572736467635
MCHP,2026-09-21,74.69999694824219,75.16999816894531,72.73999786376953,74.77999877929688,74.77999877929688,9676200.0,73.08854136473963,2.3142579985503176,2.567857469831194
MCHP,2026-09-22,74.66999816894531,76.55000305175781,74.44000244140625,75.81999969482422,75.81999969482422,7456800.0,73.3486802533191,3.3692759473927802,2.504286084856306
MCHP,2026-09-23,75.05000305175781,75.7699966430664,73.7699966430664,75.52999877929688,75.52999877929688,7724400.0,73.55642487484079,2.683074806604857,2.470714569091797
MCHP,2026-09-24,73.91999816894531,74.75,73.12999725341797,74.69000244140625,74.69000244140625,8726300.0,73.66438464308511,1.392284484952122,2.4678573608398438
MCHP,2026-09-25,75.19999694824219,78.95999908447266,74.93000030517578,78.69000244140625,78.69000244140625,9747400.0,74.1430149095919,6.132725432542552,2.647857121058873
MCHP,2026-09-28,77.6500015258789,78.25,75.93000030517578,77.97000122070312,77.97000122070312,9394800.0,74.5074897963644,4.647199139042368,2.7014290945870534
MCHP,2026-09-29,79.29000091552734,80.37000274658203,78.47000122070312,78.77999877929688,78.77999877929688,7688400.0,74.91439541378654,5.160027447540405,2.7500010899135043
MCHP,2026-09-30,79.06999969482422,79.6500015258789,77.7300033569336,77.7699966430664,77.7699966430664,5726400.0,75.18635743562271,3.4363138414517547,2.7392866952078685
MCHP,2026-10-01,78.0,78.33999633789062,76.95999908447266,77.68000030517578,77.68000030517578,885006.0,75.423847232723,2.991299377093992,2.5821435110909596
MOS,2026-08-20,22.459999084472656,23.450000762939453,22.309999465942383,23.350000381469727,23.15400505065918,12618800.0,23.350000381469727,0.0,
MOS,2026-08-21,23.770000457763672,24.760000228881836,23.549999237060547,24.40999984741211,24.205108642578125,13529800.0,23.450952711559477,4.089587095452618,
MOS,2026-08-24,24.6200008392334,25.18000030517578,23.59000015258789,24.0,23.79854965209961,8719600.0,23.503242929506193,2.113568208369121,1.3800004323323567
MOS,2026-08-25,23.770000457763672,24.399999618530273,23.65999984741211,24.270000457763672,24.0662841796875,5898700.0,23.576267456006907,2.942505649171423,1.2200002670288086
MOS,2026-08-26,24.84000015258789,25.200000762939453,24.139999389648438,24.15999984741211,23.95720672607422,7950500.0,23.63186101709312,2.2348592433621084,1.18800048828125
MOS,2026-08-27,24.0,24.0,23.31999969482422,23.760000228881836,23.560564041137695,5662300.0,23.644064751549184,0.4903364905776364,1.1300004323323567
MOS,2026-08-28,23.950000762939453,24.290000915527344,23.329999923706055,23.600000381469727,23.401906967163086,5385000.0,23.63986814487495,-0.16864630192053864,1.1057147979736328
MOS,2026-08-31,23.68000030517578,24.510000228881836,23.68000030517578,24.1200008392334,23.917543411254883,6906200.0,23.685595068147183,1.834050484424643,1.0812504291534424
MOS,2026-09-01,23.940000534057617,25.209999084472656,23.420000076293945,24.780000686645508,24.572002410888672,9024800.0,23.789824174670834,4.162185078395497,1.1600002712673612
MOS,2026-09-02,24.700000762939453,26.0,24.6299991607666,25.780000686645508,25.563610076904297,9837500.0,23.9793647948589,7.5091058799549915,1.181000328063965
MOS,2026-09-03,26.1200008392334,26.309999465942383,25.149999618530273,25.489999771118164,25.276042938232422,7034600.0,24.123234792597877,5.665761620575327,1.1790911934592507
MOS,2026-09-04,25.0,26.040000915527344,24.770000457763672,25.850000381469727,25.63302230834961,8508100.0,24.287688658204722,6.432525322813021,1.1866669654846191
MOS,2026-09-08,26.149999618530273,26.889999389648438,26.020000457763672,26.530000686645508,26.307313919067383,10580300.0,24.50124218472289,8.280227127372331,1.1753848149226263
MOS,2026-09-09,26.799999237060547,26.959999084472656,26.079999923706055,26.209999084472656,25.98999786376953,7524100.0,24.66398093708001,6.268323638980577,1.1542858396257674
MOS,2026-09-10,25.969999313354492,26.5,25.399999618530273,25.399999618530273,25.399999618530273,7802800.0,24.734077954360988,2.6923245952326758,1.1514286313738142
MOS,2026-09-11,25.43000030517578,25.979999542236328,25.049999237060547,25.190000534057617,25.190000534057617,6513500.0,24.777499152427335,1.6648225032423136,1.117142949785505
MOS,2026-09-14,24.809999465942383,25.15999984741211,24.469999313354492,25.049999237060547,25.049999237060547,8999200.0,24.803451541440023,0.9940055931675795,1.055000168936593
MOS,2026-09-15,24.959999084472656,25.649999618530273,24.610000610351562,25.459999084472656,25.459999084472656,11460700.0,24.865979878871702,2.3888831588160464,1.0764286858694894
MOS,2026-09-16,25.399999618530273,25.399999618530273,24.350000381469727,24.790000915527344,24.790000915527344,7644000.0,24.858743787124624,-0.2765339720540716,1.0799999237060547
MOS,2026-09-17,25.06999969482422,25.760000228881836,24.950000762939453,25.389999389648438,25.389999389648438,4707700.0,24.909339558793558,1.9296369930658974,1.0892855780465263
MOS,2026-09-18,25.360000610351562,25.360000610351562,24.459999084472656,24.479999542236328,24.479999542236328,11772300.0,24.868450033407157,-1.5620213187754084,1.0871426718575614
MOS,2026-09-21,24.719999313354492,24.940000534057617,23.030000686645508,24.06999969482422,24.06999969482422,13089900.0,24.792407144018306,-2.913825369991885,1.1585712432861328
MOS,2026-09-22,24.09000015258789,24.989999771118164,23.850000381469727,24.729999542236328,24.729999542236328,6173000.0,24.78646356289621,-0.22780184239111767,1.112142699105399
MOS,2026-09-23,24.5,25.06999969482422,24.290000915527344,24.3700008392334,24.3700008392334,5306400.0,24.746800446356893,-1.5226194915188174,1.0699996948242188
MOS,2026-09-24,24.299999237060547,24.43000030517578,23.18000030517578,23.690000534057617,23.690000534057617,9221100.0,24.646152835661724,-3.8795194851693138,1.0764282771519251
MOS,2026-09-25,23.700000762939453,23.700000762939453,22.65999984741211,23.010000228881836,23.010000228881836,9100700.0,24.490328777873163,-6.044543388608137,1.059999738420759
MOS,2026-09-28,22.760000228881836,22.760000228881836,22.149999618530273,22.25,22.25,6946400.0,24.276964132361435,-8.349331165586193,1.047142710004534
MOS,2026-09-29,22.25,22.59000015258789,22.079999923706055,22.420000076293945,22.420000076293945,5328800.0,24.10011041273596,-6.971380245437153,1.020714214869908
MOS,2026-09-30,22.610000610351562,22.850000381469727,21.530000686645508,21.649999618530273,21.649999618530273,7848000.0,23.866766527573514,-9.288090644713797,1.036428451538086
MOS,2026-10-01,21.299999237060547,21.308399200439453,20.3799991607666,20.635000228881836,20.635000228881836,3223020.0,23.55897926103145,-12.411314597938139,1.0607141767229353
MP,2026-08-20,55.77000045776367,55.77000045776367,52.41999816894531,55.040000915527344,55.040000915527344,5623100.0,55.040000915527344,0.0,
MP,2026-08-21,56.689998626708984,60.59000015258789,55.849998474121094,60.04999923706055,60.04999923706055,8420000.0,55.51714361281622,8.16478537847165,
MP,2026-08-24,59.29999923706055,60.16999816894531,56.119998931884766,57.41999816894531,57.41999816894531,7100600.0,55.69836785625708,3.0909888008411768,4.316666920979817
MP,2026-08-25,57.17499923706055,60.34000015258789,55.58000183105469,60.16999816894531,60.16999816894531,5261100.0,56.12423740984644,7.208580367078787,4.427499771118164
MP,2026-08-26,60.5,62.470001220703125,58.314998626708984,59.310001373291016,59.310001373291016,7571900.0,56.42764350160306,5.108059973488133,4.3730003356933596
MP,2026-08-27,59.5,59.52000045776367,57.27000045776367,59.029998779296875,59.029998779296875,4378700.0,56.67548686138342,4.1543744011800054,4.019166946411133
MP,2026-08-28,58.9900016784668,59.79999923706055,55.63999938964844,56.130001068115234,56.130001068115234,4895800.0,56.62353583345311,-0.871607111907513,4.039285932268415
MP,2026-08-31,56.130001068115234,56.130001068115234,54.279998779296875,54.75,54.75,4198900.0,56.44510384931472,-3.0031016575679526,3.765625476837158
MP,2026-09-01,53.5,54.499000549316406,52.349998474121094,53.7400016784668,53.7400016784668,3767300.0,56.18747507113873,-4.355905634793511,3.6138894822862415
MP,2026-09-02,53.70500183105469,55.20000076293945,53.5,54.70000076293945,54.70000076293945,3250100.0,56.04581085131023,-2.401267941222607,3.4225006103515625
MP,2026-09-03,55.20000076293945,55.62799835205078,53.25,53.779998779296875,53.779998779296875,3421400.0,55.83001922540419,-3.6718963642672353,3.327545859596946
MP,2026-09-04,56.56999969482422,58.52000045776367,54.19499969482422,54.529998779296875,54.529998779296875,7041400.0,55.70620775434635,-2.111450451332697,3.4452505111694336
MP,2026-09-08,54.814998626708984,57.310001373291016,54.560001373291016,55.369998931884766,55.369998931884766,5592500.0,55.674187866492865,-0.5463733666623893,3.3940775944636417
MP,2026-09-09,55.11000061035156,56.32500076293945,54.209999084472656,54.29999923706055,54.29999923706055,3862800.0,55.54331275892788,-2.238457629028423,3.3027150290352956
MP,2026-09-10,53.33000183105469,53.72600173950195,51.119998931884766,51.31999969482422,51.31999969482422,6852000.0,55.141092467108486,-6.929664613669995,3.290572030203683
MP,2026-09-11,51.099998474121094,51.7400016784668,50.33000183105469,50.5099983215332,50.5099983215332,4869400.0,54.7000358818156,-7.660027078108966,2.9948577880859375
MP,2026-09-14,49.77000045776367,51.7400016784668,49.5099983215332,50.68000030517578,50.68000030517578,4133500.0,54.317175350707046,-6.69617855134641,2.8648580823625838
MP,2026-09-15,50.470001220703125,51.18000030517578,48.880001068115234,49.16999816894531,49.16999816894531,4510700.0,53.82696800006307,-8.651740947237263,2.689143862043108
MP,2026-09-16,49.560001373291016,49.70000076293945,47.880001068115234,48.9900016784668,48.9900016784668,3766700.0,53.366304540863425,-8.200498235821485,2.522357940673828
MP,2026-09-17,50.41999816894531,50.5099983215332,49.220001220703125,49.380001068115234,49.380001068115234,4056500.0,52.98665659107788,-6.806724098100481,2.47021484375
MP,2026-09-18,49.9900016784668,50.20000076293945,47.2599983215332,47.2599983215332,47.2599983215332,9802600.0,52.441260565406964,-9.880125283051633,2.383072171892439
MP,2026-09-21,48.584999084472656,50.650001525878906,48.584999084472656,50.0,50.0,5401000.0,52.20875955917773,-4.2306302195786465,2.4930722372872487
MP,2026-09-22,50.68000030517578,51.334999084472656,48.672000885009766,51.040000915527344,51.040000915527344,5609500.0,52.09744921216341,-2.0297506166370605,2.511857713971819
MP,2026-09-23,50.77000045776367,50.779998779296875,48.720001220703125,48.88999938964844,48.88999938964844,4196700.0,51.79197780049532,-5.60314267592833,2.556143351963588
MP,2026-09-24,48.369998931884766,49.88999938964844,47.599998474121094,49.29999923706055,49.29999923706055,4653400.0,51.55464650873962,-4.3733153544111,2.5498578207833424
MP,2026-09-25,49.29999923706055,49.7599983215332,48.132999420166016,48.83000183105469,48.83000183105469,3845100.0,51.29515653943629,-4.805823541032305,2.327500479561942
MP,2026-09-28,47.68000030517578,47.83100128173828,46.310001373291016,46.45000076293945,46.45000076293945,5285900.0,50.833713132150876,-8.623632032968388,2.308928898402623
MP,2026-09-29,46.880001068115234,46.880001068115234,44.75199890136719,45.43000030517578,45.43000030517578,6893500.0,50.31907381529611,-9.71614367956457,2.309857504708426
MP,2026-09-30,45.95000076293945,48.665000915527344,45.904998779296875,47.290000915527344,47.290000915527344,6039200.0,50.0305906819848,-5.477828122953376,2.313786097935268
MP,2026-10-01,46.5099983215332,46.8942985534668,44.79999923706055,45.119998931884766,45.119998931884766,1917369.0,49.562915277213364,-8.964194943898384,2.3909290858677457
MRVL,2026-08-20,237.57000732421875,251.72999572753906,234.52999877929688,251.00999450683594,251.00999450683594,29226500.0,251.00999450683594,0.0,
MRVL,2026-08-21,252.38999938964844,252.52000427246094,233.27999877929688,237.0399932861328,237.0399932861328,25526600.0,249.6795182001023,-5.062299464964415,
MRVL,2026-08-24,229.22000122070312,231.6999969482422,220.4199981689453,229.2899932861328,229.2899932861328,18791400.0,247.73765868448615,-7.446451821782951,17.686665852864582
MRVL,2026-08-25,237.3800048828125,246.6999969482422,235.92999267578125,240.3800048828125,240.3800048828125,21347000.0,247.03692975099344,-2.694708388292766,17.61750030517578
MRVL,2026-08-26,240.0,245.1699981689453,236.7899932861328,245.11000061035156,245.11000061035156,17107000.0,246.85341268997993,-0.7062539912372601,15.770001220703126
MRVL,2026-08-27,253.44000244140625,254.60000610351562,240.3800048828125,241.4499969482422,241.4499969482422,41014700.0,246.3388016669573,-1.98458573543141,15.511667887369791
MRVL,2026-08-28,225.25999450683594,228.8800048828125,215.5500030517578,216.6199951171875,216.6199951171875,48979900.0,243.50843913840777,-11.042099450991572,16.995714460100448
MRVL,2026-08-31,216.3000030517578,218.22000122070312,209.52999877929688,211.66000366210938,211.66000366210938,23650800.0,240.4752548073317,-11.982626307355016,15.957500457763672
MRVL,2026-09-01,205.11000061035156,210.4499969482422,200.6199951171875,210.38999938964844,210.38999938964844,22284200.0,237.60999238659997,-11.455744231776087,15.411112467447916
MRVL,2026-09-02,205.25,208.49000549316406,203.5,206.47999572753906,206.47999572753906,15224800.0,234.64523080002274,-12.003327310959754,14.559001159667968
MRVL,2026-09-03,204.35000610351562,212.77000427246094,201.10000610351562,208.8300018310547,208.8300018310547,18768900.0,232.18663756488294,-10.059422875832558,14.296364524147727
MRVL,2026-09-04,211.66000366210938,223.6699981689453,210.8699951171875,223.5500030517578,223.5500030517578,21218100.0,231.36410094458532,-3.3774029164096997,14.341667175292969
MRVL,2026-09-08,227.0,231.88999938964844,222.52999877929688,225.41000366210938,225.41000366210938,20618200.0,230.79704406054,-2.3341028566282507,13.95846205491286
MRVL,2026-09-09,223.8000030517578,241.8800048828125,223.60000610351562,235.00999450683594,235.00999450683594,20477900.0,231.1982774363777,1.6486788365052352,14.267143249511719
MRVL,2026-09-10,228.02999877929688,234.49000549316406,226.14999389648438,226.9600067138672,226.9600067138672,16467600.0,230.79463260566243,-1.661488332073613,13.671429225376674
MRVL,2026-09-11,234.6300048828125,240.1999969482422,229.27999877929688,236.10000610351562,236.10000610351562,17310200.0,231.29990627212464,2.075270979895527,13.242856706891741
MRVL,2026-09-14,215.80999755859375,224.10000610351562,213.6300048828125,218.82000732421875,218.82000732421875,22196800.0,230.11134446756216,-4.906901556491972,13.660714285714286
MRVL,2026-09-15,221.6199951171875,227.6199951171875,220.9199981689453,221.6999969482422,221.6999969482422,12742900.0,229.31026375143645,-3.31876414020591,13.045713152204241
MRVL,2026-09-16,226.72999572753906,233.77000427246094,224.5800018310547,229.7100067138672,229.7100067138672,16377400.0,229.3483345097632,0.1576955877517383,13.30928475516183
MRVL,2026-09-17,240.07000732421875,247.88999938964844,240.0,240.75999450683594,240.75999450683594,20969900.0,230.43515927138918,4.480581551918017,13.592141287667411
MRVL,2026-09-18,242.05999755859375,244.44000244140625,235.9600067138672,244.25,244.25,23635600.0,231.75085838839973,5.393352887026848,12.347855704171318
MRVL,2026-09-21,251.39999389648438,261.17999267578125,244.99000549316406,257.3800048828125,257.3800048828125,21466200.0,234.19172948310572,9.901406617085318,12.936426435198102
MRVL,2026-09-22,255.4600067138672,266.0,254.0,262.3599853515625,262.3599853515625,19926600.0,236.87442051819684,10.759103822866267,13.004997253417969
MRVL,2026-09-23,262.3599853515625,264.9700012207031,256.2200012207031,260.8999938964844,260.8999938964844,13683600.0,239.16257036374805,9.088973872322658,13.137854439871651
MRVL,2026-09-24,254.10000610351562,261.9800109863281,252.19000244140625,258.95001220703125,258.95001220703125,13424700.0,241.04708863453692,7.427147813279666,13.00356946672712
MRVL,2026-09-25,263.55999755859375,267.4800109863281,257.42999267578125,261.94000244140625,261.94000244140625,12427900.0,243.03688994947686,7.777877875189665,12.66142817905971
MRVL,2026-09-28,259.6499938964844,261.7799987792969,248.13999938964844,251.89999389648438,251.89999389648438,16916400.0,243.8809950872871,3.2880786001087126,12.978571210588727
MRVL,2026-09-29,258.54998779296875,264.3999938964844,256.8800048828125,263.2699890136719,263.2699890136719,17098900.0,245.72756593741897,7.138972385670628,12.565714154924665
MRVL,2026-09-30,264.6499938964844,265.0,256.239990234375,264.2099914550781,264.2099914550781,11903700.0,247.48779693910078,6.756775373491308,12.558571951729911
MRVL,2026-10-01,265.4599914550781,266.94000244140625,257.5799865722656,265.385009765625,265.385009765625,4777962.0,249.19229339876975,6.498080717505528,12.281430925641741
MSFT,2026-08-20,483.29998779296875,484.1600036621094,479.5,481.1499938964844,481.1499938964844,20020800.0,481.1499938964844,0.0,
MSFT,2026-08-21,479.8800048828125,486.3599853515625,478.5299987792969,483.239990234375,483.239990234375,22510800.0,481.34904116675966,0.3928436344303954,
MSFT,2026-08-24,483.2099914550781,490.6099853515625,481.8599853515625,487.30999755859375,487.30999755859375,17230800.0,481.91675129931525,1.1191240488606313,7.079996744791667
MSFT,2026-08-25,485.44000244140625,492.44000244140625,484.29998779296875,491.7099914550781,491.7099914550781,19519000.0,482.8494408379593,1.835054546556325,7.345001220703125
MSFT,2026-08-26,487.8500061035156,497.3999938964844,487.30999755859375,496.3699951171875,496.3699951171875,20758900.0,484.13711267407626,2.526739248628207,7.894000244140625
MSFT,2026-08-27,494.8800048828125,506.4800109863281,490.0799865722656,505.05999755859375,505.05999755859375,28688800.0,486.12976837736363,3.894069117473853,9.311670939127604
MSFT,2026-08-28,505.3299865722656,517.780029296875,504.8699951171875,513.530029296875,513.530029296875,29207300.0,488.7393170363647,5.072379363877899,9.825722830636161
MSFT,2026-08-31,510.3800048828125,512.1900024414062,506.3900146484375,507.2900085449219,507.2900085449219,27208900.0,490.5060495609892,3.421763910751885,9.490009307861328
MSFT,2026-09-01,497.5199890136719,505.9700012207031,496.7799987792969,501.0199890136719,501.0199890136719,21046900.0,491.50737712791135,1.9353955461150596,9.603342692057291
MSFT,2026-09-02,499.8500061035156,500.2699890136719,493.80999755859375,496.82000732421875,496.82000732421875,15336100.0,492.013341908512,0.9769380230751024,9.364007568359375
MSFT,2026-09-03,501.6600036621094,515.6500244140625,500.79998779296875,510.1199951171875,510.1199951171875,24125900.0,493.737785071243,3.317998042945125,10.224553888494318
MSFT,2026-09-04,510.0,511.0,499.3599853515625,499.70001220703125,499.70001220703125,18101800.0,494.3056162270324,1.091307847394818,10.342508951822916
MSFT,2026-09-08,493.010009765625,495.19000244140625,490.1499938964844,493.95001220703125,493.95001220703125,18882300.0,494.27174917750847,-0.06509313368862069,10.281548133263222
MSFT,2026-09-09,493.07000732421875,494.3900146484375,489.79998779296875,491.6499938964844,491.6499938964844,12889600.0,494.0220581983633,-0.48015351997228173,9.875010899135045
MSFT,2026-09-10,488.32000732421875,494.5199890136719,486.0,492.44000244140625,492.44000244140625,16038800.0,493.87138622151025,-0.2898292592035334,10.150724138532366
MSFT,2026-09-11,495.6499938964844,498.9700012207031,492.5799865722656,495.6300048828125,495.6300048828125,14510500.0,494.03887371306286,0.3220659859802355,10.057867867606026
MSFT,2026-09-14,497.05999755859375,509.95001220703125,495.3399963378906,505.4100036621094,505.4100036621094,23091900.0,495.1218384701149,2.0779057582642757,10.4764404296875
MSFT,2026-09-15,500.05999755859375,505.8999938964844,495.5400085449219,497.1199951171875,497.1199951171875,17794600.0,495.31213910316944,0.36499327823691363,10.635009765625
MSFT,2026-09-16,493.0299987792969,495.9700012207031,487.2300109863281,490.29998779296875,490.29998779296875,16670300.0,494.83479135934084,-0.916427794802932,10.620723179408483
MSFT,2026-09-17,497.79998779296875,501.4700012207031,493.1700134277344,497.75,497.75,17841600.0,495.1124302774989,0.5327213701790567,10.24715096609933
MSFT,2026-09-18,497.9700012207031,498.6499938964844,491.1000061035156,493.7799987792969,493.7799987792969,39622300.0,494.98553203957493,-0.24354919128861674,9.864290509905134
MSFT,2026-09-21,494.95001220703125,501.8699951171875,491.3299865722656,501.6099853515625,501.6099853515625,27959900.0,495.61643235500236,1.2093128083104032,10.107147216796875
MSFT,2026-09-22,507.32000732421875,508.5,493.6499938964844,498.0,498.0,21652800.0,495.8434387973831,0.43492784896930203,10.417146955217634
MSFT,2026-09-23,500.760009765625,509.44000244140625,495.8800048828125,500.5899963378906,500.5899963378906,19445600.0,496.29549189647906,0.8653119989063596,10.870718819754464
MSFT,2026-09-24,495.07000732421875,498.8999938964844,491.2200012207031,497.92999267578125,497.92999267578125,16657600.0,496.451158637365,0.2978810730294823,10.195002964564733
MSFT,2026-09-25,499.0400085449219,519.4000244140625,497.25,516.1699829101562,516.1699829101562,38193100.0,498.3291419014404,3.5801319867912573,10.945717947823661
MSFT,2026-09-28,505.4700012207031,513.3300170898438,502.2200012207031,509.2200012207031,509.2200012207031,19626900.0,499.366366598513,1.9732275301817426,11.260001046316964
MSFT,2026-09-29,508.30999755859375,513.6400146484375,502.3999938964844,508.9599914550781,508.9599914550781,21341800.0,500.2800451562811,1.7350174932692974,11.735000610351562
MSFT,2026-09-30,511.6099853515625,519.8300170898438,510.30999755859375,512.9000244140625,512.9000244140625,27197800.0,501.48194794273644,2.2768668978349504,11.902860369001116
MSFT,2026-10-01,519.8800048828125,522.8499755859375,515.7200927734375,515.77001953125,515.77001953125,6087200.0,502.84271666545203,2.570844209800627,12.147142682756696
NMAX,2026-08-20,10.890000343322754,11.350000381469727,10.670000076293945,10.869999885559082,10.869999885559082,1300000.0,10.869999885559082,0.0,
NMAX,2026-08-21,10.890000343322754,11.25,10.75,10.75,10.75,790100.0,10.858571325029645,-0.9998674943487496,
NMAX,2026-08-24,10.680000305175781,11.140000343322754,10.539999961853027,10.579999923706055,10.579999923706055,715200.0,10.83204071537978,-2.326808016109716,0.5933335622151693
NMAX,2026-08-25,10.569999694824219,10.989999771118164,10.40999984741211,10.90999984741211,10.90999984741211,716400.0,10.839465394620953,0.6507189259182367,0.5900001525878906
NMAX,2026-08-26,10.739999771118164,10.798999786376953,10.40999984741211,10.5600004196167,10.5600004196167,815200.0,10.812849682715786,-2.3384146688292806,0.5720001220703125
NMAX,2026-08-27,10.630000114440918,10.720000267028809,10.350000381469727,10.479999542236328,10.479999542236328,745000.0,10.78114966933679,-2.7933025357859353,0.5383334159851074
NMAX,2026-08-28,10.5,11.149999618530273,10.484999656677246,10.710000038146973,10.710000038146973,1039800.0,10.77437351398538,-0.5974683888102517,0.55714293888637
NMAX,2026-08-31,10.619999885559082,10.979999542236328,10.5,10.760000228881836,10.760000228881836,914200.0,10.773004629689803,-0.12071284896812973,0.5475000143051147
NMAX,2026-09-01,10.600000381469727,10.720000267028809,10.204999923706055,10.390000343322754,10.390000343322754,845100.0,10.736528030988179,-3.2275581702507883,0.548333379957411
NMAX,2026-09-02,10.40999984741211,11.100000381469727,10.369999885559082,11.0,11.0,1325300.0,10.761620599465495,2.2150883162183277,0.5665000915527344
NMAX,2026-09-03,11.100000381469727,11.289999961853027,10.770000457763672,10.859999656677246,10.859999656677246,791000.0,10.77099003348566,0.8263829315120264,0.5622727654197
NMAX,2026-09-04,10.800000190734863,11.050000190734863,10.505000114440918,10.630000114440918,10.630000114440918,792900.0,10.757562422148066,-1.1857919359549163,0.5608333746592203
NMAX,2026-09-08,10.680000305175781,10.949999809265137,10.60200023651123,10.710000038146973,10.710000038146973,996900.0,10.75303267129082,-0.40019066675709425,0.544461543743427
NMAX,2026-09-09,10.619999885559082,10.829999923706055,10.4399995803833,10.619999885559082,10.619999885559082,930600.0,10.740362882173512,-1.1206604277235743,0.533428600856236
NMAX,2026-09-10,10.569999694824219,11.074999809265137,10.569999694824219,10.979999542236328,10.979999542236328,1147900.0,10.763185421227114,2.01440477446031,0.5209285872323173
NMAX,2026-09-11,11.09000015258789,12.109999656677246,11.09000015258789,11.390000343322754,11.390000343322754,2381000.0,10.822882080474319,5.23999299476412,0.5659285954066685
NMAX,2026-09-14,11.40999984741211,11.920000076293945,11.28499984741211,11.399999618530273,11.399999618530273,1588700.0,10.877845655527267,4.800159696489992,0.5684285845075335
NMAX,2026-09-15,11.260000228881836,11.399999618530273,10.729999542236328,10.770000457763672,10.770000457763672,1249600.0,10.867574684311688,-0.8978473061599712,0.5748571668352399
NMAX,2026-09-16,10.779999732971191,10.989999771118164,10.359999656677246,10.4399995803833,10.4399995803833,1185100.0,10.826853245842317,-3.5730942008249222,0.5841428892953056
NMAX,2026-09-17,10.600000381469727,10.84000015258789,10.25,10.260000228881836,10.260000228881836,1028800.0,10.772867244227033,-4.760729002949815,0.5998571940830776
NMAX,2026-09-18,10.260000228881836,10.609999656677246,10.119999885559082,10.319999694824219,10.319999694824219,5117900.0,10.729737001426765,-3.8187078261849416,0.5870000294276646
NMAX,2026-09-21,10.319999694824219,11.069999694824219,10.180000305175781,10.880000114440918,10.880000114440918,1058300.0,10.74404777409478,1.2653735650165032,0.6162857328142438
NMAX,2026-09-22,11.0,11.265000343322754,10.869999885559082,11.210000038146973,11.210000038146973,789800.0,10.788424180194989,3.9076685427877234,0.6048571722848075
NMAX,2026-09-23,11.100000381469727,11.154999732971191,10.65999984741211,10.899999618530273,10.899999618530273,754700.0,10.799050412417397,0.9347970632380687,0.5920000076293945
NMAX,2026-09-24,10.859999656677246,11.079999923706055,10.6899995803833,10.979999542236328,10.979999542236328,639900.0,10.816283662876343,1.5136056381536145,0.582714353288923
NMAX,2026-09-25,10.850000381469727,11.119999885559082,10.8100004196167,10.869999885559082,10.869999885559082,684200.0,10.821399493608032,0.44911373967624346,0.5659285954066685
NMAX,2026-09-28,10.75,11.199999809265137,10.670000076293945,10.899999618530273,10.899999618530273,558100.0,10.828885219791102,0.6567102457527341,0.5789286068507603
NMAX,2026-09-29,10.880000114440918,10.930000305175781,10.75,10.850000381469727,10.850000381469727,605800.0,10.83089618757002,0.17638608632988273,0.5639286041259766
NMAX,2026-09-30,10.949999809265137,11.229999542236328,10.800000190734863,10.8100004196167,10.8100004196167,796300.0,10.828906114431607,-0.1745854531854607,0.5585714067731585
NMAX,2026-10-01,10.859999656677246,10.880000114440918,10.210000038146973,10.380000114440918,10.380000114440918,273825.0,10.78615316205154,-3.765504174737422,0.5257142611912319
NUAI,2026-08-20,5.324999809265137,5.650000095367432,5.289999961853027,5.570000171661377,5.570000171661377,4928300.0,5.570000171661377,0.0,
NUAI,2026-08-21,5.610000133514404,5.670000076293945,4.78000020980835,4.855000019073486,4.855000019073486,8995200.0,5.501904919033959,-11.757834958624802,
NUAI,2026-08-24,4.800000190734863,4.945000171661377,4.619999885559082,4.815000057220459,4.815000057220459,5888800.0,5.436485408385054,-11.431748721444867,0.5250000953674316
NUAI,2026-08-25,4.900000095367432,5.099999904632568,4.710000038146973,5.070000171661377,5.070000171661377,5177900.0,5.401582052506608,-6.138606756725295,0.49125003814697266
NUAI,2026-08-26,5.019999980926514,5.159999847412109,4.880000114440918,4.940000057220459,4.940000057220459,4097200.0,5.357621862479356,-7.794910054843507,0.4489999771118164
NUAI,2026-08-27,5.039999961853027,5.295000076293945,5.019999980926514,5.130000114440918,5.130000114440918,4183400.0,5.33594360076141,-3.8595514070108417,0.4333333174387614
NUAI,2026-08-28,5.050000190734863,5.130000114440918,4.550000190734863,4.659999847412109,4.659999847412109,7006700.0,5.271568005204333,-11.601257105826113,0.4542856897626604
NUAI,2026-08-31,4.559999942779541,4.760000228881836,4.550000190734863,4.744999885559082,4.744999885559082,4143800.0,5.221418660476214,-9.124316701960854,0.42374998331069946
NUAI,2026-09-01,4.590000152587891,4.914999961853027,4.545000076293945,4.849999904632568,4.849999904632568,5163200.0,5.186045445633962,-6.479803243612226,0.41777775022718644
NUAI,2026-09-02,4.764999866485596,5.170000076293945,4.619999885559082,5.139999866485596,5.139999866485596,5456100.0,5.1816601523817365,-0.8039949489352716,0.4309999942779541
NUAI,2026-09-03,5.079999923706055,5.369999885559082,4.989999771118164,5.269999980926514,5.269999980926514,4342700.0,5.190073469386001,1.5399880562763535,0.4263636415654963
NUAI,2026-09-04,5.199999809265137,5.519999980926514,5.199999809265137,5.409999847412109,5.409999847412109,4437200.0,5.211018838721821,3.818466500479878,0.41750001907348633
NUAI,2026-09-08,5.599999904632568,6.710000038146973,5.599999904632568,6.599999904632568,6.599999904632568,15443900.0,5.34330274976094,23.51910819441876,0.485384647662823
NUAI,2026-09-09,6.559999942779541,6.934999942779541,6.414999961853027,6.480000019073486,6.480000019073486,7274000.0,5.451559632552611,18.865067170499316,0.48785717146737234
NUAI,2026-09-10,6.059999942779541,6.340000152587891,5.860000133514404,5.929999828338623,5.929999828338623,6771200.0,5.497125365484612,7.874560503421413,0.5064285823277065
NUAI,2026-09-11,6.164999961853027,6.239999771118164,5.880000114440918,5.940000057220459,5.940000057220459,3508500.0,5.539303907554692,7.233691387094399,0.46857142448425293
NUAI,2026-09-14,5.639999866485596,5.829999923706055,5.449999809265137,5.599999904632568,5.599999904632568,4875900.0,5.5450844787049665,0.9903442614534796,0.48035713604518343
NUAI,2026-09-15,5.550000190734863,5.690000057220459,5.385000228881836,5.460000038146973,5.460000038146973,5145500.0,5.536981198651825,-1.390309227049491,0.47428570474897114
NUAI,2026-09-16,5.639999866485596,5.690000057220459,5.260000228881836,5.409999847412109,5.409999847412109,6303600.0,5.524887736628995,-2.0794610622619447,0.48499999727521625
NUAI,2026-09-17,5.75,6.150000095367432,5.675000190734863,5.809999942779541,5.809999942779541,5762400.0,5.552041280071904,4.646194970371265,0.5125000136239188
NUAI,2026-09-18,6.224999904632568,6.25,5.699999809265137,5.860000133514404,5.860000133514404,8445400.0,5.581370694685476,4.992132830278351,0.510357175554548
NUAI,2026-09-21,6.864999771118164,7.940000057220459,6.75,7.650000095367432,7.650000095367432,25515800.0,5.778383018559948,32.38997952880452,0.6439285959516253
NUAI,2026-09-22,7.230000019073486,7.460000038146973,6.610000133514404,6.974999904632568,6.974999904632568,16940600.0,5.892346531519245,18.373891747914193,0.6917857442583356
NUAI,2026-09-23,6.829999923706055,7.195000171661377,6.710000038146973,6.989999771118164,6.989999771118164,9027800.0,5.996884935290571,16.560511774759835,0.6871428830283028
NUAI,2026-09-24,6.619999885559082,7.269000053405762,6.460000038146973,6.940000057220459,6.940000057220459,11055900.0,6.0867054230934174,14.018990156638388,0.7177857330867222
NUAI,2026-09-25,6.960000038146973,7.099999904632568,6.619999885559082,7.059999942779541,7.059999942779541,7851900.0,6.1794001392540014,14.250570988786126,0.7292142936161586
NUAI,2026-09-28,6.980000019073486,7.329999923706055,6.840000152587891,6.960000038146973,6.960000038146973,7451400.0,6.253742986767618,11.293349484840265,0.6713571207863944
NUAI,2026-09-29,7.085000038146973,7.309999942779541,6.699999809265137,6.760000228881836,6.760000228881836,7046900.0,6.301957962207067,7.268253286068482,0.6777857031141009
NUAI,2026-09-30,6.855000019073486,7.010000228881836,6.630000114440918,6.71999979019165,6.71999979019165,7815200.0,6.34177146963417,5.964079947827239,0.6606428623199463
NUAI,2026-10-01,6.691999912261963,6.699999809265137,6.264999866485596,6.375,6.375,2638526.0,6.344936091573773,0.47382523625656425,0.6674285956791469
NXPI,2026-08-20,226.6199951171875,227.75,222.60000610351562,222.97000122070312,221.9711456298828,2124500.0,222.97000122070312,0.0,
NXPI,2026-08-21,225.25999450683594,226.0800018310547,222.91000366210938,225.55999755859375,224.54954528808594,2172500.0,223.21666753859748,1.0498006469839893,
NXPI,2026-08-24,223.14999389648438,224.0800018310547,217.97999572753906,222.44000244140625,221.4435272216797,2971400.0,223.14269943410306,-0.31490924618142735,5.299997965494792
NXPI,2026-08-25,224.9600067138672,225.30999755859375,221.25999450683594,224.75,223.74317932128906,2025200.0,223.2957756784742,0.6512547391938739,4.987499237060547
NXPI,2026-08-26,224.75,226.19000244140625,222.25999450683594,223.14999389648438,222.15032958984375,1815700.0,223.28189169923706,-0.05907232411410668,4.7760009765625
NXPI,2026-08-27,225.57000732421875,228.0800018310547,223.0,225.86000061035156,224.84820556640625,2564200.0,223.52742588124795,1.0435295444876758,4.826667785644531
NXPI,2026-08-28,225.66000366210938,225.83999633789062,220.5500030517578,223.5800018310547,222.5784149169922,3328900.0,223.53243311456288,0.02128045394980127,4.895714896065848
NXPI,2026-08-31,226.22000122070312,227.24000549316406,223.24000549316406,224.63999938964844,223.6336669921875,2990600.0,223.63791561695197,0.4480831302384525,4.783750534057617
NXPI,2026-09-01,221.6999969482422,223.16000366210938,217.3000030517578,222.39999389648438,221.4036865234375,3181500.0,223.52001831024077,-0.5010846107760369,5.067777845594618
NXPI,2026-09-02,223.10000610351562,229.99000549316406,222.22000122070312,228.5,227.47637939453125,2745500.0,223.99430228069403,2.0115233617236106,5.33800048828125
NXPI,2026-09-03,225.22000122070312,227.1199951171875,222.80999755859375,224.99000549316406,223.9821014404297,2332300.0,224.08913115807212,0.40201607745824486,5.370000665838068
NXPI,2026-09-04,228.08999633789062,228.6199951171875,225.00999450683594,227.83999633789062,226.81932067871094,2905900.0,224.44635641329293,1.5120049079115683,5.224999745686849
NXPI,2026-09-08,230.22000122070312,231.3000030517578,222.32000732421875,223.8699951171875,222.8671112060547,5537500.0,224.39146486128288,-0.23239286058306385,5.513845590444712
NXPI,2026-09-09,221.97000122070312,227.22000122070312,221.97000122070312,223.32000732421875,222.319580078125,3831700.0,224.2894212863244,-0.4322156419798828,5.494999476841518
NXPI,2026-09-10,219.75,226.92999267578125,218.4499969482422,226.47000122070312,225.45547485351562,3078600.0,224.49709556578904,0.878811215771802,5.732856750488281
NXPI,2026-09-11,229.83999633789062,238.60000610351562,228.0,236.6199951171875,235.55999755859375,3124500.0,225.651657427827,4.860738810601761,6.372857230050223
NXPI,2026-09-14,226.75999450683594,230.8699951171875,223.9600067138672,224.22999572753906,223.22549438476562,4657900.0,225.5162610754186,-0.5703647895480946,6.735713413783482
NXPI,2026-09-15,226.0399932861328,228.97999572753906,224.3000030517578,226.35000610351562,225.3360137939453,2373300.0,225.5956653638088,0.3343773199233846,6.785713195800781
NXPI,2026-09-16,227.99000549316406,228.17999267578125,216.66000366210938,218.97999572753906,218.97999572753906,3342500.0,224.96560158892595,-2.6606760407416608,7.327854701450893
NXPI,2026-09-17,222.16000366210938,228.27999877929688,220.6699981689453,227.9499969482422,227.9499969482422,5053500.0,225.24982971838466,1.198743294604654,7.629283360072544
NXPI,2026-09-18,231.36000061035156,231.36000061035156,224.86000061035156,227.99000549316406,227.99000549316406,5216500.0,225.51079883979224,1.0993738065435688,7.714283534458706
NXPI,2026-09-21,229.13999938964844,233.05999755859375,226.14999389648438,232.41000366210938,232.41000366210938,4856200.0,226.1678659657272,2.7599578170526273,7.922140938895089
NXPI,2026-09-22,231.8699951171875,238.94000244140625,231.0800018310547,237.57000732421875,237.57000732421875,4153700.0,227.25378419034544,4.539516545622213,7.959284101213727
NXPI,2026-09-23,236.5,236.89999389648438,231.72999572753906,235.44000244140625,235.44000244140625,4018700.0,228.0334240237798,3.2480231568395412,7.821427481515067
NXPI,2026-09-24,232.33999633789062,233.25,229.36000061035156,230.16000366210938,230.16000366210938,2943500.0,228.23595541790644,0.84300838607132,7.849284580775669
NXPI,2026-09-25,231.1999969482422,239.24000549316406,230.22000122070312,238.0800018310547,238.0800018310547,2929000.0,229.17348364773008,3.886365054787544,8.238571166992188
NXPI,2026-09-28,238.69000244140625,239.38999938964844,233.24000549316406,236.32000732421875,236.32000732421875,3629300.0,229.8541049502528,2.8130462909789378,8.03642817905971
NXPI,2026-09-29,237.5800018310547,239.8300018310547,235.11000061035156,236.47000122070312,236.47000122070312,2438800.0,230.48419030934332,2.5970592183897523,7.998571123395648
NXPI,2026-09-30,236.47999572753906,238.1999969482422,232.83999633789062,237.52999877929688,237.52999877929688,2685800.0,231.1552196874341,2.7577915395908814,7.7757143293108255
NXPI,2026-10-01,238.64500427246094,239.1649932861328,235.40499877929688,236.89999389648438,236.89999389648438,279870.0,231.70234104067697,2.243245723138765,7.1778564453125
ONDS,2026-08-20,8.890000343322754,8.9399995803833,8.170000076293945,8.380000114440918,8.380000114440918,68546000.0,8.380000114440918,0.0,
ONDS,2026-08-21,8.390000343322754,8.829999923706055,8.380000114440918,8.710000038146973,8.710000038146973,58792200.0,8.4114286786034,3.5495915254333044,
ONDS,2026-08-24,8.524999618530273,8.539999961853027,8.1850004196167,8.239999771118164,8.239999771118164,49325200.0,8.39510211598576,-1.8475337491399069,0.5816663106282552
ONDS,2026-08-25,8.300000190734863,8.329999923706055,8.164999961853027,8.239999771118164,8.239999771118164,41611100.0,8.380330464093607,-1.6745245736633496,0.47749972343444824
ONDS,2026-08-26,8.100000381469727,8.265000343322754,7.960000038146973,8.220000267028809,8.220000267028809,55499100.0,8.365060921516008,-1.7341254994818422,0.44299983978271484
ONDS,2026-08-27,8.350000381469727,8.84000015258789,8.300000190734863,8.75,8.75,85768400.0,8.401721786133532,4.145319527733915,0.4724998474121094
ONDS,2026-08-28,8.5600004196167,8.710000038146973,7.869999885559082,7.900000095367432,7.900000095367432,69966700.0,8.353938767965332,-5.433828104397998,0.5307141712733677
ONDS,2026-08-31,7.889999866485596,7.929999828338623,7.650000095367432,7.65500020980835,7.65500020980835,29699800.0,8.287373190998,-7.630559968948347,0.4993748664855957
ONDS,2026-09-01,7.434999942779541,7.445000171661377,7.0,7.039999961853027,7.039999961853027,68793600.0,8.168575740603242,-13.816065549107215,0.516666571299235
ONDS,2026-09-02,7.059999942779541,7.630000114440918,7.039999961853027,7.610000133514404,7.610000133514404,79858600.0,8.115378063737637,-6.227410802725741,0.5239999294281006
ONDS,2026-09-03,7.690000057220459,7.949999809265137,7.53000020980835,7.630000114440918,7.630000114440918,73062000.0,8.069151592376045,-5.442350077423863,0.514545353976163
ONDS,2026-09-04,7.610000133514404,7.685999870300293,7.460000038146973,7.619999885559082,7.619999885559082,43240300.0,8.026375239345859,-5.062999693743397,0.49049989382425946
ONDS,2026-09-08,7.610000133514404,7.880000114440918,7.579999923706055,7.619999885559082,7.619999885559082,43007500.0,7.9876728246995,-4.603004494669571,0.4758460705096905
ONDS,2026-09-09,7.579999923706055,7.64900016784668,7.260000228881836,7.289999961853027,7.289999961853027,63851200.0,7.921227790142693,-7.9688129796642855,0.4696427753993443
ONDS,2026-09-10,7.170000076293945,7.539999961853027,7.144999980926514,7.25,7.25,52336300.0,7.857301333938627,-7.729133809791211,0.44285709517342703
ONDS,2026-09-11,7.25,7.320000171661377,7.179999828338623,7.230000019073486,7.230000019073486,42170100.0,7.797558351570518,-7.278667332867328,0.42071427617754253
ONDS,2026-09-14,6.994999885559082,7.46999979019165,6.989999771118164,7.230000019073486,7.230000019073486,84277100.0,7.743505177046991,-6.631430421143358,0.41750001907348633
ONDS,2026-09-15,7.140999794006348,7.429999828338623,7.130000114440918,7.239999771118164,7.239999771118164,67788600.0,7.695552281244246,-5.919685728552104,0.427142858505249
ONDS,2026-09-16,7.264999866485596,7.28000020980835,6.980000019073486,7.199999809265137,7.199999809265137,65246400.0,7.6483568077224255,-5.862134962173704,0.4267857074737549
ONDS,2026-09-17,7.46999979019165,7.53000020980835,7.300000190734863,7.389999866485596,7.389999866485596,67049500.0,7.623751384747489,-3.066095763950938,0.40607145854404997
ONDS,2026-09-18,7.510000228881836,7.519999980926514,7.210000038146973,7.389999866485596,7.389999866485596,63908700.0,7.601489335389214,-2.7822109533064188,0.3653571605682373
ONDS,2026-09-21,7.505000114440918,7.670000076293945,7.340000152587891,7.380000114440918,7.380000114440918,51627500.0,7.580395123870328,-2.6435958304914187,0.3689286027635847
ONDS,2026-09-22,7.46999979019165,7.744999885559082,7.389999866485596,7.71999979019165,7.71999979019165,70109500.0,7.593690806377121,1.663341147738806,0.3482142857142857
ONDS,2026-09-23,7.739999771118164,7.980000019073486,7.380000114440918,7.400000095367432,7.400000095367432,67796400.0,7.575244071995246,-2.313377297976049,0.348928553717477
ONDS,2026-09-24,7.260000228881836,7.730000019073486,7.179999828338623,7.599999904632568,7.599999904632568,114567800.0,7.577601770341658,0.29558341767941254,0.3582143102373396
ONDS,2026-09-25,7.724999904632568,7.880000114440918,7.590000152587891,7.639999866485596,7.639999866485596,70949500.0,7.58354444616489,0.7444463564693082,0.36278574807303293
ONDS,2026-09-28,7.53000020980835,7.800000190734863,7.440000057220459,7.679999828338623,7.679999828338623,53018000.0,7.592730673038578,1.1493777279619977,0.36707145827157156
ONDS,2026-09-29,7.914999961853027,7.914999961853027,7.46999979019165,7.480000019073486,7.480000019073486,48881300.0,7.581994420279997,-1.3452186265621724,0.3710714748927525
ONDS,2026-09-30,7.5,7.699999809265137,7.320000171661377,7.329999923706055,7.329999923706055,54050100.0,7.557994944415812,-3.016607213771827,0.3700000217982701
ONDS,2026-10-01,7.3520002365112305,7.425000190734863,7.199999809265137,7.326200008392334,7.326200008392334,9565753.0,7.5359192362231,-2.7829282832902758,0.3760714530944824
OPRX,2026-08-20,7.980000019073486,8.239999771118164,7.860000133514404,7.960000038146973,7.960000038146973,194900.0,7.960000038146973,0.0,
OPRX,2026-08-21,8.210000038146973,8.220000267028809,7.590000152587891,7.710000038146973,7.710000038146973,131500.0,7.936190514337449,-2.8501139908605144,
OPRX,2026-08-24,7.710000038146973,8.100000381469727,7.599999904632568,7.650000095367432,7.650000095367432,150300.0,7.908934283959352,-3.273945379936749,0.5033334096272787
OPRX,2026-08-25,7.659999847412109,7.940000057220459,7.590000152587891,7.860000133514404,7.860000133514404,131500.0,7.9042738886788815,-0.5601242541442009,0.4650000333786011
OPRX,2026-08-26,7.78000020980835,7.849999904632568,7.619999885559082,7.75,7.75,112900.0,7.889581137376131,-1.769183115626738,0.4200000762939453
OPRX,2026-08-27,7.75,8.0,7.650000095367432,7.829999923706055,7.829999923706055,333700.0,7.883906736074219,-0.6837576112044053,0.40833338101704914
OPRX,2026-08-28,7.829999923706055,8.09000015258789,7.599999904632568,7.949999809265137,7.949999809265137,271600.0,7.890201314473354,0.7578830046083951,0.4200000762939453
OPRX,2026-08-31,7.889999866485596,8.039999961853027,7.710000038146973,7.980000019073486,7.980000019073486,170900.0,7.89875357205432,1.0285983260272191,0.408750057220459
OPRX,2026-09-01,8.0,8.029999732971191,7.699999809265137,7.860000133514404,7.860000133514404,115500.0,7.895062768383852,-0.4441083737783291,0.40000004238552517
OPRX,2026-09-02,7.929999828338623,8.350000381469727,7.480000019073486,8.039999961853027,8.039999961853027,171300.0,7.908866310619012,1.6580587670061542,0.44700007438659667
OPRX,2026-09-03,8.09000015258789,8.34000015258789,7.900000095367432,7.949999809265137,7.949999809265137,157700.0,7.9127837866805475,0.47032780861817614,0.44636370918967505
OPRX,2026-09-04,7.840000152587891,7.900000095367432,7.659999847412109,7.869999885559082,7.869999885559082,82200.0,7.908709129430885,-0.489450847645323,0.4333333969116211
OPRX,2026-09-08,7.840000152587891,7.840000152587891,7.559999942779541,7.599999904632568,7.599999904632568,99700.0,7.879308250878664,-3.54483334517276,0.42384620813223034
OPRX,2026-09-09,7.599999904632568,7.599999904632568,7.159999847412109,7.170000076293945,7.170000076293945,78500.0,7.811755091394405,-8.215247503181844,0.42500005449567524
OPRX,2026-09-10,7.070000171661377,7.260000228881836,6.860000133514404,7.179999828338623,7.179999828338623,108200.0,7.75158792348433,-7.373819413361938,0.4264286586216518
OPRX,2026-09-11,7.239999771118164,7.320000171661377,7.059999942779541,7.289999961853027,7.289999961853027,115200.0,7.707627165233729,-5.418362803853105,0.40000009536743164
OPRX,2026-09-14,7.269999980926514,7.809999942779541,7.269999980926514,7.809999942779541,7.809999942779541,96400.0,7.717376953571426,1.200187444067402,0.4028572014399937
OPRX,2026-09-15,7.769999980926514,7.769999980926514,7.420000076293945,7.559999942779541,7.559999942779541,74500.0,7.702388666829342,-1.848630732736245,0.4057143415723528
OPRX,2026-09-16,7.619999885559082,7.679999828338623,7.5,7.53000020980835,7.53000020980835,58300.0,7.685970718541629,-2.0292883546513707,0.40142859731401714
OPRX,2026-09-17,7.690000057220459,7.71999979019165,7.539999961853027,7.590000152587891,7.590000152587891,72200.0,7.676830664641273,-1.1310723897208774,0.39000000272478375
OPRX,2026-09-18,7.53000020980835,7.53000020980835,7.25,7.289999961853027,7.289999961853027,233700.0,7.639989645328106,-4.581023008180374,0.37928571019853863
OPRX,2026-09-21,7.309999942779541,7.630000114440918,7.130000114440918,7.559999942779541,7.559999942779541,286300.0,7.632371578418719,-0.9482195002640581,0.3914285727909633
OPRX,2026-09-22,7.599999904632568,7.670000076293945,7.289999961853027,7.619999885559082,7.619999885559082,118300.0,7.631193321955896,-0.1466800266297752,0.3950000149863107
OPRX,2026-09-23,7.619999885559082,7.829999923706055,7.550000190734863,7.599999904632568,7.599999904632568,143100.0,7.628222520306055,-0.36997630310808827,0.3528571128845215
OPRX,2026-09-24,7.510000228881836,7.909999847412109,7.349999904632568,7.889999866485596,7.889999866485596,185000.0,7.653153696132678,3.0947525655025343,0.3614285332815988
OPRX,2026-09-25,7.949999809265137,8.59000015258789,7.880000114440918,8.039999961853027,8.039999961853027,488000.0,7.6899961976298545,4.551416609686343,0.3914285387311663
OPRX,2026-09-28,7.880000114440918,8.029999732971191,7.690000057220459,7.809999942779541,7.809999942779541,142200.0,7.701425125739349,1.4098016310944539,0.3942856788635254
OPRX,2026-09-29,7.920000076293945,8.369999885559082,7.820000171661377,8.359999656677246,8.359999656677246,211700.0,7.764146509638197,7.674419156044698,0.4028570992606027
OPRX,2026-09-30,8.399999618530273,8.460000038146973,8.220000267028809,8.350000381469727,8.350000381469727,204600.0,7.819942116479295,6.778288855532799,0.3914285046713693
OPRX,2026-10-01,8.420000076293945,8.859999656677246,8.399999618530273,8.470000267028809,8.470000267028809,87587.0,7.881852416531629,7.46205104352855,0.40928557940891813
ORCL,2026-08-20,144.3000030517578,145.9199981689453,141.02000427246094,142.07000732421875,142.07000732421875,15184400.0,142.07000732421875,0.0,
ORCL,2026-08-21,143.72000122070312,148.35000610351562,142.60000610351562,146.47000122070312,146.47000122070312,19635000.0,142.48905436197916,2.7938615190825633,
ORCL,2026-08-24,145.1199951171875,145.1199951171875,141.25,142.4499969482422,142.4499969482422,14158600.0,142.48533460828992,-0.024800910314648483,5.466664632161458
ORCL,2026-08-25,143.3000030517578,146.33999633789062,142.50999450683594,144.75999450683594,144.75999450683594,13329400.0,142.7019688843419,1.4421844621933966,5.072498321533203
ORCL,2026-08-26,147.0,151.6300048828125,146.8300018310547,148.8699951171875,148.8699951171875,18426100.0,143.28939995413674,3.894632237162665,5.432000732421875
ORCL,2026-08-27,152.11000061035156,153.8300018310547,147.52000427246094,151.94000244140625,151.94000244140625,30251400.0,144.11326685768623,5.4309611837812355,5.5783335367838545
ORCL,2026-08-28,153.60000610351562,153.99000549316406,149.7100067138672,150.85000610351562,150.85000610351562,17800000.0,144.75486107157474,4.210666907363558,5.392857142857143
ORCL,2026-08-31,149.30999755859375,151.25999450683594,147.75,149.1199951171875,149.1199951171875,16118900.0,145.17058812353787,2.720528341656059,5.157499313354492
ORCL,2026-09-01,146.75,146.7899932861328,139.9499969482422,141.32000732421875,141.32000732421875,25443300.0,144.80386614265032,-2.405915609324638,5.60333251953125
ORCL,2026-09-02,140.25999450683594,146.69000244140625,139.72000122070312,145.75,145.75,21906700.0,144.8939741290646,0.590794666293637,5.739999389648437
ORCL,2026-09-03,147.27000427246094,156.77000427246094,146.9199981689453,154.0399932861328,154.0399932861328,25101700.0,145.76502357259488,5.676924073227196,6.219999833540483
ORCL,2026-09-04,159.4600067138672,159.6999969482422,156.7100067138672,158.77999877929688,158.77999877929688,26511300.0,147.00454502085222,8.010265095391667,6.173333485921224
ORCL,2026-09-08,167.60000610351562,170.6999969482422,161.16000366210938,162.52000427246094,162.52000427246094,37662800.0,148.4822078067197,9.454194326106947,6.615384615384615
ORCL,2026-09-09,163.5399932861328,165.14999389648438,160.36000061035156,161.6300048828125,161.6300048828125,27464600.0,149.7343789568238,7.9444854340490645,6.484999520438058
ORCL,2026-09-10,158.3800048828125,159.24000549316406,152.52000427246094,152.94000244140625,152.94000244140625,56824700.0,150.03967643154593,1.9330393658797185,6.785714285714286
ORCL,2026-09-11,164.42999267578125,166.0,149.83999633789062,150.27999877929688,150.27999877929688,80438600.0,150.06256427418887,0.14489590135933206,7.491428920200893
ORCL,2026-09-14,141.4199981689453,145.3300018310547,141.00999450683594,144.7899932861328,144.7899932861328,42159700.0,149.56041465627877,-3.1896283392295888,7.780714852469308
ORCL,2026-09-15,143.4600067138672,144.8800048828125,140.02000427246094,140.35000610351562,140.35000610351562,31552700.0,148.68323288934894,-5.604684955992956,7.850000653948102
ORCL,2026-09-16,140.02999877929688,146.52000427246094,139.0,143.16000366210938,143.16000366210938,34366400.0,148.15721105818326,-3.372908655867868,7.896428789411273
ORCL,2026-09-17,146.75,152.0,146.14999389648438,150.58999633789062,150.58999633789062,27742400.0,148.3889048943459,1.4833261591302493,8.077142987932477
ORCL,2026-09-18,150.47000122070312,150.89999389648438,144.39999389648438,147.61000061035156,147.61000061035156,39324900.0,148.3147235339655,-0.4751537182702825,8.235714503696986
ORCL,2026-09-21,148.92999267578125,149.97999572753906,146.16000366210938,148.55999755859375,148.55999755859375,22418300.0,148.33808296488246,0.14960055386710192,8.257857186453682
ORCL,2026-09-22,151.25,153.60000610351562,148.60000610351562,149.1999969482422,149.1999969482422,31260000.0,148.42017001091673,0.5254184369065884,7.962857927594866
ORCL,2026-09-23,148.3000030517578,148.66000366210938,144.22999572753906,144.55999755859375,144.55999755859375,22682300.0,148.05253453926693,-2.358984931627006,7.820000784737723
ORCL,2026-09-24,137.32000732421875,140.33999633789062,133.47999572753906,139.5399932861328,139.5399932861328,56629400.0,147.24181632468273,-5.230730801069883,7.824286324637277
ORCL,2026-09-25,138.57000732421875,140.8800048828125,136.9199981689453,137.10000610351562,137.10000610351562,23671000.0,146.27592963695253,-6.273023563214364,7.702857971191406
ORCL,2026-09-28,132.72999572753906,135.69000244140625,131.5800018310547,132.60000610351562,132.60000610351562,36060100.0,144.97346072900615,-8.534979135677666,7.2457155500139505
ORCL,2026-09-29,132.7899932861328,143.6699981689453,132.52999877929688,137.7899932861328,137.7899932861328,45709700.0,144.28932097254204,-4.504371940073126,7.699287414550781
ORCL,2026-09-30,136.5399932861328,138.5,134.75,137.3000030517578,137.3000030517578,22263000.0,143.62367164675308,-4.402943137777826,7.316430228097098
ORCL,2026-10-01,139.60000610351562,140.24000549316406,135.3300018310547,136.49000549316406,136.49000549316406,5870726.0,142.9442748702208,-4.515234613569918,6.512858799525669
PBF,2026-08-20,74.5,74.98999786376953,69.25,69.55999755859375,69.55999755859375,2205200.0,69.55999755859375,0.0,
PBF,2026-08-21,70.33000183105469,74.05000305175781,70.0199966430664,73.52999877929688,73.52999877929688,2955200.0,69.93809291294643,5.135836161305352,
PBF,2026-08-24,72.41000366210938,73.5,68.93000030517578,69.51000213623047,69.51000213623047,2965000.0,69.897322362783,-0.5541274164155396,4.9433339436848955
PBF,2026-08-25,69.05999755859375,70.29000091552734,66.31999969482422,66.51000213623047,66.51000213623047,1883200.0,69.57472043644466,-4.404930815372465,4.700000762939453
PBF,2026-08-26,65.12000274658203,71.06999969482422,63.95000076293945,69.7300033569336,69.7300033569336,2156800.0,69.58950928601503,0.2018897278627474,5.184000396728516
PBF,2026-08-27,69.9800033569336,70.19999694824219,67.55999755859375,68.58999633789062,68.58999633789062,1739100.0,69.49431757666986,-1.301288033775616,4.760000228881836
PBF,2026-08-28,68.87000274658203,72.20999908447266,68.87000274658203,71.27999877929688,71.27999877929688,1820700.0,69.66438245311052,2.319142536394092,4.597143445696149
PBF,2026-08-31,73.97000122070312,75.5,70.19999694824219,72.98999786376953,72.98999786376953,3760000.0,69.98110773031614,4.299574886766089,4.685000896453857
PBF,2026-09-01,75.0,76.16000366210938,72.2300033569336,74.98999786376953,74.98999786376953,5008700.0,70.45814488588313,6.43197885102762,4.601111941867405
PBF,2026-09-02,75.88999938964844,77.94000244140625,74.70999908447266,75.4800033569336,75.4800033569336,2783700.0,70.93641712122127,6.4051532627422025,4.464001083374024
PBF,2026-09-03,74.75,76.2300033569336,72.80999755859375,75.33000183105469,75.33000183105469,2073800.0,71.35485376025302,5.570956790350756,4.3690924210981885
PBF,2026-09-04,74.5,75.20999908447266,72.23999786376953,74.33999633789062,74.33999633789062,1872500.0,71.63915305336137,3.7700659058845787,4.2625017166137695
PBF,2026-09-08,76.5,77.5999984741211,75.7300033569336,76.7699966430664,76.7699966430664,2625300.0,72.12780482380947,6.436064192715518,4.185386364276592
PBF,2026-09-09,77.91999816894531,77.9800033569336,75.38999938964844,76.51000213623047,76.51000213623047,2001100.0,72.54515694880195,5.465347866331971,4.071430478777204
PBF,2026-09-10,78.44000244140625,78.97000122070312,75.9000015258789,77.08000183105469,77.08000183105469,3779800.0,72.97704693758793,5.62225393550897,3.880716323852539
PBF,2026-09-11,77.55000305175781,82.61000061035156,77.16999816894531,78.30000305175781,78.30000305175781,2960900.0,73.48399513893743,6.553818833223035,3.955001558576311
PBF,2026-09-14,77.0,77.58000183105469,70.02999877929688,70.4000015258789,70.4000015258789,7263500.0,73.19028146150328,-3.812363991375012,4.2171448298863
PBF,2026-09-15,69.19999694824219,75.9800033569336,69.02999877929688,74.72000122070312,74.72000122070312,9374100.0,73.33596905761755,1.8872487551070405,4.430002212524414
PBF,2026-09-16,73.0199966430664,77.19999694824219,72.5199966430664,75.93000030517578,75.93000030517578,3811100.0,73.5830196526231,3.1895682776169165,4.255716596330915
PBF,2026-09-17,74.27999877929688,77.91000366210938,74.11000061035156,77.16000366210938,77.16000366210938,2486400.0,73.9236847963837,4.377918761273647,4.3385740007672995
PBF,2026-09-18,76.58000183105469,78.4800033569336,75.80999755859375,77.19000244140625,77.19000244140625,9005400.0,74.23476266733822,3.980937862374656,4.270717075892857
PBF,2026-09-21,75.54000091552734,78.4800033569336,72.13999938964844,72.4800033569336,72.4800033569336,4295500.0,74.06764273301397,-2.1434992629686067,4.345002855573382
PBF,2026-09-22,71.23999786376953,74.98999786376953,70.05000305175781,71.44000244140625,71.44000244140625,5081100.0,73.81739127667036,-3.2206351296723112,4.417145320347378
PBF,2026-09-23,72.29000091552734,74.76000213623047,68.4000015258789,70.47000122070312,70.47000122070312,4082500.0,73.4985922237211,-4.120610900681343,4.640716552734375
PBF,2026-09-24,70.94000244140625,74.27999877929688,69.6500015258789,71.9000015258789,71.9000015258789,3185100.0,73.34634549059328,-1.9719373269931562,4.727144513811384
PBF,2026-09-25,70.95999908447266,74.62000274658203,69.36000061035156,73.69000244140625,73.69000244140625,2868400.0,73.37907472400404,0.42372804313992596,4.882144383021763
PBF,2026-09-28,74.73999786376953,75.83999633789062,73.12000274658203,74.38999938964844,74.38999938964844,2464400.0,73.47535326358923,1.2448339278859466,4.843572344098773
PBF,2026-09-29,73.01000213623047,75.91000366210938,72.38999938964844,75.2300033569336,75.2300033569336,2567300.0,73.6424627962887,2.1557407239847226,4.910000937325614
PBF,2026-09-30,76.5999984741211,80.27999877929688,75.9800033569336,76.95999908447266,76.95999908447266,3155700.0,73.9584186332586,4.0584702954482355,5.051429203578404
PBF,2026-10-01,77.45999908447266,81.25,77.17500305175781,80.52999877929688,80.52999877929688,627648.0,74.58428340907177,7.971807327845037,4.962857927594866
PSKY,2026-08-20,10.5,10.649999618530273,10.170000076293945,10.289999961853027,10.242668151855469,9308200.0,10.289999961853027,0.0,
PSKY,2026-08-21,10.369999885559082,10.420000076293945,10.229999542236328,10.350000381469727,10.30239200592041,7448700.0,10.295714287530808,0.5272688462680586,
PSKY,2026-08-24,10.3100004196167,10.550000190734863,10.130000114440918,10.350000381469727,10.30239200592041,11258300.0,10.300884391715467,0.47681332870566084,0.36333338419596356
PSKY,2026-08-25,10.319999694824219,10.760000228881836,10.260000228881836,10.670000076293945,10.620920181274414,9603500.0,10.336038266437228,3.231042699804476,0.39750003814697266
PSKY,2026-08-26,10.630000114440918,10.770000457763672,10.4399995803833,10.739999771118164,10.690597534179688,7899700.0,10.374510790692556,3.522951470188884,0.38400020599365237
PSKY,2026-08-27,10.680000305175781,10.979999542236328,10.510000228881836,10.800000190734863,10.750322341918945,8432400.0,10.415033590696586,3.696258842430966,0.3983333905537923
PSKY,2026-08-28,10.779999732971191,10.979999542236328,10.680000305175781,10.880000114440918,10.829954147338867,10029400.0,10.459316116767475,4.022098509854177,0.3842856543404715
PSKY,2026-08-31,10.800000190734863,11.210000038146973,10.739999771118164,10.90999984741211,10.85981559753418,11109800.0,10.502238376828869,3.882614886012181,0.39499998092651367
PSKY,2026-09-01,10.8100004196167,10.859999656677246,10.369999885559082,10.550000190734863,10.501472473144531,10431800.0,10.506787121010392,0.41128719204805986,0.41111108991834855
PSKY,2026-09-02,10.550000190734863,11.199999809265137,10.550000190734863,10.970000267028809,10.919540405273438,11984000.0,10.550902658726432,3.9721493208521697,0.434999942779541
PSKY,2026-09-03,11.140000343322754,11.1899995803833,10.779999732971191,11.039999961853027,10.989217758178711,9272700.0,10.597483354262298,4.175676363886427,0.43272720683704724
PSKY,2026-09-04,10.960000038146973,11.130000114440918,10.760000228881836,10.859999656677246,10.810046195983887,8468100.0,10.622484906873247,2.235962224340904,0.4274999300638835
PSKY,2026-09-08,10.75,11.029999732971191,10.619999885559082,10.800000190734863,10.750322341918945,14293500.0,10.639391124383877,1.5095700916840427,0.42615376985990083
PSKY,2026-09-09,10.779999732971191,10.8100004196167,10.1899995803833,10.220000267028809,10.172989845275879,13151100.0,10.599449137969108,-3.5798923698878493,0.43999998910086496
PSKY,2026-09-10,10.1899995803833,10.550000190734863,10.170000076293945,10.380000114440918,10.332254409790039,13039800.0,10.578549230966424,-1.8769030817977983,0.4328571728297642
PSKY,2026-09-11,10.449999809265137,10.630000114440918,10.40999984741211,10.600000381469727,10.55124282836914,8178000.0,10.580592197681023,0.1834319235265225,0.43714284896850586
PSKY,2026-09-14,10.84000015258789,11.100000381469727,10.699999809265137,10.869999885559082,10.819999694824219,11123400.0,10.608154834621791,2.4683373783601636,0.44285712923322407
PSKY,2026-09-15,10.800000190734863,11.0600004196167,10.75,11.010000228881836,11.010000228881836,12310500.0,10.646425824551319,3.414990254213701,0.42928573063441683
PSKY,2026-09-16,10.899999618530273,11.279999732971191,10.899999618530273,11.140000343322754,11.140000343322754,17221900.0,10.69343292157717,4.176090363315432,0.4328571047101702
PSKY,2026-09-17,11.09000015258789,11.180000305175781,10.510000228881836,10.619999885559082,10.619999885559082,28630800.0,10.686439299099257,-0.6217170348384982,0.44714287349155973
PSKY,2026-09-18,10.59000015258789,10.619999885559082,10.119999885559082,10.210000038146973,10.210000038146973,78995500.0,10.641064131389516,-4.050949114863145,0.4614286422729492
PSKY,2026-09-21,10.649999618530273,11.489999771118164,9.84000015258789,9.90999984741211,9.90999984741211,66174600.0,10.571438961486907,-6.25685033498754,0.5457143102373395
PSKY,2026-09-22,10.260000228881836,10.729999542236328,9.880000114440918,10.109999656677246,10.109999656677246,46405300.0,10.527492361028843,-3.9657374238246,0.5678571292332241
PSKY,2026-09-23,10.100000381469727,10.260000228881836,9.770000457763672,9.960000038146973,9.960000038146973,33609800.0,10.473445473135332,-4.902354591002167,0.5564285687037877
PSKY,2026-09-24,9.979999542236328,10.300000190734863,9.960000038146973,10.180000305175781,10.180000305175781,15319100.0,10.445498314282041,-2.5417457465217064,0.5514285905020577
PSKY,2026-09-25,10.210000038146973,10.260000228881836,9.930000305175781,9.960000038146973,9.960000038146973,16846700.0,10.39926038322156,-4.2239575593597145,0.5485714503696987
PSKY,2026-09-28,9.899999618530273,10.399999618530273,9.789999961853027,10.279999732971191,10.279999732971191,24192600.0,10.387902226054857,-1.0387322746745253,0.5628571510314941
PSKY,2026-09-29,10.199999809265137,10.3100004196167,9.890000343322754,9.989999771118164,9.989999771118164,19006400.0,10.350006754156125,-3.478326068660753,0.5485713822501046
PSKY,2026-09-30,10.119999885559082,10.420000076293945,10.0600004196167,10.329999923706055,10.329999923706055,31966700.0,10.34810134173231,-0.17492501695218765,0.552142824445452
PSKY,2026-10-01,10.109999656677246,10.260000228881836,9.670000076293945,9.78499984741211,9.78499984741211,11073418.0,10.294472627987528,-4.948993493754283,0.5814285278320312
PTC,2026-08-20,151.67999267578125,154.7899932861328,151.35000610351562,153.52000427246094,153.52000427246094,826400.0,153.52000427246094,0.0,
PTC,2026-08-21,153.27999877929688,156.02999877929688,152.30999755859375,154.67999267578125,154.67999267578125,857400.0,153.63047935849144,0.6831413412704324,
PTC,2026-08-24,154.42999267578125,155.50999450683594,153.38999938964844,154.30999755859375,154.30999755859375,913300.0,153.6951953775488,0.40001392335959896,3.093327840169271
PTC,2026-08-25,153.60000610351562,153.86000061035156,150.25,151.13999938964844,151.13999938964844,1523800.0,153.45184337870114,-1.5065599331689605,3.3349952697753906
PTC,2026-08-26,149.05999755859375,151.8800048828125,148.58999633789062,151.61000061035156,151.61000061035156,1411400.0,153.27642978171548,-1.0872051063148591,3.3259979248046876
PTC,2026-08-27,154.41000366210938,159.0,153.02999877929688,158.9499969482422,158.9499969482422,979300.0,153.81676951186088,3.337235239481151,4.0033315022786455
PTC,2026-08-28,158.00999450683594,159.4600067138672,155.97999572753906,157.14999389648438,157.14999389648438,1069100.0,154.1342194532536,1.9565898175813112,3.9285714285714284
PTC,2026-08-31,155.5,157.75999450683594,155.0500030517578,155.74000549316406,155.74000549316406,1418600.0,154.2871514570546,0.9416558815099174,3.7762489318847656
PTC,2026-09-01,153.47000122070312,155.5800018310547,152.24000549316406,152.80999755859375,152.80999755859375,696500.0,154.14647013339166,-0.8670147124623662,3.7455546061197915
PTC,2026-09-02,151.6199951171875,155.72000122070312,148.52999877929688,149.1300048828125,149.1300048828125,1229400.0,153.6687115380984,-2.95356589500696,4.089999389648438
PTC,2026-09-03,151.52999877929688,154.27000427246094,149.13999938964844,150.0800018310547,150.0800018310547,1249600.0,153.3269296612371,-2.117650067966681,4.185453935102983
PTC,2026-09-04,147.17999267578125,147.72999572753906,140.0,141.02000427246094,141.02000427246094,2119700.0,152.15484152897272,-7.318095924270363,4.676666259765625
PTC,2026-09-08,139.83999633789062,140.24000549316406,132.6300048828125,133.25999450683594,133.25999450683594,1949000.0,150.35533228876923,-11.369957767178063,4.962307269756611
PTC,2026-09-09,133.0,133.77000427246094,128.5800018310547,128.88999938964844,128.88999938964844,2399600.0,148.31101486980535,-13.09478968720268,4.978571210588727
PTC,2026-09-10,127.72000122070312,130.88999938964844,126.79000091552734,128.72000122070312,128.72000122070312,1683700.0,146.4452040460813,-12.103641727864755,5.025714874267578
PTC,2026-09-11,128.25,131.19000244140625,127.05999755859375,130.77999877929688,130.77999877929688,1669700.0,144.95327973495898,-9.777827022318753,5.055000850132534
PTC,2026-09-14,134.30999755859375,137.75,133.89999389648438,136.64999389648438,136.64999389648438,1403400.0,144.1624906074852,-5.211131327812102,5.401429857526507
PTC,2026-09-15,134.91000366210938,137.66000366210938,132.7100067138672,132.75,132.75,1638300.0,143.07558674010568,-7.216875342165762,5.465001242501395
PTC,2026-09-16,131.0800018310547,132.5800018310547,130.3300018310547,131.16000366210938,131.16000366210938,1236000.0,141.94076930410603,-7.595256595304923,5.402857644217355
PTC,2026-09-17,131.16000366210938,134.97999572753906,129.88999938964844,134.44000244140625,134.44000244140625,1650300.0,141.22641055527748,-4.805339233071393,5.23857171194894
PTC,2026-09-18,134.30999755859375,136.17999267578125,132.75,135.88999938964844,135.88999938964844,5931600.0,140.71818092045567,-3.431100017940447,5.2349989754813055
PTC,2026-09-21,137.02000427246094,137.2100067138672,133.97000122070312,135.27999877929688,135.27999877929688,1013100.0,140.2002588117739,-3.509451461914004,5.272857121058872
PTC,2026-09-22,137.4600067138672,140.30999755859375,133.97000122070312,140.0,140.0,1650100.0,140.18118654398592,-0.1292516838049873,5.475714002336774
PTC,2026-09-23,140.80999755859375,142.80999755859375,138.5,140.39999389648438,140.39999389648438,2138700.0,140.20202533946195,0.14120235177994545,5.2699993678501675
PTC,2026-09-24,140.7899932861328,141.0500030517578,136.39999389648438,137.41000366210938,137.41000366210938,1434300.0,139.93611851304743,-1.8051914529146562,5.23500006539481
PTC,2026-09-25,137.1699981689453,138.75,136.5500030517578,138.1199951171875,138.1199951171875,698900.0,139.7631543801084,-1.1756741397321857,4.672142573765346
PTC,2026-09-28,137.05999755859375,139.9199981689453,133.6699981689453,139.69000244140625,139.69000244140625,985800.0,139.75618752880345,-0.04735753641216256,4.519285474504743
PTC,2026-09-29,137.8699951171875,138.86000061035156,134.30999755859375,137.55999755859375,137.55999755859375,1318600.0,139.54702657925966,-1.4239135504168776,4.5328570774623325
PTC,2026-09-30,137.7100067138672,140.44000244140625,137.55999755859375,140.3000030517578,140.3000030517578,1046100.0,139.6187386242595,0.48794627011474745,4.445714678083148
PTC,2026-10-01,143.4199981689453,149.3800048828125,143.4199981689453,145.97999572753906,145.97999572753906,201549.0,140.22457263409564,4.104432615003728,4.799285888671875
QCOM,2026-08-20,163.14999389648438,165.11000061035156,159.41000366210938,160.74000549316406,159.86990356445312,8509900.0,160.74000549316406,0.0,
QCOM,2026-08-21,162.9199981689453,163.3300018310547,159.1699981689453,160.75,159.87985229492188,8517400.0,160.74095735095796,0.005625603574266336,
QCOM,2026-08-24,159.39999389648438,160.24000549316406,156.22999572753906,158.52999877929688,157.67185974121094,10514800.0,160.5303898679426,-1.2461136425889863,4.7933349609375
QCOM,2026-08-25,160.33999633789062,161.7899932861328,159.0800018310547,160.55999755859375,159.6908721923828,11420600.0,160.53320964800463,0.016686834236878667,4.409999847412109
QCOM,2026-08-26,160.10000610351562,163.8699951171875,159.88999938964844,163.72000122070312,162.83377075195312,10480300.0,160.83671360730924,1.792680009884795,4.3239990234375
QCOM,2026-08-27,165.16000366210938,166.9499969482422,161.9199981689453,164.77999877929688,163.88803100585938,15065100.0,161.21226457606997,2.2130662407160884,4.4416656494140625
QCOM,2026-08-28,164.58999633789062,165.49000549316406,161.89999389648438,164.19000244140625,163.30123901367188,7752100.0,161.49585865848294,1.6682432635134248,4.320000784737723
QCOM,2026-08-31,164.7899932861328,171.3800048828125,164.19000244140625,170.47999572753906,169.5571746826172,12734600.0,162.3514907602978,5.006732570902295,4.678750991821289
QCOM,2026-09-01,165.47000122070312,167.2899932861328,162.2100067138672,166.61000061035156,165.7081298828125,8900900.0,162.75706312696957,2.367293565856654,5.077777438693577
QCOM,2026-09-02,166.0399932861328,170.60000610351562,165.0800018310547,169.9600067138672,169.04000854492188,7525300.0,163.44305775429316,3.9872901603267064,5.122000122070313
QCOM,2026-09-03,168.5,170.02999877929688,164.8800048828125,168.57000732421875,168.57000732421875,6992000.0,163.93133866571466,2.8296411755431183,5.124545010653409
QCOM,2026-09-04,169.97999572753906,170.6300048828125,167.0399932861328,168.74000549316406,168.74000549316406,8531400.0,164.38930693499555,2.6465824567828644,4.996667226155599
QCOM,2026-09-08,180.39999389648438,183.49000549316406,172.0399932861328,174.08999633789062,174.08999633789062,26129200.0,165.31318211622363,5.309204087243602,5.746923593374399
QCOM,2026-09-09,174.72000122070312,180.86000061035156,173.32000732421875,176.39999389648438,176.39999389648438,14802000.0,166.36906895243894,6.029320839027497,5.875
QCOM,2026-09-10,172.1300048828125,182.39999389648438,171.0,176.8800048828125,176.8800048828125,15597700.0,167.37011046961737,5.681955031583397,6.282142639160156
QCOM,2026-09-11,178.25,185.4600067138672,175.74000549316406,181.97000122070312,181.97000122070312,11546600.0,168.76057625543507,7.827316816739449,6.679285321916852
QCOM,2026-09-14,170.77999877929688,181.7100067138672,170.50999450683594,180.14999389648438,180.14999389648438,13784800.0,169.84528269743976,6.067116516507154,7.1749997820172995
QCOM,2026-09-15,180.5399932861328,190.05999755859375,180.5399932861328,187.8000030517578,187.8000030517578,13852600.0,171.55525606451766,9.4691048003396,7.650000435965402
QCOM,2026-09-16,189.1699981689453,191.27999877929688,183.3699951171875,184.83999633789062,184.83999633789062,9718600.0,172.82046942388652,6.954920880652815,7.93071528843471
QCOM,2026-09-17,190.35000610351562,191.91000366210938,187.75999450683594,188.7100067138672,188.7100067138672,12318000.0,174.33375868959897,8.246393660257812,8.076430184500557
QCOM,2026-09-18,191.33999633789062,192.1199951171875,175.97000122070312,177.72000122070312,177.72000122070312,54480300.0,174.65625797827556,1.7541560078589535,8.97357177734375
QCOM,2026-09-21,180.61000061035156,195.30999755859375,179.22999572753906,194.22999572753906,194.22999572753906,18444600.0,176.52042347820543,10.03259107381429,9.716428484235491
QCOM,2026-09-22,192.0,199.14999389648438,191.66000366210938,198.27000427246094,198.27000427246094,11533800.0,178.5918121252774,11.018529860361026,9.660714285714286
QCOM,2026-09-23,199.61000061035156,199.61000061035156,193.22000122070312,197.24000549316406,197.24000549316406,9739300.0,180.36783054126658,9.354314958086318,9.722856794084821
QCOM,2026-09-24,196.5800018310547,196.77000427246094,191.75,194.25999450683594,194.25999450683594,9089000.0,181.6908937760827,6.917848478550326,9.747143336704799
QCOM,2026-09-25,195.02999877929688,205.85000610351562,194.52999877929688,201.97000122070312,201.97000122070312,17817800.0,183.622237342237,9.992125215351422,10.31857190813337
QCOM,2026-09-28,199.16000366210938,199.16000366210938,186.7100067138672,187.47999572753906,187.47999572753906,16680100.0,183.98964290274196,1.8970376645831788,10.35500008719308
QCOM,2026-09-29,189.47999572753906,190.02999877929688,182.22999572753906,184.10000610351562,184.10000610351562,10027300.0,184.00015368376802,0.05426757410171845,10.373572213309151
QCOM,2026-09-30,184.8800048828125,188.33999633789062,183.14999389648438,184.0399932861328,184.0399932861328,7401000.0,184.0039479316123,0.0195894462731383,9.930001395089286
QCOM,2026-10-01,185.10000610351562,185.36000061035156,182.63999938964844,184.02000427246094,184.02000427246094,1365470.0,184.0054771069312,0.007894963648991116,9.430001395089286
RIOT,2026-08-20,19.799999237060547,21.020000457763672,19.6200008392334,20.979999542236328,20.979999542236328,22469600.0,20.979999542236328,0.0,
RIOT,2026-08-21,21.665000915527344,22.200000762939453,19.559999465942383,19.829999923706055,19.829999923706055,27433600.0,20.87047576904297,-4.985395909758051,
RIOT,2026-08-24,20.020000457763672,20.8700008392334,19.600000381469727,20.0,20.0,15303900.0,20.7875733148484,-3.7886736605558635,1.7700004577636719
RIOT,2026-08-25,19.8799991607666,21.600000381469727,19.56999969482422,21.299999237060547,21.299999237060547,16583200.0,20.836375783630512,2.225067632895472,1.8350005149841309
RIOT,2026-08-26,20.90999984741211,21.329999923706055,20.489999771118164,20.610000610351562,20.610000610351562,9167200.0,20.81481624331823,-0.9839896282169414,1.6360004425048829
RIOT,2026-08-27,21.125,21.854999542236328,20.649999618530273,20.8799991607666,20.8799991607666,15330900.0,20.821024140218075,0.2832474529176121,1.5708335240681965
RIOT,2026-08-28,20.520000457763672,20.610000610351562,18.75,18.989999771118164,18.989999771118164,17344600.0,20.646640866970465,-8.023780267823222,1.650714329310826
RIOT,2026-08-31,18.829999923706055,19.040000915527344,18.1200008392334,18.9950008392334,18.9950008392334,11034000.0,20.489341816709793,-7.293260031699534,1.5593750476837158
RIOT,2026-09-01,18.395000457763672,18.540000915527344,17.68000030517578,17.790000915527344,17.790000915527344,15010700.0,20.232261730882893,-12.071121102726924,1.5322223239474826
RIOT,2026-09-02,17.649999618530273,18.889999389648438,17.391000747680664,18.635000228881836,18.635000228881836,13888900.0,20.080141587835172,-7.1968683718287245,1.5288999557495118
RIOT,2026-09-03,18.704999923706055,21.204999923706055,18.469999313354492,21.139999389648438,21.139999389648438,23421500.0,20.1810804261031,4.751573965807254,1.6385454698042436
RIOT,2026-09-04,20.739999771118164,21.829999923706055,20.65999984741211,21.799999237060547,21.799999237060547,15368600.0,20.33526317000381,7.202936371226043,1.599500020345052
RIOT,2026-09-08,21.760000228881836,22.8700008392334,21.645000457763672,22.260000228881836,22.260000228881836,14851600.0,20.518571461325525,8.487085813155403,1.570692355816181
RIOT,2026-09-09,22.549999237060547,22.700000762939453,21.610000610351562,22.06999969482422,22.06999969482422,14783800.0,20.666326531182545,6.792078706023208,1.5363571984427316
RIOT,2026-09-10,21.209999084472656,21.809999465942383,20.780000686645508,20.950000762939453,20.950000762939453,10256900.0,20.693343124683203,1.2402908351242026,1.5285000119890486
RIOT,2026-09-11,21.420000076293945,22.049999237060547,20.950000762939453,21.469999313354492,21.469999313354492,11621800.0,20.767310380747134,3.383629944004718,1.4184998103550501
RIOT,2026-09-14,20.450000762939453,21.40999984741211,20.094999313354492,20.950000762939453,20.950000762939453,11078300.0,20.784709464765452,0.7952543116092503,1.4259997776576452
RIOT,2026-09-15,20.549999237060547,20.719999313354492,19.514999389648438,19.700000762939453,19.700000762939453,13720900.0,20.681403874115357,-4.745340873132021,1.3834998267037528
RIOT,2026-09-16,20.0,20.940000534057617,19.850000381469727,20.350000381469727,20.350000381469727,16160500.0,20.649841636720534,-1.4520268994102858,1.4120712280273438
RIOT,2026-09-17,21.309999465942383,22.065000534057617,20.649999618530273,21.8799991607666,21.8799991607666,17163300.0,20.766999496153492,5.359463050111124,1.4456427437918526
RIOT,2026-09-18,22.639999389648438,24.09000015258789,22.20199966430664,23.75,23.75,24627300.0,21.051094782234113,12.820735670448858,1.451357160295759
RIOT,2026-09-21,24.799999237060547,25.06800079345703,23.96500015258789,24.18000030517578,24.18000030517578,21917300.0,21.34908578441903,13.26012059412307,1.479785782950265
RIOT,2026-09-22,23.75,25.389999389648438,23.700000762939453,24.93000030517578,24.93000030517578,19494800.0,21.690125262586342,14.937096966322972,1.5065713609967912
RIOT,2026-09-23,24.520000457763672,25.270000457763672,24.420000076293945,24.690000534057617,24.690000534057617,16807700.0,21.97582766939313,12.350719642949581,1.460214342389788
RIOT,2026-09-24,24.100000381469727,24.915000915527344,23.450000762939453,23.479999542236328,23.479999542236328,21980100.0,22.119082133473434,6.152684820060328,1.369500023978097
RIOT,2026-09-25,23.530000686645508,23.639999389648438,22.30500030517578,23.0,23.0,16677900.0,22.20297907314263,3.589702644099102,1.3812856674194336
RIOT,2026-09-28,22.5,22.850000381469727,21.56999969482422,21.6200008392334,21.6200008392334,12550400.0,22.147457336579844,-2.3815668287811675,1.3959285191127233
RIOT,2026-09-29,22.1200008392334,22.360000610351562,21.344999313354492,21.389999389648438,21.389999389648438,11872900.0,22.075318484491138,-3.104458471682603,1.390571457999093
RIOT,2026-09-30,21.780000686645508,21.799999237060547,20.114999771118164,20.149999618530273,20.149999618530273,12784300.0,21.891954782971055,-7.957056287160724,1.418785776410784
RIOT,2026-10-01,20.24799919128418,20.24799919128418,18.940000534057617,19.290000915527344,19.290000915527344,4736178.0,21.64414965273832,-10.876605341310508,1.4336429323468889
SECZ,2026-08-20,6.179999828338623,6.599999904632568,6.050000190734863,6.400000095367432,6.400000095367432,1989400.0,6.400000095367432,0.0,
SECZ,2026-08-21,6.449999809265137,6.699999809265137,6.119999885559082,6.130000114440918,6.130000114440918,1964700.0,6.374285811469669,-3.8323618402738013,
SECZ,2026-08-24,6.260000228881836,6.699999809265137,6.170000076293945,6.349999904632568,6.349999904632568,2634700.0,6.371972867961373,-0.3448376787554497,0.5666664441426595
SECZ,2026-08-25,6.409999847412109,6.789999961853027,6.010000228881836,6.730000019073486,6.730000019073486,2018000.0,6.406070691876812,5.056599322380739,0.6199997663497925
SECZ,2026-08-26,6.590000152587891,6.920000076293945,6.550000190734863,6.800000190734863,6.800000190734863,961300.0,6.443587787006151,5.53127256910253,0.5699997901916504
SECZ,2026-08-27,6.889999866485596,7.159999847412109,6.659999847412109,6.670000076293945,6.670000076293945,1590800.0,6.465150862176417,3.1685140607618845,0.558333158493042
SECZ,2026-08-28,6.670000076293945,6.75,6.139999866485596,6.289999961853027,6.289999961853027,1546500.0,6.44846982405038,-2.457480092506903,0.5657141549246651
SECZ,2026-08-31,6.420000076293945,6.579999923706055,6.179999828338623,6.460000038146973,6.460000038146973,1355100.0,6.449567939678627,0.16174879566994704,0.544999897480011
SECZ,2026-09-01,6.329999923706055,6.519999980926514,6.21999979019165,6.25,6.25,644800.0,6.4305614692330435,-2.8078647579521276,0.5177777078416612
SECZ,2026-09-02,6.300000190734863,6.650000095367432,6.199999809265137,6.510000228881836,6.510000228881836,867700.0,6.438127065390071,1.1163675827111197,0.5109999656677247
SECZ,2026-09-03,6.53000020980835,7.21999979019165,6.53000020980835,7.099999904632568,7.099999904632568,1642300.0,6.501162573889356,9.211234512859656,0.5290908379988237
SECZ,2026-09-04,6.900000095367432,7.570000171661377,6.900000095367432,7.420000076293945,7.420000076293945,1472100.0,6.588670907451698,12.61755489869778,0.5408332745234171
SECZ,2026-09-08,7.5,8.3100004196167,7.400000095367432,8.25,8.25,3192200.0,6.746892725789632,22.27851153561138,0.5692307398869441
SECZ,2026-09-09,8.229999542236328,8.770000457763672,7.980000019073486,8.430000305175781,8.430000305175781,2533200.0,6.90718868573117,22.04676444687874,0.5850000040871757
SECZ,2026-09-10,8.359999656677246,8.420000076293945,7.849999904632568,8.039999961853027,8.039999961853027,1308200.0,7.015075473933252,14.6103130569045,0.5871429102761405
SECZ,2026-09-11,8.149999618530273,8.40999984741211,8.020000457763672,8.270000457763672,8.270000457763672,855300.0,7.134592139059959,15.914130710957686,0.5735714435577393
SECZ,2026-09-14,8.020000457763672,8.5600004196167,7.840000152587891,8.210000038146973,8.210000038146973,1355300.0,7.237011938973007,13.44461094411351,0.5842857701437814
SECZ,2026-09-15,8.100000381469727,8.279999732971191,7.710000038146973,7.96999979019165,7.96999979019165,1167300.0,7.306820305755735,9.076170710172192,0.5692857674189976
SECZ,2026-09-16,8.0,8.390000343322754,7.429999828338623,7.769999980926514,7.769999980926514,2605200.0,7.350932655771999,5.7008728657779395,0.6114286695207868
SECZ,2026-09-17,8.34000015258789,9.640000343322754,8.210000038146973,8.930000305175781,8.930000305175781,5796900.0,7.501320050953312,19.045717880560286,0.7092858382633754
SECZ,2026-09-18,9.319999694824219,11.069999694824219,9.25,10.859999656677246,10.859999656677246,21287700.0,7.821194299117495,38.853469704781965,0.8185714994158063
SECZ,2026-09-21,11.670000076293945,13.930000305175781,11.140000343322754,13.5,13.5,7061400.0,8.362032937296782,61.44399455527836,1.0092858246394567
SECZ,2026-09-22,12.960000038146973,13.520000457763672,12.170000076293945,13.0,13.0,6307900.0,8.80374408612566,47.66444677199861,1.0842858382633753
SECZ,2026-09-23,12.800000190734863,14.869999885559082,12.729999542236328,14.359999656677246,14.359999656677246,9187600.0,9.33291128332105,53.86409685839575,1.2050001280648368
SECZ,2026-09-24,14.670000076293945,16.559999465942383,14.470000267028809,16.530000686645508,16.530000686645508,10522700.0,10.01834836935195,64.99726379264223,1.3114287172045027
SECZ,2026-09-25,16.209999084472656,16.219999313354492,14.829999923706055,15.960000038146973,15.960000038146973,6876400.0,10.584219956856238,50.79051742314196,1.385000194822039
SECZ,2026-09-28,16.0,17.010000228881836,15.569999694824219,16.6299991607666,16.6299991607666,4356800.0,11.160008452466748,49.014216535748204,1.4228573526654924
SECZ,2026-09-29,16.59000015258789,16.760000228881836,15.0,15.84000015258789,15.84000015258789,3634600.0,11.60572194771638,36.484401607645566,1.4921430519648962
SECZ,2026-09-30,15.760000228881836,15.850000381469727,14.279999732971191,14.59000015258789,14.59000015258789,3356100.0,11.889938919608907,22.708789769525552,1.5628573553902763
SECZ,2026-10-01,14.550000190734863,14.961000442504883,13.610099792480469,13.770000457763672,13.770000457763672,1052695.0,12.06899239943317,14.094035376228998,1.631493159702846
SEDG,2026-08-20,31.75,32.72999954223633,30.540000915527344,30.899999618530273,30.899999618530273,2170900.0,30.899999618530273,0.0,
SEDG,2026-08-21,31.360000610351562,31.950000762939453,30.05500030517578,30.829999923706055,30.829999923706055,2375300.0,30.89333298092797,-0.20500558246988598,
SEDG,2026-08-24,30.20199966430664,30.6560001373291,29.600000381469727,30.09000015258789,30.09000015258789,1965400.0,30.81682509251463,-2.3585328395924976,1.7716662089029949
SEDG,2026-08-25,30.799999237060547,31.200000762939453,29.809999465942383,29.8799991607666,29.8799991607666,2168000.0,30.727603575205293,-2.758446204124554,1.6762499809265137
SEDG,2026-08-26,32.18000030517578,33.689998626708984,31.3799991607666,33.08000183105469,33.08000183105469,6561000.0,30.951641504333807,6.876405331920354,2.1029998779296877
SEDG,2026-08-27,33.78499984741211,34.172000885009766,32.52000045776367,33.5099983215332,33.5099983215332,2610100.0,31.195294534543276,7.420041456658799,2.0278333028157554
SEDG,2026-08-28,32.900001525878906,33.11000061035156,30.940000534057617,31.40999984741211,31.40999984741211,3209300.0,31.215742659578403,0.6223051937356283,2.1052853720528737
SEDG,2026-08-31,31.149999618530273,32.43000030517578,31.1200008392334,32.20000076293945,32.20000076293945,2062200.0,31.30948152656517,2.8442477899824237,2.0058746337890625
SEDG,2026-09-01,31.8700008392334,33.06999969482422,31.600000381469727,32.4900016784668,32.4900016784668,2535000.0,31.421912017222464,3.399187358996203,1.9463329315185547
SEDG,2026-09-02,32.41999816894531,34.470001220703125,32.41999816894531,33.97999954223633,33.97999954223633,2269500.0,31.66553940055712,7.309081687831553,1.9566999435424806
SEDG,2026-09-03,33.685001373291016,34.40999984741211,33.04999923706055,33.79999923706055,33.79999923706055,1836400.0,31.86882128974792,6.059772119447282,1.9024545496160334
SEDG,2026-09-04,33.86000061035156,34.65999984741211,33.5099983215332,34.20000076293945,34.20000076293945,1573000.0,32.09083838243283,6.572475157461843,1.8397501309712727
SEDG,2026-09-08,35.040000915527344,37.400001525878906,34.95000076293945,36.43000030517578,36.43000030517578,4215300.0,32.50409189888454,12.078197472811025,1.944384794968825
SEDG,2026-09-09,37.0,37.709999084472656,34.83000183105469,35.209999084472656,35.209999084472656,2448100.0,32.76179734513103,7.472733298331913,2.011214256286621
SEDG,2026-09-10,35.56999969482422,37.540000915527344,29.90999984741211,36.75,36.75,9984800.0,33.14162616940426,10.88773922001125,2.3997858592442105
SEDG,2026-09-11,36.779998779296875,37.540000915527344,34.54999923706055,34.68000030517578,34.68000030517578,4918500.0,33.28813799185869,4.181256138921019,2.4780002321515764
SEDG,2026-09-14,33.63999938964844,37.22999954223633,33.25,35.33000183105469,35.33000183105469,3688000.0,33.48260121463926,5.517494308679072,2.674428803580148
SEDG,2026-09-15,35.2400016784668,35.79999923706055,34.2400016784668,35.2599983215332,35.2599983215332,3779600.0,33.65187712958154,4.77869684879495,2.6865713936941966
SEDG,2026-09-16,35.93000030517578,35.933998107910156,34.060001373291016,34.68000030517578,34.68000030517578,3097000.0,33.74979362249528,2.7561848024471702,2.548285484313965
SEDG,2026-09-17,35.29999923706055,36.77000045776367,34.7599983215332,36.0,36.0,1507800.0,33.96409899178145,5.9942735672487535,2.579571178981236
SEDG,2026-09-18,36.540000915527344,36.75,33.52000045776367,34.68000030517578,34.68000030517578,3199000.0,34.03228006924758,1.903252543203826,2.6267141614641463
SEDG,2026-09-21,34.720001220703125,36.130001068115234,33.5,35.61000061035156,35.61000061035156,2434900.0,34.18253916840034,4.1759959227102295,2.7209999901907787
SEDG,2026-09-22,36.349998474121094,37.16999816894531,35.619998931884766,36.08000183105469,36.08000183105469,1934100.0,34.363249898176946,4.99589514369192,2.727428436279297
SEDG,2026-09-23,35.97999954223633,36.29499816894531,32.900001525878906,33.349998474121094,33.349998474121094,3294100.0,34.26674976255258,-2.675337739307071,2.8234994070870534
SEDG,2026-09-24,32.220001220703125,32.790000915527344,31.450000762939453,31.90999984741211,31.90999984741211,3533400.0,34.04229738968206,-6.263671096758106,2.8620706285749162
SEDG,2026-09-25,31.90999984741211,33.249000549316406,31.90999984741211,32.68000030517578,32.68000030517578,1882000.0,33.91255481020528,-3.634507962987754,2.8755705697195872
SEDG,2026-09-28,32.58000183105469,32.58000183105469,31.3700008392334,31.530000686645508,31.530000686645508,1311700.0,33.68564489367578,-6.399296239790786,2.7405704770769392
SEDG,2026-09-29,32.0,32.029998779296875,30.7450008392334,31.520000457763672,31.520000457763672,2875400.0,33.47939304263653,-5.852533175788288,2.6266419546944753
SEDG,2026-09-30,32.0,33.33000183105469,31.600000381469727,31.8700008392334,31.8700008392334,2723300.0,33.32611759469338,-4.369296097340314,2.2109276907784596
SEDG,2026-10-01,31.760000228881836,31.760000228881836,29.600000381469727,30.05500030517578,30.05500030517578,1027042.0,33.014582614739325,-8.9644698650294,2.159499032156808
SGML,2026-08-20,10.960000038146973,10.989999771118164,10.543000221252441,10.729999542236328,10.729999542236328,958300.0,10.729999542236328,0.0,
SGML,2026-08-21,11.1899995803833,11.989999771118164,11.15999984741211,11.970000267028809,11.970000267028809,1847300.0,10.848094849359422,10.341958041928766,
SGML,2026-08-24,12.210000038146973,12.779999732971191,11.859999656677246,12.210000038146973,12.210000038146973,2693100.0,10.977800105434426,11.224470484779193,0.875666618347168
SGML,2026-08-25,12.149999618530273,12.390000343322754,11.6899995803833,12.329999923706055,12.329999923706055,1546600.0,11.106581040507914,11.01526094066292,0.8317501544952393
SGML,2026-08-26,12.359999656677246,12.475000381469727,11.970000267028809,12.199999809265137,12.199999809265137,738400.0,11.210716161341935,8.824446482148595,0.766400146484375
SGML,2026-08-27,12.300000190734863,12.630000114440918,12.15999984741211,12.609999656677246,12.609999656677246,1037100.0,11.343981256135775,11.160265271565951,0.7170001665751139
SGML,2026-08-28,12.859999656677246,13.170000076293945,12.178999900817871,12.260000228881836,12.260000228881836,1324300.0,11.431221158302067,7.2501359137633115,0.7561430249895368
SGML,2026-08-31,12.479999542236328,12.979999542236328,12.420000076293945,12.640000343322754,12.640000343322754,1318600.0,11.546342985446895,9.471893908351014,0.7516250610351562
SGML,2026-09-01,12.420000076293945,12.569999694824219,11.920000076293945,12.260000228881836,12.260000228881836,972600.0,11.61431034196451,5.559433732232355,0.748111195034451
SGML,2026-09-02,12.199999809265137,12.958999633789062,12.199999809265137,12.850000381469727,12.850000381469727,1364800.0,11.731995107631674,9.529540914237078,0.7492000579833984
SGML,2026-09-03,12.800000190734863,12.970000267028809,12.510000228881836,12.770000457763672,12.770000457763672,1404100.0,11.830852760025197,7.938123453887647,0.7229091470891779
SGML,2026-09-04,12.119999885559082,12.699999809265137,12.109999656677246,12.390000343322754,12.390000343322754,1745700.0,11.88410491081544,4.256908166865059,0.7176667849222819
SGML,2026-09-08,10.774999618530273,11.100000381469727,10.199999809265137,10.430000305175781,10.430000305175781,5271500.0,11.745618757897377,-11.200929298314033,0.8309232271634616
SGML,2026-09-09,10.40999984741211,11.25,10.359999656677246,10.569999694824219,10.569999694824219,1869100.0,11.633655037604695,-9.142916300529036,0.8351430211748395
SGML,2026-09-10,10.166000366210938,10.210000038146973,9.890000343322754,10.069999694824219,10.069999694824219,1967300.0,11.484735481149412,-12.318401139036117,0.8517858641488212
SGML,2026-09-11,9.960000038146973,10.0649995803833,9.489999771118164,9.5,9.5,1570400.0,11.295713054373278,-15.897297016393718,0.8032144137791225
SGML,2026-09-14,9.199999809265137,9.3100004196167,8.90999984741211,8.90999984741211,8.90999984741211,1917600.0,11.068502272757929,-19.501305345153863,0.7796429906572614
SGML,2026-09-15,9.199999809265137,9.369999885559082,8.890000343322754,9.09000015258789,9.09000015258789,2304200.0,10.880073499408402,-16.45276887989632,0.7639286177498954
SGML,2026-09-16,9.15999984741211,9.34000015258789,8.802000045776367,9.0,9.0,3898500.0,10.701018880417127,-15.895859071232865,0.7662857600620815
SGML,2026-09-17,9.289999961853027,9.420000076293945,8.859999656677246,8.880000114440918,8.880000114440918,3163000.0,10.527588521752726,-15.650197610853267,0.772714342389788
SGML,2026-09-18,9.164999961853027,10.0,9.079999923706055,9.970000267028809,9.970000267028809,3362800.0,10.474484878445686,-4.816319057894692,0.7819286073957171
SGML,2026-09-21,10.135000228881836,10.430000305175781,9.880000114440918,10.270000457763672,10.270000457763672,2108600.0,10.455010171714067,-1.7695794734943093,0.7697858129228864
SGML,2026-09-22,10.449999809265137,10.640000343322754,10.149999618530273,10.579999923706055,10.579999923706055,1923200.0,10.466913957618065,1.080413640026956,0.7533572741917202
SGML,2026-09-23,10.260000228881836,10.329999923706055,10.0649995803833,10.140000343322754,10.140000343322754,1411000.0,10.435779327685177,-2.834277873026192,0.7359287398202079
SGML,2026-09-24,9.890000343322754,10.0,9.630000114440918,9.979999542236328,9.979999542236328,1465700.0,10.392371729071,-3.9680276801601133,0.7395001820155552
SGML,2026-09-25,9.979999542236328,9.979999542236328,9.470000267028809,9.579999923706055,9.579999923706055,2877300.0,10.31500298570291,-7.125572944725311,0.728785787309919
SGML,2026-09-28,9.289999961853027,9.625,9.130000114440918,9.5,9.5,1474700.0,10.237383653731204,-7.2028525907832925,0.6077143124171666
SGML,2026-09-29,9.619999885559082,9.760000228881836,9.420000076293945,9.710000038146973,9.710000038146973,1148800.0,10.187156642723183,-4.683903677058399,0.5684285845075335
SGML,2026-09-30,9.800000190734863,10.029999732971191,9.010000228881836,9.399999618530273,9.399999618530273,3223600.0,10.112189307085764,-7.042883266202782,0.5927143096923828
SGML,2026-10-01,8.899999618530273,9.0,8.3149995803833,8.46500015258789,8.46500015258789,1020111.0,9.955314149514537,-14.970034843142754,0.6287857464381627
SHAZ,2026-08-20,66.9000015258789,66.9000015258789,57.58000183105469,60.849998474121094,60.849998474121094,2314100.0,60.849998474121094,0.0,
SHAZ,2026-08-21,61.459999084472656,63.0,57.13999938964844,59.06999969482422,59.06999969482422,1556800.0,60.68047478085473,-2.654025189892928,
SHAZ,2026-08-24,58.97999954223633,60.22999954223633,55.84000015258789,58.380001068115234,58.380001068115234,1157300.0,60.46138204630811,-3.4424965287738862,6.523333231608073
SHAZ,2026-08-25,59.09000015258789,61.79999923706055,58.349998474121094,60.970001220703125,60.970001220703125,670300.0,60.50982196767906,0.7605033993817845,5.755000114440918
SHAZ,2026-08-26,59.189998626708984,61.86000061035156,58.61000061035156,59.59000015258789,59.59000015258789,753600.0,60.42221989005133,-1.3773405528261118,5.254000091552735
SHAZ,2026-08-27,60.970001220703125,61.189998626708984,58.529998779296875,59.209999084472656,59.209999084472656,1043800.0,60.306770289520024,-1.8186535272607052,4.821666717529297
SHAZ,2026-08-28,56.2400016784668,57.58000183105469,50.72999954223633,52.369998931884766,52.369998931884766,2590200.0,59.55088730307857,-12.058407013563633,5.3442856924874445
SHAZ,2026-08-31,50.959999084472656,55.060001373291016,50.959999084472656,54.86000061035156,54.86000061035156,2160700.0,59.10413618948552,-7.1807759198568295,5.188750267028809
SHAZ,2026-09-01,52.540000915527344,53.33000183105469,49.630001068115234,52.63999938964844,52.63999938964844,1625700.0,58.48850411331057,-9.999408964762967,5.193333519829644
SHAZ,2026-09-02,52.5,55.400001525878906,50.5,54.290000915527344,54.290000915527344,876900.0,58.088646665902644,-6.539394474488702,5.16400032043457
SHAZ,2026-09-03,54.27000045776367,55.83000183105469,51.0099983215332,54.970001220703125,54.970001220703125,1304100.0,57.79163281397888,-4.882422343660187,5.132727883078835
SHAZ,2026-09-04,55.400001525878906,57.70000076293945,54.18000030517578,55.939998626708984,55.939998626708984,1246400.0,57.61528670090556,-2.907714549601015,4.998333930969238
SHAZ,2026-09-08,56.77000045776367,60.040000915527344,55.189998626708984,57.630001068115234,57.630001068115234,2782500.0,57.61668806921124,0.023106150926266444,4.98692380464994
SHAZ,2026-09-09,56.290000915527344,59.459999084472656,56.27000045776367,56.75,56.75,1669900.0,57.534146348333984,-1.362923408277339,4.858572006225586
SHAZ,2026-09-10,54.470001220703125,60.63999938964844,54.20000076293945,56.56999969482422,56.56999969482422,1440500.0,57.44232285752353,-1.5186070466944201,4.652857644217355
SHAZ,2026-09-11,57.279998779296875,60.7400016784668,57.279998779296875,59.40999984741211,59.40999984741211,1061300.0,57.629720666084346,3.089168506720652,4.532143456595285
SHAZ,2026-09-14,54.90999984741211,55.380001068115234,51.599998474121094,51.90999984741211,51.90999984741211,1838000.0,57.084985350020325,-9.065405676952443,4.776429312569754
SHAZ,2026-09-15,52.0099983215332,52.34000015258789,48.810001373291016,49.9900016784668,49.9900016784668,1636000.0,56.40927261939618,-11.379815131177795,4.782143456595285
SHAZ,2026-09-16,50.650001525878906,55.060001373291016,50.650001525878906,52.209999084472656,52.209999084472656,1193300.0,56.00934180654632,-6.783408980588302,4.912143434797015
SHAZ,2026-09-17,55.16999816894531,56.97999954223633,53.0,56.72999954223633,56.72999954223633,1419800.0,56.07797587661203,1.1627089876762753,5.06285776410784
SHAZ,2026-09-18,57.88999938964844,59.29999923706055,57.29999923706055,57.560001373291016,57.560001373291016,2163600.0,56.219121162010026,2.385096357904448,4.640714917864118
SHAZ,2026-09-21,57.04999923706055,60.709999084472656,54.529998779296875,59.93000030517578,59.93000030517578,1057900.0,56.572538223263905,5.934791309277365,4.789286204746792
SHAZ,2026-09-22,59.040000915527344,64.0,58.66999816894531,63.209999084472656,63.209999084472656,1268200.0,57.204677352902834,10.497955778200163,4.7964292253766745
SHAZ,2026-09-23,62.47999954223633,62.47999954223633,56.540000915527344,57.72999954223633,57.72999954223633,1608700.0,57.25470803760126,0.830135234159135,4.922857557024274
SHAZ,2026-09-24,57.0,58.65999984741211,55.91999816894531,56.400001525878906,56.400001525878906,885700.0,57.17330741743723,-1.3525645558900679,4.774285997663226
SHAZ,2026-09-25,56.779998779296875,57.0,53.20000076293945,54.68000030517578,54.68000030517578,1229600.0,56.93584959722185,-3.9620894533136886,4.794285910470145
SHAZ,2026-09-28,54.0,55.0,51.91999816894531,52.90999984741211,52.90999984741211,1482900.0,56.55243533533521,-6.440811021355309,4.667857306344168
SHAZ,2026-09-29,54.52000045776367,55.58000183105469,52.54999923706055,54.16999816894531,54.16999816894531,1050300.0,56.325536557583796,-3.826929169924187,4.6564290182931085
SHAZ,2026-09-30,54.45000076293945,55.130001068115234,52.900001525878906,54.599998474121094,54.599998474121094,1251200.0,56.16119959725401,-2.7798571510734837,4.355714797973633
SHAZ,2026-10-01,54.79999923706055,55.0,49.619998931884766,51.02000045776367,51.02000045776367,514622.0,55.671561583969215,-8.35536312231805,4.442143304007394
SLS,2026-08-20,13.84000015258789,14.4399995803833,13.010000228881836,13.399999618530273,13.399999618530273,7818900.0,13.399999618530273,0.0,
SLS,2026-08-21,13.6899995803833,15.670000076293945,13.260000228881836,15.460000038146973,15.460000038146973,15242100.0,13.596190134684246,13.70832479540056,
SLS,2026-08-24,15.479999542236328,15.479999542236328,13.90999984741211,14.329999923706055,14.329999923706055,8823400.0,13.66607678125775,4.858183903655777,1.8033329645792644
SLS,2026-08-25,14.5600004196167,15.390000343322754,13.90999984741211,14.09000015258789,14.09000015258789,8206800.0,13.706450435670146,2.798315426141129,1.7224998474121094
SLS,2026-08-26,13.819999694824219,13.920000076293945,13.40999984741211,13.729999542236328,13.729999542236328,4594600.0,13.708693207724068,0.1554220682410179,1.5139999389648438
SLS,2026-08-27,14.079999923706055,15.5600004196167,13.920000076293945,15.210000038146973,15.210000038146973,12117400.0,13.851674810621487,9.806216548513834,1.5666667620340984
SLS,2026-08-28,14.770000457763672,14.789999961853027,13.149999618530273,13.210000038146973,13.210000038146973,9825400.0,13.790562927528676,-4.209856352004204,1.6371429988316126
SLS,2026-08-31,13.329999923706055,13.670000076293945,12.9399995803833,13.34000015258789,13.34000015258789,7449600.0,13.747652187058124,-2.9652483851314804,1.5237501859664917
SLS,2026-09-01,13.020000457763672,13.390000343322754,12.640000343322754,13.220000267028809,13.220000267028809,5911700.0,13.697399623245808,-3.4853283787296907,1.437777943081326
SLS,2026-09-02,13.270000457763672,14.329999923706055,13.229999542236328,14.15999984741211,14.15999984741211,6236300.0,13.741456787452123,3.0458419833781836,1.4050001144409179
SLS,2026-09-03,14.0600004196167,14.539999961853027,13.550000190734863,13.699999809265137,13.699999809265137,5776000.0,13.737508503815267,-0.2730385538230129,1.3672728105024858
SLS,2026-09-04,13.510000228881836,14.140000343322754,13.430000305175781,13.859999656677246,13.859999656677246,4526900.0,13.74917432789736,0.8060507935739647,1.3125000794728596
SLS,2026-09-08,13.770000457763672,14.369999885559082,13.319999694824219,13.960000038146973,13.960000038146973,6055000.0,13.769252966968752,1.3853116914607222,1.2923077803391676
SLS,2026-09-09,13.710000038146973,14.329999923706055,13.710000038146973,13.949999809265137,13.949999809265137,5499900.0,13.78646695194936,1.186183943179553,1.2442857878548759
SLS,2026-09-10,13.65999984741211,13.829999923706055,13.369999885559082,13.489999771118164,13.489999771118164,4820200.0,13.758231982346388,-1.9496125052434143,1.1835715430123466
SLS,2026-09-11,13.550000190734863,13.739999771118164,11.380000114440918,11.550000190734863,11.550000190734863,14709900.0,13.5479241926691,-14.747085778759605,1.1800001008169991
SLS,2026-09-14,10.90999984741211,12.279999732971191,10.779999732971191,11.729999542236328,11.729999542236328,10542400.0,13.374788511675504,-12.297682075521122,1.1750001226152693
SLS,2026-09-15,11.600000381469727,11.699999809265137,11.029999732971191,11.289999961853027,11.289999961853027,5244000.0,13.17623722121622,-14.315447025543804,1.1192857878548759
SLS,2026-09-16,11.239999771118164,11.739999771118164,11.239999771118164,11.65999984741211,11.65999984741211,5126200.0,13.031833661806305,-10.526790396464047,1.106428623199463
SLS,2026-09-17,11.3100004196167,11.800000190734863,11.229999542236328,11.529999732971191,11.529999732971191,4811900.0,12.888801859060104,-10.542501474904364,1.0164286068507604
SLS,2026-09-18,11.600000381469727,11.779999732971191,11.0600004196167,11.489999771118164,11.489999771118164,14607400.0,12.755582612589443,-9.92179565535627,0.9207142421177456
SLS,2026-09-21,11.59000015258789,11.9399995803833,11.130000114440918,11.369999885559082,11.369999885559082,5636400.0,12.623622352872266,-9.93076656026506,0.9264284542628697
SLS,2026-09-22,11.40999984741211,12.069999694824219,11.170000076293945,12.020000457763672,12.020000457763672,5970400.0,12.566134553338115,-4.346078686777755,0.9371427127293178
SLS,2026-09-23,11.920000076293945,12.140000343322754,11.420000076293945,11.520000457763672,11.520000457763672,3888900.0,12.466502734711979,-7.592364090314174,0.9092856134687152
SLS,2026-09-24,11.430000305175781,12.039999961853027,11.100000381469727,11.979999542236328,11.979999542236328,4652600.0,12.420169097333346,-3.5439900346568076,0.9057141712733677
SLS,2026-09-25,11.989999771118164,12.149999618530273,11.5,11.609999656677246,11.609999656677246,4452900.0,12.343010102985147,-5.938668446286233,0.9014284270150321
SLS,2026-09-28,11.510000228881836,11.850000381469727,11.3100004196167,11.59000015258789,11.59000015258789,3752700.0,12.27129486961398,-5.551938277623025,0.8649998392377581
SLS,2026-09-29,11.5,11.640000343322754,11.369999885559082,11.510000228881836,11.510000228881836,3267200.0,12.19879061811568,-5.646382586573484,0.8399998801095145
SLS,2026-09-30,11.510000228881836,12.529999732971191,11.199999809265137,12.3100004196167,12.3100004196167,8601000.0,12.209382027782443,0.8241071628793284,0.893571308680943
SLS,2026-10-01,12.15999984741211,12.25,11.754400253295898,11.77239990234375,11.77239990234375,1285752.0,12.167764682502568,-3.249280294903789,0.7646856307983398
SMCI,2026-08-20,36.900001525878906,38.7400016784668,35.58000183105469,36.5,36.5,51286600.0,36.5,0.0,
SMCI,2026-08-21,37.15999984741211,37.66999816894531,36.41999816894531,37.2400016784668,37.2400016784668,36474300.0,36.570476350330175,1.830780987709435,
SMCI,2026-08-24,36.4900016784668,36.70000076293945,34.09000015258789,35.16999816894531,35.16999816894531,39934900.0,36.43709747591257,-3.4774979203678336,2.520000457763672
SMCI,2026-08-25,36.130001068115234,38.599998474121094,36.0099983215332,38.459999084472656,38.459999084472656,48106900.0,36.629754771965914,4.996605420649702,2.747500419616699
SMCI,2026-08-26,38.029998779296875,38.27000045776367,37.22999954223633,37.38999938964844,37.38999938964844,33723200.0,36.70215902126901,1.8741141848925613,2.444000244140625
SMCI,2026-08-27,38.689998626708984,39.470001220703125,37.47999954223633,38.459999084472656,38.459999084472656,41662100.0,36.86957236062174,4.31365655206124,2.3833338419596353
SMCI,2026-08-28,38.02000045776367,38.970001220703125,36.869998931884766,37.08000183105469,37.08000183105469,29132900.0,36.88961326256773,0.516103454736272,2.342857905796596
SMCI,2026-08-31,36.540000915527344,37.59000015258789,36.119998931884766,37.279998779296875,37.279998779296875,22915000.0,36.92679283558955,0.9565031690672798,2.233750820159912
SMCI,2026-09-01,36.43000030517578,37.150001525878906,35.720001220703125,36.709999084472656,36.709999084472656,26862900.0,36.90614581167366,-0.5314744275978001,2.1588893466525607
SMCI,2026-09-02,37.650001525878906,37.880001068115234,35.630001068115234,37.0,37.0,33258800.0,36.91508430579998,0.23002979892066122,2.168000411987305
SMCI,2026-09-03,36.5,38.220001220703125,35.75,37.869998931884766,37.869998931884766,34436400.0,37.00602855590329,2.3346746724694167,2.19545503096147
SMCI,2026-09-04,38.15999984741211,40.90999984741211,37.91999816894531,39.59000015258789,39.59000015258789,53633200.0,37.25212108892087,6.275828047714382,2.265833854675293
SMCI,2026-09-08,39.66999816894531,41.529998779296875,39.66999816894531,40.2599983215332,40.2599983215332,42400700.0,37.538585587264905,7.24964111378652,2.2407696063701925
SMCI,2026-09-09,40.0099983215332,40.18000030517578,38.84000015258789,38.93000030517578,38.93000030517578,31197000.0,37.671101274684986,3.3418163735414286,2.182143075125558
SMCI,2026-09-10,37.90999984741211,39.2599983215332,37.369998931884766,37.380001068115234,37.380001068115234,26771400.0,37.643377445487864,-0.6996619199593046,2.091428756713867
SMCI,2026-09-11,37.7599983215332,40.45000076293945,37.560001373291016,40.099998474121094,40.099998474121094,46492700.0,37.87734135297674,5.86803889014158,2.2214287349155972
SMCI,2026-09-14,37.43000030517578,38.099998474121094,36.380001068115234,36.7400016784668,36.7400016784668,39892500.0,37.7690232887377,-2.724512101899512,2.2621427263532365
SMCI,2026-09-15,36.7400016784668,37.54999923706055,35.56999969482422,35.63999938964844,35.63999938964844,26725900.0,37.56625910787206,-5.127632519097358,2.158571243286133
SMCI,2026-09-16,35.95000076293945,37.119998931884766,35.36000061035156,36.849998474121094,36.849998474121094,31390500.0,37.498043809419585,-1.7282110464005074,2.1964282989501953
SMCI,2026-09-17,38.040000915527344,41.0099983215332,37.81999969482422,40.349998474121094,40.349998474121094,62517100.0,37.76965853939116,6.831779885006939,2.3449995858328685
SMCI,2026-09-18,40.20000076293945,40.40999984741211,38.31999969482422,39.09000015258789,39.09000015258789,48079300.0,37.89540535969561,3.15234731375329,2.344285147530692
SMCI,2026-09-21,40.630001068115234,41.720001220703125,40.0,41.20000076293945,41.20000076293945,48218400.0,38.21012873143312,7.824815384740513,2.4271422794886996
SMCI,2026-09-22,41.2599983215332,41.7400016784668,40.45000076293945,41.540000915527344,41.540000915527344,30249800.0,38.52725941563257,7.819765915330956,2.4078568049839566
SMCI,2026-09-23,42.27000045776367,42.70000076293945,40.790000915527344,41.439998626708984,41.439998626708984,40871500.0,38.8046631500208,6.791285538286584,2.383571079799107
SMCI,2026-09-24,40.439998626708984,42.279998779296875,39.849998474121094,41.5099983215332,41.5099983215332,34885600.0,39.06231411873627,6.266101376781719,2.380713871547154
SMCI,2026-09-25,42.0,43.7599983215332,41.900001525878906,43.2599983215332,43.2599983215332,49323200.0,39.4620935666217,9.624184658372759,2.324285234723772
SMCI,2026-09-28,42.75,43.060001373291016,40.959999084472656,41.779998779296875,41.779998779296875,29494500.0,39.68284644401933,5.2847830314692645,2.349999564034598
SMCI,2026-09-29,42.599998474121094,42.689998626708984,40.86000061035156,41.02000045776367,41.02000045776367,25272900.0,39.81019444532832,3.0389352006225057,2.3792852674211775
SMCI,2026-09-30,42.16999816894531,42.68000030517578,40.470001220703125,41.06999969482422,41.06999969482422,31810400.0,39.930175897661265,2.85454238940559,2.4021423884800504
SMCI,2026-10-01,40.88999938964844,41.4093017578125,40.130001068115234,40.630001068115234,40.630001068115234,6677491.0,39.99682591389497,1.5830635050475106,2.274235316685268
SNPS,2026-08-20,399.6000061035156,401.4200134277344,394.57000732421875,397.9200134277344,397.9200134277344,1163900.0,397.9200134277344,0.0,
SNPS,2026-08-21,400.6700134277344,401.9800109863281,394.7799987792969,397.8699951171875,397.8699951171875,1256400.0,397.91524977911087,-0.01137293982789167,
SNPS,2026-08-24,395.20001220703125,395.989990234375,388.1099853515625,394.510009765625,394.510009765625,1479500.0,397.59094120639793,-0.7748998081859138,7.936676025390625
SNPS,2026-08-25,396.3399963378906,410.92999267578125,395.25,408.7900085449219,408.7900085449219,2965900.0,398.6575190481621,2.5416526749457047,10.057502746582031
SNPS,2026-08-26,405.1000061035156,419.6000061035156,403.5400085449219,410.0,410.0,2622500.0,399.7377553292895,2.5672442830066977,11.258001708984375
SNPS,2026-08-27,419.6600036621094,464.9800109863281,415.30999755859375,464.8900146484375,464.8900146484375,4072200.0,405.94273240730354,14.521083279793533,18.545003255208332
SNPS,2026-08-28,461.8500061035156,462.45001220703125,440.6000061035156,442.6099853515625,442.6099853515625,2004100.0,409.4348517353282,8.102664801402826,19.365718296595983
SNPS,2026-08-31,437.95001220703125,445.8599853515625,434.45001220703125,439.5899963378906,439.5899963378906,1681000.0,412.3067702689056,6.617215150551847,18.37125015258789
SNPS,2026-09-01,428.2099914550781,430.8800048828125,413.9700012207031,414.82000732421875,414.82000732421875,2043200.0,412.5461261789354,0.5511822802323652,19.176666259765625
SNPS,2026-09-02,413.7799987792969,418.7300109863281,410.5199890136719,415.9700012207031,415.9700012207031,1269800.0,412.87220951624664,0.7503027893512426,18.080001831054688
SNPS,2026-09-03,419.1000061035156,419.8399963378906,413.1099853515625,416.30999755859375,416.30999755859375,1458100.0,413.19961790123205,0.7527547274027713,17.04818448153409
SNPS,2026-09-04,418.1199951171875,418.1199951171875,380.3299865722656,393.8399963378906,393.8399963378906,2967400.0,411.35584441900903,-4.258076874015837,18.77666982014974
SNPS,2026-09-08,396.82000732421875,405.79998779296875,391.4599914550781,392.0299987792969,392.0299987792969,2183100.0,409.51528769141737,-4.269752421378758,18.435387244591347
SNPS,2026-09-09,391.3599853515625,398.4100036621094,387.6000061035156,393.2200012207031,393.2200012207031,1380600.0,407.96335564658744,-3.6138918414663324,17.890716552734375
SNPS,2026-09-10,396.29998779296875,401.4700012207031,390.510009765625,397.1700134277344,397.1700134277344,1668200.0,406.935418292411,-2.3997431596527896,18.18428693498884
SNPS,2026-09-11,399.5,400.8299865722656,394.25,397.3800048828125,397.3800048828125,1177600.0,406.02537892006825,-2.1292693723358846,18.139999389648438
SNPS,2026-09-14,393.8900146484375,395.0,379.6400146484375,381.42999267578125,381.42999267578125,1880700.0,403.6829611825171,-5.512486442714781,18.709997994559153
SNPS,2026-09-15,378.3699951171875,381.4800109863281,362.54998779296875,367.70001220703125,367.70001220703125,2937100.0,400.25601366104223,-8.133794457259825,18.889286586216517
SNPS,2026-09-16,367.5,379.94000244140625,367.45001220703125,378.4700012207031,378.4700012207031,1720300.0,398.18115533339085,-4.950298086353156,18.634286063058035
SNPS,2026-09-17,384.45001220703125,386.67999267578125,377.3599853515625,381.1700134277344,381.1700134277344,1599300.0,396.56104658047116,-3.881125815420605,15.372857230050224
SNPS,2026-09-18,385.0,386.2699890136719,380.3800048828125,384.9700012207031,384.9700012207031,3232900.0,395.4571374985885,-2.65190213640355,14.058569771902901
SNPS,2026-09-21,387.3299865722656,404.05999755859375,385.9200134277344,401.8500061035156,401.8500061035156,1668800.0,396.0659821276292,1.4603687862348558,14.607142857142858
SNPS,2026-09-22,406.6400146484375,412.6400146484375,402.0199890136719,409.239990234375,409.239990234375,1367200.0,397.32064956636685,2.9999298251970563,13.547858101981026
SNPS,2026-09-23,409.44000244140625,420.8800048828125,408.5,413.05999755859375,413.05999755859375,2097500.0,398.8196350894361,3.5706272250021653,13.845714024135045
SNPS,2026-09-24,413.5,425.9700012207031,407.0199890136719,424.9100036621094,424.9100036621094,1715600.0,401.30443209635735,5.882210530902898,14.718571254185267
SNPS,2026-09-25,445.010009765625,445.9200134277344,424.2099914550781,425.760009765625,425.760009765625,2170900.0,403.6335347315257,5.481822774913048,13.570000784737724
SNPS,2026-09-28,421.30999755859375,427.510009765625,417.1099853515625,417.6099853515625,417.6099853515625,1546800.0,404.9646252667673,3.122583874200169,13.28857421875
SNPS,2026-09-29,414.6000061035156,418.0,403.3299865722656,415.0899963378906,415.0899963378906,1614900.0,405.92894632115997,2.2568112226918347,13.56428963797433
SNPS,2026-09-30,421.260009765625,445.57000732421875,415.239990234375,434.94000244140625,434.94000244140625,4489200.0,408.6919040468977,6.422465954083734,14.95857674734933
SNPS,2026-10-01,467.8479919433594,493.29998779296875,462.0,481.0199890136719,481.0199890136719,2621784.0,415.58029309135236,15.746583033458394,18.657148088727677
TDAY,2026-08-20,6.670000076293945,6.75,6.480000019073486,6.519999980926514,6.519999980926514,3032300.0,6.519999980926514,0.0,
TDAY,2026-08-21,6.539999961853027,6.699999809265137,6.46999979019165,6.46999979019165,6.46999979019165,2317700.0,6.515238057999383,-0.6943455849965363,
TDAY,2026-08-24,6.53000020980835,6.619999885559082,6.340000152587891,6.409999847412109,6.409999847412109,2617900.0,6.505215371276786,-1.4636798081289148,0.25999991099039715
TDAY,2026-08-25,6.340000152587891,6.5,6.230000019073486,6.489999771118164,6.489999771118164,2454500.0,6.503766266499775,-0.21166958985781026,0.26249992847442627
TDAY,2026-08-26,6.510000228881836,6.579999923706055,6.360000133514404,6.400000095367432,6.400000095367432,2003600.0,6.49388377401098,-1.445724652776792,0.2539999008178711
TDAY,2026-08-27,6.360000133514404,6.46999979019165,6.340000152587891,6.400000095367432,6.400000095367432,2140400.0,6.4849424712830235,-1.3098400840368063,0.23333319028218588
TDAY,2026-08-28,6.449999809265137,6.519999980926514,6.289999961853027,6.340000152587891,6.340000152587891,3097600.0,6.471138440931106,-2.0265103202512513,0.23285702296665736
TDAY,2026-08-31,6.440000057220459,6.440000057220459,6.159999847412109,6.289999961853027,6.289999961853027,3682100.0,6.453887157209384,-2.539356381111879,0.2387499213218689
TDAY,2026-09-01,6.28000020980835,6.400000095367432,6.110000133514404,6.179999828338623,6.179999828338623,2054300.0,6.427802649697883,-3.855171586061479,0.2444443702697754
TDAY,2026-09-02,6.21999979019165,6.480000019073486,6.190000057220459,6.300000190734863,6.300000190734863,2040800.0,6.4156309869395,-1.8023292867066387,0.2499999523162842
TDAY,2026-09-03,6.389999866485596,6.489999771118164,6.360000133514404,6.46999979019165,6.46999979019165,2177600.0,6.4208089682016105,0.7661156442070105,0.24454537304964932
TDAY,2026-09-04,6.400000095367432,6.53000020980835,6.320000171661377,6.329999923706055,6.329999923706055,2736500.0,6.412160487773463,-1.2813241999177882,0.24166659514109293
TDAY,2026-09-08,6.300000190734863,6.730000019073486,6.199999809265137,6.409999847412109,6.409999847412109,1903900.0,6.411954712500953,-0.03048781809129597,0.26384610396165115
TDAY,2026-09-09,6.340000152587891,6.409999847412109,6.21999979019165,6.289999961853027,6.289999961853027,1714700.0,6.400339974344008,-1.7239711161169957,0.2585713863372803
TDAY,2026-09-10,6.329999923706055,6.420000076293945,6.210000038146973,6.289999961853027,6.289999961853027,1770800.0,6.38983140172582,-1.5623485753603616,0.25428567613874165
TDAY,2026-09-11,6.389999866485596,6.53000020980835,6.28000020980835,6.360000133514404,6.360000133514404,2265600.0,6.386990328562828,-0.4225808034767575,0.25571424620492117
TDAY,2026-09-14,6.429999828338623,6.639999866485596,6.409999847412109,6.590000152587891,6.590000152587891,1521000.0,6.406324597517595,2.8670972298448394,0.25571424620492117
TDAY,2026-09-15,6.539999961853027,6.619999885559082,6.460000038146973,6.579999923706055,6.579999923706055,1946800.0,6.422865104773639,2.446491034283582,0.24785709381103516
TDAY,2026-09-16,6.510000228881836,6.650000095367432,6.460000038146973,6.480000019073486,6.480000019073486,1767500.0,6.428306525183149,0.8041541530078966,0.24571425574166433
TDAY,2026-09-17,6.570000171661377,6.599999904632568,6.320000171661377,6.320000171661377,6.320000171661377,2861400.0,6.4179916343715515,-1.5268244069590486,0.25642854826790945
TDAY,2026-09-18,6.300000190734863,6.389999866485596,6.199999809265137,6.239999771118164,6.239999771118164,3653900.0,6.40104002834742,-2.5158451832214546,0.25357140813555035
TDAY,2026-09-21,6.260000228881836,6.449999809265137,6.179999828338623,6.389999866485596,6.389999866485596,1917800.0,6.399988584360579,-0.15607399518481335,0.25285710607256207
TDAY,2026-09-22,6.460000038146973,6.619999885559082,6.360000133514404,6.559999942779541,6.559999942779541,1847100.0,6.4152277613528605,2.2566958931501846,0.25071423394339426
TDAY,2026-09-23,6.590000152587891,6.610000133514404,6.380000114440918,6.389999866485596,6.389999866485596,1547200.0,6.412825104698835,-0.3559310887258582,0.24571422168186732
TDAY,2026-09-24,6.369999885559082,6.510000228881836,6.369999885559082,6.449999809265137,6.449999809265137,1435300.0,6.416365552752769,0.5241948301704547,0.242142847606114
TDAY,2026-09-25,6.400000095367432,6.579999923706055,6.360000133514404,6.420000076293945,6.420000076293945,1251700.0,6.4167116978519285,0.051247096594941866,0.24285711560930526
TDAY,2026-09-28,6.389999866485596,6.440000057220459,6.25,6.369999885559082,6.369999885559082,2280800.0,6.4122629538240385,-0.6590975536920562,0.21857139042445592
TDAY,2026-09-29,6.380000114440918,6.400000095367432,6.21999979019165,6.300000190734863,6.300000190734863,1964400.0,6.40157126210126,-1.5866584500546121,0.21785712242126465
TDAY,2026-09-30,6.28000020980835,6.449999809265137,6.260000228881836,6.289999961853027,6.289999961853027,2713300.0,6.390945423982381,-1.579507497443966,0.21642851829528809
TDAY,2026-10-01,6.570000171661377,7.230000019073486,6.550000190734863,7.014999866485596,7.014999866485596,2800082.0,6.450379180411259,8.753294500717047,0.265714236668178
TGB,2026-08-20,8.350000381469727,8.710000038146973,8.220000267028809,8.6899995803833,8.6899995803833,3643300.0,8.6899995803833,0.0,
TGB,2026-08-21,9.0,9.329999923706055,8.880000114440918,9.1899995803833,9.1899995803833,7859300.0,8.737618628002348,5.177394112065747,
TGB,2026-08-24,9.260000228881836,9.399999618530273,9.029999732971191,9.34000015258789,9.34000015258789,5581000.0,8.794988297010494,6.196845716811827,0.5
TGB,2026-08-25,9.270000457763672,9.609999656677246,9.25,9.510000228881836,9.510000228881836,5165800.0,8.863084671474432,7.298988798893924,0.4649999141693115
TGB,2026-08-26,9.40999984741211,9.449999809265137,9.210000038146973,9.229999542236328,9.229999542236328,6462000.0,8.898028944880327,3.730832967755271,0.43199996948242186
TGB,2026-08-27,9.199999809265137,9.720000267028809,9.199999809265137,9.680000305175781,9.680000305175781,8964500.0,8.972502407765608,7.885179242725426,0.4466667175292969
TGB,2026-08-28,9.75,9.819999694824219,9.100000381469727,9.180000305175781,9.180000305175781,5693100.0,8.992264112280864,2.0877522117986214,0.4857142312186105
TGB,2026-08-31,9.149999618530273,9.220000267028809,8.890000343322754,9.039999961853027,9.039999961853027,5357100.0,8.99681038366869,0.4800543341753283,0.466249942779541
TGB,2026-09-01,8.739999771118164,8.880000114440918,8.420000076293945,8.4399995803833,8.4399995803833,3788300.0,8.943780783355797,-5.632754370612735,0.4833332697550456
TGB,2026-09-02,8.5600004196167,8.640000343322754,8.279999732971191,8.319999694824219,8.319999694824219,4518500.0,8.884373060638504,-6.3524275935090575,0.47100000381469725
TGB,2026-09-03,8.5600004196167,8.609999656677246,8.25,8.399999618530273,8.399999618530273,5740100.0,8.838242256628195,-4.958481849366192,0.4609090631658381
TGB,2026-09-04,8.369999885559082,8.529999732971191,8.239999771118164,8.449999809265137,8.449999809265137,4403300.0,8.80126678545076,-3.9910956541653553,0.4466666380564372
TGB,2026-09-08,8.720000267028809,9.149999618530273,8.720000267028809,8.899999618530273,8.899999618530273,6694500.0,8.810669912410713,1.0138809762210155,0.466153805072491
TGB,2026-09-09,8.930000305175781,9.029999732971191,8.739999771118164,8.930000305175781,8.930000305175781,5031000.0,8.822034711721672,1.223817372999636,0.45357138769967215
TGB,2026-09-10,8.369999885559082,8.40999984741211,7.96999979019165,8.020000457763672,8.020000457763672,5621500.0,8.745650497059005,-8.297267762293448,0.48714286940438406
TGB,2026-09-11,8.020000457763672,8.239999771118164,8.010000228881836,8.140000343322754,8.140000343322754,2769800.0,8.687969530036504,-6.307218099917167,0.4578570978982108
TGB,2026-09-14,7.690000057220459,7.880000114440918,7.550000190734863,7.840000152587891,7.840000152587891,4127300.0,8.607210541708065,-8.913577580128818,0.47357140268598286
TGB,2026-09-15,7.900000095367432,7.989999771118164,7.78000020980835,7.980000019073486,7.980000019073486,4888600.0,8.547476206219057,-6.639108123315762,0.46285711015973774
TGB,2026-09-16,8.020000457763672,8.119999885559082,7.789999961853027,7.949999809265137,7.949999809265137,5713200.0,8.490573692223446,-6.366753326143593,0.46499994822910856
TGB,2026-09-17,8.260000228881836,8.40999984741211,8.1899995803833,8.380000114440918,8.380000114440918,4300000.0,8.480042875291776,-1.1797435734947959,0.4607142039707729
TGB,2026-09-18,8.460000038146973,8.65999984741211,8.34000015258789,8.640000343322754,8.640000343322754,6320200.0,8.495276919866155,1.703575113816047,0.4321428026471819
TGB,2026-09-21,8.630000114440918,8.729999542236328,8.390000343322754,8.670000076293945,8.670000076293945,4783400.0,8.511917220478326,1.8571944688946962,0.43285703659057617
TGB,2026-09-22,8.729999542236328,9.380000114440918,8.710000038146973,9.359999656677246,9.359999656677246,6417300.0,8.592686976306794,8.929833967956903,0.43928561891828266
TGB,2026-09-23,9.100000381469727,9.130000114440918,8.729999542236328,9.0600004196167,9.0600004196167,7098600.0,8.637193018526785,4.895194540436831,0.45857129778180805
TGB,2026-09-24,8.90999984741211,9.0,8.720000267028809,8.970000267028809,8.970000267028809,5580800.0,8.66888894695555,3.47347072866826,0.4571427617754255
TGB,2026-09-25,9.039999961853027,9.050000190734863,8.449999809265137,8.609999656677246,8.609999656677246,7182300.0,8.66328044311952,-0.615018604004558,0.479285648890904
TGB,2026-09-28,8.270000457763672,8.880000114440918,8.239999771118164,8.800000190734863,8.800000190734863,5244700.0,8.676301371463838,1.4257091123859311,0.4749999727521624
TGB,2026-09-29,8.90999984741211,9.0,8.579999923706055,8.880000114440918,8.880000114440918,4483200.0,8.69570125174737,2.119424959045313,0.484285695212228
TGB,2026-09-30,8.949999809265137,9.199999809265137,8.8100004196167,8.90999984741211,8.90999984741211,5901400.0,8.716110641810678,2.224492248542087,0.4435713291168213
TGB,2026-10-01,8.859999656677246,8.880000114440918,8.510000228881836,8.510000228881836,8.510000228881836,1425369.0,8.696481078674598,-2.144325366843469,0.45571419170924593
TSEM,2026-08-20,226.4600067138672,227.67999267578125,220.86000061035156,223.77999877929688,223.77999877929688,978100.0,223.77999877929688,0.0,
TSEM,2026-08-21,226.9499969482422,229.7899932861328,217.82000732421875,222.58999633789062,222.58999633789062,816700.0,223.66666521344865,-0.4813720786378872,
TSEM,2026-08-24,219.50999450683594,219.50999450683594,209.39999389648438,211.10000610351562,211.10000610351562,1906000.0,222.46984053631218,-5.11073069742266,10.659993489583334
TSEM,2026-08-25,217.72000122070312,217.72000122070312,208.60000610351562,212.7100067138672,212.7100067138672,994000.0,221.54033255322216,-3.98587730621629,10.274993896484375
TSEM,2026-08-26,214.41000366210938,221.5,212.25,221.22999572753906,221.22999572753906,1239200.0,221.51077666506185,-0.1267572358104041,10.0699951171875
TSEM,2026-08-27,226.3000030517578,229.42999267578125,218.5,219.85000610351562,219.85000610351562,1068300.0,221.3526080401527,-0.6788273018063951,10.213328043619791
TSEM,2026-08-28,219.36000061035156,220.57000732421875,206.91000366210938,208.00999450683594,208.00999450683594,1249500.0,220.08188294174158,-5.485180458084882,10.705710274832589
TSEM,2026-08-31,210.25,211.14999389648438,202.61000061035156,205.0500030517578,205.0500030517578,1195600.0,218.6502753331717,-6.2201029752605,10.434995651245117
TSEM,2026-09-01,204.07000732421875,205.77999877929688,196.36000061035156,199.05999755859375,199.05999755859375,1754200.0,216.7845345927357,-8.176107704103664,10.322218153211805
TSEM,2026-09-02,202.91000366210938,209.25999450683594,199.33999633789062,206.80999755859375,206.80999755859375,1204700.0,215.83457868472217,-4.181248982958829,10.309996032714844
TSEM,2026-09-03,204.22000122070312,208.6300048828125,200.6300048828125,206.16000366210938,206.16000366210938,1101700.0,214.91319058733046,-4.072894223616396,10.09999639337713
TSEM,2026-09-04,210.64999389648438,223.66000366210938,207.08999633789062,222.33999633789062,222.33999633789062,1724400.0,215.62050542071714,3.116350601285567,10.716663360595703
TSEM,2026-09-08,222.32000732421875,226.60000610351562,217.72000122070312,219.82000732421875,219.82000732421875,1540300.0,216.02045798295538,1.7588840319758825,10.575381939227764
TSEM,2026-09-09,218.3000030517578,225.52000427246094,216.10000610351562,216.57000732421875,216.57000732421875,987700.0,216.07279601545665,0.23011286840872724,10.492854527064733
TSEM,2026-09-10,210.88999938964844,214.41000366210938,207.52999877929688,208.07000732421875,208.07000732421875,1133900.0,215.31062566391017,-3.3628708835734322,10.651427132742745
TSEM,2026-09-11,213.6300048828125,213.6300048828125,206.66000366210938,211.52000427246094,211.52000427246094,1118600.0,214.9496141028198,-1.5955412828600468,10.294285365513392
TSEM,2026-09-14,197.22000122070312,201.2100067138672,190.5500030517578,191.1199951171875,191.1199951171875,1697600.0,212.6801265803786,-10.137351246611592,10.849999564034599
TSEM,2026-09-15,194.25999450683594,196.2899932861328,191.3300018310547,195.1199951171875,195.1199951171875,1433700.0,211.00773310769375,-7.529457691674979,10.567856924874443
TSEM,2026-09-16,201.0500030517578,207.4499969482422,197.85000610351562,202.1999969482422,202.1999969482422,1444800.0,210.1689010925079,-3.79166665612346,10.787857055664062
TSEM,2026-09-17,215.02000427246094,221.32000732421875,212.00999450683594,219.24000549316406,219.24000549316406,2423600.0,211.0328157973323,3.889058516716015,11.372858319963727
TSEM,2026-09-18,225.00999450683594,227.8000030517578,219.38999938964844,223.60000610351562,223.60000610351562,9361700.0,212.22969106458783,5.35755151971995,11.008572169712611
TSEM,2026-09-21,227.02999877929688,240.0,224.07000732421875,233.82000732421875,233.82000732421875,2231500.0,214.28591166074312,9.115902913114482,11.570000784737724
TSEM,2026-09-22,228.47999572753906,236.8699951171875,227.00999450683594,236.61000061035156,236.61000061035156,1858100.0,216.41201537022962,9.3331163732143,11.601429530552455
TSEM,2026-09-23,236.75,236.9600067138672,224.10000610351562,230.5,230.5,1472000.0,217.75372819211253,5.853526327063441,11.791429792131696
TSEM,2026-09-24,226.16000366210938,228.1199951171875,217.19000244140625,217.27999877929688,217.27999877929688,1768200.0,217.7086111051777,-0.1968743099802217,12.17071533203125
TSEM,2026-09-25,223.42999267578125,235.6699981689453,220.4499969482422,230.47000122070312,230.47000122070312,2008800.0,218.9239815923706,5.2739857663610445,12.234286717006139
TSEM,2026-09-28,226.50999450683594,228.64999389648438,218.14999389648438,226.0399932861328,226.0399932861328,1829900.0,219.60169699177652,2.9318062576708437,12.480001177106585
TSEM,2026-09-29,230.83999633789062,237.5500030517578,228.1300048828125,234.42999267578125,234.42999267578125,1189000.0,221.0139156283484,6.070240875689015,12.629287719726562
TSEM,2026-09-30,234.17999267578125,236.0,226.00999450683594,227.42999267578125,227.42999267578125,806700.0,221.62497058524679,2.619299655271279,12.697144644601005
TSEM,2026-10-01,236.3000030517578,242.77999877929688,233.0,241.33999633789062,241.33999633789062,481090.0,223.50259208549858,7.98084894047606,13.295716421944755
UNIT,2026-08-20,10.210000038146973,10.460000038146973,9.960000038146973,10.0600004196167,10.0600004196167,1331000.0,10.0600004196167,0.0,
UNIT,2026-08-21,10.140000343322754,10.149999618530273,9.859999656677246,9.970000267028809,9.970000267028809,1159300.0,10.05142897651309,-0.8101207268593758,
UNIT,2026-08-24,9.90999984741211,9.9399995803833,9.710000038146973,9.850000381469727,9.850000381469727,1854300.0,10.032245300794674,-1.8165915391892495,0.3500000635782878
UNIT,2026-08-25,9.960000038146973,10.149999618530273,9.795000076293945,10.100000381469727,10.100000381469727,1693600.0,10.03869816562087,0.6106590200988027,0.35124993324279785
UNIT,2026-08-26,10.170000076293945,10.279999732971191,10.0600004196167,10.15999984741211,10.15999984741211,947600.0,10.050250706743846,1.0920040093588934,0.3249998092651367
UNIT,2026-08-27,10.229999542236328,10.329999923706055,10.079999923706055,10.140000343322754,10.140000343322754,757200.0,10.058798291179931,0.8072738889100206,0.3124998410542806
UNIT,2026-08-28,10.15999984741211,10.390000343322754,9.994999885559082,10.020000457763672,10.020000457763672,2458500.0,10.055103259426003,-0.34910433793332585,0.3242856434413365
UNIT,2026-08-31,9.9399995803833,10.020000457763672,9.770000457763672,9.920000076293945,9.920000076293945,2185900.0,10.042236289603903,-1.2172210430509423,0.31499993801116943
UNIT,2026-09-01,9.789999961853027,9.819999694824219,9.515000343322754,9.75,9.75,2229000.0,10.014404262022579,-2.640239549997736,0.32499991522894967
UNIT,2026-09-02,9.8100004196167,9.949999809265137,9.720000267028809,9.850000381469727,9.850000381469727,1652100.0,9.998746749588973,-1.4876501210050241,0.3154998779296875
UNIT,2026-09-03,9.949999809265137,10.194999694824219,9.850000381469727,10.170000076293945,10.170000076293945,1888000.0,10.015056590227541,1.5471054473880308,0.3181816447864879
UNIT,2026-09-04,10.149999618530273,10.335000038146973,10.074999809265137,10.170000076293945,10.170000076293945,1204000.0,10.029813112710055,1.3977026491774014,0.3133331934611003
UNIT,2026-09-08,10.180000305175781,10.350000381469727,10.119999885559082,10.25,10.25,1911800.0,10.050783292451955,1.9821013124186493,0.30692298595721906
UNIT,2026-09-09,10.199999809265137,10.229999542236328,9.944999694824219,10.039999961853027,10.039999961853027,1987900.0,10.04975630858539,-0.09708043093570318,0.30678565161568777
UNIT,2026-09-10,10.010000228881836,10.15999984741211,9.789999961853027,9.869999885559082,9.869999885559082,2389800.0,10.032636649249552,-1.6210769848087225,0.29749992915562223
UNIT,2026-09-11,10.010000228881836,10.170000076293945,9.949999809265137,10.069999694824219,10.069999694824219,1515300.0,10.036195034542377,0.3368274546827088,0.2982142312186105
UNIT,2026-09-14,9.979999542236328,9.979999542236328,9.704999923706055,9.720000267028809,9.720000267028809,2027200.0,10.006081247160132,-2.8590711294945503,0.30571419852120535
UNIT,2026-09-15,9.699999809265137,9.824999809265137,9.59000015258789,9.779999732971191,9.779999732971191,2773000.0,9.984549674380233,-2.048664667710598,0.2971427781241281
UNIT,2026-09-16,9.899999618530273,10.039999961853027,9.510000228881836,9.539999961853027,9.539999961853027,1617400.0,9.942211606520498,-4.045494710690778,0.3192856652396066
UNIT,2026-09-17,9.699999809265137,9.75,9.510000228881836,9.640000343322754,9.640000343322754,1470900.0,9.913429581454047,-2.758169974221858,0.3185713631766183
UNIT,2026-09-18,9.579999923706055,9.635000228881836,9.34000015258789,9.449999809265137,9.449999809265137,4124200.0,9.86929341267415,-4.248466287065256,0.3117856298174177
UNIT,2026-09-21,9.5600004196167,9.600000381469727,9.369999885559082,9.460000038146973,9.460000038146973,1673800.0,9.83031309129061,-3.7670524804720995,0.31035709381103516
UNIT,2026-09-22,9.550000190734863,9.645000457763672,9.434000015258789,9.569999694824219,9.569999694824219,1697800.0,9.80552133924619,-2.4019288345159873,0.2965000016348703
UNIT,2026-09-23,9.5,9.510000228881836,9.085000038146973,9.15999984741211,9.15999984741211,2422700.0,9.744043101928659,-5.993849251353867,0.31471429552350727
UNIT,2026-09-24,9.09000015258789,9.15999984741211,8.920000076293945,8.930000305175781,8.930000305175781,2173900.0,9.666515216523623,-7.619239145135436,0.3072143282209124
UNIT,2026-09-25,8.880000114440918,8.944999694824219,8.760000228881836,8.90999984741211,8.90999984741211,1480300.0,9.594466133751098,-7.1339694861311305,0.3018571308680943
UNIT,2026-09-28,8.779999732971191,8.8149995803833,8.569999694824219,8.649999618530273,8.649999618530273,4202300.0,9.504516941825305,-8.990644432802963,0.3097142492021833
UNIT,2026-09-29,8.65999984741211,8.9399995803833,8.5,8.569999694824219,8.569999694824219,2368100.0,9.415515299253773,-8.980024752299698,0.319357054574149
UNIT,2026-09-30,8.569999694824219,8.649999618530273,8.295000076293945,8.380000114440918,8.380000114440918,2721900.0,9.316894805462073,-10.055868511812506,0.31828560147966656
UNIT,2026-10-01,8.34000015258789,8.369999885559082,7.829999923706055,7.940000057220459,7.940000057220459,764736.0,9.185761972296206,-13.561878903817693,0.3361427443368094
VRDN,2026-08-20,24.610000610351562,24.719999313354492,23.959999084472656,24.5,24.5,1076000.0,24.5,0.0,
VRDN,2026-08-21,24.649999618530273,24.7450008392334,24.06999969482422,24.290000915527344,24.290000915527344,905600.0,24.480000087193083,-0.7761404043668207,
VRDN,2026-08-24,24.350000381469727,24.389999389648438,24.0,24.020000457763672,24.020000457763672,1131100.0,24.436190598676,-1.7031711192123322,0.6083335876464844
VRDN,2026-08-25,24.299999237060547,24.799999237060547,24.079999923706055,24.18000030517578,24.18000030517578,901400.0,24.41179152310455,-0.9495051508587204,0.651249885559082
VRDN,2026-08-26,24.15999984741211,24.454999923706055,23.920000076293945,24.260000228881836,24.260000228881836,780800.0,24.397335209369054,-0.5629097575971298,0.6279998779296875
VRDN,2026-08-27,24.219999313354492,24.465999603271484,23.75,23.8799991607666,23.8799991607666,839700.0,24.34806510950215,-1.9223948458757856,0.6426664988199869
VRDN,2026-08-28,23.579999923706055,23.700000762939453,23.040000915527344,23.079999923706055,23.079999923706055,778900.0,24.227296996569187,-4.73555540688505,0.6708567483084542
VRDN,2026-08-31,22.940000534057617,23.270000457763672,22.6200008392334,23.15999984741211,23.15999984741211,1048800.0,24.125649649030418,-4.002585694752958,0.6682496070861816
VRDN,2026-09-01,23.020000457763672,23.34000015258789,22.885000228881836,23.030000686645508,23.030000686645508,998400.0,24.021302128803285,-4.126759810281621,0.6445551978217231
VRDN,2026-09-02,23.110000610351562,23.735000610351562,22.389999389648438,22.780000686645508,22.780000686645508,1417400.0,23.90308294383588,-4.698482868629261,0.7145998001098632
VRDN,2026-09-03,23.079999923706055,23.280000686645508,22.56999969482422,22.959999084472656,22.959999084472656,1193800.0,23.813265433420334,-3.5831555791175695,0.7141817266290839
VRDN,2026-09-04,22.6200008392334,23.030000686645508,22.6200008392334,22.920000076293945,22.920000076293945,759900.0,23.72819254226544,-3.4060431047662654,0.6888332366943359
VRDN,2026-09-08,22.3799991607666,23.834999084472656,22.219999313354492,23.170000076293945,23.170000076293945,1829300.0,23.675031355030058,-2.133181034325482,0.7600768162653997
VRDN,2026-09-09,23.110000610351562,23.579999923706055,22.700000762939453,22.729999542236328,22.729999542236328,1578300.0,23.585028325240177,-3.6253031847700457,0.7686426980154855
VRDN,2026-09-10,22.399999618530273,22.600000381469727,21.989999771118164,22.290000915527344,22.290000915527344,1310100.0,23.461692381458,-4.994062009169708,0.7672140938895089
VRDN,2026-09-11,22.479999542236328,22.69499969482422,21.184999465942383,21.239999771118164,21.239999771118164,943200.0,23.250102609044685,-8.645565448578097,0.8268568856375558
VRDN,2026-09-14,21.469999313354492,22.299999237060547,21.270000457763672,22.200000762939453,22.200000762939453,1300800.0,23.150092909415616,-4.104053276130659,0.8747140339442662
VRDN,2026-09-15,21.979999542236328,22.139999389648438,21.399999618530273,21.829999923706055,21.829999923706055,1210900.0,23.024369767919467,-5.187416012913248,0.8761427743094308
VRDN,2026-09-16,21.889999389648438,22.459999084472656,21.68000030517578,22.440000534057617,22.440000534057617,1671900.0,22.968715555170718,-2.301891979301718,0.8936426980154855
VRDN,2026-09-17,22.8799991607666,22.969999313354492,21.719999313354492,21.93000030517578,21.93000030517578,1268400.0,22.86979029326644,-4.1093074140140295,0.9317855834960938
VRDN,2026-09-18,21.989999771118164,22.170000076293945,21.799999237060547,22.0,22.0,5381500.0,22.78695312247916,-3.4535249984906424,0.8982143402099609
VRDN,2026-09-21,22.280000686645508,22.399999618530273,21.530000686645508,21.579999923706055,21.579999923706055,1745400.0,22.672005198786483,-4.816535923954701,0.913928576878139
VRDN,2026-09-22,22.020000457763672,22.329999923706055,21.540000915527344,22.1200008392334,22.1200008392334,1456700.0,22.619433355019524,-2.20797978422963,0.9378570829119001
VRDN,2026-09-23,22.110000610351562,22.184999465942383,21.200000762939453,21.43000030517578,21.43000030517578,2857600.0,22.506154016939167,-4.781597561953155,0.9121426173618862
VRDN,2026-09-24,21.100000381469727,21.25,20.219999313354492,20.65999984741211,20.65999984741211,2211300.0,22.330329810317544,-7.480095355034444,0.9478569030761719
VRDN,2026-09-25,20.75,21.0049991607666,20.155000686645508,20.469999313354492,20.469999313354492,2090600.0,22.153155477273444,-7.597816778949051,0.9792853764125279
VRDN,2026-09-28,20.309999465942383,20.704999923706055,20.030000686645508,20.56999969482422,20.56999969482422,1339100.0,22.002378736087806,-6.510109922406848,0.9121424811226981
VRDN,2026-09-29,20.684999465942383,20.850000381469727,19.729999542236328,19.9950008392334,19.9950008392334,1233600.0,21.81119988876834,-8.326910297448563,0.9292854581560407
VRDN,2026-09-30,20.270000457763672,20.7450008392334,20.0,20.59000015258789,20.59000015258789,1404800.0,21.69489515198925,-5.092880106867215,0.929999760219029
VRDN,2026-10-01,20.415000915527344,20.579999923706055,19.170000076293945,19.264999389648438,19.264999389648438,571996.0,21.46347650795679,-10.242875228033766,0.9235711778913226
WDC,2026-08-20,463.3900146484375,477.2799987792969,453.70001220703125,469.04998779296875,468.89947509765625,5365500.0,469.04998779296875,0.0,
WDC,2026-08-21,477.2699890136719,478.79998779296875,454.3299865722656,459.44000244140625,459.2925720214844,4341800.0,468.1347510928199,-1.8573174990996755,
WDC,2026-08-24,446.3500061035156,446.989990234375,419.5400085449219,435.3800048828125,435.24029541015625,7763000.0,465.0152514537716,-6.372962279906047,29.316660563151043
WDC,2026-08-25,446.7200012207031,452.0,430.3399963378906,450.75,450.6053466796875,4746400.0,463.65665607722195,-2.7836667301228912,27.402496337890625
WDC,2026-08-26,449.8800048828125,470.0,448.010009765625,468.8800048828125,468.7295227050781,5158500.0,464.15411786823057,1.0181719460525374,26.3199951171875
WDC,2026-08-27,477.7900085449219,479.8500061035156,443.0199890136719,462.0,461.85174560546875,7618200.0,463.94896378554193,-0.4200815041463968,28.071665445963543
WDC,2026-08-28,462.25,475.010009765625,455.07000732421875,459.45001220703125,459.3025817871094,4317400.0,463.52049220663616,-0.8781661367822102,26.909999302455358
WDC,2026-08-31,456.8999938964844,459.45001220703125,444.5199890136719,450.54998779296875,450.4053955078125,5854800.0,462.2852060720012,-2.5385234320487116,25.41250228881836
WDC,2026-09-01,443.07000732421875,457.67999267578125,439.2799987792969,450.44000244140625,450.2954406738281,5497900.0,461.15709144051596,-2.323956239214009,24.63333468967014
WDC,2026-09-02,444.92999267578125,456.9800109863281,437.3999938964844,448.8999938964844,448.7559509277344,4042700.0,459.98974881727486,-2.4108700138001926,24.1280029296875
WDC,2026-09-03,442.9100036621094,449.4700012207031,420.8800048828125,441.57000732421875,441.4283142089844,5514300.0,458.23548772269805,-3.636881220462007,24.5336386940696
WDC,2026-09-04,452.2200012207031,468.19000244140625,442.1499938964844,467.4599914550781,467.3099670410156,5805000.0,459.1140118876867,1.8178446641339052,24.707501729329426
WDC,2026-09-08,480.010009765625,489.20001220703125,464.5400085449219,477.29998779296875,477.29998779296875,6407800.0,460.84600959295165,3.570385303878476,24.70384803185096
WDC,2026-09-09,474.6400146484375,495.489990234375,471.7200012207031,482.2799987792969,482.2799987792969,4027100.0,462.8873418964131,4.189498205639763,24.63714381626674
WDC,2026-09-10,466.6099853515625,471.2300109863281,456.75,460.92999267578125,460.92999267578125,4518300.0,462.70092768492435,-0.382738590562981,24.77643040248326
WDC,2026-09-11,464.1600036621094,472.42999267578125,442.7799987792969,447.17999267578125,447.17999267578125,5122100.0,461.2227433983393,-3.044678720543903,25.146429879324778
WDC,2026-09-14,417.32000732421875,436.2799987792969,416.0,426.94000244140625,426.94000244140625,7296100.0,457.9577204500599,-6.773052756523212,24.523572649274552
WDC,2026-09-15,430.25,430.25,407.1199951171875,411.9599914550781,411.9599914550781,7860800.0,453.5769843552997,-9.175287621653617,24.628572736467635
WDC,2026-09-16,421.45001220703125,428.1400146484375,414.6000061035156,416.9700012207031,416.9700012207031,7624200.0,450.0906050091477,-7.358652551250522,24.213575090680802
WDC,2026-09-17,427.2799987792969,433.20001220703125,416.30999755859375,423.8699951171875,423.8699951171875,7143000.0,447.59340406705627,-5.300214152913352,22.789289202008927
WDC,2026-09-18,427.5,448.8500061035156,424.54998779296875,441.3599853515625,441.3599853515625,13518900.0,446.99974514177114,-1.2616919475915922,23.14928981236049
WDC,2026-09-21,455.6400146484375,460.489990234375,437.20001220703125,448.1700134277344,448.1700134277344,7636000.0,447.11119926424385,0.23681226621763418,23.746429443359375
WDC,2026-09-22,440.04998779296875,474.5400085449219,438.0,464.6000061035156,464.6000061035156,8419900.0,448.7767999156031,3.52585209192815,25.042144775390625
WDC,2026-09-23,462.94000244140625,475.6600036621094,445.0199890136719,473.69000244140625,473.69000244140625,5037700.0,451.1494858704415,4.996241218689512,25.832144601004465
WDC,2026-09-24,465.739990234375,468.0,449.2099914550781,450.30999755859375,450.30999755859375,7212500.0,451.06953460264646,-0.16838579992368707,25.53857421875
WDC,2026-09-25,455.239990234375,461.9800109863281,447.69000244140625,456.80999755859375,456.80999755859375,5935300.0,451.6162453603557,1.150036618831951,24.657860892159597
WDC,2026-09-28,449.010009765625,459.989990234375,432.0400085449219,453.2300109863281,453.2300109863281,7429800.0,451.76993732473403,0.3231896460929473,24.892859322684153
WDC,2026-09-29,463.1499938964844,465.8999938964844,447.0299987792969,453.4800109863281,453.4800109863281,6118500.0,451.93280148298106,0.34235388497361186,24.542859758649552
WDC,2026-09-30,453.2200012207031,463.8900146484375,446.239990234375,454.4599914550781,454.4599914550781,6946300.0,452.1734862422284,0.5056698993679776,23.980004446847097
WDC,2026-10-01,451.7950134277344,456.6199951171875,440.04998779296875,446.3599853515625,446.3599853515625,1884386.0,451.61981949073646,-1.1646597231062983,23.045719691685267
WTTR,2026-08-20,20.610000610351562,20.790000915527344,19.90999984741211,19.959999084472656,19.959999084472656,1020700.0,19.959999084472656,0.0,
WTTR,2026-08-21,20.510000228881836,20.610000610351562,19.459999084472656,19.719999313354492,19.719999313354492,1319500.0,19.937141963413783,-1.0891362987622055,
WTTR,2026-08-24,19.639999389648438,19.639999389648438,18.94499969482422,19.209999084472656,19.209999084472656,1257400.0,19.867890260657486,-3.311328820290449,0.9350007375081381
WTTR,2026-08-25,19.229999542236328,19.65999984741211,18.950000762939453,18.969999313354492,18.969999313354492,1200300.0,19.78237683710482,-4.106571876775655,0.8787503242492676
WTTR,2026-08-26,18.8700008392334,19.239999771118164,18.389999389648438,19.229999542236328,19.229999542236328,889500.0,19.729769475688773,-2.533075381687888,0.8730003356933593
WTTR,2026-08-27,19.399999618530273,19.84000015258789,18.959999084472656,19.540000915527344,19.540000915527344,1519600.0,19.711696279482922,-0.8710329213741375,0.8741671244303385
WTTR,2026-08-28,19.540000915527344,19.756999969482422,19.045000076293945,19.280000686645508,19.280000686645508,1354500.0,19.670582413498405,-1.985613433514155,0.8510003771100726
WTTR,2026-08-31,19.65999984741211,19.829999923706055,19.110000610351562,19.5,19.5,1507700.0,19.6543364693557,-0.7852540308157296,0.834625244140625
WTTR,2026-09-01,19.729999542236328,20.31999969482422,19.3700008392334,20.06999969482422,20.06999969482422,1657400.0,19.693923443209847,1.909605532380776,0.8474445343017578
WTTR,2026-09-02,19.760000228881836,20.049999237060547,19.469999313354492,19.770000457763672,19.770000457763672,1472500.0,19.701168873167354,0.3493781766931825,0.8227001190185547
WTTR,2026-09-03,19.670000076293945,20.31999969482422,19.420000076293945,20.170000076293945,20.170000076293945,1002900.0,19.745819463941316,2.148204652266994,0.8297273462468927
WTTR,2026-09-04,20.1200008392334,20.219999313354492,19.854000091552734,20.059999465942383,20.059999465942383,1097800.0,19.7757413688938,1.4374080432489222,0.7910833358764648
WTTR,2026-09-08,20.440000534057617,20.969999313354492,20.437999725341797,20.799999237060547,20.799999237060547,1037600.0,19.873289737290634,4.663090570410278,0.8002307598407452
WTTR,2026-09-09,20.8799991607666,21.18000030517578,20.270000457763672,20.5,20.5,1373600.0,19.93297642897724,2.844650787819414,0.8080714089529855
WTTR,2026-09-10,20.709999084472656,20.709999084472656,20.149999618530273,20.360000610351562,20.360000610351562,1564000.0,19.97364539863194,1.9343249767820758,0.7852141516549247
WTTR,2026-09-11,20.520000457763672,20.899999618530273,20.43000030517578,20.639999389648438,20.639999389648438,1590900.0,20.037107683490653,3.0088759100422857,0.7416425432477679
WTTR,2026-09-14,20.399999618530273,20.700000762939453,19.889999389648438,20.049999237060547,20.049999237060547,1757400.0,20.03833545049731,0.05820736254291692,0.7441426685878209
WTTR,2026-09-15,20.329999923706055,20.860000610351562,20.315000534057617,20.670000076293945,20.670000076293945,1247000.0,20.098493986287465,2.843526934885765,0.7512856892177037
WTTR,2026-09-16,20.6299991607666,20.799999237060547,19.739999771118164,20.309999465942383,20.309999465942383,2057000.0,20.118637365302217,0.9511682981582004,0.7662856238228934
WTTR,2026-09-17,20.399999618530273,20.739999771118164,20.139999389648438,20.360000610351562,20.360000610351562,1474500.0,20.141624341021203,1.0842038637648876,0.7462855747767857
WTTR,2026-09-18,20.360000610351562,20.8700008392334,20.15999984741211,20.780000686645508,20.780000686645508,3040700.0,20.202422088223514,2.8589571879040987,0.7461427961077008
WTTR,2026-09-21,20.770000457763672,20.92799949645996,20.260000228881836,20.600000381469727,20.600000381469727,1575200.0,20.240286687580298,1.777216397385084,0.7424285071236747
WTTR,2026-09-22,20.34000015258789,21.020000457763672,20.0,20.270000457763672,20.270000457763672,2172100.0,20.243116570454905,0.13280508075521613,0.7474286215645927
WTTR,2026-09-23,20.31999969482422,20.420000076293945,19.184999465942383,19.290000915527344,19.290000915527344,1238400.0,20.152343650937993,-4.279118847650809,0.792785780770438
WTTR,2026-09-24,19.459999084472656,19.8799991607666,19.030000686645508,19.530000686645508,19.530000686645508,2085300.0,20.09307289243395,-2.802320027418337,0.7892142704554966
WTTR,2026-09-25,20.450000762939453,21.059999465942383,19.649999618530273,19.84000015258789,19.84000015258789,4765700.0,20.068970726734324,-1.1409183722681737,0.8723570959908622
WTTR,2026-09-28,20.020000457763672,20.440000534057617,19.635000228881836,20.18000030517578,20.18000030517578,1920200.0,20.079544972300177,0.5002868990018561,0.8648571286882673
WTTR,2026-09-29,19.81999969482422,20.049999237060547,19.2810001373291,19.34000015258789,19.34000015258789,2187800.0,20.009112132327576,-3.3440363336194157,0.8640714372907367
WTTR,2026-09-30,19.770000457763672,20.219999313354492,19.43000030517578,19.790000915527344,19.790000915527344,1332000.0,19.988244397394222,-0.9918003698850208,0.8869285583496094
WTTR,2026-10-01,19.559999465942383,19.729999542236328,19.274999618530273,19.451900482177734,19.451900482177734,222447.0,19.937164024516463,-2.4339647391274255,0.8851430075509208
WYFI,2026-08-20,21.399999618530273,21.989999771118164,20.100000381469727,21.15999984741211,21.15999984741211,3398800.0,21.15999984741211,0.0,
WYFI,2026-08-21,21.540000915527344,21.979999542236328,20.209999084472656,20.719999313354492,20.719999313354492,2600100.0,21.118095034644714,-1.8850929529256155,
WYFI,2026-08-24,20.010000228881836,21.489999771118164,19.75,20.780000686645508,20.780000686645508,4141300.0,21.085895572930504,-1.4507085327582492,1.7999998728434246
WYFI,2026-08-25,20.899999618530273,21.496999740600586,20.360000610351562,20.399999618530273,20.399999618530273,2153400.0,21.02057214870191,-2.952215219365273,1.6342496871948242
WYFI,2026-08-26,20.049999237060547,20.93000030517578,19.469999313354492,20.0,20.0,2732700.0,20.92337480120649,-4.413125559234565,1.599399948120117
WYFI,2026-08-27,20.670000076293945,20.850000381469727,19.350000381469727,19.3799991607666,19.3799991607666,2867500.0,20.776386644974117,-6.721031467448679,1.5828332901000977
WYFI,2026-08-28,19.100000381469727,19.5,17.729999542236328,17.75,17.75,2815200.0,20.48815934545277,-13.364594150623343,1.6095714569091797
WYFI,2026-08-31,17.75,18.969999313354492,17.25,18.920000076293945,18.920000076293945,2719900.0,20.338810843628124,-6.9758786698125625,1.6233749389648438
WYFI,2026-09-01,18.270000457763672,18.34000015258789,17.219999313354492,17.5,17.5,2076100.0,20.06844790613973,-12.798438215812102,1.631888919406467
WYFI,2026-09-02,17.184999465942383,17.450000762939453,16.809999465942383,17.309999465942383,17.309999465942383,1437800.0,19.80573853088284,-12.601090643748947,1.537700080871582
WYFI,2026-09-03,17.6200008392334,18.989999771118164,17.079999923706055,18.780000686645508,18.780000686645508,2482000.0,19.708049212384047,-4.7089821815310735,1.5715455141934482
WYFI,2026-09-04,18.3799991607666,19.579999923706055,18.299999237060547,19.540000915527344,19.540000915527344,1364600.0,19.69204461268341,-0.7721072145963848,1.5472501118977864
WYFI,2026-09-08,20.0,21.15999984741211,19.600000381469727,20.56999969482422,20.56999969482422,1878700.0,19.77565938241111,4.016757656736392,1.552846174973708
WYFI,2026-09-09,20.549999237060547,20.756000518798828,19.110000610351562,19.309999465942383,19.309999465942383,1293300.0,19.731310818937896,-2.135242594177489,1.559500013078962
WYFI,2026-09-10,18.610000610351562,19.219999313354492,18.200000762939453,18.530000686645508,18.530000686645508,1295300.0,19.616900330148145,-5.540628872096775,1.5037856783185686
WYFI,2026-09-11,19.1299991607666,19.65999984741211,18.899999618530273,19.139999389648438,19.139999389648438,825200.0,19.571481192957695,-2.204645622143897,1.458071299961635
WYFI,2026-09-14,17.809999465942383,18.3700008392334,17.520000457763672,17.59000015258789,17.59000015258789,1654600.0,19.382768712922477,-9.249290371707053,1.4494998114449638
WYFI,2026-09-15,17.5,17.586000442504883,16.610000610351562,16.81999969482422,16.81999969482422,1361200.0,19.138695473103596,-12.115223744157156,1.4382855551583427
WYFI,2026-09-16,17.260000228881836,17.899999618530273,16.809999465942383,17.260000228881836,17.260000228881836,1245000.0,18.959772116511047,-8.965149355086243,1.4118569237845284
WYFI,2026-09-17,18.049999237060547,18.3799991607666,17.299999237060547,17.860000610351562,17.860000610351562,1070000.0,18.855031973067284,-5.277272211137241,1.384713990347726
WYFI,2026-09-18,18.3700008392334,19.024999618530273,18.13599967956543,18.969999313354492,18.969999313354492,1550000.0,18.86598124357083,0.5513525559085908,1.3414996010916573
WYFI,2026-09-21,19.600000381469727,20.31999969482422,19.020000457763672,19.860000610351562,19.860000610351562,1303800.0,18.960649754692806,4.743249135943595,1.3150711059570312
WYFI,2026-09-22,19.559999465942383,20.56999969482422,19.395000457763672,20.229999542236328,20.229999542236328,1132600.0,19.081540210649333,6.018693034779465,1.2775709969656808
WYFI,2026-09-23,19.93000030517578,20.14900016784668,19.014999389648438,19.049999237060547,19.049999237060547,966800.0,19.078536308402782,-0.14957683797611754,1.315070969717843
WYFI,2026-09-24,18.940000534057617,20.350000381469727,18.558000564575195,20.260000228881836,20.260000228881836,1740100.0,19.19105668178174,5.57000880579368,1.3066423961094447
WYFI,2026-09-25,20.520000457763672,20.520000457763672,19.375,19.6200008392334,19.6200008392334,1189800.0,19.231908506300943,2.017960582566758,1.296999522617885
WYFI,2026-09-28,19.450000762939453,19.829999923706055,18.649999618530273,18.829999923706055,18.829999923706055,894800.0,19.193631498434765,-1.89454285791808,1.265571049281529
WYFI,2026-09-29,18.829999923706055,19.350000381469727,18.469999313354492,18.530000686645508,18.530000686645508,795000.0,19.130428563978647,-3.138601288126419,1.2108568464006697
WYFI,2026-09-30,18.780000686645508,19.049999237060547,17.8799991607666,18.010000228881836,18.010000228881836,1195900.0,19.023721103493234,-5.32872022826939,1.2151426587785994
WYFI,2026-10-01,18.149999618530273,18.39259910583496,16.8799991607666,17.209999084472656,17.209999084472656,541428.0,18.85098567311032,-8.705043954165337,1.2424712862287248
XENE,2026-08-20,61.40999984741211,62.5099983215332,59.27000045776367,59.72999954223633,59.72999954223633,626800.0,59.72999954223633,0.0,
XENE,2026-08-21,60.45000076293945,61.56999969482422,59.72600173950195,60.77000045776367,60.77000045776367,783700.0,59.82904724847703,1.5727364090869722,
XENE,2026-08-24,60.77000045776367,61.04499816894531,60.0,60.560001373291016,60.560001373291016,628800.0,59.898661927030744,1.104097195135889,2.0429979960123696
XENE,2026-08-25,61.0099983215332,61.66999816894531,60.2599983215332,60.41999816894531,60.41999816894531,418000.0,59.94831299768928,0.7868197580042313,1.8847484588623047
XENE,2026-08-26,60.41999816894531,64.80999755859375,59.2599983215332,63.790000915527344,63.790000915527344,1296000.0,60.31418803748338,5.762844516590104,2.617798614501953
XENE,2026-08-27,63.130001068115234,63.775001525878906,61.849998474121094,61.93000030517578,61.93000030517578,587000.0,60.468074920120756,2.417681374818459,2.5048325856526694
XENE,2026-08-28,61.310001373291016,61.619998931884766,59.810001373291016,59.9900016784668,59.9900016784668,587900.0,60.422544135201335,-0.7158627014557384,2.4498563494001115
XENE,2026-08-31,59.84000015258789,60.810001373291016,59.220001220703125,60.220001220703125,60.220001220703125,752600.0,60.403254333820556,-0.3033828477265077,2.342374324798584
XENE,2026-09-01,60.47999954223633,61.154998779296875,59.540000915527344,60.0,60.0,418800.0,60.36484915917098,-0.6044066443518181,2.261554718017578
XENE,2026-09-02,60.560001373291016,61.75,59.68000030517578,60.15999984741211,60.15999984741211,637200.0,60.34533970090823,-0.30713200789774797,2.242399215698242
XENE,2026-09-03,60.189998626708984,60.689998626708984,59.61000061035156,60.400001525878906,60.400001525878906,471700.0,60.350545589000674,0.08194778753953802,2.1367263793945312
XENE,2026-09-04,60.02000045776367,60.56999969482422,59.43000030517578,59.75,59.75,459100.0,60.29335077100061,-0.9011785944097017,2.05366579691569
XENE,2026-09-08,58.95000076293945,60.36000061035156,58.27000045776367,59.54999923706055,59.54999923706055,608500.0,60.22255538681584,-1.1167844762404955,2.056460747352013
XENE,2026-09-09,59.040000915527344,59.810001373291016,58.529998779296875,58.97999954223633,58.97999954223633,489400.0,60.10421673495112,-1.8704464574796686,2.0009994506835938
XENE,2026-09-10,58.7400016784668,59.39500045776367,58.0,58.79999923706055,58.79999923706055,798800.0,59.98000554467583,-1.9673327751468017,1.8692139216831751
XENE,2026-09-11,60.0,60.0,58.529998779296875,58.650001525878906,58.650001525878906,466800.0,59.8533384952666,-2.0104759394212524,1.8424998692103796
XENE,2026-09-14,59.36000061035156,59.599998474121094,58.0,58.189998626708984,58.189998626708984,408500.0,59.69492517445158,-2.5210292890804786,1.8821427481515067
XENE,2026-09-15,58.130001068115234,58.130001068115234,56.16999816894531,56.279998779296875,56.279998779296875,587000.0,59.36969408919875,-5.2041624220933835,1.9257142203194755
XENE,2026-09-16,56.66999816894531,57.875,56.400001525878906,56.7599983215332,56.7599983215332,723600.0,59.12115163513537,-3.9937539244397025,1.6432143620082311
XENE,2026-09-17,57.599998474121094,58.150001525878906,56.869998931884766,57.349998474121094,57.349998474121094,1832000.0,58.95247038170544,-2.718243861891889,1.603928702218192
XENE,2026-09-18,44.02000045776367,44.849998474121094,39.08000183105469,39.75,39.75,17948700.0,57.12366367868587,-30.414127105731104,2.757499967302595
XENE,2026-09-21,40.0,40.2599983215332,38.60499954223633,38.9900016784668,38.9900016784668,4046000.0,55.39664825009358,-29.616677344010732,2.7621427263532365
XENE,2026-09-22,39.7599983215332,39.7599983215332,37.970001220703125,39.09000015258789,39.09000015258789,2347000.0,53.843634145569226,-27.400888196168328,2.774642671857561
XENE,2026-09-23,39.5099983215332,39.5099983215332,36.06999969482422,36.560001373291016,36.560001373291016,3173500.0,52.19757388154273,-29.958427845209144,2.872499738420759
XENE,2026-09-24,36.5,38.34000015258789,36.06999969482422,38.060001373291016,38.060001373291016,3113400.0,50.85113840456638,-25.154081958815556,2.9574999128069197
XENE,2026-09-25,38.099998474121094,38.2599983215332,36.47999954223633,36.939998626708984,36.939998626708984,2433800.0,49.52626794953234,-25.413320736480415,3.0032141549246654
XENE,2026-09-28,36.849998474121094,36.849998474121094,36.10100173950195,36.720001220703125,36.720001220703125,2515700.0,48.30662349916766,-23.98557679914054,2.9138567788260326
XENE,2026-09-29,36.29999923706055,37.43000030517578,36.20000076293945,37.25,37.25,2752400.0,47.25361173734217,-21.170046837788725,2.9102851322719028
XENE,2026-09-30,37.380001068115234,37.53300094604492,36.709999084472656,37.189998626708984,37.189998626708984,2465500.0,46.29517239347234,-19.66765279406799,2.8694280896868025
XENE,2026-10-01,38.310001373291016,39.91999816894531,38.08000183105469,38.83000183105469,38.83000183105469,905181.0,45.58420376848019,-14.81697908277556,2.959427969796317
