ticker,date,open,high,low,close,adj_close,volume,ema20,dist_ema20_pct,atr14
AKAM,2026-08-17,124.55999755859375,125.58000183105469,121.56999969482422,122.97000122070312,122.97000122070312,2492200.0,122.97000122070312,0.0,
AKAM,2026-08-18,121.48999786376953,123.79000091552734,115.11000061035156,115.19999694824219,115.19999694824219,3407000.0,122.23000081380209,-5.751455304552433,
AKAM,2026-08-19,115.80000305175781,116.80000305175781,110.36000061035156,112.83999633789062,112.83999633789062,3874300.0,121.3357146732391,-7.001828240125096,6.376668294270833
AKAM,2026-08-20,112.19000244140625,112.72000122070312,109.48999786376953,110.08999633789062,110.08999633789062,2118900.0,120.26469387939638,-8.460253141049956,5.620000839233398
AKAM,2026-08-21,110.26000213623047,112.51000213623047,109.58999633789062,110.41999816894531,110.41999816894531,3011500.0,119.32710381173437,-7.464444672052084,5.0800018310546875
AKAM,2026-08-24,110.0,110.0,105.19999694824219,105.66000366210938,105.66000366210938,2759300.0,118.0254752260558,-10.476951302473193,5.103335062662761
AKAM,2026-08-25,106.0,107.2699966430664,104.06999969482422,105.73999786376953,105.73999786376953,2978100.0,116.85542976298092,-9.512122732984619,4.831429617745536
AKAM,2026-08-26,105.55999755859375,109.52999877929688,105.41999816894531,108.05999755859375,108.05999755859375,3374800.0,116.01776955303929,-6.859097554713389,4.741250991821289
AKAM,2026-08-27,109.75,111.8499984741211,108.81999969482422,111.23999786376953,111.23999786376953,3042400.0,115.56274367787074,-3.740605039761602,4.635556538899739
AKAM,2026-08-28,110.91000366210938,112.4000015258789,106.87999725341797,107.47000122070312,107.47000122070312,2583100.0,114.79200630099763,-6.378497350325407,4.72400131225586
AKAM,2026-08-31,107.05999755859375,109.69000244140625,107.02999877929688,108.62000274658203,108.62000274658203,2403400.0,114.20419643867233,-4.889657180932938,4.536365162242543
AKAM,2026-09-01,108.91999816894531,109.98999786376953,105.77999877929688,106.45999908447266,106.45999908447266,2700900.0,113.46665383351046,-6.175078326817207,4.509167989095052
AKAM,2026-09-02,106.0,106.33999633789062,104.01000213623047,105.08999633789062,105.08999633789062,2172400.0,112.66887692916572,-6.726685130659371,4.350770216721755
AKAM,2026-09-03,105.41999816894531,106.55999755859375,102.55000305175781,106.5,106.5,3350700.0,112.08136484067374,-4.979743821470928,4.326429094587054
AKAM,2026-09-04,105.0,106.5,104.0,105.22000122070312,105.22000122070312,1758400.0,111.42790163877177,-5.571226171155486,4.21857179914202
AKAM,2026-09-08,102.69000244140625,108.11000061035156,100.7699966430664,105.61000061035156,105.61000061035156,3766700.0,110.87381582654127,-4.747572884498529,4.122857775006976
AKAM,2026-09-09,108.76000213623047,112.76000213623047,107.93000030517578,110.75,110.75,4566500.0,110.86202384306115,-0.1010479866574876,4.1735719953264505
AKAM,2026-09-10,109.08000183105469,111.18000030517578,106.62999725341797,107.12999725341797,107.12999725341797,2929400.0,110.50659273928561,-3.0555602178721775,4.259286608014788
AKAM,2026-09-11,107.62999725341797,110.73999786376953,106.30999755859375,106.79000091552734,106.79000091552734,3688400.0,110.15263161321339,-3.0527011914644797,4.3671433585030695
AKAM,2026-09-14,105.43000030517578,107.86000061035156,102.5,105.56999969482422,105.56999969482422,4585200.0,109.71619047812871,-3.779014533074776,4.377143314906529
AKAM,2026-09-15,105.62999725341797,107.41999816894531,103.93000030517578,105.4000015258789,105.4000015258789,2826400.0,109.30512486362873,-3.572680917406146,4.397857666015625
AKAM,2026-09-16,105.38999938964844,107.26000213623047,103.75,104.4800033569336,104.4800033569336,2502600.0,108.84558948203872,-4.010806635233955,4.3550006321498325
AKAM,2026-09-17,105.05999755859375,109.8499984741211,104.30999755859375,107.08000183105469,107.08000183105469,2859700.0,108.67743827718309,-1.4698878363824885,4.4800006321498325
AKAM,2026-09-18,107.25,107.25,102.61000061035156,104.5199966430664,104.5199966430664,4817000.0,108.28149145488626,-3.4738114162262246,4.417143140520368
AKAM,2026-09-21,106.04000091552734,117.58000183105469,105.4000015258789,117.41000366210938,117.41000366210938,4703100.0,109.1508735698599,7.5667100245087715,5.160000392368862
AKAM,2026-09-22,117.87000274658203,122.79000091552734,116.0999984741211,118.33999633789062,118.33999633789062,4670700.0,110.02602811919616,7.556364944563465,5.33714348929269
AKAM,2026-09-23,117.33000183105469,119.4800033569336,113.76000213623047,118.44000244140625,118.44000244140625,3919400.0,110.82735900702569,6.8689207273250785,5.570715223039899
AKAM,2026-09-24,116.73999786376953,118.0,110.30999755859375,110.41000366210938,110.41000366210938,7058400.0,110.78761087893842,-0.3408388481647817,5.865001678466797
AKAM,2026-09-25,125.2300033569336,128.4600067138672,113.83999633789062,113.94000244140625,113.94000244140625,31872400.0,111.0878386467925,2.567485180517637,6.975716182163784
AKAM,2026-09-28,112.75,115.08000183105469,108.80000305175781,,,8051102.0,111.0878386467925,,6.900001525878906
AMAT,2026-08-17,518.0,539.8099975585938,515.1199951171875,535.3099975585938,534.7382202148438,9624100.0,535.3099975585938,0.0,
AMAT,2026-08-18,507.3699951171875,516.8300170898438,497.7300109863281,514.3300170898438,513.7806396484375,8611900.0,533.3119041806176,-3.5592468388527143,
AMAT,2026-08-19,508.4100036621094,513.47998046875,488.54998779296875,496.1700134277344,495.6400146484375,6571200.0,529.7745812517716,-6.3431823672315595,29.350006103515625
AMAT,2026-08-20,489.5799865722656,499.8900146484375,487.4700012207031,496.2099914550781,496.2099914550781,6604500.0,526.5779536520864,-5.767040185862515,25.117507934570312
AMAT,2026-08-21,503.0,503.5,483.1300048828125,492.32000732421875,492.32000732421875,5526800.0,523.3152920970514,-5.922870063404229,24.16800537109375
AMAT,2026-08-24,481.8800048828125,489.739990234375,473.6700134277344,484.19000244140625,484.19000244140625,9264700.0,519.589074034609,-6.812897607397506,23.248336791992188
AMAT,2026-08-25,490.05999755859375,492.29998779296875,475.8800048828125,480.0400085449219,480.0400085449219,5185200.0,515.8224963689245,-6.936976978687337,22.272857666015625
AMAT,2026-08-26,479.739990234375,480.6700134277344,472.3999938964844,479.760009765625,479.760009765625,5193000.0,512.387973835277,-6.367823941188211,20.522502899169922
AMAT,2026-08-27,481.5,484.9800109863281,471.0,482.3599853515625,482.3599853515625,6285600.0,509.52816540825654,-5.332027138269324,19.79555935329861
AMAT,2026-08-28,476.260009765625,477.9700012207031,460.510009765625,461.6700134277344,461.6700134277344,6524800.0,504.97024617201635,-8.574808728340777,20.0010009765625
AMAT,2026-08-31,462.4100036621094,465.8999938964844,453.9100036621094,458.3900146484375,458.3900146484375,6174000.0,500.53403364596124,-8.419810874905087,19.272727272727273
AMAT,2026-09-01,450.7200012207031,451.45001220703125,438.8299865722656,441.8500061035156,441.8500061035156,7142500.0,494.94507864191877,-10.72746751702045,19.296669006347656
AMAT,2026-09-02,443.5,443.5,433.57000732421875,438.4599914550781,438.4599914550781,6518400.0,489.56554652888633,-10.438960714485813,18.57615544245793
AMAT,2026-09-03,432.4200134277344,437.1400146484375,426.1300048828125,435.9100036621094,435.9100036621094,5999200.0,484.45549482728853,-10.020629693236515,18.130000523158483
AMAT,2026-09-04,452.5,460.20001220703125,443.3599853515625,454.7099914550781,454.7099914550781,6009400.0,481.6225897442209,-5.58790199260285,18.101429530552455
AMAT,2026-09-08,464.0199890136719,472.8900146484375,458.1499938964844,472.7900085449219,472.7900085449219,6304600.0,480.7813915347639,-1.662165618417899,16.71571786063058
AMAT,2026-09-09,466.6600036621094,474.0400085449219,463.7799987792969,468.8500061035156,468.8500061035156,3936600.0,479.64506911274026,-2.250635668827705,15.607145036969866
AMAT,2026-09-10,455.3999938964844,460.8599853515625,450.55999755859375,454.010009765625,454.010009765625,4837400.0,477.20363488920543,-4.8603202967985375,16.02643040248326
AMAT,2026-09-11,461.19000244140625,464.57000732421875,452.70001220703125,456.489990234375,456.489990234375,4313100.0,475.2309068268406,-3.943539092943349,15.419287545340401
AMAT,2026-09-14,422.20001220703125,432.510009765625,419.6000061035156,424.2099914550781,424.2099914550781,8056600.0,470.3717720295299,-9.81389260994041,16.722143990652903
AMAT,2026-09-15,429.8500061035156,429.989990234375,416.760009765625,421.1700134277344,421.1700134277344,5630600.0,465.68589025793034,-9.559206701654599,16.494286673409597
AMAT,2026-09-16,429.7300109863281,430.739990234375,411.510009765625,415.3800048828125,415.3800048828125,5511000.0,460.8948535555382,-9.875321523250879,17.27714102608817
AMAT,2026-09-17,427.5799865722656,428.5400085449219,413.55999755859375,417.3999938964844,417.3999938964844,6929300.0,456.75248596896165,-8.615714918112449,17.34856959751674
AMAT,2026-09-18,421.69000244140625,445.0,420.0,444.57000732421875,444.57000732421875,14302900.0,455.5922499075575,-2.4193217917063414,17.759286063058035
AMAT,2026-09-21,455.95001220703125,468.510009765625,452.6600036621094,464.239990234375,464.239990234375,9491100.0,456.4158442243973,1.714258194360796,18.612858363560267
AMAT,2026-09-22,457.8999938964844,472.489990234375,453.3399963378906,472.4599914550781,472.4599914550781,5807700.0,457.94385824636686,3.1698499602765384,18.583570207868302
AMAT,2026-09-23,471.2300109863281,474.8999938964844,461.0,474.3800048828125,474.3800048828125,4585600.0,459.50920554507593,3.236235348124672,18.867141723632812
AMAT,2026-09-24,463.7900085449219,474.79998779296875,460.54998779296875,474.25,474.25,4159900.0,460.9130907312592,2.893584395179838,19.004285539899552
AMAT,2026-09-25,478.8900146484375,487.67999267578125,476.3599853515625,485.0,485.0,5201600.0,463.20708209018693,4.704789445678204,18.228570120675222
AMAT,2026-09-28,480.80999755859375,487.45001220703125,471.3800048828125,,,5939029.0,463.20708209018693,,18.077854701450892
APLD,2026-08-17,31.18000030517578,31.850000381469727,30.600000381469727,31.18000030517578,31.18000030517578,13582700.0,31.18000030517578,0.0,
APLD,2026-08-18,29.985000610351562,30.690000534057617,28.100000381469727,28.510000228881836,28.510000228881836,18093200.0,30.925714583623975,-7.8113453068642364,
APLD,2026-08-19,28.309999465942383,28.843000411987305,26.639999389648438,28.229999542236328,28.229999542236328,17720100.0,30.668979817777533,-7.952596695529568,2.177666982014974
APLD,2026-08-20,28.0049991607666,29.209999084472656,27.610000610351562,28.649999618530273,28.649999618530273,13969100.0,30.476695989277797,-5.993748047328307,2.033249855041504
APLD,2026-08-21,29.229999542236328,29.610000610351562,26.93000030517578,27.209999084472656,27.209999084472656,17942000.0,30.165581998343974,-9.797864712285588,2.1625999450683593
APLD,2026-08-24,26.649999618530273,27.475000381469727,26.059999465942383,26.889999389648438,26.889999389648438,11738500.0,29.853621749896778,-9.927178635398192,2.0380001068115234
APLD,2026-08-25,27.34000015258789,28.926000595092773,27.079999923706055,28.850000381469727,28.850000381469727,13302300.0,29.758038762427535,-3.0514053301936572,2.0377145494733537
APLD,2026-08-26,28.489999771118164,28.700000762939453,26.860000610351562,26.8700008392334,26.8700008392334,13311900.0,29.48298753164714,-8.862693068702598,2.031750202178955
APLD,2026-08-27,27.725000381469727,28.64299964904785,27.280000686645508,27.440000534057617,27.440000534057617,16124800.0,29.28841734140052,-6.311084637305009,2.0030000474717884
APLD,2026-08-28,26.799999237060547,27.010000228881836,25.09000015258789,25.34000015258789,25.34000015258789,19791300.0,28.91237760913265,-12.35587575964815,2.037700080871582
APLD,2026-08-31,25.260000228881836,25.4950008392334,24.829999923706055,25.40999984741211,25.40999984741211,12020000.0,28.57881782230212,-11.087995292853414,1.9129092476584695
APLD,2026-09-01,24.700000762939453,25.084999084472656,24.094999313354492,24.290000915527344,24.290000915527344,15171000.0,28.170359069275953,-13.774613749885523,1.8630835215250652
APLD,2026-09-02,24.0049991607666,24.9950008392334,23.829999923706055,24.90999984741211,24.90999984741211,16880900.0,27.85984866719368,-10.588172444939236,1.8093848595252404
APLD,2026-09-03,24.940000534057617,25.969999313354492,24.5310001373291,25.90999984741211,25.90999984741211,15966500.0,27.674148779595434,-6.3747179587473335,1.782928739275251
APLD,2026-09-04,26.0,26.479999542236328,25.780000686645508,26.3700008392334,26.3700008392334,13468000.0,27.54994421384667,-4.282924732821158,1.743642943246024
APLD,2026-09-08,27.200000762939453,29.149999618530273,27.139999389648438,28.309999465942383,28.309999465942383,19993000.0,27.622330428331974,2.489540263065826,1.7222142900739397
APLD,2026-09-09,28.690000534057617,28.969999313354492,27.040000915527344,27.139999389648438,27.139999389648438,11785600.0,27.576394138933544,-1.582493878954916,1.702714102608817
APLD,2026-09-10,26.297000885009766,27.079999923706055,25.739999771118164,25.780000686645508,25.780000686645508,12049100.0,27.405309048239445,-5.930633216845072,1.6884284700666154
APLD,2026-09-11,26.34000015258789,26.8700008392334,25.950000762939453,26.420000076293945,26.420000076293945,10085400.0,27.31147009853035,-3.264086550523604,1.5748570305960519
APLD,2026-09-14,24.454999923706055,25.4950008392334,24.3799991607666,24.579999923706055,24.579999923706055,14977300.0,27.05133008188042,-9.135706638801155,1.619499887738909
APLD,2026-09-15,24.290000915527344,24.6299991607666,23.389999389648438,23.420000076293945,23.420000076293945,13543600.0,26.70548912896742,-12.302673195038805,1.5626426424298967
APLD,2026-09-16,24.1299991607666,24.860000610351562,23.760000228881836,24.389999389648438,24.389999389648438,19033700.0,26.48496629665133,-7.910022929754579,1.5233569826398576
APLD,2026-09-17,25.7450008392334,26.799999237060547,24.850000381469727,26.3799991607666,26.3799991607666,24003400.0,26.47496942656707,-0.3587171878097428,1.568857056753976
APLD,2026-09-18,26.969999313354492,28.299999237060547,26.149999618530273,28.1200008392334,28.1200008392334,23876100.0,26.631639084916248,5.588697524667707,1.5545712879725866
APLD,2026-09-21,28.55500030517578,28.844999313354492,27.700000762939453,28.190000534057617,28.190000534057617,18221800.0,26.78005446102495,5.264911149022011,1.5888568333217077
APLD,2026-09-22,28.15999984741211,29.099000930786133,28.024999618530273,28.540000915527344,28.540000915527344,13089100.0,26.947668409072797,5.908980629724669,1.5716426031930106
APLD,2026-09-23,28.809999465942383,28.899999618530273,27.200000762939453,27.229999542236328,27.229999542236328,13725500.0,26.974557088421705,0.946975525778937,1.6098567417689733
APLD,2026-09-24,26.6299991607666,27.844999313354492,26.2549991607666,27.059999465942383,27.059999465942383,13173700.0,26.982694457709385,0.28649847536226236,1.6206425258091517
APLD,2026-09-25,27.219999313354492,27.479999542236328,25.959999084472656,26.25,26.25,13966700.0,26.912914033165634,-2.4631819220642726,1.6792140688214983
APLD,2026-09-28,25.700000762939453,25.985000610351562,24.5,,,14902189.0,26.912914033165634,,1.6056427274431502
APP,2026-08-17,318.3699951171875,326.19500732421875,307.70001220703125,311.9800109863281,311.9800109863281,5974900.0,311.9800109863281,0.0,
APP,2026-08-18,308.82000732421875,314.75,307.04998779296875,307.260009765625,307.260009765625,5148600.0,311.5304870605469,-1.3708055783612227,
APP,2026-08-19,306.5,315.3349914550781,304.20001220703125,310.7900085449219,310.7900085449219,4430300.0,311.45996529715404,-0.21510204420429613,12.443328857421875
APP,2026-08-20,311.375,319.4200134277344,307.6600036621094,308.7699890136719,308.7699890136719,4462500.0,311.2037770796796,-0.7820560819814748,12.272499084472656
APP,2026-08-21,304.04998779296875,307.3900146484375,298.0,305.7699890136719,305.7699890136719,5485700.0,310.68627345434555,-1.5823951235477085,11.9719970703125
APP,2026-08-24,304.5,307.0,297.5,298.5899963378906,298.5899963378906,4579500.0,309.5342470623022,-3.535715620575175,11.55999755859375
APP,2026-08-25,299.864990234375,310.8800048828125,299.864990234375,310.5400085449219,310.5400085449219,4001500.0,309.63003387017073,0.2938909586311933,11.664284842354911
APP,2026-08-26,309.2699890136719,316.79998779296875,306.8800048828125,308.1099853515625,308.1099853515625,3578600.0,309.485267344589,-0.44437720891418175,11.446247100830078
APP,2026-08-27,312.0,315.8800048828125,306.5,312.6300048828125,312.6300048828125,4045700.0,309.78476615775315,0.9184566305014741,11.216664632161459
APP,2026-08-28,316.25,335.45001220703125,315.9200134277344,317.760009765625,317.760009765625,6621800.0,310.5443131680267,2.323564235965936,12.376998901367188
APP,2026-08-31,315.2449951171875,317.8900146484375,306.25,312.05999755859375,312.05999755859375,5059200.0,310.6886640623664,0.4413851082613274,12.310000332919033
APP,2026-09-01,305.5,318.7950134277344,305.27899169921875,311.739990234375,311.739990234375,3897400.0,310.78879036446244,0.30605990286749485,12.410502115885416
APP,2026-09-02,309.739990234375,320.8299865722656,305.6700134277344,319.04998779296875,319.04998779296875,3877400.0,311.5755710719392,2.398909739718902,12.621999887319712
APP,2026-09-03,322.8999938964844,331.80999755859375,309.4079895019531,313.5799865722656,313.5799865722656,4463100.0,311.766467786256,0.5816914175815091,13.320571899414062
APP,2026-09-04,310.4599914550781,323.79998779296875,310.45001220703125,320.55999755859375,320.55999755859375,3803000.0,312.60394681219293,2.5450896661841194,12.953070504324776
APP,2026-09-08,319.3800048828125,322.7300109863281,309.8500061035156,312.010009765625,312.010009765625,3909300.0,312.54738137918645,-0.1719328478101967,13.323069981166295
APP,2026-09-09,311.5350036621094,312.3699951171875,304.2099914550781,305.05999755859375,305.05999755859375,3947500.0,311.8342972057967,-2.1724036476758135,13.110571725027901
APP,2026-09-10,300.8399963378906,317.6600036621094,300.0899963378906,314.489990234375,314.489990234375,4729200.0,312.0872203513756,0.7699033239150666,13.525571550641741
APP,2026-09-11,315.5400085449219,325.6000061035156,311.67999267578125,323.9599914550781,323.9599914550781,3751600.0,313.2179604564901,3.4295705721767433,13.750573294503349
APP,2026-09-14,324.0400085449219,338.3399963378906,320.3999938964844,334.239990234375,334.239990234375,5056600.0,315.2200585305744,6.0338583123369816,14.353430611746651
APP,2026-09-15,328.32501220703125,334.4599914550781,323.8030090332031,331.4599914550781,331.4599914550781,6604900.0,316.7667188090986,4.638515277494948,14.236785888671875
APP,2026-09-16,333.5799865722656,336.44000244140625,322.010009765625,326.55999755859375,326.55999755859375,3522600.0,317.69941202333627,2.788983926292765,14.558929443359375
APP,2026-09-17,331.8599853515625,333.4309997558594,314.82000732421875,321.6000061035156,321.6000061035156,4537400.0,318.0708971738295,1.1095353146243436,15.218285696847099
APP,2026-09-18,323.3900146484375,328.1499938964844,307.760009765625,308.05999755859375,308.05999755859375,10960500.0,317.1174781628547,-2.85619091597642,15.044712611607142
APP,2026-09-21,309.69000244140625,336.94000244140625,306.79998779296875,330.1700134277344,330.1700134277344,5991100.0,318.3605767595099,3.7094532207564646,16.366141183035715
APP,2026-09-22,333.0,333.6050109863281,323.67999267578125,328.7300109863281,328.7300109863281,3428700.0,319.3481419239688,2.937818584394014,16.10964093889509
APP,2026-09-23,315.8999938964844,316.5,304.7699890136719,315.25,315.25,6803700.0,318.9578426931146,-1.1624867605723455,16.738215855189733
APP,2026-09-24,315.5,320.44500732421875,308.239990234375,312.4700012207031,312.4700012207031,3967300.0,318.33995302907545,-1.8439255746941052,16.009859357561385
APP,2026-09-25,312.5,316.010009765625,308.3299865722656,310.75,310.75,3020100.0,317.61710035963966,-2.1620688407091415,15.604862758091517
APP,2026-09-28,322.7380065917969,322.7380065917969,306.8800964355469,,,4120929.0,317.61710035963966,,15.817570277622767
AUR,2026-08-17,6.929999828338623,7.159999847412109,6.855000019073486,6.96999979019165,6.96999979019165,28836500.0,6.96999979019165,0.0,
AUR,2026-08-18,6.480000019073486,6.5,5.920000076293945,6.150000095367432,6.150000095367432,77285400.0,6.891904581160772,-10.764868797245953,
AUR,2026-08-19,6.190000057220459,6.420000076293945,6.019999980926514,6.195000171661377,6.195000171661377,36302400.0,6.82553273263702,-9.23785125167863,0.5849998792012533
AUR,2026-08-20,6.135000228881836,6.159999847412109,5.980000019073486,6.119999885559082,6.119999885559082,31273000.0,6.758339128153407,-9.445208807814588,0.4924999475479126
AUR,2026-08-21,6.159999847412109,6.309999942779541,6.010000228881836,6.239999771118164,6.239999771118164,29720200.0,6.708973475102432,-6.990245314349053,0.4539999008178711
AUR,2026-08-24,6.190000057220459,6.210000038146973,5.619999885559082,5.690000057220459,5.690000057220459,40006100.0,6.611928387685102,-13.943410702719639,0.48166656494140625
AUR,2026-08-25,5.75,5.940000057220459,5.650000095367432,5.769999980926514,5.769999980926514,31923000.0,6.53174472989857,-11.662194106962364,0.4542856216430664
AUR,2026-08-26,5.769999980926514,5.880000114440918,5.659999847412109,5.760000228881836,5.760000228881836,19898600.0,6.458245253611262,-10.811683318142606,0.4249999523162842
AUR,2026-08-27,5.925000190734863,5.929999828338623,5.659999847412109,5.690000057220459,5.690000057220459,25421300.0,6.385079044431185,-10.885988761829768,0.40777773327297634
AUR,2026-08-28,5.704999923706055,5.900000095367432,5.610000133514404,5.829999923706055,5.829999923706055,31352500.0,6.332214366266887,-7.931102984072047,0.39599995613098143
AUR,2026-08-31,5.736999988555908,5.800000190734863,5.46999979019165,5.630000114440918,5.630000114440918,29984700.0,6.265336818473937,-10.140503574519233,0.3927272449840199
AUR,2026-09-01,5.519999980926514,5.599999904632568,5.440000057220459,5.460000038146973,5.460000038146973,21761400.0,6.188638077490417,-11.77380273688452,0.37583331267038983
AUR,2026-09-02,5.449999809265137,5.860000133514404,5.400000095367432,5.849999904632568,5.849999904632568,27938100.0,6.156386822932527,-4.97673273483511,0.3823076761685885
AUR,2026-09-03,5.929999828338623,6.360000133514404,5.909999847412109,6.320000171661377,6.320000171661377,55332800.0,6.171969046620989,2.3984424406896743,0.3914285727909633
AUR,2026-09-04,6.264999866485596,6.380000114440918,6.159999847412109,6.340000152587891,6.340000152587891,21667600.0,6.187972009094027,2.4568330831238105,0.385357175554548
AUR,2026-09-08,6.340000152587891,6.590000152587891,6.324999809265137,6.510000228881836,6.510000228881836,25199300.0,6.2186413633595325,4.685249534391889,0.3292857919420515
AUR,2026-09-09,6.460000038146973,6.599999904632568,6.349999904632568,6.5,6.5,25251000.0,6.245437423991959,4.07597672870974,0.31857149941580637
AUR,2026-09-10,6.349999904632568,6.519999980926514,6.300000190734863,6.329999923706055,6.329999923706055,19798600.0,6.253490995393301,1.223459478379585,0.31892861638750347
AUR,2026-09-11,6.510000228881836,6.704999923706055,6.369999885559082,6.429999828338623,6.429999828338623,33395600.0,6.270301360435713,2.5469025924427457,0.3242857796805246
AUR,2026-09-14,6.360000133514404,6.579999923706055,6.309999942779541,6.460000038146973,6.460000038146973,22703700.0,6.288367901170119,2.72935902724325,0.29928578649248394
AUR,2026-09-15,6.559999942779541,6.570000171661377,6.340000152587891,6.440000057220459,6.440000057220459,24103600.0,6.302809058889199,2.1766643578988276,0.2950000762939453
AUR,2026-09-16,6.5,6.760000228881836,6.239999771118164,6.360000133514404,6.360000133514404,53914000.0,6.308255827901123,0.8202632712582592,0.31642866134643555
AUR,2026-09-17,6.519999980926514,6.610000133514404,6.360000133514404,6.489999771118164,6.489999771118164,26663200.0,6.325564774874175,2.5995306679514663,0.315000091280256
AUR,2026-09-18,6.505000114440918,6.53000020980835,6.289999961853027,6.309999942779541,6.309999942779541,44582300.0,6.324082409912781,-0.22268000668628218,0.3114286831447056
AUR,2026-09-21,6.539999961853027,6.610000133514404,6.03000020980835,6.510000228881836,6.510000228881836,52079300.0,6.341788868862214,2.652427627250864,0.32714295387268066
AUR,2026-09-22,6.590000152587891,6.610000133514404,6.429999828338623,6.460000038146973,6.460000038146973,25358600.0,6.353047075460763,1.6834907945090682,0.3264286858694894
AUR,2026-09-23,6.460000038146973,6.460000038146973,5.834000110626221,6.320000171661377,6.320000171661377,54305000.0,6.349899751289393,-0.47086695537114087,0.33828582082475933
AUR,2026-09-24,6.300000190734863,6.340000152587891,5.760000228881836,6.059999942779541,6.059999942779541,38329600.0,6.322290245717026,-4.148659627184481,0.34328579902648926
AUR,2026-09-25,6.130000114440918,6.159999847412109,5.989999771118164,6.039999961853027,6.039999961853027,31912000.0,6.295405456777598,-4.057014225344336,0.3397143568311419
AUR,2026-09-28,5.998300075531006,5.998300075531006,5.28000020980835,,,46377556.0,6.295405456777598,,0.37507145745413645
BE,2026-08-17,241.1750030517578,244.44000244140625,229.10000610351562,232.16000366210938,232.16000366210938,10638900.0,232.16000366210938,0.0,
BE,2026-08-18,220.76499938964844,222.6999969482422,205.5,209.00999450683594,209.00999450683594,15418800.0,229.95524088541666,-9.108401399304233,
BE,2026-08-19,212.5500030517578,212.55999755859375,200.08999633789062,206.6300048828125,206.6300048828125,10332000.0,227.7337898375496,-9.266865918224598,18.156667073567707
BE,2026-08-20,203.5,206.85000610351562,197.3300018310547,202.47999572753906,202.47999572753906,9456500.0,225.32866658897717,-10.140152696645766,15.997501373291016
BE,2026-08-21,206.22000122070312,207.8800048828125,195.67999267578125,201.4499969482422,201.4499969482422,9368800.0,223.05450757557384,-9.685753882383096,15.238003540039063
BE,2026-08-24,191.97999572753906,209.9199981689453,185.92999267578125,204.02000427246094,204.02000427246094,15248100.0,221.24169773718214,-7.784108348860719,16.696670532226562
BE,2026-08-25,213.5449981689453,218.52999877929688,208.3000030517578,217.4499969482422,217.4499969482422,14898300.0,220.88058337633072,-1.5531407856903323,16.384288242885045
BE,2026-08-26,213.94000244140625,227.33999633789062,212.3000030517578,218.2100067138672,218.2100067138672,11985200.0,220.62624274181036,-1.095171634124592,16.216251373291016
BE,2026-08-27,227.10000610351562,227.99000549316406,214.75,217.8300018310547,217.8300018310547,11692600.0,220.35993408364317,-1.1480908555854707,15.885557386610243
BE,2026-08-28,215.7050018310547,222.39999389648438,209.1199951171875,210.77000427246094,210.77000427246094,11407800.0,219.44660743495913,-3.95385614018654,15.625001525878906
BE,2026-08-31,208.8800048828125,210.0,202.8800048828125,206.3000030517578,206.3000030517578,10089900.0,218.19454987465423,-5.45134918802026,14.921819513494318
BE,2026-09-01,203.5,213.66000366210938,197.5,213.6300048828125,213.6300048828125,10790800.0,217.75983130400263,-1.8965051526994903,15.025001525878906
BE,2026-09-02,210.0,217.29800415039062,204.3000030517578,217.27999877929688,217.27999877929688,9181100.0,217.71413296831636,-0.19940560729819756,14.869078416090746
BE,2026-09-03,219.0,238.41000366210938,212.1199951171875,235.5500030517578,235.5500030517578,15640700.0,219.41278726197743,7.354728952288747,15.684859139578682
BE,2026-09-04,236.82000732421875,253.3000030517578,235.5500030517578,252.8699951171875,252.8699951171875,16469100.0,222.59918801009266,13.598794936180258,15.857002258300781
BE,2026-09-08,267.760009765625,283.8299865722656,259.7799987792969,277.2200012207031,277.2200012207031,27500100.0,227.801170220627,21.69384422047247,16.164144243512833
BE,2026-09-09,272.989990234375,280.47900390625,268.5799865722656,269.2799987792969,269.2799987792969,12148500.0,231.75153484526223,16.193404699171452,16.12335968017578
BE,2026-09-10,260.7080078125,271.5,257.010009765625,258.489990234375,258.489990234375,11521900.0,234.29805440613012,10.325282422666128,16.478358677455358
BE,2026-09-11,268.5150146484375,277.2799987792969,266.1199951171875,275.75,275.75,13631200.0,238.24585874840344,15.741780968878171,16.949072701590403
BE,2026-09-14,256.3949890136719,261.70001220703125,249.0500030517578,257.04998779296875,257.04998779296875,14842400.0,240.0367281812192,7.087773500605765,17.142643519810267
BE,2026-09-15,261.0,269.82598876953125,257.0899963378906,259.3500061035156,259.3500061035156,10737300.0,241.87608798334267,7.224326416828908,17.01878683907645
BE,2026-09-16,268.239990234375,275.17999267578125,261.80999755859375,270.0199890136719,270.0199890136719,13495600.0,244.5564595100407,10.412127144237516,17.07521493094308
BE,2026-09-17,283.1499938964844,288.0,275.5299987792969,280.760009765625,280.760009765625,14236300.0,248.0044166772392,13.207665221146026,17.41378675188337
BE,2026-09-18,284.32000732421875,285.1000061035156,265.0,265.6300048828125,265.6300048828125,73471700.0,249.68304412538905,6.386881741723327,17.90093013218471
BE,2026-09-21,270.0,282.0,265.3599853515625,272.8900146484375,272.8900146484375,14545000.0,251.89323179425082,8.335588338211908,18.525931222098215
BE,2026-09-22,274.1600036621094,284.25,268.9700012207031,276.5299987792969,276.5299987792969,10586100.0,254.2395905547314,8.767481168424451,18.46307373046875
BE,2026-09-23,276.9649963378906,282.635009765625,271.0249938964844,275.19000244140625,275.19000244140625,8193500.0,256.2348678772719,7.397562525804746,18.363931928362167
BE,2026-09-24,256.0,269.3399963378906,251.3000030517578,266.6499938964844,266.6499938964844,18081100.0,257.2267846410064,3.6633857040312856,18.19250270298549
BE,2026-09-25,269.9100036621094,292.7200012207031,264.0140075683594,288.70001220703125,288.70001220703125,17334300.0,260.2242348853897,10.94278453126516,18.975073678152903
BE,2026-09-28,282.510009765625,286.2596130371094,259.4599914550781,,,15498318.0,260.2242348853897,,18.852218627929688
CAT,2026-08-17,864.030029296875,887.9099731445312,859.6199951171875,881.6500244140625,881.6500244140625,2140600.0,881.6500244140625,0.0,
CAT,2026-08-18,862.1900024414062,863.9199829101562,834.8099975585938,840.8699951171875,840.8699951171875,2685700.0,877.7662121000744,-4.203421876380043,
CAT,2026-08-19,845.0,848.9400024414062,805.6799926757812,816.1500244140625,816.1500244140625,4143900.0,871.8980037490257,-6.393864774922708,39.463338216145836
CAT,2026-08-20,811.5399780273438,818.9299926757812,801.0,815.3900146484375,815.3900146484375,2937800.0,866.5162905013506,-5.900209426337765,34.08000183105469
CAT,2026-08-21,829.52001953125,832.0,812.3400268554688,827.9000244140625,827.9000244140625,2465200.0,862.8385508739898,-4.049254223114762,31.19599609375
CAT,2026-08-24,822.989990234375,825.969970703125,804.489990234375,811.02001953125,811.02001953125,2536200.0,857.9034526508717,-5.464884536220782,29.898335774739582
CAT,2026-08-25,833.5700073242188,834.4500122070312,804.75,811.2899780273438,811.2899780273438,1655500.0,853.4640741152976,-4.941519785899795,29.870003836495535
CAT,2026-08-26,816.2000122070312,824.6199951171875,812.260009765625,821.9299926757812,821.9299926757812,1848200.0,850.4608282639151,-3.3547501119334577,27.802505493164062
CAT,2026-08-27,827.4199829101562,832.989990234375,807.3099975585938,817.0,817.0,1835400.0,847.2740827149709,-3.5731156343130177,27.566670735677082
CAT,2026-08-28,819.010009765625,821.22998046875,799.1699829101562,800.25,800.25,1787500.0,842.7955986468784,-5.0481514990332155,27.01600341796875
CAT,2026-08-31,800.0,802.9000244140625,789.0499877929688,797.469970703125,797.469970703125,3071400.0,838.4788721760447,-4.890868790347946,25.819097345525567
CAT,2026-09-01,788.8800048828125,790.219970703125,774.5499877929688,779.1599731445312,779.1599731445312,2946600.0,832.8294532206625,-6.444234154854178,25.577504475911457
CAT,2026-09-02,778.510009765625,793.9400024414062,771.3900146484375,792.280029296875,792.280029296875,2507600.0,828.9676033231589,-4.425694548159786,25.344618577223557
CAT,2026-09-03,796.9000244140625,803.9199829101562,781.489990234375,800.1400146484375,800.1400146484375,2351900.0,826.2221186874712,-3.156790825264688,25.136431012834823
CAT,2026-09-04,802.3800048828125,821.0,801.0,813.9400024414062,813.9400024414062,2149500.0,825.052393330703,-1.346870935606459,24.605717250279017
CAT,2026-09-08,823.3400268554688,830.5,817.0900268554688,822.47998046875,822.47998046875,2443200.0,824.8074016295647,-0.28217753092617537,22.442858014787948
CAT,2026-09-09,815.6799926757812,827.9600219726562,813.5,815.5599975585938,815.5599975585938,1929000.0,823.9266964799484,-1.0154664191729168,20.385716029575892
CAT,2026-09-10,809.75,811.9500122070312,797.5,805.0,805.0,1781900.0,822.1241539580485,-2.082915807254382,20.395002092633927
CAT,2026-09-11,817.75,826.0,813.510009765625,818.5700073242188,818.5700073242188,1824600.0,821.7856638024457,-0.3913011165646241,20.490718296595983
CAT,2026-09-14,783.0499877929688,794.5599975585938,772.8599853515625,784.0,784.0,2428000.0,818.1870291545937,-4.1783880624358005,22.083574567522323
CAT,2026-09-15,789.489990234375,791.2000122070312,776.5,783.5399780273438,783.5399780273438,2261600.0,814.8873099996175,-3.846830302497717,21.01214599609375
CAT,2026-09-16,797.0,798.3900146484375,774.47998046875,782.719970703125,782.719970703125,2645300.0,811.8237538761421,-3.584987878718482,21.76786150251116
CAT,2026-09-17,813.9500122070312,813.9500122070312,795.0,798.5700073242188,798.5700073242188,2429600.0,810.5614922997685,-1.479404719995625,22.164293561662948
CAT,2026-09-18,800.7899780273438,809.489990234375,799.5700073242188,808.989990234375,808.989990234375,4786800.0,810.4118254363976,-0.1754460087322829,21.368578229631698
CAT,2026-09-21,827.0,827.8099975585938,805.239990234375,816.5,816.5,1867300.0,810.9916515853122,0.6792114818839678,21.99143327985491
CAT,2026-09-22,806.0599975585938,812.4600219726562,802.6099853515625,808.010009765625,808.010009765625,2062600.0,810.7076856977229,-0.3327556873691462,21.346435546875
CAT,2026-09-23,803.969970703125,816.760009765625,798.530029296875,812.02001953125,812.02001953125,2788700.0,810.8326698723445,0.14643584342655114,21.03786359514509
CAT,2026-09-24,798.8699951171875,809.1400146484375,794.2000122070312,805.25,805.25,2197800.0,810.3009870273593,-0.6233470165066812,20.70857892717634
CAT,2026-09-25,816.3400268554688,823.0,809.0499877929688,821.5800170898438,821.5800170898438,1978200.0,811.3751803666436,1.2577210851567822,20.486437116350448
CAT,2026-09-28,821.0499877929688,827.5700073242188,808.239990234375,,,2152841.0,811.3751803666436,,20.684295654296875
CLF,2026-08-17,11.850000381469727,12.359999656677246,11.600000381469727,12.3100004196167,12.3100004196167,16362000.0,12.3100004196167,0.0,
CLF,2026-08-18,12.100000381469727,12.300000190734863,11.75,11.880000114440918,11.880000114440918,13332200.0,12.269048009599958,-3.1709705174731373,
CLF,2026-08-19,12.050000190734863,12.390000343322754,10.979999542236328,11.170000076293945,11.170000076293945,33519900.0,12.164376777856528,-8.17449771346035,0.9100001653035482
CLF,2026-08-20,10.979999542236328,11.100000381469727,10.420000076293945,10.739999771118164,10.739999771118164,22298400.0,12.028721824833827,-10.71370734548902,0.8700001239776611
CLF,2026-08-21,11.100000381469727,12.0,11.079999923706055,11.270000457763672,11.270000457763672,19255900.0,11.956462647017622,-5.741348503482158,0.948000144958496
CLF,2026-08-24,11.920000076293945,12.329999923706055,11.229999542236328,11.300000190734863,11.300000190734863,21461200.0,11.89394241308593,-4.993653085940631,0.9733335177103678
CLF,2026-08-25,11.319999694824219,11.579999923706055,11.220000267028809,11.520000457763672,11.520000457763672,14823500.0,11.85832889353143,-2.8530869636472334,0.8857143947056362
CLF,2026-08-26,11.539999961853027,11.850000381469727,11.529999732971191,11.539999961853027,11.539999961853027,10748700.0,11.828011852419202,-2.4349983256676144,0.8162500858306885
CLF,2026-08-27,11.5600004196167,11.84000015258789,11.449999809265137,11.829999923706055,11.829999923706055,12062700.0,11.82820119254176,0.015207140418183052,0.7688890033298068
CLF,2026-08-28,11.899999618530273,12.109999656677246,11.470000267028809,11.619999885559082,11.619999885559082,10683900.0,11.808372496638649,-1.5952461792104633,0.7560000419616699
CLF,2026-08-31,11.75,11.8100004196167,11.4399995803833,11.550000190734863,11.550000190734863,11954600.0,11.783765610362098,-1.983792170998988,0.7209092053500089
CLF,2026-09-01,11.3100004196167,11.779999732971191,11.270000457763672,11.539999961853027,11.539999961853027,10259700.0,11.760549834313615,-1.8753364049110322,0.7033333778381348
CLF,2026-09-02,11.640000343322754,12.479999542236328,11.619999885559082,12.420000076293945,12.420000076293945,17226900.0,11.823354619264123,5.04632971134682,0.7215384703416091
CLF,2026-09-03,12.75,12.8100004196167,12.180000305175781,12.279999732971191,12.279999732971191,11496200.0,11.866844630093366,3.4815919122265893,0.7150000163487026
CLF,2026-09-04,12.199999809265137,12.5,12.15999984741211,12.5,12.5,7491100.0,11.927145141513044,4.802950343021362,0.6850000790187291
CLF,2026-09-08,12.5,12.729999542236328,12.289999961853027,12.289999961853027,12.289999961853027,7271700.0,11.961702743450186,2.7445692761643548,0.6764285905020577
CLF,2026-09-09,12.449999809265137,12.5600004196167,12.069999694824219,12.09000015258789,12.09000015258789,9598300.0,11.973921544320444,0.9694285020808824,0.6107142993382045
CLF,2026-09-10,11.770000457763672,12.079999923706055,11.6899995803833,11.829999923706055,11.829999923706055,9437100.0,11.96021472330955,-1.0887329585288819,0.5857143402099609
CLF,2026-09-11,11.829999923706055,12.229999542236328,11.680000305175781,12.0600004196167,12.0600004196167,12952200.0,11.969718122957849,0.7542558290131396,0.5349999836512974
CLF,2026-09-14,11.84000015258789,11.989999771118164,11.539999961853027,11.649999618530273,11.649999618530273,13935200.0,11.939268741583794,-2.4228378581178323,0.4935714176722935
CLF,2026-09-15,11.649999618530273,11.819999694824219,11.550000190734863,11.789999961853027,11.789999961853027,9654100.0,11.925052667323722,-1.1325124445006218,0.4871428353445871
CLF,2026-09-16,11.819999694824219,12.479999542236328,11.770000457763672,12.149999618530273,12.149999618530273,14278000.0,11.946476186486251,1.7036273196128437,0.5142856325422015
CLF,2026-09-17,12.5,13.109999656677246,12.460000038146973,12.760000228881836,12.760000228881836,12607900.0,12.023954666714403,6.121493157363678,0.5549998964582171
CLF,2026-09-18,12.699999809265137,12.819999694824219,12.359999656677246,12.5,12.5,20232000.0,12.069292317503507,3.568624167564982,0.5421427999223981
CLF,2026-09-21,12.6899995803833,12.760000228881836,12.010000228881836,12.069999694824219,12.069999694824219,16362200.0,12.069359686772145,0.005302750673474854,0.5692855971200126
CLF,2026-09-22,12.109999656677246,12.710000038146973,12.09000015258789,12.529999732971191,12.529999732971191,19534100.0,12.11323016736253,3.440614599494607,0.5785713876996722
CLF,2026-09-23,12.380000114440918,12.9399995803833,12.380000114440918,12.869999885559082,12.869999885559082,20083800.0,12.18530347385744,5.619034545759183,0.5514285223824638
CLF,2026-09-24,12.789999961853027,12.9399995803833,12.489999771118164,12.5,12.5,13015200.0,12.215274571585303,2.330896671590299,0.5385713577270508
CLF,2026-09-25,12.510000228881836,12.5600004196167,12.149999618530273,12.180000305175781,12.180000305175781,9081200.0,12.211915117641539,-0.2613415844960554,0.5435714040483747
CLF,2026-09-28,11.739999771118164,11.779999732971191,11.0,,,26436834.0,12.211915117641539,,0.5964285986764091
CONL,2026-08-17,4.050000190734863,4.260000228881836,3.994999885559082,4.159999847412109,4.159999847412109,17279800.0,4.159999847412109,0.0,
CONL,2026-08-18,4.019999980926514,4.171999931335449,3.9200000762939453,3.930000066757202,3.930000066757202,19588700.0,4.138095106397357,-5.028764063891289,
CONL,2026-08-19,4.005000114440918,4.974999904632568,4.0,4.650000095367432,4.650000095367432,58969400.0,4.186847962489745,11.06207192205444,0.5206666787465414
CONL,2026-08-20,5.400000095367432,5.519999980926514,5.03000020980835,5.380000114440918,5.380000114440918,40947100.0,4.300481500770809,25.102273163519428,0.6079999804496765
CONL,2026-08-21,5.860000133514404,6.559999942779541,5.800000190734863,6.25,6.25,46229500.0,4.486149929268827,39.31767993805442,0.7223999500274658
CONL,2026-08-24,6.425000190734863,6.610000133514404,5.71999979019165,5.769999980926514,5.769999980926514,28628300.0,4.608421362760035,25.205564481430052,0.7503333489100138
CONL,2026-08-25,5.559999942779541,6.408999919891357,5.489999771118164,6.28000020980835,6.28000020980835,26214600.0,4.767619348193207,31.721929775880533,0.7744286060333252
CONL,2026-08-26,5.920000076293945,6.150000095367432,5.750999927520752,5.920000076293945,5.920000076293945,13769000.0,4.877369893726611,21.37689380312102,0.7437500655651093
CONL,2026-08-27,6.204999923706055,6.690000057220459,5.820000171661377,6.5,6.5,24453500.0,5.031906094324077,29.17570157622602,0.7577778233422173
CONL,2026-08-28,6.170000076293945,6.369999885559082,5.5,5.650000095367432,5.650000095367432,25439300.0,5.090772189661539,10.985129266667748,0.7820000410079956
CONL,2026-08-31,5.650000095367432,6.369999885559082,5.533999919891357,6.25,6.25,16075300.0,5.201174838265202,20.16515872565097,0.786909125067971
CONL,2026-09-01,5.820000171661377,5.980000019073486,5.409999847412109,5.5,5.5,18674800.0,5.22963437747804,5.169876190318723,0.7913333773612976
CONL,2026-09-02,5.355000019073486,5.619999885559082,5.210000038146973,5.389999866485596,5.389999866485596,11587700.0,5.244907281193045,2.766351767796116,0.7620000289036677
CONL,2026-09-03,5.789999961853027,6.677000045776367,5.760000228881836,6.480000019073486,6.480000019073486,28603200.0,5.362535160991182,20.838368878419764,0.7995000396456037
CONL,2026-09-04,5.940000057220459,6.210000038146973,5.820000171661377,5.929999828338623,5.929999828338623,18247700.0,5.416579415024272,9.47868338993143,0.8277142899377006
CONL,2026-09-08,5.684999942779541,5.78000020980835,5.519999980926514,5.570000171661377,5.570000171661377,13323600.0,5.431190915656378,2.5557793522753114,0.8390000036784581
CONL,2026-09-09,5.909999847412109,5.925000190734863,5.289999961853027,5.300000190734863,5.300000190734863,15083000.0,5.418696560901948,-2.1904967150869092,0.8097143173217773
CONL,2026-09-10,5.070000171661377,5.28000020980835,5.039999961853027,5.139999866485596,5.139999866485596,12843000.0,5.392154018576581,-4.676315832639155,0.7661429132734027
CONL,2026-09-11,5.260000228881836,5.71999979019165,5.179999828338623,5.320000171661377,5.320000171661377,19185000.0,5.3852822236322755,-1.2122308406497417,0.7232857772282192
CONL,2026-09-14,5.679999828338623,6.400000095367432,5.630000114440918,6.289999961853027,6.289999961853027,34484600.0,5.471445817748537,14.960472448602612,0.7368571758270264
CONL,2026-09-15,5.800000190734863,5.800000190734863,4.764999866485596,5.03000020980835,5.03000020980835,38443600.0,5.429403378897091,-7.356299416638201,0.7801428862980434
CONL,2026-09-16,5.059999942779541,5.130000114440918,4.385000228881836,4.579999923706055,4.579999923706055,28423400.0,5.348507811736041,-14.368641031872043,0.7955714293888637
CONL,2026-09-17,4.869999885559082,5.110000133514404,4.644999980926514,5.090000152587891,5.090000152587891,29804100.0,5.3238880346743125,-4.393178078936256,0.7712857382638114
CONL,2026-09-18,5.349999904632568,6.389999866485596,5.303999900817871,6.269999980926514,6.269999980926514,57207300.0,5.4139939343173795,15.810990130284708,0.7927142892565046
CONL,2026-09-21,6.980000019073486,7.175000190734863,6.684000015258789,6.699999809265137,6.699999809265137,41756400.0,5.536470684312404,21.015719061776927,0.7976428781236921
CONL,2026-09-22,6.614999771118164,6.835000038146973,6.449999809265137,6.699999809265137,6.699999809265137,21046400.0,5.647282981926949,18.641120530124077,0.7651428835732597
CONL,2026-09-23,6.489999771118164,6.934999942779541,6.353000164031982,6.510000228881836,6.510000228881836,21881100.0,5.729446529255986,13.623544536809051,0.7774285929543632
CONL,2026-09-24,6.420000076293945,6.809999942779541,6.214000225067139,6.570000171661377,6.570000171661377,22641700.0,5.809499257104118,13.090644837027622,0.7280714171273368
CONL,2026-09-25,6.579999923706055,6.610000133514404,6.130000114440918,6.309999942779541,6.309999942779541,17590100.0,5.857165989073206,7.731280871177559,0.7152142865317208
CONL,2026-09-28,6.355000019073486,6.519999980926514,6.039999961853027,,,16613213.0,5.857165989073206,,0.7202142987932477
CRDO,2026-08-17,274.44000244140625,286.239990234375,272.30499267578125,282.82000732421875,282.82000732421875,5762800.0,282.82000732421875,0.0,
CRDO,2026-08-18,266.9150085449219,269.3299865722656,240.0,245.97000122070312,245.97000122070312,7742700.0,279.31048293340774,-11.936709772777675,
CRDO,2026-08-19,246.00999450683594,250.0,229.17999267578125,234.82000732421875,234.82000732421875,4903100.0,275.0732947801516,-14.633658817408913,25.85833740234375
CRDO,2026-08-20,235.41000366210938,236.5,226.5800018310547,231.35000610351562,231.35000610351562,3278400.0,270.90917204904343,-14.602372317747259,21.87375259399414
CRDO,2026-08-21,233.0500030517578,236.36000061035156,223.0449981689453,230.57000732421875,230.57000732421875,2714400.0,267.06734683715536,-13.665968507632986,20.162002563476562
CRDO,2026-08-24,222.77999877929688,223.58999633789062,211.5,222.61000061035156,222.61000061035156,4256100.0,262.83331386317406,-15.303734774565891,19.980003356933594
CRDO,2026-08-25,229.05999755859375,232.0,223.00999450683594,226.50999450683594,226.50999450683594,2639100.0,259.37395011495136,-12.6704920033606,18.467145647321427
CRDO,2026-08-26,223.0,226.72000122070312,219.73899841308594,226.49000549316406,226.49000549316406,2283300.0,256.2421458652573,-11.610947243525727,17.0313777923584
CRDO,2026-08-27,239.14999389648438,244.4600067138672,233.77999877929688,240.24000549316406,240.24000549316406,4227700.0,254.71813249648653,-5.683979723556654,17.135669284396702
CRDO,2026-08-28,238.57000732421875,240.49000549316406,228.60000610351562,232.75,232.75,3518200.0,252.62592940158305,-7.867731332514005,16.611102294921874
CRDO,2026-08-31,232.0,238.39500427246094,222.91000366210938,226.19000244140625,226.19000244140625,4270300.0,250.1082220720424,-9.563148077453699,16.50872941450639
CRDO,2026-09-01,220.0,221.74000549316406,206.11500549316406,206.6300048828125,206.6300048828125,9513700.0,245.96743948259194,-15.992943896366207,16.805918375651043
CRDO,2026-09-02,188.63499450683594,190.57000732421875,161.9499969482422,165.22000122070312,165.22000122070312,30111800.0,238.27720726717396,-30.660593551675174,18.950079110952522
CRDO,2026-09-03,168.5,171.1300048828125,164.11000061035156,164.1699981689453,164.1699981689453,13770300.0,231.2193778292474,-28.99816628250649,18.097930908203125
CRDO,2026-09-04,162.10000610351562,172.0500030517578,160.75,170.57000732421875,170.57000732421875,10756500.0,225.44324730495896,-24.340156840676052,17.9097170148577
CRDO,2026-09-08,170.5449981689453,178.0,167.22000122070312,167.75,167.75,10394700.0,219.9486523235343,-23.732199207455253,15.62114497593471
CRDO,2026-09-09,165.02000427246094,173.24000549316406,164.18800354003906,167.9199981689453,167.9199981689453,6972200.0,214.99354240404963,-21.895329370700967,14.780573163713727
CRDO,2026-09-10,162.35000610351562,165.67999267578125,159.1999969482422,160.30999755859375,160.30999755859375,6901300.0,209.78558575210144,-23.583883523805017,14.694859095982142
CRDO,2026-09-11,162.8800048828125,164.8000030517578,160.44000244140625,162.9499969482422,162.9499969482422,5889800.0,205.32505348506723,-20.63803506565597,14.064502171107701
CRDO,2026-09-14,153.6909942626953,154.11000061035156,149.13999938964844,150.08999633789062,150.08999633789062,10698800.0,200.06457185200279,-24.979222983607873,13.688787187848773
CRDO,2026-09-15,153.0,154.74000549316406,149.6999969482422,150.38999938964844,150.38999938964844,6494300.0,195.3336601889214,-23.008661566984767,13.378073556082589
CRDO,2026-09-16,153.10000610351562,164.5500030517578,152.72000122070312,161.49000549316406,161.49000549316406,8978500.0,192.11045497980166,-15.938981295868048,13.89085933140346
CRDO,2026-09-17,168.64999389648438,169.8000030517578,163.52000427246094,168.25,168.25,8903300.0,189.83803069601103,-11.371815550794507,13.200859069824219
CRDO,2026-09-18,171.11000061035156,175.97999572753906,170.1929931640625,175.88999938964844,175.88999938964844,13345500.0,188.50964676207175,-6.694430544634811,12.90371595110212
CRDO,2026-09-21,180.91000366210938,188.75999450683594,176.49000549316406,187.27000427246094,187.27000427246094,11146500.0,188.391585572585,-0.5953457510935012,12.716929844447545
CRDO,2026-09-22,183.67999267578125,194.0,183.1699981689453,192.55999755859375,192.55999755859375,8199200.0,188.78857719030012,1.9976952125085434,12.056573050362724
CRDO,2026-09-23,191.5,196.14999389648438,189.25999450683594,193.8699951171875,193.8699951171875,7813400.0,189.2725217547656,2.429023145989828,9.357286725725446
CRDO,2026-09-24,188.91000366210938,196.4250030517578,187.0,195.97000122070312,195.97000122070312,5788700.0,189.91037694199775,3.1907810285459526,9.52907235281808
CRDO,2026-09-25,201.58999633789062,214.8699951171875,198.0,210.97000122070312,210.97000122070312,11728000.0,191.9160554447316,9.92827084311283,10.07192884172712
CRDO,2026-09-28,206.25,208.00999450683594,189.43899536132812,,,9028495.0,191.9160554447316,,10.839857918875557
FRVO,2026-08-17,19.489999771118164,19.690000534057617,17.559999465942383,18.100000381469727,18.100000381469727,6573300.0,18.100000381469727,0.0,
FRVO,2026-08-18,18.049999237060547,19.0,17.709999084472656,17.969999313354492,17.969999313354492,5013400.0,18.087619327363516,-0.6502791322630541,
FRVO,2026-08-19,18.0,18.280000686645508,17.010000228881836,17.829999923706055,17.829999923706055,4490600.0,18.063084146062803,-1.29038994931302,1.5633341471354167
FRVO,2026-08-20,17.950000762939453,18.280000686645508,16.690000534057617,17.0,17.0,3849900.0,17.961838036913967,-5.3548976164758955,1.5700006484985352
FRVO,2026-08-21,17.0,17.56999969482422,16.510000228881836,16.920000076293945,16.920000076293945,2360100.0,17.862615373997773,-5.277028464017497,1.4680004119873047
FRVO,2026-08-24,16.969999313354492,17.149999618530273,15.3100004196167,15.470000267028809,15.470000267028809,4303700.0,17.63474726857216,-12.275463711358448,1.5300002098083496
FRVO,2026-08-25,15.640000343322754,16.68000030517578,15.319999694824219,16.450000762939453,16.450000762939453,3603700.0,17.52191426803571,-6.11755935281394,1.5057145527430944
FRVO,2026-08-26,16.3799991607666,16.450000762939453,15.220000267028809,15.4399995803833,15.4399995803833,3608400.0,17.323636678735483,-10.87321982839965,1.471250295639038
FRVO,2026-08-27,15.59000015258789,16.40999984741211,15.550000190734863,15.960000038146973,15.960000038146973,3918200.0,17.193766522488957,-7.175661497602947,1.4155558480156794
FRVO,2026-08-28,15.699999809265137,15.899999618530273,14.75,14.770000457763672,14.770000457763672,4077800.0,16.962931659181788,-12.927784214889027,1.3950002670288086
FRVO,2026-08-31,14.850000381469727,15.510000228881836,14.600000381469727,15.380000114440918,15.380000114440918,4505500.0,16.81217627396837,-8.51868393591021,1.3509093197909268
FRVO,2026-09-01,16.469999313354492,20.06999969482422,16.440000534057617,19.75,19.75,35232500.0,17.091969009780904,15.551344544903124,1.629166841506958
FRVO,2026-09-02,18.399999618530273,18.790000915527344,17.030000686645508,17.979999542236328,17.979999542236328,19643000.0,17.17654334620523,4.6776361217555795,1.713077031649076
FRVO,2026-09-03,18.280000686645508,18.479999542236328,16.799999237060547,17.15999984741211,17.15999984741211,8563700.0,17.1749677748916,-0.08714966849237005,1.710714408329555
FRVO,2026-09-04,17.270000457763672,18.579999923706055,17.100000381469727,18.15999984741211,18.15999984741211,7786500.0,17.268780353226884,5.160871097759312,1.664285727909633
FRVO,2026-09-08,18.6200008392334,19.270000457763672,17.84000015258789,18.899999618530273,18.899999618530273,5461900.0,17.424134568970064,8.470234453931024,1.6742856843130929
FRVO,2026-09-09,18.600000381469727,18.969999313354492,17.0,17.239999771118164,17.239999771118164,5010900.0,17.406597921555598,-0.9570977119608526,1.72428560256958
FRVO,2026-09-10,17.219999313354492,17.3700008392334,15.720000267028809,15.729999542236328,15.729999542236328,6060600.0,17.246921885429952,-8.7953221639805,1.7285713468279158
FRVO,2026-09-11,15.880000114440918,15.9399995803833,14.9399995803833,15.59000015258789,15.59000015258789,6057400.0,17.08911981563547,-8.772363230059277,1.724285670689174
FRVO,2026-09-14,15.3100004196167,15.890000343322754,14.869999885559082,14.960000038146973,14.960000038146973,4349100.0,16.88634650349371,-11.407716079663432,1.6657143320356096
FRVO,2026-09-15,15.100000381469727,15.369999885559082,14.850000381469727,15.15999984741211,15.15999984741211,3490800.0,16.72193253624784,-9.340623073618781,1.6057142530168806
FRVO,2026-09-16,15.25,15.489999771118164,14.800000190734863,15.399999618530273,15.399999618530273,4520400.0,16.596034163131883,-7.206749111535348,1.5671427590506417
FRVO,2026-09-17,15.869999885559082,16.739999771118164,15.800000190734863,16.65999984741211,16.65999984741211,4151600.0,16.602126133063333,0.34859218563290106,1.593571322304862
FRVO,2026-09-18,16.860000610351562,17.420000076293945,16.170000076293945,16.90999984741211,16.90999984741211,9222600.0,16.63144743919179,1.6748536724705998,1.596428462437221
FRVO,2026-09-21,17.260000228881836,17.93000030517578,16.520000457763672,16.829999923706055,16.829999923706055,4080900.0,16.65035719962172,1.0789121334190632,1.6321427481515067
FRVO,2026-09-22,16.8799991607666,16.969999313354492,16.299999237060547,16.440000534057617,16.440000534057617,3584300.0,16.630323231472758,-1.1444317393359937,1.3449999264308385
FRVO,2026-09-23,16.350000381469727,16.670000076293945,15.979999542236328,16.350000381469727,16.350000381469727,2905300.0,16.603625817186757,-1.5275304232313935,1.2000000136239188
FRVO,2026-09-24,18.489999771118164,18.540000915527344,16.15999984741211,16.709999084472656,16.709999084472656,14295900.0,16.61375660454732,0.5792939081519677,1.250000068119594
FRVO,2026-09-25,17.59000015258789,17.65999984741211,15.029999732971191,15.180000305175781,15.180000305175781,10438400.0,16.477208385559553,-7.872741850619736,1.3321429661342077
FRVO,2026-09-28,15.175000190734863,15.319999694824219,13.824999809265137,,,11425647.0,16.477208385559553,,1.3367857933044434
FSLR,2026-08-17,225.36000061035156,226.38999938964844,216.89999389648438,217.85000610351562,217.85000610351562,1902100.0,217.85000610351562,0.0,
FSLR,2026-08-18,219.5,221.5,217.0,220.00999450683594,220.00999450683594,1902100.0,218.05571928478423,0.8962274543688586,
FSLR,2026-08-19,222.0,224.0,218.66000366210938,222.39999389648438,222.39999389648438,1657600.0,218.46945972399377,1.7991229426100652,6.4433339436848955
FSLR,2026-08-20,220.25,225.0,213.02000427246094,214.05999755859375,214.05999755859375,1619800.0,218.04951094633662,-1.829636475875751,7.8274993896484375
FSLR,2026-08-21,214.99000549316406,221.39999389648438,211.52999877929688,214.27999877929688,214.27999877929688,1502400.0,217.69050978757093,-1.5666787732740994,8.23599853515625
FSLR,2026-08-24,212.82000732421875,212.8800048828125,208.1199951171875,208.30999755859375,208.30999755859375,1611100.0,216.7971276705255,-3.914779777354771,7.8899993896484375
FSLR,2026-08-25,211.60000610351562,211.99000549316406,205.39999389648438,206.82000732421875,206.82000732421875,1523300.0,215.846925732782,-4.182092646405611,7.704286847795759
FSLR,2026-08-26,207.4199981689453,209.89999389648438,204.2100067138672,205.92999267578125,205.92999267578125,1465400.0,214.90245591782957,-4.1751329475169126,7.4524993896484375
FSLR,2026-08-27,212.92999267578125,213.1999969482422,207.00999450683594,210.10000610351562,210.10000610351562,1467200.0,214.44507974503776,-2.0261941410305018,7.432222154405382
FSLR,2026-08-28,209.6199951171875,211.14999389648438,202.10000610351562,204.4600067138672,204.4600067138672,1447600.0,213.4941204087358,-4.2315515188768416,7.593998718261719
FSLR,2026-08-31,203.41000366210938,205.24000549316406,200.35000610351562,201.89999389648438,201.89999389648438,2790200.0,212.38991788375947,-4.938993381510793,7.348180597478693
FSLR,2026-09-01,199.0,202.61000061035156,198.1999969482422,199.64999389648438,199.64999389648438,1690700.0,211.17659178973327,-5.458274421213227,7.10333251953125
FSLR,2026-09-02,199.35000610351562,204.35000610351562,197.80999755859375,202.60000610351562,202.60000610351562,1729600.0,210.35977410533158,-3.688807917206871,7.05999990609976
FSLR,2026-09-03,202.1699981689453,207.6999969482422,201.75,207.4199981689453,207.4199981689453,1873700.0,210.07979544472335,-1.2660890449495366,6.980713980538504
FSLR,2026-09-04,208.24000549316406,209.67999267578125,203.47999572753906,204.4499969482422,204.4499969482422,1520700.0,209.5436241593442,-2.4308194685172757,6.745713370186942
FSLR,2026-09-08,206.4499969482422,215.5,205.9499969482422,213.25,213.25,2886500.0,209.89661233464474,1.59763782180955,7.213570731026786
FSLR,2026-09-09,214.82000732421875,220.97999572753906,202.49000549316406,203.10000610351562,203.10000610351562,3463700.0,209.24931650310864,-2.938748141383618,8.152856009347099
FSLR,2026-09-10,197.55999755859375,208.75,197.10000610351562,207.1699981689453,207.1699981689453,2189100.0,209.05128618556927,-0.8999169777668792,8.129284449986049
FSLR,2026-09-11,209.83999633789062,214.17999267578125,207.0800018310547,209.02999877929688,209.02999877929688,2068300.0,209.04925881354333,-0.009213155959397756,7.931427001953125
FSLR,2026-09-14,203.7100067138672,211.6699981689453,203.7100067138672,207.0399932861328,207.0399932861328,1351000.0,208.85790019188516,-0.8704037070573656,8.05999755859375
FSLR,2026-09-15,209.47999572753906,210.3000030517578,202.19000244140625,202.33999633789062,202.33999633789062,1446100.0,208.23714744388568,-2.8319400156901264,8.168568202427455
FSLR,2026-09-16,205.52000427246094,205.72999572753906,189.39999389648438,191.07000732421875,191.07000732421875,3090200.0,206.6021817182031,-7.517914024339589,8.92856924874442
FSLR,2026-09-17,193.14999389648438,203.52000427246094,192.72000122070312,201.16000366210938,201.16000366210938,2660000.0,206.08387904619417,-2.389257911328957,9.298568725585938
FSLR,2026-09-18,202.11000061035156,202.41000366210938,192.4199981689453,195.9600067138672,195.9600067138672,2760900.0,205.11970072882968,-4.465535968713075,9.36571284702846
FSLR,2026-09-21,198.22000122070312,201.16000366210938,193.72999572753906,199.83999633789062,199.83999633789062,1835500.0,204.61687173921644,-2.3345461988168448,9.547142028808594
FSLR,2026-09-22,200.88999938964844,202.4600067138672,198.52999877929688,200.77999877929688,200.77999877929688,2043000.0,204.25145526684315,-1.6995993898848871,9.512856619698661
FSLR,2026-09-23,200.38999938964844,201.49000549316406,191.14999389648438,191.97000122070312,191.97000122070312,2116500.0,203.0817929767346,-5.471584425741427,9.784285409109932
FSLR,2026-09-24,190.0,190.0,170.8000030517578,172.16000366210938,172.16000366210938,6370100.0,200.13686066105598,-13.978862717511653,10.87142835344587
FSLR,2026-09-25,174.08999633789062,180.9199981689453,173.44000244140625,177.7100067138672,177.7100067138672,3153300.0,198.00096980894278,-10.247910964605357,11.054285321916852
FSLR,2026-09-28,178.1300048828125,178.22999572753906,172.2100067138672,,,2238145.0,198.00096980894278,,10.694998604910714
GRML,2026-08-17,10.25,10.550000190734863,9.699999809265137,9.949999809265137,9.949999809265137,95884.0,9.949999809265137,0.0,
GRML,2026-08-18,9.899999618530273,9.899999618530273,9.399999618530273,9.399999618530273,9.399999618530273,24274.0,9.89761883871896,-5.027666030561074,
GRML,2026-08-19,9.449999809265137,10.399999618530273,9.449999809265137,10.350000381469727,10.350000381469727,51660.0,9.940702795171415,4.117390839781709,0.8000001907348633
GRML,2026-08-20,8.949999809265137,9.75,7.900000095367432,8.300000190734863,8.300000190734863,221578.0,9.784445404272695,-15.171480367089597,1.2125002145767212
GRML,2026-08-21,8.300000190734863,12.699999809265137,8.25,10.149999618530273,10.149999618530273,1567186.0,9.819260091344846,3.368273414785672,1.8600001335144043
GRML,2026-08-24,9.430000305175781,9.559000015258789,8.300000190734863,8.550000190734863,8.550000190734863,237600.0,9.698378196048656,-11.840928267590856,1.8583333492279053
GRML,2026-08-25,10.300000190734863,11.65999984741211,8.760000228881836,9.710000038146973,9.710000038146973,2841500.0,9.69948503815326,0.10840781703722602,2.037142821720668
GRML,2026-08-26,5.400000095367432,5.650000095367432,5.0,5.039999961853027,5.039999961853027,2782100.0,9.255724554696094,-45.547213164464004,2.3712499737739563
GRML,2026-08-27,5.070000171661377,5.480000019073486,4.369999885559082,5.260000228881836,5.260000228881836,1576800.0,8.875179380809021,-40.73358967531811,2.231111102634006
GRML,2026-08-28,5.25,5.449999809265137,4.880000114440918,4.880000114440918,4.880000114440918,507500.0,8.494686117345392,-42.552319802889556,2.0649999618530273
GRML,2026-08-31,4.769999980926514,5.25,4.730000019073486,4.849999904632568,4.849999904632568,595700.0,8.147573144706076,-40.47307316554895,1.9245454181324353
GRML,2026-09-01,4.789999961853027,4.849999904632568,4.550000190734863,4.650000095367432,4.650000095367432,427400.0,7.814470949530967,-40.4950107896104,1.7891666094462078
GRML,2026-09-02,4.900000095367432,5.090000152587891,4.599999904632568,4.869999885559082,4.869999885559082,1053500.0,7.5340451339145975,-35.36009143830693,1.6892307354853704
GRML,2026-09-03,4.940000057220459,5.019999980926514,4.449999809265137,4.480000019073486,4.480000019073486,645300.0,7.24318369440592,-38.148744970619816,1.6092856952122279
GRML,2026-09-04,4.440000057220459,4.980000019073486,4.385000228881836,4.760000228881836,4.760000228881836,784600.0,7.006690031022673,-32.06492355439503,1.591071367263794
GRML,2026-09-08,4.730000019073486,4.78000020980835,4.324999809265137,4.349999904632568,4.349999904632568,412800.0,6.753671923747425,-35.59059495713742,1.5842856679643904
GRML,2026-09-09,4.400000095367432,4.400000095367432,4.145999908447266,4.190000057220459,4.190000057220459,344400.0,6.5095126983639044,-35.63266174634593,1.5309999670301164
GRML,2026-09-10,4.079999923706055,4.150000095367432,3.819999933242798,3.819999933242798,3.819999933242798,349900.0,6.253368625495227,-38.91292578421638,1.382428526878357
GRML,2026-09-11,3.819999933242798,3.950000047683716,3.130000114440918,3.1500000953674316,3.1500000953674316,859900.0,5.957809717864008,-47.12821918561091,1.1231428214481898
GRML,2026-09-14,3.0399999618530273,3.380000114440918,2.990000009536743,3.259999990463257,3.259999990463257,603000.0,5.700875458111556,-42.81580058331692,1.0188571555273873
GRML,2026-09-15,3.25,3.259999990463257,3.069999933242798,3.109999895095825,3.109999895095825,372900.0,5.45412540449101,-42.978944112011,0.8102857555661883
GRML,2026-09-16,3.119999885559082,3.2200000286102295,2.9600000381469727,2.994999885559082,2.994999885559082,277000.0,5.219922974116541,-42.623676624922254,0.4924286093030657
GRML,2026-09-17,3.0299999713897705,3.122999906539917,2.940000057220459,2.9800000190734863,2.9800000190734863,301600.0,5.0065969783981545,-40.47853198627287,0.42621430328914095
GRML,2026-09-18,2.990000009536743,3.059999942779541,2.819999933242798,2.8499999046325684,2.8499999046325684,4971600.0,4.80120678089667,-40.6399258625494,0.40264289719717844
GRML,2026-09-21,7.329999923706055,11.680000305175781,6.630000114440918,9.420000076293945,9.420000076293945,218339000.0,5.241091856648791,79.73354281787368,0.9962143557412284
GRML,2026-09-22,13.699999809265137,18.209999084472656,12.609999656677246,14.149999618530273,14.149999618530273,101020200.0,6.089559262542266,132.36492180261564,1.6026428767613001
GRML,2026-09-23,17.334999084472656,17.989999771118164,10.289999961853027,11.1899995803833,11.1899995803833,53794500.0,6.575315483289031,70.1819419740749,2.117642845426287
GRML,2026-09-24,12.75,16.0,12.130000114440918,14.890000343322754,14.890000343322754,42176900.0,7.36719023186367,102.11233692490178,2.420500005994524
GRML,2026-09-25,16.479999542236328,17.3799991607666,14.420000076293945,14.65999984741211,14.65999984741211,22694000.0,8.06174352858257,81.84651738715951,2.5894285270145962
GRML,2026-09-28,13.899999618530273,14.279999732971191,11.28279972076416,,,8866399.0,8.06174352858257,,2.7981570788792203
IREN,2026-08-17,45.22999954223633,46.59000015258789,43.8650016784668,44.900001525878906,44.900001525878906,40135200.0,44.900001525878906,0.0,
IREN,2026-08-18,43.560001373291016,45.279998779296875,41.58000183105469,42.0,42.0,43221900.0,44.62381090436663,-5.879844977807302,
IREN,2026-08-19,41.415000915527344,43.4900016784668,39.47999954223633,42.84000015258789,42.84000015258789,44038400.0,44.45392416610199,-3.630554655835727,3.47833251953125
IREN,2026-08-20,42.459999084472656,43.58000183105469,41.111000061035156,42.599998474121094,42.599998474121094,44995400.0,44.27735981448477,-3.7883047846383744,3.2259998321533203
IREN,2026-08-21,44.0,45.93000030517578,40.86000061035156,41.880001068115234,41.880001068115234,49894700.0,44.04903993387815,-4.9241456091185025,3.5947998046875
IREN,2026-08-24,40.849998474121094,41.27000045776367,39.599998474121094,39.810001373291016,39.810001373291016,33260300.0,43.64532197572699,-8.787472354010728,3.375666936238607
IREN,2026-08-25,40.165000915527344,42.404998779296875,40.029998779296875,42.209999084472656,42.209999084472656,32507000.0,43.50862455751229,-2.9847541406946454,3.2641427176339284
IREN,2026-08-26,41.20000076293945,41.56999969482422,39.36000061035156,39.58000183105469,39.58000183105469,39496900.0,43.134470012135374,-8.24043550339364,3.212374687194824
IREN,2026-08-27,40.650001525878906,41.52000045776367,40.310001373291016,40.529998779296875,40.529998779296875,50348200.0,42.88642513281742,-5.494573973519112,3.0709995693630643
IREN,2026-08-28,37.64500045776367,38.04800033569336,34.810001373291016,35.45000076293945,35.45000076293945,89874200.0,42.17819424044809,-15.951829135104202,3.3358993530273438
IREN,2026-08-31,35.810001373291016,37.316001892089844,35.51100158691406,37.1150016784668,37.1150016784668,39689600.0,41.6959854250213,-10.98663024715445,3.2022722417658027
IREN,2026-09-01,36.08000183105469,37.2599983215332,35.13999938964844,36.81999969482422,36.81999969482422,33560100.0,41.2316058316692,-10.699573901767634,3.1120827992757163
IREN,2026-09-02,35.79499816894531,39.709999084472656,35.7599983215332,39.599998474121094,39.599998474121094,40648100.0,41.07621465475986,-3.593846689735569,3.17653802724985
IREN,2026-09-03,39.290000915527344,41.81999969482422,39.029998779296875,41.650001525878906,41.650001525878906,44985200.0,41.130861023437866,1.2621678455630114,3.148928233555385
IREN,2026-09-04,41.04999923706055,44.744998931884766,41.0,44.68000030517578,44.68000030517578,36266200.0,41.468874288365285,7.743460780924605,3.221785409109933
IREN,2026-09-08,46.13999938964844,49.290000915527344,46.0099983215332,46.93000030517578,46.93000030517578,50914800.0,41.98898152806152,11.767417539794668,3.286785670689174
IREN,2026-09-09,46.86000061035156,47.29999923706055,45.09000015258789,45.369998931884766,45.369998931884766,29847400.0,42.310983185568496,7.229838486380635,3.1582140241350447
IREN,2026-09-10,44.0099983215332,45.849998474121094,43.45000076293945,43.63999938964844,43.63999938964844,35839500.0,42.43755615738563,2.8334412749956073,3.153285162789481
IREN,2026-09-11,44.595001220703125,45.09000015258789,43.279998779296875,43.83000183105469,43.83000183105469,28985500.0,42.57017003106839,2.959423932455163,2.920428139822824
IREN,2026-09-14,41.970001220703125,44.35499954223633,41.77000045776367,43.16999816894531,43.16999816894531,35150200.0,42.627296520390004,1.2731317556010646,2.942213603428432
IREN,2026-09-15,42.54999923706055,42.97999954223633,40.970001220703125,41.58000183105469,41.58000183105469,28677200.0,42.52755416902473,-2.2280903674921415,2.913999285016741
IREN,2026-09-16,42.45000076293945,43.915000915527344,41.54999923706055,42.619998931884766,42.619998931884766,33906000.0,42.53635843215426,0.1966329578116488,2.87935665675572
IREN,2026-09-17,45.5,46.16999816894531,42.34000015258789,43.47999954223633,43.47999954223633,46463300.0,42.62622901406684,2.0029229606206567,3.0143566131591797
IREN,2026-09-18,44.70000076293945,46.7400016784668,43.362998962402344,46.68000030517578,46.68000030517578,45496300.0,43.01230247036293,8.527090214108002,2.846999849591936
IREN,2026-09-21,47.849998474121094,48.76900100708008,46.400001525878906,47.22999954223633,47.22999954223633,41082300.0,43.41398790577944,8.789820563682603,2.8829283033098494
IREN,2026-09-22,46.97999954223633,49.349998474121094,46.83000183105469,48.54999923706055,48.54999923706055,33761800.0,43.90313184209193,10.584364258299805,2.911499568394252
IREN,2026-09-23,48.130001068115234,49.369998931884766,47.0099983215332,47.04999923706055,47.04999923706055,32390100.0,44.20283349875561,6.441138526527013,2.797928128923689
IREN,2026-09-24,45.84000015258789,47.31999969482422,45.143001556396484,46.150001525878906,46.150001525878906,30391600.0,44.388278072767356,3.968893432233367,2.7541422162737166
IREN,2026-09-25,46.27000045776367,46.4900016784668,43.40999984741211,44.125,44.125,41058500.0,44.36320397059903,-0.5369404129532573,2.7066424233572826
IREN,2026-09-28,43.36000061035156,43.97999954223633,41.69499969482422,,,26170535.0,44.36320397059903,,2.5509281158447266
LRCX,2026-08-17,337.8699951171875,345.2799987792969,333.3999938964844,343.8399963378906,343.4751281738281,8505600.0,343.8399963378906,0.0,
LRCX,2026-08-18,324.17999267578125,329.07000732421875,317.4100036621094,327.9200134277344,327.572021484375,10210000.0,342.32380748930433,-4.20765186248987,
LRCX,2026-08-19,328.5199890136719,328.57000732421875,305.0799865722656,307.1700134277344,306.84405517578125,10861500.0,338.97582710248815,-9.382914984417868,20.600006103515625
LRCX,2026-08-20,305.2300109863281,312.5400085449219,302.95001220703125,310.5299987792969,310.2004699707031,6802600.0,336.26670059551753,-7.653657579130435,17.847503662109375
LRCX,2026-08-21,317.8599853515625,319.1000061035156,303.8500061035156,314.0,313.6667785644531,5940400.0,334.1460624435635,-6.029118612452933,17.3280029296875
LRCX,2026-08-24,307.94000244140625,311.44000244140625,297.7799987792969,310.1700134277344,309.8408508300781,8608400.0,331.8626292039607,-6.536625057259515,17.143335978190105
LRCX,2026-08-25,316.20001220703125,318.6099853515625,307.8599853515625,314.6600036621094,314.3260803222656,5018300.0,330.2242839142605,-4.713245212515094,16.23000226702009
LRCX,2026-08-26,314.6099853515625,315.7200012207031,308.04998779296875,312.8800048828125,312.5479736328125,4113500.0,328.57244781602736,-4.775946077499871,15.160003662109375
LRCX,2026-08-27,318.8800048828125,321.4100036621094,310.44000244140625,318.5799865722656,318.2419128417969,6555900.0,327.620784840431,-2.7595313504204966,14.694447835286459
LRCX,2026-08-28,318.0299987792969,318.2900085449219,301.04998779296875,301.8999938964844,301.5796203613281,8057600.0,325.1711857029123,-7.156597149320998,14.9780029296875
LRCX,2026-08-31,303.19000244140625,303.3999938964844,298.7699890136719,301.489990234375,301.1700439453125,6949300.0,322.91583375352775,-6.6351170427605854,14.037275834517045
LRCX,2026-09-01,294.55999755859375,296.3399963378906,286.5899963378906,290.20001220703125,289.8920593261719,8249700.0,319.80004122529,-9.255792746257452,14.109169006347656
LRCX,2026-09-02,291.5,292.19000244140625,284.3999938964844,288.32000732421875,288.0140380859375,4840600.0,316.8019427585213,-8.99045478897602,13.623079740084135
LRCX,2026-09-03,283.7300109863281,292.7799987792969,278.0400085449219,292.6600036621094,292.34942626953125,7207100.0,314.5027104636249,-6.945156933406416,13.702859061104911
LRCX,2026-09-04,303.4700012207031,310.29998779296875,297.3800048828125,307.6499938964844,307.3235168457031,8355500.0,313.8500707905639,-1.9754900416182886,14.114286150251116
LRCX,2026-09-08,314.489990234375,321.7699890136719,312.0299987792969,320.4200134277344,320.0799865722656,8937400.0,314.47577961315153,1.8902040156781208,13.235000610351562
LRCX,2026-09-09,319.260009765625,322.2099914550781,312.760009765625,315.8399963378906,315.50482177734375,5580100.0,314.6057050155077,0.39232960582265,12.232140677315849
LRCX,2026-09-10,302.1499938964844,307.0299987792969,297.010009765625,298.010009765625,297.6937561035156,10597400.0,313.0251626107569,-4.7967878108901685,12.892139979771205
LRCX,2026-09-11,303.45001220703125,303.69000244140625,294.5400085449219,298.2200012207031,297.9035339355469,9364200.0,311.61514724027563,-4.298618388163256,12.456425258091517
LRCX,2026-09-14,275.0,280.20001220703125,273.239990234375,273.489990234375,273.19976806640625,13682900.0,307.98417990638035,-11.19998750666048,13.082140241350446
LRCX,2026-09-15,278.6099853515625,278.6099853515625,265.3699951171875,270.8699951171875,270.5825500488281,8930500.0,304.4494956407429,-11.029579948189483,13.259996686662946
LRCX,2026-09-16,277.1300048828125,277.7799987792969,265.75,269.2300109863281,268.9443054199219,7603200.0,301.09525900698907,-10.583111844986338,13.571424211774554
LRCX,2026-09-17,280.4599914550781,281.3999938964844,266.8999938964844,269.30999755859375,269.0242004394531,11273200.0,298.06809124999904,-9.648162462074804,13.82356698172433
LRCX,2026-09-18,274.4100036621094,288.2699890136719,272.6400146484375,288.1099853515625,287.8042297363281,19636000.0,297.1197002120527,-3.032351895232799,13.925709315708705
LRCX,2026-09-21,292.489990234375,305.69000244140625,290.0400085449219,302.2799987792969,301.959228515625,11336000.0,297.6111572184569,1.568772355336412,14.850710187639509
LRCX,2026-09-22,296.82000732421875,311.3900146484375,296.0799865722656,310.9599914550781,310.6300048828125,9294800.0,298.8824747648018,4.040891557720272,14.879998343331474
LRCX,2026-09-23,307.5,309.75,298.55999755859375,307.2799987792969,307.2799987792969,9644600.0,299.6822389566585,2.535271976440745,15.209283011300224
LRCX,2026-09-24,301.8599853515625,307.2200012207031,298.8599853515625,307.1600036621094,307.1600036621094,7900100.0,300.39440702384434,2.252237884618147,14.757856096540179
LRCX,2026-09-25,309.17999267578125,317.1300048828125,307.5,315.2099914550781,315.2099914550781,8138100.0,301.80541506491426,4.441463181593597,14.210000174386161
LRCX,2026-09-28,313.8800048828125,316.2900085449219,305.5350036621094,,,8818269.0,301.80541506491426,,13.969643729073661
MCHP,2026-08-17,80.05999755859375,81.41000366210938,79.37000274658203,80.26000213623047,79.7800064086914,8530600.0,80.26000213623047,0.0,
MCHP,2026-08-18,78.01000213623047,78.47000122070312,75.6500015258789,78.19000244140625,77.72238159179688,12743300.0,80.06285930815197,-2.3392330512920223,
MCHP,2026-08-19,79.2699966430664,79.75,76.97000122070312,77.08000183105469,76.6190185546875,8833000.0,79.77877764366652,-3.3828242200776293,3.1433334350585938
MCHP,2026-08-20,76.69000244140625,77.41999816894531,75.68000030517578,75.80999755859375,75.35661315917969,6824800.0,79.4007985879453,-4.5223739473783,2.792499542236328
MCHP,2026-08-21,76.81999969482422,77.0,75.05999755859375,76.08000183105469,75.625,4628800.0,79.0845322301462,-3.7991378520744523,2.6220001220703124
MCHP,2026-08-24,74.79000091552734,75.2300033569336,72.7699966430664,74.20999908447266,74.20999908447266,11782200.0,78.62029097817728,-5.609610240349772,2.7366676330566406
MCHP,2026-08-25,75.31999969482422,75.31999969482422,73.12999725341797,73.5,73.5,6001700.0,78.13264421835088,-5.929204450580738,2.6585726056780135
MCHP,2026-08-26,73.41000366210938,74.41000366210938,72.91000366210938,74.05000305175781,74.05000305175781,6224900.0,77.74382125010392,-4.751269154191684,2.5137510299682617
MCHP,2026-08-27,74.58999633789062,75.56999969482422,73.70999908447266,75.48999786376953,75.48999786376953,7520800.0,77.52917140378636,-2.6302016429357145,2.441112094455295
MCHP,2026-08-28,75.38999938964844,75.58000183105469,72.66999816894531,72.93000030517578,72.93000030517578,11147800.0,77.0911551086806,-5.397707165807219,2.488001251220703
MCHP,2026-08-31,73.51000213623047,74.05999755859375,72.75,73.44999694824219,73.44999694824219,7193300.0,76.7443781410198,-4.292667779161741,2.3809100064364346
MCHP,2026-09-01,71.91999816894531,72.37000274658203,70.44999694824219,71.41000366210938,71.41000366210938,10116500.0,76.23634247636166,-6.330758608663278,2.4325008392333984
MCHP,2026-09-02,71.45999908447266,73.19000244140625,70.66999816894531,72.76000213623047,72.76000213623047,5837700.0,75.90526244396821,-4.143665678067466,2.4392318725585938
MCHP,2026-09-03,71.63999938964844,73.29000091552734,70.8499984741211,73.11000061035156,73.11000061035156,5814700.0,75.63904703124282,-3.3435725596154486,2.439286913190569
MCHP,2026-09-04,73.77999877929688,74.86000061035156,73.20999908447266,74.16999816894531,74.16999816894531,7673200.0,75.49913761578593,-1.7604697070906727,2.418572562081473
MCHP,2026-09-08,74.6500015258789,74.83999633789062,72.83000183105469,73.37999725341797,73.37999725341797,8727500.0,75.29731472413184,-2.546329145651982,2.2328578404017856
MCHP,2026-09-09,73.05000305175781,74.2699966430664,72.55000305175781,73.01000213623047,73.01000213623047,5104200.0,75.079475430046,-2.756376868594046,2.1571431841169084
MCHP,2026-09-10,71.43000030517578,72.5999984741211,70.94000244140625,71.58000183105469,71.58000183105469,7593600.0,74.74619223014207,-4.235921997656744,2.1807147434779575
MCHP,2026-09-11,72.81999969482422,75.16000366210938,72.44999694824219,74.19999694824219,74.19999694824219,8766900.0,74.6941736318659,-0.6616000413355971,2.2978575570242747
MCHP,2026-09-14,71.05000305175781,72.37999725341797,70.69000244140625,71.4800033569336,71.4800033569336,10437000.0,74.38806217711044,-3.9093084764771135,2.3121425083705356
MCHP,2026-09-15,71.87999725341797,72.4000015258789,70.43000030517578,71.48999786376953,71.48999786376953,6744900.0,74.11205605203037,-3.537964439173058,2.2964281354631697
MCHP,2026-09-16,72.5999984741211,72.91000366210938,68.75,69.58999633789062,69.58999633789062,7330800.0,73.68138369830278,-5.55281016052146,2.4864283970424106
MCHP,2026-09-17,71.47000122070312,71.80000305175781,70.0999984741211,70.81999969482422,70.81999969482422,8555800.0,73.40887093606673,-3.5266463143088234,2.5114288330078125
MCHP,2026-09-18,71.48999786376953,73.4000015258789,71.05999755859375,73.2699966430664,73.2699966430664,15928500.0,73.39564481292383,-0.17119295045051608,2.4878572736467635
MCHP,2026-09-21,74.69999694824219,75.16999816894531,72.73999786376953,74.77999877929688,74.77999877929688,9676200.0,73.5274880478165,1.7034591616482686,2.567857469831194
MCHP,2026-09-22,74.66999816894531,76.55000305175781,74.44000244140625,75.81999969482422,75.81999969482422,7456800.0,73.74582249038866,2.8126029846719636,2.504286084856306
MCHP,2026-09-23,75.05000305175781,75.7699966430664,73.7699966430664,75.52999877929688,75.52999877929688,7724400.0,73.91574404171325,2.183911910123837,2.470714569091797
MCHP,2026-09-24,73.91999816894531,74.75,73.12999725341797,74.69000244140625,74.69000244140625,8726300.0,73.9894829369221,0.9467825381093142,2.4678573608398438
MCHP,2026-09-25,75.19999694824219,78.95999908447266,74.93000030517578,78.69000244140625,78.69000244140625,9747400.0,74.43715146115869,5.713344609199211,2.647857121058873
MCHP,2026-09-28,77.64600372314453,78.25070190429688,75.92500305175781,,,9380880.0,74.43715146115869,,2.7017860412597656
META,2026-08-17,589.75,590.239990234375,564.75,568.969970703125,568.5213012695312,17225600.0,568.969970703125,0.0,
META,2026-08-18,557.47998046875,560.6599731445312,543.2100219726562,543.6699829101562,543.2412719726562,27094900.0,566.5604480561756,-4.040251172589738,
META,2026-08-19,541.3400268554688,554.0700073242188,537.27001953125,546.030029296875,545.5994262695312,16971700.0,564.6051700790993,-3.289934589090271,22.683308919270832
META,2026-08-20,546.9500122070312,549.989990234375,539.3099975585938,545.8300170898438,545.3995971679688,13872200.0,562.8170602705987,-3.018217531037126,19.682479858398438
META,2026-08-21,546.8900146484375,553.8699951171875,543.22998046875,549.9000244140625,549.4663696289062,13848000.0,561.5868663795001,-2.0810390457991934,17.87398681640625
META,2026-08-24,550.2000122070312,561.4199829101562,546.2999877929688,559.02001953125,558.5792236328125,12990600.0,561.3424047749048,-0.4137199014184745,17.414988199869793
META,2026-08-25,563.8800048828125,570.7999877929688,561.4000244140625,570.0499877929688,569.6004638671875,9769100.0,562.1716983956728,1.4014027066426626,16.6099853515625
META,2026-08-26,590.3099975585938,593.3400268554688,561.8800048828125,576.1400146484375,575.6856689453125,31416300.0,563.5020142292694,2.2427604693576297,18.46623992919922
META,2026-08-27,576.47998046875,588.3900146484375,567.6199951171875,571.0999755859375,570.6495971679688,15221400.0,564.2256295965711,1.2183682606338841,18.722215440538193
META,2026-08-28,571.5499877929688,589.1900024414062,571.0,578.02001953125,577.564208984375,16042400.0,565.5393810189215,2.206855778963157,18.668994140625
META,2026-08-31,577.6300048828125,578.6799926757812,569.1400146484375,572.3400268554688,571.888671875,13383800.0,566.1870615747831,1.0867371754437194,17.83908358487216
META,2026-09-01,558.3499755859375,584.9500122070312,556.0999755859375,578.5399780273438,578.083740234375,15796900.0,567.3635298083602,1.9698919003057203,18.756663004557293
META,2026-09-02,578.7899780273438,600.3800048828125,577.0,592.8499755859375,592.3824462890625,16552700.0,569.7908103586057,4.046952812878679,19.1123046875
META,2026-09-03,604.489990234375,619.4600219726562,604.3499755859375,610.6799926757812,610.1984252929688,19737100.0,573.6850181983367,6.448656197023861,19.647857666015625
META,2026-09-04,612.3499755859375,617.4600219726562,605.27001953125,616.77001953125,616.2836303710938,15966200.0,577.7883516586141,6.746703660732178,18.697858537946427
META,2026-09-08,616.2100219726562,624.7999877929688,609.739990234375,613.47998046875,612.9962158203125,18909700.0,581.1875544024366,5.556283134712969,17.933576311383927
META,2026-09-09,648.6400146484375,657.8599853515625,638.5599975585938,653.6900024414062,653.1744995117188,35900700.0,588.0925494537671,11.154273770100897,19.903577532087052
META,2026-09-10,653.7100219726562,663.5,642.1400146484375,644.3800048828125,643.8718872070312,21531900.0,593.4532594946286,8.58142483395441,20.666434151785715
META,2026-09-11,653.510009765625,664.239990234375,646.2000122070312,648.030029296875,647.51904296875,16925000.0,598.6510470948425,8.248374815622682,21.325003487723215
META,2026-09-14,657.8300170898438,668.5999755859375,649.219970703125,665.5999755859375,665.0751342773438,19332300.0,605.0271355225659,10.011590638997436,21.714285714285715
META,2026-09-15,659.2999877929688,678.8699951171875,656.2000122070312,670.239990234375,669.7114868164062,19502800.0,611.2378835903572,9.652887726370075,22.492143903459823
META,2026-09-16,679.9099731445312,685.3099975585938,671.9099731445312,673.3099975585938,672.779052734375,17217800.0,617.149513492094,9.099980286579168,21.321428571428573
META,2026-09-17,682.4400024414062,683.2000122070312,667.0499877929688,682.3099975585938,681.77197265625,15928000.0,623.3552738793798,9.45764416370718,20.991428920200892
META,2026-09-18,688.6199951171875,690.1500244140625,660.7999877929688,665.75,665.2250366210938,27596400.0,627.3928668432484,6.113734341569277,21.78857421875
META,2026-09-21,680.2999877929688,753.0,679.5999755859375,741.25,741.25,48720500.0,638.2364033343675,16.140351150052524,27.339290073939733
META,2026-09-22,731.4000244140625,757.27001953125,730.0,736.5999755859375,736.5999755859375,28122100.0,647.6043625964218,13.742281264552968,27.226431710379465
META,2026-09-23,747.5999755859375,763.9000244140625,739.510009765625,744.0999755859375,744.0999755859375,30829200.0,656.7944209763757,13.29267603701252,27.506434849330358
META,2026-09-24,744.3599853515625,779.8200073242188,743.010009765625,777.5900268554688,777.5900268554688,34808500.0,668.2987643934322,16.35365322891664,28.235002790178573
META,2026-09-25,768.8499755859375,769.5700073242188,746.5399780273438,751.6599731445312,751.6599731445312,25753100.0,676.2379271316321,11.153181888631035,29.582148960658483
META,2026-09-28,750.4249877929688,750.5759887695312,713.1900024414062,,,27629348.0,676.2379271316321,,31.254289899553573
MIR,2026-08-17,15.760000228881836,15.914999961853027,15.460000038146973,15.739999771118164,15.739999771118164,3726600.0,15.739999771118164,0.0,
MIR,2026-08-18,15.600000381469727,15.800000190734863,15.170000076293945,15.329999923706055,15.329999923706055,4095200.0,15.700952166602724,-2.3626098529598516,
MIR,2026-08-19,15.34000015258789,15.744999885559082,15.239999771118164,15.600000381469727,15.600000381469727,2840200.0,15.691337710875771,-0.5820875892737831,0.5300000508626302
MIR,2026-08-20,15.390000343322754,15.670000076293945,15.140000343322754,15.229999542236328,15.229999542236328,2642200.0,15.64740074243392,-2.6675433643470803,0.5299999713897705
MIR,2026-08-21,15.420000076293945,15.755000114440918,14.75,14.819999694824219,14.819999694824219,4055300.0,15.568600642661567,-4.808402277247758,0.625
MIR,2026-08-24,14.760000228881836,14.90999984741211,14.59000015258789,14.680000305175781,14.680000305175781,2712000.0,15.48397203909149,-5.192283555446675,0.5741666158040365
MIR,2026-08-25,14.890000343322754,15.125,14.539999961853027,14.710000038146973,14.710000038146973,3053300.0,15.410260419953918,-4.544117767797196,0.575714247567313
MIR,2026-08-26,14.710000038146973,15.010000228881836,14.65999984741211,14.899999618530273,14.899999618530273,2297000.0,15.361664153151667,-3.005302876164473,0.5475000143051147
MIR,2026-08-27,15.010000228881836,15.140000343322754,14.760000228881836,14.850000381469727,14.850000381469727,3228600.0,15.312934270134338,-3.0231559836803923,0.528888914320204
MIR,2026-08-28,14.859999656677246,14.979999542236328,14.350000381469727,14.399999618530273,14.399999618530273,2495100.0,15.225988112838714,-5.4248597081982375,0.5389999389648438
MIR,2026-08-31,14.260000228881836,15.15999984741211,14.229999542236328,15.069999694824219,15.069999694824219,4863900.0,15.211132073027809,-0.9278229754762557,0.5745454268022017
MIR,2026-09-01,15.260000228881836,15.729999542236328,14.960000038146973,15.510000228881836,15.510000228881836,5413900.0,15.239595706918669,1.7743549577263762,0.5908332665761312
MIR,2026-09-02,15.420000076293945,15.770000457763672,15.210000038146973,15.569999694824219,15.569999694824219,3416400.0,15.271062753385864,1.9575385568504355,0.5884615091177133
MIR,2026-09-03,16.299999237060547,17.18000030517578,16.290000915527344,16.760000228881836,16.760000228881836,5538400.0,15.41286632248072,8.74032044536861,0.661428587777274
MIR,2026-09-04,16.600000381469727,17.06999969482422,16.540000915527344,16.93000030517578,16.93000030517578,4748200.0,15.557355273213583,8.823125832483857,0.666785648890904
MIR,2026-09-08,17.06999969482422,17.315000534057617,16.84000015258789,16.920000076293945,16.920000076293945,3056600.0,15.687130968745047,7.8591114589739774,0.6557142393929618
MIR,2026-09-09,16.6200008392334,17.049999237060547,16.459999084472656,16.6200008392334,16.6200008392334,2722800.0,15.775975718315365,5.350066049722368,0.6617856706891742
MIR,2026-09-10,16.3700008392334,16.579999923706055,15.789999961853027,15.84000015258789,15.84000015258789,3552900.0,15.782073283484177,0.36704220075023386,0.6832143238612584
MIR,2026-09-11,15.84000015258789,16.31999969482422,15.84000015258789,15.979999542236328,15.979999542236328,2604800.0,15.800923403365333,1.1333270486765024,0.645714282989502
MIR,2026-09-14,15.600000381469727,15.869999885559082,15.380000114440918,15.380000114440918,15.380000114440918,2693300.0,15.760835471086818,-2.4163399037096744,0.6657142639160156
MIR,2026-09-15,15.34000015258789,15.920000076293945,15.267000198364258,15.670000076293945,15.670000076293945,3361500.0,15.752184481106543,-0.521733381875833,0.6705713953290667
MIR,2026-09-16,16.450000762939453,16.5049991607666,15.619999885559082,15.84000015258789,15.84000015258789,3223100.0,15.760547878390481,0.5041212704689491,0.7087856020246234
MIR,2026-09-17,16.18000030517578,16.309999465942383,15.585000038146973,16.239999771118164,16.239999771118164,3665300.0,15.806209963412165,2.7444264546031327,0.7334284101213727
MIR,2026-09-18,16.280000686645508,16.5,15.65999984741211,15.760000228881836,15.760000228881836,7503400.0,15.801809036314038,-0.26458241164744045,0.7484284809657505
MIR,2026-09-21,16.0,16.479999542236328,15.864999771118164,16.209999084472656,16.209999084472656,4382900.0,15.840684278995813,2.3314321463154375,0.7334284101213727
MIR,2026-09-22,16.290000915527344,16.684999465942383,16.049999237060547,16.489999771118164,16.489999771118164,3302200.0,15.902523849674132,3.694230720842895,0.7237856047494071
MIR,2026-09-23,16.239999771118164,16.434999465942383,16.139999389648438,16.3799991607666,16.3799991607666,3203400.0,15.947997688825795,2.708813233924001,0.7087856020246234
MIR,2026-09-24,16.219999313354492,16.389999389648438,15.6899995803833,15.699999809265137,15.699999809265137,4054500.0,15.92437884315335,-1.4090284845533207,0.6437855448041644
MIR,2026-09-25,15.779999732971191,15.845000267028809,15.494999885559082,15.59000015258789,15.59000015258789,1934000.0,15.892533253575689,-1.9036178572710005,0.6309285163879395
MIR,2026-09-28,15.460000038146973,15.46500015258789,14.319999694824219,,,5379015.0,15.892533253575689,,0.6877142361232212
MRVL,2026-08-17,227.75,240.17999267578125,226.88999938964844,234.3300018310547,234.3300018310547,21113500.0,234.3300018310547,0.0,
MRVL,2026-08-18,220.52000427246094,225.00999450683594,211.10000610351562,216.0,216.0,25860700.0,232.58428737095426,-7.130441853324154,
MRVL,2026-08-19,240.1300048828125,245.49000549316406,228.10000610351562,237.27000427246094,237.27000427246094,44011800.0,233.0305461234787,1.8192714300793167,22.003331502278645
MRVL,2026-08-20,237.57000732421875,251.72999572753906,234.52999877929688,251.00999450683594,251.00999450683594,29226500.0,234.74287454094127,6.929760912959049,20.80249786376953
MRVL,2026-08-21,252.38999938964844,252.52000427246094,233.27999877929688,237.0399932861328,237.0399932861328,25526600.0,234.96164775476902,0.8845467127184037,20.48999938964844
MRVL,2026-08-24,229.22000122070312,231.6999969482422,220.4199981689453,229.2899932861328,229.2899932861328,18791400.0,234.42149018632747,-2.1890044705866973,19.844998677571613
MRVL,2026-08-25,237.3800048828125,246.6999969482422,235.92999267578125,240.3800048828125,240.3800048828125,21347000.0,234.9889677764689,2.294166044199897,19.497142246791295
MRVL,2026-08-26,240.0,245.1699981689453,236.7899932861328,245.11000061035156,245.11000061035156,17107000.0,235.95287566541012,3.8809126267766114,18.107500076293945
MRVL,2026-08-27,253.44000244140625,254.60000610351562,240.3800048828125,241.4499969482422,241.4499969482422,41014700.0,236.47641102567985,2.1032059396496106,17.675555759006077
MRVL,2026-08-28,225.25999450683594,228.8800048828125,215.5500030517578,216.6199951171875,216.6199951171875,48979900.0,234.5853237962996,-7.658334455190452,18.497999572753905
MRVL,2026-08-31,216.3000030517578,218.22000122070312,209.52999877929688,211.66000366210938,211.66000366210938,23650800.0,232.40195997399576,-8.925035018726724,17.60636346990412
MRVL,2026-09-01,205.11000061035156,210.4499969482422,200.6199951171875,210.38999938964844,210.38999938964844,22284200.0,230.3055827754865,-8.647460103150328,17.059167226155598
MRVL,2026-09-02,205.25,208.49000549316406,203.5,206.47999572753906,206.47999572753906,15224800.0,228.03647924711055,-9.453085572423658,16.27692354642428
MRVL,2026-09-03,204.35000610351562,212.77000427246094,201.10000610351562,208.8300018310547,208.8300018310547,18768900.0,226.20729092177191,-7.6820198941893185,15.947857448032924
MRVL,2026-09-04,211.66000366210938,223.6699981689453,210.8699951171875,223.5500030517578,223.5500030517578,21218100.0,225.95421588653247,-1.064026544201313,16.05857195172991
MRVL,2026-09-08,227.0,231.88999938964844,222.52999877929688,225.41000366210938,225.41000366210938,20618200.0,225.90238615087313,-0.21796250015477803,15.067858014787946
MRVL,2026-09-09,223.8000030517578,241.8800048828125,223.60000610351562,235.00999450683594,235.00999450683594,20477900.0,226.76977742286957,3.6337369016332444,14.267143249511719
MRVL,2026-09-10,228.02999877929688,234.49000549316406,226.14999389648438,226.9600067138672,226.9600067138672,16467600.0,226.78789449820266,0.07589127102456406,13.671429225376674
MRVL,2026-09-11,234.6300048828125,240.1999969482422,229.27999877929688,236.10000610351562,236.10000610351562,17310200.0,227.67476227013722,3.700561164254923,13.242856706891741
MRVL,2026-09-14,215.80999755859375,224.10000610351562,213.6300048828125,218.82000732421875,218.82000732421875,22196800.0,226.83145227528783,-3.5318933378543194,13.660714285714286
MRVL,2026-09-15,221.6199951171875,227.6199951171875,220.9199981689453,221.6999969482422,221.6999969482422,12742900.0,226.34274224414062,-2.05120131083798,13.045713152204241
MRVL,2026-09-16,226.72999572753906,233.77000427246094,224.5800018310547,229.7100067138672,229.7100067138672,16377400.0,226.6634340984003,1.3440953224701735,13.30928475516183
MRVL,2026-09-17,240.07000732421875,247.88999938964844,240.0,240.75999450683594,240.75999450683594,20969900.0,228.00596366110847,5.593726866146431,13.592141287667411
MRVL,2026-09-18,242.05999755859375,244.44000244140625,235.9600067138672,244.25,244.25,23635600.0,229.5530147410029,6.402436176052495,12.347855704171318
MRVL,2026-09-21,251.39999389648438,261.17999267578125,244.99000549316406,257.3800048828125,257.3800048828125,21466200.0,232.2032042783181,10.84257242820712,12.936426435198102
MRVL,2026-09-22,255.4600067138672,266.0,254.0,262.3599853515625,262.3599853515625,19926600.0,235.07527866624613,11.606795423203353,13.004997253417969
MRVL,2026-09-23,262.3599853515625,264.9700012207031,256.2200012207031,260.8999938964844,260.8999938964844,13683600.0,237.53477535484026,9.836546462192786,13.137854439871651
MRVL,2026-09-24,254.10000610351562,261.9800109863281,252.19000244140625,258.95001220703125,258.95001220703125,13424700.0,239.5743217217156,8.087548926809474,13.00356946672712
MRVL,2026-09-25,263.55999755859375,267.4800109863281,257.42999267578125,261.94000244140625,261.94000244140625,12399000.0,241.7043865521623,8.372051570059892,12.66142817905971
MRVL,2026-09-28,259.0299987792969,261.7814025878906,248.14149475097656,,,16224372.0,241.7043865521623,,12.97846439906529
MSFT,2026-08-17,490.1400146484375,492.6600036621094,478.4100036621094,480.3500061035156,479.44744873046875,29635800.0,480.3500061035156,0.0,
MSFT,2026-08-18,481.5400085449219,484.2699890136719,477.1499938964844,481.6300048828125,480.72503662109375,24087600.0,480.47191074916293,0.24103264056454243,
MSFT,2026-08-19,480.07000732421875,489.29998779296875,479.3599853515625,484.30999755859375,483.3999938964844,19961900.0,480.83744282625156,0.7221889193843367,10.436665852864584
MSFT,2026-08-20,483.29998779296875,484.1600036621094,479.5,481.1499938964844,481.1499938964844,20020800.0,480.8672095948451,0.058807150081530146,9.029998779296875
MSFT,2026-08-21,479.8800048828125,486.3599853515625,478.5299987792969,483.239990234375,483.239990234375,22510800.0,481.09318870337177,0.44623403145431784,8.789996337890624
MSFT,2026-08-24,483.2099914550781,490.6099853515625,481.8599853515625,487.30999755859375,487.30999755859375,17230800.0,481.6852657372024,1.1677193016861098,8.783330281575521
MSFT,2026-08-25,485.44000244140625,492.44000244140625,484.29998779296875,491.7099914550781,491.7099914550781,19519000.0,482.64000151985726,1.879245380958694,8.691428048270089
MSFT,2026-08-26,487.8500061035156,497.3999938964844,487.30999755859375,496.3699951171875,496.3699951171875,20758900.0,483.94761995769824,2.5668842344084952,8.866249084472656
MSFT,2026-08-27,494.8800048828125,506.4800109863281,490.0799865722656,505.05999755859375,505.05999755859375,28688800.0,485.95832258635494,3.930722879809201,9.70333523220486
MSFT,2026-08-28,505.3299865722656,517.780029296875,504.8699951171875,513.530029296875,513.530029296875,29207300.0,488.58419941592825,5.105738153376205,10.024005126953124
MSFT,2026-08-31,510.3800048828125,512.1900024414062,506.3900146484375,507.2900085449219,507.2900085449219,27208900.0,490.365705047261,3.451363609539082,9.761824174360795
MSFT,2026-09-01,497.5199890136719,505.9700012207031,496.7799987792969,501.0199890136719,501.0199890136719,21046900.0,491.3803987583477,1.961736829487326,9.824172973632812
MSFT,2026-09-02,499.8500061035156,500.2699890136719,493.80999755859375,496.82000732421875,496.82000732421875,15336100.0,491.8984567170021,1.000521660519893,9.623082087590145
MSFT,2026-09-03,501.6600036621094,515.6500244140625,500.79998779296875,510.1199951171875,510.1199951171875,24125900.0,493.6338413265436,3.3397535603192585,10.28072030203683
MSFT,2026-09-04,510.0,511.0,499.3599853515625,499.70001220703125,499.70001220703125,18101800.0,494.21157188659,1.1105446801842112,10.094292776925224
MSFT,2026-09-08,493.010009765625,495.19000244140625,490.1499938964844,493.95001220703125,493.95001220703125,18882300.0,494.1866614409177,-0.047886608917457885,10.267865862165179
MSFT,2026-09-09,493.07000732421875,494.3900146484375,489.79998779296875,491.6499938964844,491.6499938964844,12889600.0,493.9450740557336,-0.4646427871837111,9.885724748883929
MSFT,2026-09-10,488.32000732421875,494.5199890136719,486.0,492.44000244140625,492.44000244140625,16038800.0,493.80173390198814,-0.2757648195808482,10.150724138532366
MSFT,2026-09-11,495.6499938964844,498.9700012207031,492.5799865722656,495.6300048828125,495.6300048828125,14510500.0,493.975854947781,0.3348645320339294,10.057867867606026
MSFT,2026-09-14,497.05999755859375,509.95001220703125,495.3399963378906,505.4100036621094,505.4100036621094,23091900.0,495.06482149200275,2.089662145439619,10.4764404296875
MSFT,2026-09-15,500.05999755859375,505.8999938964844,495.5400085449219,497.1199951171875,497.1199951171875,17794600.0,495.2605523134489,0.3754473872495723,10.635009765625
MSFT,2026-09-16,493.0299987792969,495.9700012207031,487.2300109863281,490.29998779296875,490.29998779296875,16670300.0,494.7881175972127,-0.9070811615362162,10.620723179408483
MSFT,2026-09-17,497.79998779296875,501.4700012207031,493.1700134277344,497.75,497.75,17841600.0,495.0702016355734,0.5412966394610752,10.24715096609933
MSFT,2026-09-18,497.9700012207031,498.6499938964844,491.1000061035156,493.7799987792969,493.7799987792969,39622300.0,494.9473251730709,-0.23584861143877145,9.864290509905134
MSFT,2026-09-21,494.95001220703125,501.8699951171875,491.3299865722656,501.6099853515625,501.6099853515625,27959900.0,495.58186423768916,1.2163724197506554,10.107147216796875
MSFT,2026-09-22,507.32000732421875,508.5,493.6499938964844,498.0,498.0,21652800.0,495.8121628817188,0.44126330132066016,10.417146955217634
MSFT,2026-09-23,500.760009765625,509.44000244140625,495.8800048828125,500.5899963378906,500.5899963378906,19445600.0,496.26719463944943,0.8710633596447526,10.870718819754464
MSFT,2026-09-24,495.07000732421875,498.8999938964844,491.2200012207031,497.92999267578125,497.92999267578125,16657600.0,496.4255563571953,0.3030537608952999,10.195002964564733
MSFT,2026-09-25,499.0400085449219,519.4000244140625,497.25,516.1699829101562,516.1699829101562,38154200.0,498.3059779336678,3.584946953790391,10.945717947823661
MSFT,2026-09-28,505.42498779296875,513.3300170898438,502.2200012207031,,,19545869.0,498.3059779336678,,11.260001046316964
MUU,2026-08-17,34.23500061035156,36.599998474121094,33.93000030517578,35.0099983215332,34.81013870239258,40321400.0,35.0099983215332,0.0,
MUU,2026-08-18,31.18000030517578,32.689998626708984,29.100000381469727,30.1200008392334,29.948057174682617,32211000.0,34.544284275599885,-12.807570135391543,
MUU,2026-08-19,31.209999084472656,31.270000457763672,28.420000076293945,29.81999969482422,29.649768829345703,27743600.0,34.09435241076411,-12.536835028989767,3.8099988301595054
MUU,2026-08-20,29.700000762939453,32.32500076293945,29.280000686645508,32.099998474121094,31.916751861572266,28947300.0,33.90441394060763,-5.322066529884395,3.6187491416931152
MUU,2026-08-21,33.1349983215332,33.14500045776367,31.059999465942383,31.56999969482422,31.38977813720703,16837300.0,33.682088774342546,-6.270659440596271,3.31199951171875
MUU,2026-08-24,29.549999237060547,29.6200008392334,26.450000762939453,27.90999984741211,27.75067138671875,22750200.0,33.13236601939679,-15.762128695932354,3.613332748413086
MUU,2026-08-25,29.0,30.1299991607666,28.270000457763672,29.260000228881836,29.092966079711914,14187300.0,32.76356927744298,-10.693490135011874,3.414285114833287
MUU,2026-08-26,28.850000381469727,30.05500030517578,28.719999313354492,29.489999771118164,29.321651458740234,16465400.0,32.451800753031094,-9.126769279933688,3.154374599456787
MUU,2026-08-27,31.440000534057617,31.514999389648438,27.649999618530273,29.239999771118164,29.07308006286621,29098500.0,32.14591494522986,-9.039765018549916,3.233332951863607
MUU,2026-08-28,28.309999465942383,30.079999923706055,27.739999771118164,29.18000030517578,29.0134220123291,22482700.0,31.86344688427233,-8.42170838843267,3.1439996719360352
MUU,2026-08-31,29.06999969482422,30.8700008392334,29.030000686645508,30.6200008392334,30.445201873779297,20155600.0,31.74502345141148,-3.54393378823622,3.0254542610862036
MUU,2026-09-01,29.6299991607666,31.469999313354492,28.469999313354492,29.15999984741211,28.9935359954834,23670300.0,31.498830727221062,-7.42513555523111,3.0233330726623535
MUU,2026-09-02,28.979999542236328,30.68000030517578,28.790000915527344,30.469999313354492,30.296056747436523,22989200.0,31.400846783043296,-2.9644024446865203,2.93615355858436
MUU,2026-09-03,30.610000610351562,30.790000915527344,28.190000534057617,30.690000534057617,30.514802932739258,25514800.0,31.333147140282755,-2.052607749057833,2.9121426173618863
MUU,2026-09-04,31.5,34.41999816894531,31.309999465942383,34.25,34.05447769165039,33403800.0,31.610942650732017,8.348556316168153,2.987856864929199
MUU,2026-09-08,35.709999084472656,36.005001068115234,33.08000183105469,33.220001220703125,33.03036117553711,27511800.0,31.7641863240626,4.583195935787887,2.774642671857561
MUU,2026-09-09,33.15999984741211,36.0,32.72999954223633,35.04999923706055,34.849910736083984,24102700.0,32.07712088720526,9.267908925832224,2.804642677307129
MUU,2026-09-10,32.970001220703125,33.09000015258789,31.3700008392334,31.780000686645508,31.59857940673828,21021700.0,32.04882372524719,-0.8387922156091743,2.8499997002737865
MUU,2026-09-11,32.595001220703125,32.595001220703125,30.959999084472656,31.43000030517578,31.250577926635742,16096100.0,31.989888161430862,-1.7502026059913467,2.817856924874442
MUU,2026-09-14,26.934999465942383,28.648000717163086,26.770000457763672,28.139999389648438,27.979358673095703,23454500.0,31.623232087927775,-11.01479029276412,2.7849998474121094
MUU,2026-09-15,28.90999984741211,29.3700008392334,27.871999740600586,28.299999237060547,28.138444900512695,12279900.0,31.306733721178514,-9.60411428064103,2.7334285463605608
MUU,2026-09-16,28.709999084472656,29.1299991607666,27.709999084472656,28.270000457763672,28.108617782592773,18076400.0,31.01752102942472,-8.857963113991662,2.7394999095371793
MUU,2026-09-17,29.989999771118164,31.850000381469727,29.899999618530273,31.280000686645508,31.1014347076416,19931100.0,31.042519092017177,0.7650203706869974,2.7191427775791714
MUU,2026-09-18,31.709999084472656,33.75,31.329999923706055,33.720001220703125,33.52750778198242,20668300.0,31.297517389987267,7.740178879142867,2.728428431919643
MUU,2026-09-21,35.650001525878906,36.96500015258789,34.720001220703125,35.560001373291016,35.35700225830078,26693800.0,31.70346824554,12.164388759875022,2.8287854875837053
MUU,2026-09-22,34.630001068115234,38.9900016784668,34.45899963378906,38.91999816894531,38.91999816894531,29626300.0,32.39075680967384,20.157730174805444,2.938142776489258
MUU,2026-09-23,39.189998626708984,39.560001373291016,36.63999938964844,37.189998626708984,37.189998626708984,20405400.0,32.847827458915276,13.219051315417186,3.011714390345982
MUU,2026-09-24,35.66999816894531,37.80799865722656,35.25,37.709999084472656,37.709999084472656,19776500.0,33.31089142325408,13.206214163778274,3.008714267185756
MUU,2026-09-25,38.84000015258789,39.720001220703125,37.22999954223633,37.849998474121094,37.849998474121094,17067900.0,33.74318733286046,12.170786063417482,2.9201431274414062
MUU,2026-09-28,37.470001220703125,38.0,34.349998474121094,,,19367844.0,33.74318733286046,,2.9719290052141463
NXPI,2026-08-17,235.36000061035156,238.17999267578125,232.24000549316406,232.72000122070312,231.67747497558594,3330400.0,232.72000122070312,0.0,
NXPI,2026-08-18,229.55999755859375,230.3800048828125,223.50999450683594,228.55999755859375,227.53610229492188,4995200.0,232.3238103957403,-1.620071929233291,
NXPI,2026-08-19,230.75,231.66000366210938,225.02000427246094,226.02000427246094,225.0074920654297,3337100.0,231.72344790780895,-2.4613148504579185,7.2633310953776045
NXPI,2026-08-20,226.6199951171875,227.75,222.60000610351562,222.97000122070312,221.9711456298828,2124500.0,230.88978631856077,-3.4301149583683355,6.734996795654297
NXPI,2026-08-21,225.25999450683594,226.0800018310547,222.91000366210938,225.55999755859375,224.54954528808594,2172500.0,230.3821873890401,-2.09312615923003,6.0219970703125
NXPI,2026-08-24,223.14999389648438,224.0800018310547,217.97999572753906,222.44000244140625,221.4435272216797,2971400.0,229.62578882259876,-3.129346410974776,6.281664530436198
NXPI,2026-08-25,224.9600067138672,225.30999755859375,221.25999450683594,224.75,223.74317932128906,2025200.0,229.16142798235126,-1.9250307615865436,5.962855747767857
NXPI,2026-08-26,224.75,226.19000244140625,222.25999450683594,223.14999389648438,222.15032958984375,1815700.0,228.58891045036393,-2.379344012429929,5.708749771118164
NXPI,2026-08-27,225.57000732421875,228.0800018310547,223.0,225.86000061035156,224.84820556640625,2564200.0,228.32901427512465,-1.0813403073680616,5.638888888888889
NXPI,2026-08-28,225.66000366210938,225.83999633789062,220.5500030517578,223.5800018310547,222.5784149169922,3328900.0,227.87672737568943,-1.8855482058731443,5.605999755859375
NXPI,2026-08-31,226.22000122070312,227.24000549316406,223.24000549316406,224.63999938964844,223.6336669921875,2990600.0,227.56846756749505,-1.2868514733826442,5.4599997780539775
NXPI,2026-09-01,221.6999969482422,223.16000366210938,217.3000030517578,222.39999389648438,221.4036865234375,3181500.0,227.07623197977975,-2.059325206572815,5.616666158040364
NXPI,2026-09-02,223.10000610351562,229.99000549316406,222.22000122070312,228.5,227.47637939453125,2745500.0,227.21182893408644,0.5669471840250351,5.782307551457332
NXPI,2026-09-03,225.22000122070312,227.1199951171875,222.80999755859375,224.99000549316406,223.9821014404297,2332300.0,227.00022670161763,-0.8855591193289492,5.7757143293108255
NXPI,2026-09-04,228.08999633789062,228.6199951171875,225.00999450683594,227.83999633789062,226.81932067871094,2905900.0,227.08020476221506,0.3345917256289077,5.610714503696987
NXPI,2026-09-08,230.22000122070312,231.3000030517578,222.32000732421875,223.8699951171875,222.8671112060547,5537500.0,226.77447051030768,-1.2807770586275802,5.594285147530692
NXPI,2026-09-09,221.97000122070312,227.22000122070312,221.97000122070312,223.32000732421875,222.319580078125,3831700.0,226.44547401639443,-1.3802292608194877,5.494999476841518
NXPI,2026-09-10,219.75,226.92999267578125,218.4499969482422,226.47000122070312,225.45547485351562,3078600.0,226.44780994061432,0.009799732704252051,5.732856750488281
NXPI,2026-09-11,229.83999633789062,238.60000610351562,228.0,236.6199951171875,235.55999755859375,3124500.0,227.41658948124035,4.046936794251033,6.372857230050223
NXPI,2026-09-14,226.75999450683594,230.8699951171875,223.9600067138672,224.22999572753906,223.22549438476562,4657900.0,227.11310436184021,-1.2694593922276454,6.735713413783482
NXPI,2026-09-15,226.0399932861328,228.97999572753906,224.3000030517578,226.35000610351562,225.3360137939453,2373300.0,227.04042833723787,-0.30409660463497357,6.785713195800781
NXPI,2026-09-16,227.99000549316406,228.17999267578125,216.66000366210938,218.97999572753906,218.97999572753906,3342500.0,226.2727680886951,-3.223000462122505,7.327854701450893
NXPI,2026-09-17,222.16000366210938,228.27999877929688,220.6699981689453,227.9499969482422,227.9499969482422,5053500.0,226.43250417055674,0.6701744448060376,7.629283360072544
NXPI,2026-09-18,231.36000061035156,231.36000061035156,224.86000061035156,227.99000549316406,227.99000549316406,5216500.0,226.58083762985268,0.6219272018110455,7.714283534458706
NXPI,2026-09-21,229.13999938964844,233.05999755859375,226.14999389648438,232.41000366210938,232.41000366210938,4856200.0,227.1359962995914,2.321960168550996,7.922140938895089
NXPI,2026-09-22,231.8699951171875,238.94000244140625,231.0800018310547,237.57000732421875,237.57000732421875,4153700.0,228.12971163527018,4.138126341053527,7.959284101213727
NXPI,2026-09-23,236.5,236.89999389648438,231.72999572753906,235.44000244140625,235.44000244140625,4018700.0,228.82592980728313,2.890438439250964,7.821427481515067
NXPI,2026-09-24,232.33999633789062,233.25,229.36000061035156,230.16000366210938,230.16000366210938,2943500.0,228.95298446012373,0.5271908574731254,7.849284580775669
NXPI,2026-09-25,231.1999969482422,239.24000549316406,230.22000122070312,238.0800018310547,238.0800018310547,2929000.0,229.8222242097362,3.5931153524049186,8.238571166992188
NXPI,2026-09-28,238.2949981689453,239.38999938964844,233.24000549316406,,,3566167.0,229.8222242097362,,8.03642817905971
ONDS,2026-08-17,9.069999694824219,9.130000114440918,8.520000457763672,9.0,9.0,69737300.0,9.0,0.0,
ONDS,2026-08-18,8.585000038146973,9.3149995803833,8.5649995803833,9.0600004196167,9.0600004196167,79491800.0,9.005714325677781,0.6027960911899388,
ONDS,2026-08-19,8.930000305175781,9.0,8.619999885559082,8.899999618530273,8.899999618530273,72041100.0,8.995646258330398,-1.0632547907444834,0.6000000635782877
ONDS,2026-08-20,8.890000343322754,8.9399995803833,8.170000076293945,8.380000114440918,8.380000114440918,68546000.0,8.937013292245686,-6.23265468663975,0.6424999237060547
ONDS,2026-08-21,8.390000343322754,8.829999923706055,8.380000114440918,8.710000038146973,8.710000038146973,58792200.0,8.915392982331522,-2.303801353362611,0.6039999008178711
ONDS,2026-08-24,8.524999618530273,8.539999961853027,8.1850004196167,8.239999771118164,8.239999771118164,49325200.0,8.85106981935882,-6.903911738489965,0.5908331871032715
ONDS,2026-08-25,8.300000190734863,8.329999923706055,8.164999961853027,8.239999771118164,8.239999771118164,41611100.0,8.792872671907329,-6.287739188531171,0.5299998692103794
ONDS,2026-08-26,8.100000381469727,8.265000343322754,7.960000038146973,8.220000267028809,8.220000267028809,55499100.0,8.738313395252232,-5.931500791732169,0.5018749237060547
ONDS,2026-08-27,8.350000381469727,8.84000015258789,8.300000190734863,8.75,8.75,85768400.0,8.73942640522821,0.12098728545233417,0.5149999194675021
ONDS,2026-08-28,8.5600004196167,8.710000038146973,7.869999885559082,7.900000095367432,7.900000095367432,69966700.0,8.659481042384327,-8.770513421064985,0.5514999389648437
ONDS,2026-08-31,7.889999866485596,7.929999828338623,7.650000095367432,7.65500020980835,7.65500020980835,29699800.0,8.563816201186615,-10.612278101582074,0.52681810205633
ONDS,2026-09-01,7.434999942779541,7.445000171661377,7.0,7.039999961853027,7.039999961853027,68793600.0,8.418690845059606,-16.37654723971299,0.5374999443689982
ONDS,2026-09-02,7.059999942779541,7.630000114440918,7.039999961853027,7.610000133514404,7.610000133514404,79858600.0,8.3416726820553,-8.771292958004429,0.5415384219242976
ONDS,2026-09-03,7.690000057220459,7.949999809265137,7.53000020980835,7.630000114440918,7.630000114440918,73062000.0,8.273894342282501,-7.78223894582577,0.5328570774623326
ONDS,2026-09-04,7.610000133514404,7.685999870300293,7.460000038146973,7.619999885559082,7.619999885559082,43240300.0,8.211618679737414,-7.2046549803655875,0.5054285185677665
ONDS,2026-09-08,7.610000133514404,7.880000114440918,7.579999923706055,7.619999885559082,7.619999885559082,43007500.0,8.15527403267281,-6.563533548587552,0.4732856750488281
ONDS,2026-09-09,7.579999923706055,7.64900016784668,7.260000228881836,7.289999961853027,7.289999961853027,63851200.0,8.072866978309023,-9.697509181799724,0.4696427753993443
ONDS,2026-09-10,7.170000076293945,7.539999961853027,7.144999980926514,7.25,7.25,52336300.0,7.994498694660544,-9.312637641154264,0.44285709517342703
ONDS,2026-09-11,7.25,7.320000171661377,7.179999828338623,7.230000019073486,7.230000019073486,42170100.0,7.921689296985586,-8.731588073964303,0.42071427617754253
ONDS,2026-09-14,6.994999885559082,7.46999979019165,6.989999771118164,7.230000019073486,7.230000019073486,84277100.0,7.855814127660624,-7.966254017946051,0.41750001907348633
ONDS,2026-09-15,7.140999794006348,7.429999828338623,7.130000114440918,7.239999771118164,7.239999771118164,67788600.0,7.797165141323247,-7.145742845078784,0.427142858505249
ONDS,2026-09-16,7.264999866485596,7.28000020980835,6.980000019073486,7.199999809265137,7.199999809265137,65246400.0,7.7402922525558076,-6.980258957434959,0.4267857074737549
ONDS,2026-09-17,7.46999979019165,7.53000020980835,7.300000190734863,7.389999866485596,7.389999866485596,67049500.0,7.7069310729300735,-4.1122880618158275,0.40607145854404997
ONDS,2026-09-18,7.510000228881836,7.519999980926514,7.210000038146973,7.389999866485596,7.389999866485596,63908700.0,7.67674714850679,-3.735270635779242,0.3653571605682373
ONDS,2026-09-21,7.505000114440918,7.670000076293945,7.340000152587891,7.380000114440918,7.380000114440918,51627500.0,7.6484855262148015,-3.5103081630168953,0.3689286027635847
ONDS,2026-09-22,7.46999979019165,7.744999885559082,7.389999866485596,7.71999979019165,7.71999979019165,70109500.0,7.655296408498311,0.845210665148266,0.3482142857142857
ONDS,2026-09-23,7.739999771118164,7.980000019073486,7.380000114440918,7.400000095367432,7.400000095367432,67796400.0,7.630982473914417,-3.0269022283378466,0.348928553717477
ONDS,2026-09-24,7.260000228881836,7.730000019073486,7.179999828338623,7.599999904632568,7.599999904632568,114567800.0,7.628031753030432,-0.3674846841942858,0.3582143102373396
ONDS,2026-09-25,7.724999904632568,7.880000114440918,7.590000152587891,7.639999866485596,7.639999866485596,70849800.0,7.629171573359495,0.14193275143938866,0.36278574807303293
ONDS,2026-09-28,7.535999774932861,7.800000190734863,7.440000057220459,,,52702697.0,7.629171573359495,,0.36707145827157156
OPRX,2026-08-17,8.710000038146973,8.819999694824219,8.430000305175781,8.479999542236328,8.479999542236328,139500.0,8.479999542236328,0.0,
OPRX,2026-08-18,8.399999618530273,8.710000038146973,8.180000305175781,8.229999542236328,8.229999542236328,217000.0,8.456190018426804,-2.6748509162824674,
OPRX,2026-08-19,8.3100004196167,8.890000343322754,8.010000228881836,8.010000228881836,8.010000228881836,208000.0,8.413695752755855,-4.7980760861455085,0.599999745686849
OPRX,2026-08-20,7.980000019073486,8.239999771118164,7.860000133514404,7.960000038146973,7.960000038146973,194900.0,8.370486637078818,-4.903975321022669,0.5449997186660767
OPRX,2026-08-21,8.210000038146973,8.220000267028809,7.590000152587891,7.710000038146973,7.710000038146973,131500.0,8.307583151466261,-7.193224580771329,0.5619997978210449
OPRX,2026-08-24,7.710000038146973,8.100000381469727,7.599999904632568,7.650000095367432,7.650000095367432,150300.0,8.244956193742563,-7.216000720860938,0.5516665776570638
OPRX,2026-08-25,7.659999847412109,7.940000057220459,7.590000152587891,7.860000133514404,7.860000133514404,131500.0,8.208293711816072,-4.243190978903321,0.5228570529392788
OPRX,2026-08-26,7.78000020980835,7.849999904632568,7.619999885559082,7.75,7.75,112900.0,8.164646691643112,-5.0785625796584855,0.4874999523162842
OPRX,2026-08-27,7.75,8.0,7.650000095367432,7.829999923706055,7.829999923706055,333700.0,8.132775570887201,-3.722906706844198,0.47222216924031574
OPRX,2026-08-28,7.829999923706055,8.09000015258789,7.599999904632568,7.949999809265137,7.949999809265137,271600.0,8.115368355494624,-2.0377207661500973,0.4739999771118164
OPRX,2026-08-31,7.889999866485596,8.039999961853027,7.710000038146973,7.980000019073486,7.980000019073486,170900.0,8.102476132978325,-1.5115887031908914,0.4609090631658381
OPRX,2026-09-01,8.0,8.029999732971191,7.699999809265137,7.860000133514404,7.860000133514404,115500.0,8.079383180648428,-2.715344008679832,0.44999996821085614
OPRX,2026-09-02,7.929999828338623,8.350000381469727,7.480000019073486,8.039999961853027,8.039999961853027,171300.0,8.07563239790601,-0.4412340024568362,0.48230769084050107
OPRX,2026-09-03,8.09000015258789,8.34000015258789,7.900000095367432,7.949999809265137,7.949999809265137,157700.0,8.06366738946402,-1.409626348767834,0.47928571701049805
OPRX,2026-09-04,7.840000152587891,7.900000095367432,7.659999847412109,7.869999885559082,7.869999885559082,82200.0,8.045222865282598,-2.1779754601908285,0.4721429007393973
OPRX,2026-09-08,7.840000152587891,7.840000152587891,7.559999942779541,7.599999904632568,7.599999904632568,99700.0,8.002820678554023,-5.033484943639122,0.4564286300114223
OPRX,2026-09-09,7.599999904632568,7.599999904632568,7.159999847412109,7.170000076293945,7.170000076293945,78500.0,7.92350443071973,-9.509736014085124,0.42500005449567524
OPRX,2026-09-10,7.070000171661377,7.260000228881836,6.860000133514404,7.179999828338623,7.179999828338623,108200.0,7.852694468588196,-8.56641809942358,0.4264286586216518
OPRX,2026-09-11,7.239999771118164,7.320000171661377,7.059999942779541,7.289999961853027,7.289999961853027,115200.0,7.799104515565799,-6.527730878547377,0.40000009536743164
OPRX,2026-09-14,7.269999980926514,7.809999942779541,7.269999980926514,7.809999942779541,7.809999942779541,96400.0,7.800142175300441,0.1263793307552108,0.4028572014399937
OPRX,2026-09-15,7.769999980926514,7.769999980926514,7.420000076293945,7.559999942779541,7.559999942779541,74500.0,7.777271486488927,-2.793673129282437,0.4057143415723528
OPRX,2026-09-16,7.619999885559082,7.679999828338623,7.5,7.53000020980835,7.53000020980835,58300.0,7.753721841090777,-2.8853450751459397,0.40142859731401714
OPRX,2026-09-17,7.690000057220459,7.71999979019165,7.539999961853027,7.590000152587891,7.590000152587891,72200.0,7.738129299328598,-1.914275931697862,0.39000000272478375
OPRX,2026-09-18,7.53000020980835,7.53000020980835,7.25,7.289999961853027,7.289999961853027,233700.0,7.695450314807115,-5.268702107970791,0.37928571019853863
OPRX,2026-09-21,7.309999942779541,7.630000114440918,7.130000114440918,7.559999942779541,7.559999942779541,286300.0,7.682550279375918,-1.5951778008582385,0.3914285727909633
OPRX,2026-09-22,7.599999904632568,7.670000076293945,7.289999961853027,7.619999885559082,7.619999885559082,118300.0,7.676593099012409,-0.7372178350915637,0.3950000149863107
OPRX,2026-09-23,7.619999885559082,7.829999923706055,7.550000190734863,7.599999904632568,7.599999904632568,143100.0,7.669298509071472,-0.9035846545408899,0.3528571128845215
OPRX,2026-09-24,7.510000228881836,7.909999847412109,7.349999904632568,7.889999866485596,7.889999866485596,185000.0,7.690317685968055,2.5965400737850697,0.3614285332815988
OPRX,2026-09-25,7.949999809265137,8.59000015258789,7.880000114440918,8.039999961853027,8.039999961853027,488000.0,7.723620759861863,4.096255005622829,0.3914285387311663
OPRX,2026-09-28,7.909999847412109,8.029999732971191,7.690000057220459,,,142191.0,7.723620759861863,,0.3942856788635254
ORCL,2026-08-17,148.4499969482422,150.39999389648438,145.5,146.64999389648438,146.64999389648438,20668000.0,146.64999389648438,0.0,
ORCL,2026-08-18,143.25,146.0,142.35000610351562,142.7899932861328,142.7899932861328,19152300.0,146.2823747907366,-2.387424670675331,
ORCL,2026-08-19,142.6999969482422,146.0800018310547,137.42999267578125,143.80999755859375,143.80999755859375,26552900.0,146.0469102924373,-1.5316398884197335,5.9499969482421875
ORCL,2026-08-20,144.3000030517578,145.9199981689453,141.02000427246094,142.07000732421875,142.07000732421875,15184400.0,145.66815762879745,-2.4701007846531398,5.687496185302734
ORCL,2026-08-21,143.72000122070312,148.35000610351562,142.60000610351562,146.47000122070312,146.47000122070312,19635000.0,145.7445236851694,0.49777344437369475,5.805996704101562
ORCL,2026-08-24,145.1199951171875,145.1199951171875,141.25,142.4499969482422,142.4499969482422,14158600.0,145.43075923403347,-2.0496092446265157,5.708330790201823
ORCL,2026-08-25,143.3000030517578,146.33999633789062,142.50999450683594,144.75999450683594,144.75999450683594,13329400.0,145.36687687906226,-0.4174832570223108,5.448569161551339
ORCL,2026-08-26,147.0,151.6300048828125,146.8300018310547,148.8699951171875,148.8699951171875,18426100.0,145.70050718745514,2.1753444726548166,5.626249313354492
ORCL,2026-08-27,152.11000061035156,153.8300018310547,147.52000427246094,151.94000244140625,151.94000244140625,30251400.0,146.2947448306886,3.858824605935851,5.702221340603298
ORCL,2026-08-28,153.60000610351562,153.99000549316406,149.7100067138672,150.85000610351562,150.85000610351562,17800000.0,146.7285792376245,2.808878057230113,5.559999084472656
ORCL,2026-08-31,149.30999755859375,151.25999450683594,147.75,149.1199951171875,149.1199951171875,16118900.0,146.95633313091622,1.4723162589691086,5.3736350319602275
ORCL,2026-09-01,146.75,146.7899932861328,139.9499969482422,141.32000732421875,141.32000732421875,25443300.0,146.41954019694504,-3.482822624539761,5.689998626708984
ORCL,2026-09-02,140.25999450683594,146.69000244140625,139.72000122070312,145.75,145.75,21906700.0,146.35577446390266,-0.4139054069588921,5.788460364708533
ORCL,2026-09-03,147.27000427246094,156.77000427246094,146.9199981689453,154.0399932861328,154.0399932861328,25101700.0,147.08760482792457,4.726699075929441,6.162142072405134
ORCL,2026-09-04,159.4600067138672,159.6999969482422,156.7100067138672,158.77999877929688,158.77999877929688,26511300.0,148.2011661566267,7.1381574767704015,6.216428484235491
ORCL,2026-09-08,167.60000610351562,170.6999969482422,161.16000366210938,162.52000427246094,162.52000427246094,37662800.0,149.56486502480138,8.661886764322158,6.760714939662388
ORCL,2026-09-09,163.5399932861328,165.14999389648438,160.36000061035156,161.6300048828125,161.6300048828125,27464600.0,150.7139259636596,7.2429132539384655,6.484999520438058
ORCL,2026-09-10,158.3800048828125,159.24000549316406,152.52000427246094,152.94000244140625,152.94000244140625,56824700.0,150.9259332472545,1.3344752295499696,6.785714285714286
ORCL,2026-09-11,164.42999267578125,166.0,149.83999633789062,150.27999877929688,150.27999877929688,80438600.0,150.86441567887758,-0.38737889047650853,7.491428920200893
ORCL,2026-09-14,141.4199981689453,145.3300018310547,141.00999450683594,144.7899932861328,144.7899932861328,42159700.0,150.28589926052092,-3.6569671548898564,7.780714852469308
ORCL,2026-09-15,143.4600067138672,144.8800048828125,140.02000427246094,140.35000610351562,140.35000610351562,31552700.0,149.33962372175853,-6.0195796629244676,7.850000653948102
ORCL,2026-09-16,140.02999877929688,146.52000427246094,139.0,143.16000366210938,143.16000366210938,34366400.0,148.75108847798242,-3.758684977085469,7.896428789411273
ORCL,2026-09-17,146.75,152.0,146.14999389648438,150.58999633789062,150.58999633789062,27742400.0,148.92622255987845,1.1171798689402879,8.077142987932477
ORCL,2026-09-18,150.47000122070312,150.89999389648438,144.39999389648438,147.61000061035156,147.61000061035156,39324900.0,148.80086808849495,-0.800309496470919,8.235714503696986
ORCL,2026-09-21,148.92999267578125,149.97999572753906,146.16000366210938,148.55999755859375,148.55999755859375,22418300.0,148.77792803802816,-0.14648038341998904,8.257857186453682
ORCL,2026-09-22,151.25,153.60000610351562,148.60000610351562,149.1999969482422,149.1999969482422,31260000.0,148.81812507709617,0.2566030656199869,7.962857927594866
ORCL,2026-09-23,148.3000030517578,148.66000366210938,144.22999572753906,144.55999755859375,144.55999755859375,22682300.0,148.41258912295308,-2.59586574638061,7.820000784737723
ORCL,2026-09-24,137.32000732421875,140.33999633789062,133.47999572753906,139.5399932861328,139.5399932861328,56629400.0,147.56757999563686,-5.439939253419624,7.824286324637277
ORCL,2026-09-25,138.57000732421875,140.8800048828125,136.9199981689453,137.10000610351562,137.10000610351562,23549400.0,146.5706681963872,-6.461498886108663,7.702857971191406
ORCL,2026-09-28,132.72500610351562,135.69000244140625,131.5800018310547,,,33633014.0,146.5706681963872,,7.2457155500139505
QCOM,2026-08-17,166.25,166.33999633789062,161.4499969482422,162.17999267578125,161.30210876464844,8967700.0,162.17999267578125,0.0,
QCOM,2026-08-18,157.88999938964844,161.80999755859375,156.72999572753906,160.19000244140625,159.32289123535156,11069500.0,161.99046979631697,-1.1114649875233917,
QCOM,2026-08-19,163.02999877929688,166.5,160.19000244140625,161.91000366210938,161.0335693359375,8099500.0,161.98280635496388,-0.04494470400455697,5.549997965494792
QCOM,2026-08-20,163.14999389648438,165.11000061035156,159.41000366210938,160.74000549316406,159.86990356445312,8509900.0,161.8644443681258,-0.6946793530544837,5.587497711181641
QCOM,2026-08-21,162.9199981689453,163.3300018310547,159.1699981689453,160.75,159.87985229492188,8517400.0,161.75830680925665,-0.6233415947198506,5.301998901367187
QCOM,2026-08-24,159.39999389648438,160.24000549316406,156.22999572753906,158.52999877929688,157.67185974121094,10514800.0,161.45084890164142,-1.8091265188230565,5.1716664632161455
QCOM,2026-08-25,160.33999633789062,161.7899932861328,159.0800018310547,160.55999755859375,159.6908721923828,11420600.0,161.36600591658924,-0.49949080254990674,4.898570469447544
QCOM,2026-08-26,160.10000610351562,163.8699951171875,159.88999938964844,163.72000122070312,162.83377075195312,10480300.0,161.59019594555247,1.3180287719115613,4.783748626708984
QCOM,2026-08-27,165.16000366210938,166.9499969482422,161.9199981689453,164.77999877929688,163.88803100585938,15065100.0,161.89398669162335,1.782655518373777,4.811109754774305
QCOM,2026-08-28,164.58999633789062,165.49000549316406,161.89999389648438,164.19000244140625,163.30123901367188,7752100.0,162.11265485826934,1.2814222214503124,4.688999938964844
QCOM,2026-08-31,164.7899932861328,171.3800048828125,164.19000244140625,170.47999572753906,169.5571746826172,12734600.0,162.90954446486643,4.647027457808228,4.916363802823153
QCOM,2026-09-01,165.47000122070312,167.2899932861328,162.2100067138672,166.61000061035156,165.7081298828125,8900900.0,163.26196885967454,2.050711365336211,5.19583257039388
QCOM,2026-09-02,166.0399932861328,170.60000610351562,165.0800018310547,169.9600067138672,169.04000854492188,7525300.0,163.89987722674053,3.697458222462857,5.220768855168269
QCOM,2026-09-03,168.5,170.02999877929688,164.8800048828125,168.57000732421875,168.57000732421875,6992000.0,164.34465152173846,2.571033351773777,5.2157135009765625
QCOM,2026-09-04,169.97999572753906,170.6300048828125,167.0399932861328,168.74000549316406,168.74000549316406,8531400.0,164.7632566618742,2.413613879610854,5.122857230050223
QCOM,2026-09-08,180.39999389648438,183.49000549316406,172.0399932861328,174.08999633789062,174.08999633789062,26129200.0,165.65151758339957,5.094114969542973,5.787143162318638
QCOM,2026-09-09,174.72000122070312,180.86000061035156,173.32000732421875,176.39999389648438,176.39999389648438,14802000.0,166.67518199416955,5.834589040769744,5.875
QCOM,2026-09-10,172.1300048828125,182.39999389648438,171.0,176.8800048828125,176.8800048828125,15597700.0,167.647069888326,5.507364370064316,6.282142639160156
QCOM,2026-09-11,178.25,185.4600067138672,175.74000549316406,181.97000122070312,181.97000122070312,11546600.0,169.01115858664764,7.667447961675156,6.679285321916852
QCOM,2026-09-14,170.77999877929688,181.7100067138672,170.50999450683594,180.14999389648438,180.14999389648438,13784800.0,170.07200004472733,5.9257219584097465,7.1749997820172995
QCOM,2026-09-15,180.5399932861328,190.05999755859375,180.5399932861328,187.8000030517578,187.8000030517578,13852600.0,171.76038128349214,9.338371077432651,7.650000435965402
QCOM,2026-09-16,189.1699981689453,191.27999877929688,183.3699951171875,184.83999633789062,184.83999633789062,9718600.0,173.0060589077206,6.840186699173412,7.93071528843471
QCOM,2026-09-17,190.35000610351562,191.91000366210938,187.75999450683594,188.7100067138672,188.7100067138672,12318000.0,174.50167298449645,8.142233530696895,8.076430184500557
QCOM,2026-09-18,191.33999633789062,192.1199951171875,175.97000122070312,177.72000122070312,177.72000122070312,54480300.0,174.80818043556377,1.6657234105887264,8.97357177734375
QCOM,2026-09-21,180.61000061035156,195.30999755859375,179.22999572753906,194.22999572753906,194.22999572753906,18444600.0,176.6578771300376,9.946977107942168,9.716428484235491
QCOM,2026-09-22,192.0,199.14999389648438,191.66000366210938,198.27000427246094,198.27000427246094,11533800.0,178.71617495312552,10.94127564248959,9.660714285714286
QCOM,2026-09-23,199.61000061035156,199.61000061035156,193.22000122070312,197.24000549316406,197.24000549316406,9739300.0,180.48034929027204,9.286139055469667,9.722856794084821
QCOM,2026-09-24,196.5800018310547,196.77000427246094,191.75,194.25999450683594,194.25999450683594,9089000.0,181.7926964537543,6.857975208180678,9.747143336704799
QCOM,2026-09-25,195.02999877929688,205.85000610351562,194.52999877929688,201.97000122070312,201.97000122070312,17805500.0,183.71434452679705,9.93697946718759,10.31857190813337
QCOM,2026-09-28,198.97999572753906,199.0865020751953,186.7100067138672,,,16614256.0,183.71434452679705,,10.35500008719308
SMCI,2026-08-17,39.310001373291016,39.5099983215332,37.68000030517578,38.279998779296875,38.279998779296875,55467000.0,38.279998779296875,0.0,
SMCI,2026-08-18,37.099998474121094,38.15999984741211,36.220001220703125,37.40999984741211,37.40999984741211,52260100.0,38.197141738164994,-2.0607350574778915,
SMCI,2026-08-19,37.150001525878906,37.689998626708984,35.720001220703125,36.58000183105469,36.58000183105469,35466200.0,38.043128413678296,-3.8459680989262335,1.9533309936523438
SMCI,2026-08-20,36.900001525878906,38.7400016784668,35.58000183105469,36.5,36.5,51286600.0,37.89616380285179,-3.6841824151781943,2.254998207092285
SMCI,2026-08-21,37.15999984741211,37.66999816894531,36.41999816894531,37.2400016784668,37.2400016784668,36474300.0,37.83367217195798,-1.5691590570243497,2.053998565673828
SMCI,2026-08-24,36.4900016784668,36.70000076293945,34.09000015258789,35.16999816894531,35.16999816894531,39934900.0,37.57998893357582,-6.412962943896194,2.236665725708008
SMCI,2026-08-25,36.130001068115234,38.599998474121094,36.0099983215332,38.459999084472656,38.459999084472656,48106900.0,37.66379942413742,2.1139653261454505,2.407142094203404
SMCI,2026-08-26,38.029998779296875,38.27000045776367,37.22999954223633,37.38999938964844,37.38999938964844,33723200.0,37.637723230376565,-0.6581796651509375,2.2599992752075195
SMCI,2026-08-27,38.689998626708984,39.470001220703125,37.47999954223633,38.459999084472656,38.459999084472656,41662100.0,37.716035216480954,1.972539965353004,2.2399995591905384
SMCI,2026-08-28,38.02000045776367,38.970001220703125,36.869998931884766,37.08000183105469,37.08000183105469,29132900.0,37.655460608345116,-1.5282213203439032,2.2259998321533203
SMCI,2026-08-31,36.540000915527344,37.59000015258789,36.119998931884766,37.279998779296875,37.279998779296875,22915000.0,37.61970233891195,-0.9029937466137339,2.157272685657848
SMCI,2026-09-01,36.43000030517578,37.150001525878906,35.720001220703125,36.709999084472656,36.709999084472656,26862900.0,37.533063933727256,-2.1929061019582585,2.1074997584025064
SMCI,2026-09-02,37.650001525878906,37.880001068115234,35.630001068115234,37.0,37.0,33258800.0,37.482295940038945,-1.286729982630952,2.1184613154484677
SMCI,2026-09-03,36.5,38.220001220703125,35.75,37.869998931884766,37.869998931884766,34436400.0,37.51922003450045,0.9349312087558292,2.143571308680943
SMCI,2026-09-04,38.15999984741211,40.90999984741211,37.91999816894531,39.59000015258789,39.59000015258789,53633200.0,37.71643718860402,4.967497207159233,2.2300000871930803
SMCI,2026-09-08,39.66999816894531,41.529998779296875,39.66999816894531,40.2599983215332,40.2599983215332,42400700.0,37.95868110602584,6.06269013688685,2.2214287349155972
SMCI,2026-09-09,40.0099983215332,40.18000030517578,38.84000015258789,38.93000030517578,38.93000030517578,31197000.0,38.051187696421074,2.30955368795851,2.182143075125558
SMCI,2026-09-10,37.90999984741211,39.2599983215332,37.369998931884766,37.380001068115234,37.380001068115234,26771400.0,37.98726516039194,-1.5985991350329742,2.091428756713867
SMCI,2026-09-11,37.7599983215332,40.45000076293945,37.560001373291016,40.099998474121094,40.099998474121094,46492700.0,38.188477856937574,5.00549046323473,2.2214287349155972
SMCI,2026-09-14,37.43000030517578,38.099998474121094,36.380001068115234,36.7400016784668,36.7400016784668,39892500.0,38.05052774470226,-3.4441731663443886,2.2621427263532365
SMCI,2026-09-15,36.7400016784668,37.54999923706055,35.56999969482422,35.63999938964844,35.63999938964844,26725900.0,37.820953615649515,-5.766523626465736,2.158571243286133
SMCI,2026-09-16,35.95000076293945,37.119998931884766,35.36000061035156,36.849998474121094,36.849998474121094,31390500.0,37.72848169740871,-2.3284351337889975,2.1964282989501953
SMCI,2026-09-17,38.040000915527344,41.0099983215332,37.81999969482422,40.349998474121094,40.349998474121094,62517100.0,37.97814996185751,6.245297663645255,2.3449995858328685
SMCI,2026-09-18,40.20000076293945,40.40999984741211,38.31999969482422,39.09000015258789,39.09000015258789,48079300.0,38.08404045621278,2.641420616942458,2.344285147530692
SMCI,2026-09-21,40.630001068115234,41.720001220703125,40.0,41.20000076293945,41.20000076293945,48218400.0,38.38079858066295,7.345345293823247,2.4271422794886996
SMCI,2026-09-22,41.2599983215332,41.7400016784668,40.45000076293945,41.540000915527344,41.540000915527344,30249800.0,38.68167499350718,7.389354061063647,2.4078568049839566
SMCI,2026-09-23,42.27000045776367,42.70000076293945,40.790000915527344,41.439998626708984,41.439998626708984,40871500.0,38.94437248238354,6.40818168389885,2.383571079799107
SMCI,2026-09-24,40.439998626708984,42.279998779296875,39.849998474121094,41.5099983215332,41.5099983215332,34885600.0,39.1887178003978,5.923338785817189,2.380713871547154
SMCI,2026-09-25,42.0,43.7599983215332,41.900001525878906,43.2599983215332,43.2599983215332,49236100.0,39.5764588024107,9.307400486518858,2.324285234723772
SMCI,2026-09-28,42.79249954223633,43.060001373291016,40.959999084472656,,,29340799.0,39.5764588024107,,2.349999564034598
SOXL,2026-08-17,150.61000061035156,156.9199981689453,148.89999389648438,151.52999877929688,151.4307098388672,43560500.0,151.52999877929688,0.0,
SOXL,2026-08-18,134.1999969482422,137.60000610351562,122.4000015258789,129.10000610351562,129.01541137695312,87105200.0,149.39380900065103,-13.58409898836368,
SOXL,2026-08-19,132.6300048828125,133.74000549316406,116.83999633789062,120.73999786376953,120.660888671875,78078100.0,146.66487460666232,-17.676268303791353,18.01667022705078
SOXL,2026-08-20,119.98999786376953,124.55999755859375,117.41999816894531,122.20999908447266,122.12992095947266,50500900.0,144.33583884264428,-15.329415019573434,15.297502517700195
SOXL,2026-08-21,126.58999633789062,126.79000091552734,116.70999908447266,120.5999984741211,120.52098083496094,48174900.0,142.07528261707063,-15.115425954021111,14.254002380371094
SOXL,2026-08-24,115.06999969482422,115.06999969482422,106.0,111.16000366210938,111.08716583251953,67194300.0,139.13097033564574,-20.104054910317927,14.311668395996094
SOXL,2026-08-25,117.37000274658203,119.87999725341797,113.12999725341797,115.66999816894531,115.59420776367188,47392300.0,136.89659203405523,-15.505567779093777,13.512857709612165
SOXL,2026-08-26,114.69999694824219,117.38999938964844,112.52999877929688,116.5999984741211,116.52359771728516,39918800.0,134.96358312358532,-13.606325665382501,12.43125057220459
SOXL,2026-08-27,123.4000015258789,124.87999725341797,117.69000244140625,123.05000305175781,122.96937561035156,55965600.0,133.82895645007795,-8.054275908772402,11.970000372992622
SOXL,2026-08-28,119.91999816894531,121.19999694824219,110.20999908447266,111.33999633789062,111.26704406738281,60995600.0,131.68715072510773,-15.451131165933617,12.057000732421875
SOXL,2026-08-31,112.41000366210938,115.05000305175781,110.33000183105469,112.79000091552734,112.71609497070312,34269700.0,129.88742217181436,-13.163261669533055,11.39000077681108
SOXL,2026-09-01,106.36000061035156,108.63999938964844,102.30999755859375,105.91000366210938,105.84060668945312,63954400.0,127.60385850422341,-17.000939545567128,11.314167658487955
SOXL,2026-09-02,104.5,108.06999969482422,101.33999633789062,106.3499984741211,106.28031158447266,47235300.0,125.57968135849939,-15.3127342547416,10.961539635291466
SOXL,2026-09-03,103.0,107.48999786376953,98.62000274658203,106.73999786376953,106.67005920410156,55094500.0,123.78542578757273,-13.770141206328068,10.81214359828404
SOXL,2026-09-04,111.22000122070312,118.18000030517578,109.7300033569336,117.27999877929688,117.20315551757812,63548000.0,123.16586131059408,-4.778810027930147,11.056429181780134
SOXL,2026-09-08,125.12000274658203,127.54000091552734,121.5999984741211,123.2699966430664,123.18922424316406,52642700.0,123.17577896130574,0.0764904290073698,9.708572387695312
SOXL,2026-09-09,121.23999786376953,128.47999572753906,121.23999786376953,125.87000274658203,125.78752899169922,40630800.0,123.43237170276063,1.9748717538146998,9.01857158115932
SOXL,2026-09-10,116.3499984741211,119.31999969482422,113.55000305175781,115.76000213623047,115.68415069580078,54498500.0,122.70166983928158,-5.657353899212225,9.388571602957589
SOXL,2026-09-11,120.70999908447266,124.5,117.87000274658203,121.81999969482422,121.74018096923828,53536100.0,122.61770125409515,-0.6505598711379346,9.292857033865792
SOXL,2026-09-14,101.52999877929688,105.38999938964844,99.87000274658203,101.12999725341797,101.06373596191406,101135900.0,120.57125325403065,-16.124287901073775,9.817856924874443
SOXL,2026-09-15,104.55000305175781,105.94000244140625,100.95999908447266,102.31999969482422,102.2529525756836,57147000.0,118.83303862934433,-13.895999904560563,9.550714765276227
SOXL,2026-09-16,107.44000244140625,109.31999969482422,101.05999755859375,103.97000122070312,103.9018783569336,74637500.0,117.41751125709278,-11.452729573654064,9.79357201712472
SOXL,2026-09-17,113.33000183105469,115.4800033569336,112.01000213623047,114.81999969482422,114.74476623535156,56833100.0,117.1701292035434,-2.0057411600499564,10.024286542619977
SOXL,2026-09-18,117.02999877929688,123.9000015258789,116.68000030517578,123.66999816894531,123.5889663696289,45459700.0,117.78916434310548,4.99267811146844,9.755714961460658
SOXL,2026-09-21,132.07000732421875,144.0,129.6199951171875,141.92999267578125,141.8369903564453,62514300.0,120.08829085097936,18.18803621071252,10.870715005057198
SOXL,2026-09-22,137.6699981689453,152.63999938964844,137.4600067138672,151.9499969482422,151.9499969482422,66530800.0,123.12273905071868,23.41343127986173,11.206428527832031
SOXL,2026-09-23,149.88999938964844,151.0,139.5800018310547,146.25,146.25,62051700.0,125.32533533160262,16.696276625178854,11.609285082135882
SOXL,2026-09-24,138.47000122070312,147.1999969482422,136.89999389648438,146.3300018310547,146.3300018310547,65335900.0,127.32577976012186,14.925667140414323,11.71142850603376
SOXL,2026-09-25,149.24000549316406,153.89999389648438,147.38999938964844,151.4499969482422,151.4499969482422,56130400.0,129.62332425422855,16.83853798657815,11.434999193464007
SOXL,2026-09-28,148.13999938964844,149.99000549316406,135.21200561523438,,,69584851.0,129.62332425422855,,11.861998421805245
TSLL,2026-08-17,8.680000305175781,8.914999961853027,8.510000228881836,8.609999656677246,8.550008773803711,119441900.0,8.609999656677246,0.0,
TSLL,2026-08-18,8.300000190734863,8.670000076293945,8.1899995803833,8.479999542236328,8.420914649963379,123508600.0,8.597618693397159,-1.3680433542739068,
TSLL,2026-08-19,8.579999923706055,9.220000267028809,8.420000076293945,9.1899995803833,9.125967025756836,114490300.0,8.654035920729173,6.193222036094448,0.5616668065388998
TSLL,2026-08-20,8.9399995803833,9.0,8.550000190734863,8.880000114440918,8.818127632141113,118020700.0,8.675556320130292,2.3565496755089343,0.5812499523162842
TSLL,2026-08-21,9.119999885559082,9.970000267028809,8.960000038146973,9.770000457763672,9.701927185058594,135077000.0,8.779789095142995,11.278304659601268,0.6829999923706055
TSLL,2026-08-24,9.710000038146973,9.800000190734863,8.989999771118164,9.039999961853027,8.977012634277344,89385600.0,8.804571082448712,2.6739392208852353,0.7041667302449545
TSLL,2026-08-25,9.0649995803833,9.4399995803833,9.039999961853027,9.09000015258789,9.026664733886719,84800100.0,8.831754803414348,2.9240547877722456,0.6607142857142857
TSLL,2026-08-26,8.829999923706055,9.180000305175781,8.6899995803833,8.869999885559082,8.808197021484375,102583000.0,8.835397192190037,0.3916371003629848,0.6393750905990601
TSLL,2026-08-27,8.880000114440918,9.359999656677246,8.829999923706055,9.3100004196167,9.245132446289062,79934900.0,8.880597499564004,4.835293121592055,0.6272222730848525
TSLL,2026-08-28,9.430000305175781,9.520000457763672,8.802000045776367,8.979999542236328,8.917430877685547,75277100.0,8.890064360770893,1.0116370120141216,0.6363000869750977
TSLL,2026-08-31,8.904999732971191,10.020000457763672,8.899999618530273,9.970000267028809,9.900533676147461,113737800.0,8.992915399462124,10.865051256071245,0.6802728826349432
TSLL,2026-09-01,9.595000267028809,9.687999725341797,9.15999984741211,9.329999923706055,9.264991760253906,92843300.0,9.025018687485355,3.3792864788591004,0.6910835107167562
TSLL,2026-09-02,9.574999809265137,9.579999923706055,9.0,9.369999885559082,9.304713249206543,88364200.0,9.057874039682854,3.4459062304111665,0.6825386194082407
TSLL,2026-09-03,9.829999923706055,10.789999961853027,9.819999694824219,10.380000114440918,10.307676315307617,152804900.0,9.183790808707432,13.025223795377872,0.7352144377572196
TSLL,2026-09-04,9.59000015258789,9.729999542236328,9.0,9.149999618530273,9.086246490478516,136042300.0,9.180572600119131,-0.33301824320262075,0.8048573221479144
TSLL,2026-09-08,9.300000190734863,9.949999809265137,9.234999656677246,9.869999885559082,9.801229476928711,84621300.0,9.246232341589604,6.746180724485673,0.8277144432067871
TSLL,2026-09-09,9.864999771118164,10.258000373840332,9.8149995803833,9.850000381469727,9.78136920928955,67054900.0,9.303734059673426,5.871473951131789,0.8022144862583706
TSLL,2026-09-10,9.460000038146973,9.920000076293945,9.300000190734863,9.619999885559082,9.552971839904785,46347000.0,9.33385461451968,3.0656709672151505,0.800785950251988
TSLL,2026-09-11,9.640000343322754,9.880000114440918,9.51099967956543,9.710000038146973,9.64234447479248,50549100.0,9.36967798819847,3.6321637774228144,0.7492859704153878
TSLL,2026-09-14,9.399999618530273,9.819999694824219,9.260000228881836,9.369999885559082,9.304713249206543,57106300.0,9.369708645089958,0.0031083193742231785,0.7314287594386509
TSLL,2026-09-15,9.345000267028809,9.539999961853027,9.100000381469727,9.25,9.18554973602295,55628800.0,9.358307821748058,-1.1573440819755643,0.7342858995710101
TSLL,2026-09-16,9.300000190734863,9.670000076293945,9.149999618530273,9.3100004196167,9.245132446289062,52227500.0,9.353707116783168,-0.4672660435138809,0.7364287376403809
TSLL,2026-09-17,9.795000076293945,10.140000343322754,9.579999923706055,9.710000038146973,9.64234447479248,70963900.0,9.387639775960674,3.4338797597643245,0.7578573226928711
TSLL,2026-09-18,9.880000114440918,9.970000267028809,9.430000305175781,9.630000114440918,9.562902450561523,67671800.0,9.410721712958793,2.330091231793352,0.745143004826137
TSLL,2026-09-21,10.010000228881836,10.350000381469727,9.979999542236328,10.1899995803833,10.118999481201172,64995400.0,9.484938652713508,7.433479050157965,0.716571535382952
TSLL,2026-09-22,10.34000015258789,10.399999618530273,9.989999771118164,10.300000190734863,10.300000190734863,60173000.0,9.562563561096495,7.711704345040826,0.688000065939767
TSLL,2026-09-23,10.375,10.739999771118164,10.239999771118164,10.390000343322754,10.390000343322754,57637100.0,9.641367064165662,7.764804245858015,0.6822857856750488
TSLL,2026-09-24,10.239999771118164,10.555000305175781,10.140000343322754,10.25,10.25,52164000.0,9.699332105673694,5.6773795177524455,0.6105000632149833
TSLL,2026-09-25,10.619999885559082,10.729999542236328,9.699999809265137,9.9399995803833,9.9399995803833,89392700.0,9.7222528175508,2.2396739409966893,0.5855000359671456
TSLL,2026-09-28,9.720000267028809,9.779999732971191,9.109999656677246,,,63655691.0,9.7222528175508,,0.5876428740365165
WDC,2026-08-17,525.530029296875,548.5999755859375,519.0700073242188,536.010009765625,535.8380126953125,9305300.0,536.010009765625,0.0,
WDC,2026-08-18,496.07000732421875,520.0,490.2300109863281,496.1600036621094,496.00079345703125,9440100.0,532.2147710890997,-6.774477031745951,
WDC,2026-08-19,494.2799987792969,500.0,460.2799987792969,462.0899963378906,461.94171142578125,6981500.0,525.5362211127941,-12.072664495048425,38.34332275390625
WDC,2026-08-20,463.3900146484375,477.2799987792969,453.70001220703125,469.04998779296875,468.89947509765625,5365500.0,520.1565798442393,-9.825232253444616,34.652488708496094
WDC,2026-08-21,477.2699890136719,478.79998779296875,454.3299865722656,459.44000244140625,459.2925720214844,4341800.0,514.3740486630171,-10.679785724882073,32.6159912109375
WDC,2026-08-24,446.3500061035156,446.989990234375,419.5400085449219,435.3800048828125,435.24029541015625,7763000.0,506.85080639823576,-14.100954484674965,33.82999165852865
WDC,2026-08-25,446.7200012207031,452.0,430.3399963378906,450.75,450.6053466796875,4746400.0,501.50787245554665,-10.121051980105412,32.091421944754465
WDC,2026-08-26,449.8800048828125,470.0,448.010009765625,468.8800048828125,468.7295227050781,5158500.0,498.40045649623863,-5.923038638639156,30.82874298095703
WDC,2026-08-27,477.7900085449219,479.8500061035156,443.0199890136719,462.0,461.85174560546875,7618200.0,494.9337463537397,-6.654172724403651,31.49555121527778
WDC,2026-08-28,462.25,475.010009765625,455.07000732421875,459.45001220703125,459.3025817871094,4317400.0,491.55434310167226,-6.531186499556696,30.339996337890625
WDC,2026-08-31,456.8999938964844,459.45001220703125,444.5199890136719,450.54998779296875,450.4053955078125,5854800.0,487.6491664056053,-7.607760080077542,28.939089688387785
WDC,2026-09-01,443.07000732421875,457.67999267578125,439.2799987792969,450.44000244140625,450.2954406738281,5497900.0,484.105436504253,-6.9541532741186245,28.060831705729168
WDC,2026-09-02,444.92999267578125,456.9800109863281,437.3999938964844,448.8999938964844,448.7559509277344,4042700.0,480.75253720827504,-6.625559065534636,27.408461350661057
WDC,2026-09-03,442.9100036621094,449.4700012207031,420.8800048828125,441.57000732421875,441.4283142089844,5514300.0,477.0208676955078,-7.4317210780636245,27.49285670689174
WDC,2026-09-04,452.2200012207031,468.19000244140625,442.1499938964844,467.4599914550781,467.3099670410156,5805000.0,476.1103080535621,-1.8168723617533633,27.285001482282365
WDC,2026-09-08,480.010009765625,489.20001220703125,464.5400085449219,477.29998779296875,477.29998779296875,6407800.0,476.22361088588656,0.22602342313096102,25.77643040248326
WDC,2026-09-09,474.6400146484375,495.489990234375,471.7200012207031,482.2799987792969,482.2799987792969,4027100.0,476.80040973287805,1.149241681543156,24.63714381626674
WDC,2026-09-10,466.6099853515625,471.2300109863281,456.75,460.92999267578125,460.92999267578125,4518300.0,475.28894144172597,-3.0210988546017448,24.77643040248326
WDC,2026-09-11,464.1600036621094,472.42999267578125,442.7799987792969,447.17999267578125,447.17999267578125,5122100.0,472.61189870211217,-5.3811395980871595,25.146429879324778
WDC,2026-09-14,417.32000732421875,436.2799987792969,416.0,426.94000244140625,426.94000244140625,7296100.0,468.2621942963307,-8.82458425178234,24.523572649274552
WDC,2026-09-15,430.25,430.25,407.1199951171875,411.9599914550781,411.9599914550781,7860800.0,462.90007974002094,-11.004553793456317,24.628572736467635
WDC,2026-09-16,421.45001220703125,428.1400146484375,414.6000061035156,416.9700012207031,416.9700012207031,7624200.0,458.52578654770497,-9.062911300993626,24.213575090680802
WDC,2026-09-17,427.2799987792969,433.20001220703125,416.30999755859375,423.8699951171875,423.8699951171875,7143000.0,455.2252349828938,-6.887851871147821,22.789289202008927
WDC,2026-09-18,427.5,448.8500061035156,424.54998779296875,441.3599853515625,441.3599853515625,13518900.0,453.90473501800517,-2.7637406483422278,23.14928981236049
WDC,2026-09-21,455.6400146484375,460.489990234375,437.20001220703125,448.1700134277344,448.1700134277344,7636000.0,453.358571057027,-1.144471056805052,23.746429443359375
WDC,2026-09-22,440.04998779296875,474.5400085449219,438.0,464.6000061035156,464.6000061035156,8419900.0,454.42918391859735,2.23815338997686,25.042144775390625
WDC,2026-09-23,462.94000244140625,475.6600036621094,445.0199890136719,473.69000244140625,473.69000244140625,5037700.0,456.2635475874363,3.8193835440317514,25.832144601004465
WDC,2026-09-24,465.739990234375,468.0,449.2099914550781,450.30999755859375,450.30999755859375,7212500.0,455.6965428227846,-1.1820465502819455,25.53857421875
WDC,2026-09-25,455.239990234375,461.9800109863281,447.69000244140625,456.80999755859375,456.80999755859375,5935300.0,455.8025861309569,0.22101924348174595,24.657860892159597
WDC,2026-09-28,449.25,459.989990234375,432.0400085449219,,,7201583.0,455.8025861309569,,24.892859322684153
WTTR,2026-08-17,21.059999465942383,21.3700008392334,20.809999465942383,21.31999969482422,21.31999969482422,1041600.0,21.31999969482422,0.0,
WTTR,2026-08-18,21.450000762939453,21.610000610351562,21.031999588012695,21.09000015258789,21.09000015258789,1027200.0,21.298094976515998,-0.9770583902342422,
WTTR,2026-08-19,21.200000762939453,21.260000228881836,20.280000686645508,20.450000762939453,20.450000762939453,1084600.0,21.217324099032517,-3.616494391618652,0.7060006459554037
WTTR,2026-08-20,20.610000610351562,20.790000915527344,19.90999984741211,19.959999084472656,19.959999084472656,1020700.0,21.097578859550623,-5.391992051083139,0.7495007514953613
WTTR,2026-08-21,20.510000228881836,20.610000610351562,19.459999084472656,19.719999313354492,19.719999313354492,1319500.0,20.966380807531944,-5.944666872261061,0.8296009063720703
WTTR,2026-08-24,19.639999389648438,19.639999389648438,18.94499969482422,19.209999084472656,19.209999084472656,1257400.0,20.799106357716777,-7.640267066832607,0.8205006917317709
WTTR,2026-08-25,19.229999542236328,19.65999984741211,18.950000762939453,18.969999313354492,18.969999313354492,1200300.0,20.62490568682513,-8.02382516846012,0.8047147478376117
WTTR,2026-08-26,18.8700008392334,19.239999771118164,18.389999389648438,19.229999542236328,19.229999542236328,889500.0,20.492057482578577,-6.158766348450828,0.810375452041626
WTTR,2026-08-27,19.399999618530273,19.84000015258789,18.959999084472656,19.540000915527344,19.540000915527344,1519600.0,20.401385428573697,-4.2221863611278,0.8181116316053603
WTTR,2026-08-28,19.540000915527344,19.756999969482422,19.045000076293945,19.280000686645508,19.280000686645508,1354500.0,20.294586881723394,-4.999294644384145,0.8075004577636719
WTTR,2026-08-31,19.65999984741211,19.829999923706055,19.110000610351562,19.5,19.5,1507700.0,20.21891194060688,-3.5556410884951983,0.7995458082719282
WTTR,2026-09-01,19.729999542236328,20.31999969482422,19.3700008392334,20.06999969482422,20.06999969482422,1657400.0,20.20472982196091,-0.6668246906734177,0.8120835622151693
WTTR,2026-09-02,19.760000228881836,20.049999237060547,19.469999313354492,19.770000457763672,19.770000457763672,1472500.0,20.163327025370698,-1.95070271444846,0.7957694713885968
WTTR,2026-09-03,19.670000076293945,20.31999969482422,19.420000076293945,20.170000076293945,20.170000076293945,1002900.0,20.163962554030054,0.02994214181717414,0.8032144818987165
WTTR,2026-09-04,20.1200008392334,20.219999313354492,19.854000091552734,20.059999465942383,20.059999465942383,1097800.0,20.154061307545515,-0.46671407895299,0.7893571853637695
WTTR,2026-09-08,20.440000534057617,20.969999313354492,20.437999725341797,20.799999237060547,20.799999237060547,1037600.0,20.215579205594565,2.890938842376811,0.8130713871547154
WTTR,2026-09-09,20.8799991607666,21.18000030517578,20.270000457763672,20.5,20.5,1373600.0,20.242666900299845,1.271241091737485,0.8080714089529855
WTTR,2026-09-10,20.709999084472656,20.709999084472656,20.149999618530273,20.360000610351562,20.360000610351562,1564000.0,20.25384153935239,0.5241428930551795,0.7852141516549247
WTTR,2026-09-11,20.520000457763672,20.899999618530273,20.43000030517578,20.639999389648438,20.639999389648438,1590900.0,20.29061847747582,1.7218839956034682,0.7416425432477679
WTTR,2026-09-14,20.399999618530273,20.700000762939453,19.889999389648438,20.049999237060547,20.049999237060547,1757400.0,20.267702359341033,-1.074138145610526,0.7441426685878209
WTTR,2026-09-15,20.329999923706055,20.860000610351562,20.315000534057617,20.670000076293945,20.670000076293945,1247000.0,20.30601642762226,1.7924916488128106,0.7512856892177037
WTTR,2026-09-16,20.6299991607666,20.799999237060547,19.739999771118164,20.309999465942383,20.309999465942383,2057000.0,20.306395764605128,0.017746632041593102,0.7662856238228934
WTTR,2026-09-17,20.399999618530273,20.739999771118164,20.139999389648438,20.360000610351562,20.360000610351562,1474500.0,20.311500988009552,0.23877911519507578,0.7462855747767857
WTTR,2026-09-18,20.360000610351562,20.8700008392334,20.15999984741211,20.780000686645508,20.780000686645508,3040700.0,20.35612000692726,2.0823255098417537,0.7461427961077008
WTTR,2026-09-21,20.770000457763672,20.92799949645996,20.260000228881836,20.600000381469727,20.600000381469727,1575200.0,20.379346709264638,1.0827318233158856,0.7424285071236747
WTTR,2026-09-22,20.34000015258789,21.020000457763672,20.0,20.270000457763672,20.270000457763672,2172100.0,20.36893278055026,-0.48570204365864234,0.7474286215645927
WTTR,2026-09-23,20.31999969482422,20.420000076293945,19.184999465942383,19.290000915527344,19.290000915527344,1238400.0,20.26617736483379,-4.816776404021439,0.792785780770438
WTTR,2026-09-24,19.459999084472656,19.8799991607666,19.030000686645508,19.530000686645508,19.530000686645508,2085300.0,20.19606530024443,-3.2979919786200185,0.7892142704554966
WTTR,2026-09-25,20.450000762939453,21.059999465942383,19.649999618530273,19.84000015258789,19.84000015258789,4765700.0,20.16215433380095,-1.5978162644702198,0.8723570959908622
WTTR,2026-09-28,20.020000457763672,20.440000534057617,19.640100479125977,,,1920150.0,20.16215433380095,,0.8644928250994001
