ticker,date,open,high,low,close,adj_close,volume,ema20,dist_ema20_pct,atr14
AG,2026-08-26,20.6299991607666,21.309999465942383,20.6299991607666,20.989999771118164,20.989999771118164,6854700.0,20.989999771118164,0.0,
AG,2026-08-27,20.93000030517578,21.8700008392334,20.920000076293945,21.739999771118164,21.739999771118164,8450200.0,21.061428342546737,3.22186804016813,
AG,2026-08-28,22.149999618530273,22.190000534057617,20.3799991607666,20.760000228881836,20.760000228881836,14989300.0,21.03272090315008,-1.296649518262738,1.14666748046875
AG,2026-08-31,20.760000228881836,20.760000228881836,20.190000534057617,20.59000015258789,20.59000015258789,6944900.0,20.990557022144156,-1.9082717487377554,1.0025005340576172
AG,2026-09-01,19.729999542236328,20.770000457763672,19.549999237060547,19.860000610351562,19.860000610351562,12433800.0,20.882884982925816,-4.898194734159478,1.0460006713867187
AG,2026-09-02,20.479999542236328,21.229999542236328,20.399999618530273,21.200000762939453,21.200000762939453,9551800.0,20.913086485784255,1.3719365496347447,1.1000003814697266
AG,2026-09-03,22.0,22.030000686645508,20.959999084472656,21.389999389648438,21.389999389648438,10076800.0,20.95850676234275,2.05879470421515,1.095714841570173
AG,2026-09-04,20.709999084472656,21.229999542236328,20.489999771118164,20.969999313354492,20.969999313354492,7556600.0,20.959601291010536,0.04960982892558974,1.0712504386901855
AG,2026-09-08,20.989999771118164,21.219999313354492,20.719999313354492,20.75,20.75,6689200.0,20.939639263295245,-0.9056472316008812,1.0077781677246094
AG,2026-09-09,21.209999084472656,21.489999771118164,20.8700008392334,21.18000030517578,21.18000030517578,9402100.0,20.962530791093393,1.0374201295140661,0.9810003280639649
AG,2026-09-10,20.139999389648438,20.59000015258789,19.920000076293945,20.149999618530273,20.149999618530273,9077600.0,20.885146869896907,-3.5199525095332196,1.006363955411044
AG,2026-09-11,20.459999084472656,20.75,19.43000030517578,19.559999465942383,19.559999465942383,9409800.0,20.758942355234574,-5.775549008111513,1.0325002670288086
AG,2026-09-14,18.81999969482422,19.06999969482422,18.43000030517578,18.799999237060547,18.799999237060547,9375400.0,20.572376343979904,-8.615325119881001,1.0400001819317157
AG,2026-09-15,18.90999984741211,19.010000228881836,18.280000686645508,18.639999389648438,18.639999389648438,5484800.0,20.388340443567383,-8.575200412991713,1.017857279096331
AG,2026-09-16,19.059999465942383,19.18000030517578,17.93000030517578,18.329999923706055,18.329999923706055,11636400.0,20.1923080131044,-9.22285896287709,1.0585715430123466
AG,2026-09-17,19.25,19.639999389648438,18.969999313354492,19.489999771118164,19.489999771118164,7590600.0,20.125421513867618,-3.157308990083063,1.0842857360839844
AG,2026-09-18,19.709999084472656,19.950000762939453,19.270000457763672,19.84000015258789,19.84000015258789,12018400.0,20.098238527079072,-1.2848806334109675,1.0035713740757533
AG,2026-09-21,19.959999084472656,20.09000015258789,19.020000457763672,19.309999465942383,19.309999465942383,10516700.0,20.023168140304147,-3.5617174533247087,1.039285659790039
AG,2026-09-22,19.3700008392334,20.450000762939453,19.239999771118164,20.31999969482422,20.31999969482422,10034600.0,20.0514378121632,1.339364713776825,1.0385713577270508
AG,2026-09-23,19.6200008392334,19.719999313354492,18.889999389648438,19.049999237060547,19.049999237060547,10638100.0,19.95606270977247,-4.540291769419158,1.0428571701049805
AG,2026-09-24,18.850000381469727,18.899999618530273,18.3799991607666,18.760000228881836,18.760000228881836,8719700.0,19.842151997306697,-5.4538024331823864,1.0142856325422014
AG,2026-09-25,18.760000228881836,19.1200008392334,18.510000228881836,19.010000228881836,19.010000228881836,6029300.0,19.7628994479329,-3.809659716352054,0.9935714176722935
AG,2026-09-28,17.860000610351562,18.270000457763672,17.610000610351562,17.950000762939453,17.950000762939453,10087800.0,19.590242430314476,-8.372748184253542,1.0578571047101701
AG,2026-09-29,18.040000915527344,18.110000610351562,17.600000381469727,18.079999923706055,18.079999923706055,13683100.0,19.446409810637483,-7.026540632626088,1.041428565979004
AG,2026-09-30,18.139999389648438,18.219999313354492,17.670000076293945,17.690000534057617,17.690000534057617,9085900.0,19.279132736677496,-8.242757723207339,0.9907142094203404
AG,2026-10-01,17.65999984741211,17.90999984741211,17.450000762939453,17.65999984741211,17.65999984741211,8928900.0,19.124929604366507,-7.6597916293502655,0.9292855943952288
AG,2026-10-02,17.989999771118164,18.06999969482422,17.440000534057617,17.670000076293945,17.670000076293945,9151400.0,18.986364887407216,-6.933211380480497,0.893571308680943
AG,2026-10-05,17.81999969482422,17.81999969482422,17.110000610351562,17.510000228881836,17.510000228881836,7766800.0,18.845758729452417,-7.087846765665306,0.8921427045549665
AG,2026-10-06,17.6299991607666,17.790000915527344,17.190000534057617,17.540000915527344,17.540000915527344,9473600.0,18.72140084241193,-6.310424827869799,0.8457141603742327
AG,2026-10-07,17.6299991607666,16.860000610351562,16.459999084472656,16.47909927368164,16.47909927368164,1486599.0,18.507848312056666,-10.961560761514487,0.8292857578822544
AKAM,2026-08-26,105.55999755859375,109.52999877929688,105.41999816894531,108.05999755859375,108.05999755859375,3374800.0,108.05999755859375,0.0,
AKAM,2026-08-27,109.75,111.8499984741211,108.81999969482422,111.23999786376953,111.23999786376953,3042400.0,108.36285473051525,2.6551009018813465,
AKAM,2026-08-28,110.91000366210938,112.4000015258789,106.87999725341797,107.47000122070312,107.47000122070312,2583100.0,108.27782106291409,-0.7460621522311417,4.473335266113281
AKAM,2026-08-31,107.05999755859375,109.69000244140625,107.02999877929688,108.62000274658203,108.62000274658203,2403400.0,108.31040979469198,0.28583859342505846,4.020002365112305
AKAM,2026-09-01,108.91999816894531,109.98999786376953,105.77999877929688,106.45999908447266,106.45999908447266,2700900.0,108.13418020324252,-1.5482441496510901,4.058001708984375
AKAM,2026-09-02,106.0,106.33999633789062,104.01000213623047,105.08999633789062,105.08999633789062,2172400.0,107.84425793035187,-2.553925118794931,3.7900009155273438
AKAM,2026-09-03,105.41999816894531,106.55999755859375,102.55000305175781,106.5,106.5,3350700.0,107.71623336555645,-1.1291087030762759,3.8214285714285716
AKAM,2026-09-04,105.0,106.5,104.0,105.22000122070312,105.22000122070312,1758400.0,107.47849697080851,-2.1013466077021814,3.65625
AKAM,2026-09-08,102.69000244140625,108.11000061035156,100.7699966430664,105.61000061035156,105.61000061035156,3766700.0,107.30054493647927,-1.5755225913610116,4.065555996365017
AKAM,2026-09-09,108.76000213623047,112.76000213623047,107.93000030517578,110.75,110.75,4566500.0,107.62906446633839,2.899714449007118,4.374000549316406
AKAM,2026-09-10,109.08000183105469,111.18000030517578,106.62999725341797,107.12999725341797,107.12999725341797,2929400.0,107.58153425558406,-0.41971608351798473,4.390000776811079
AKAM,2026-09-11,107.62999725341797,110.73999786376953,106.30999755859375,106.79000091552734,106.79000091552734,3688400.0,107.5061501279596,-0.666147203280798,4.393334070841472
AKAM,2026-09-14,105.43000030517578,107.86000061035156,102.5,105.56999969482422,105.56999969482422,4585200.0,107.32175484861338,-1.6322460961062046,4.46769303541917
AKAM,2026-09-15,105.62999725341797,107.41999816894531,103.93000030517578,105.4000015258789,105.4000015258789,2826400.0,107.13873072263867,-1.6228764192297462,4.397857666015625
AKAM,2026-09-16,105.38999938964844,107.26000213623047,103.75,104.4800033569336,104.4800033569336,2502600.0,106.88551859257151,-2.2505529910064936,4.3550006321498325
AKAM,2026-09-17,105.05999755859375,109.8499984741211,104.30999755859375,107.08000183105469,107.08000183105469,2859700.0,106.90404080576039,0.1645971695438675,4.4800006321498325
AKAM,2026-09-18,107.25,107.25,102.61000061035156,104.5199966430664,104.5199966430664,4817000.0,106.67698898074191,-2.0219846456904556,4.417143140520368
AKAM,2026-09-21,106.04000091552734,117.58000183105469,105.4000015258789,117.41000366210938,117.41000366210938,4703100.0,107.69918085515785,9.01661714587354,5.160000392368862
AKAM,2026-09-22,117.87000274658203,122.79000091552734,116.0999984741211,118.33999633789062,118.33999633789062,4670700.0,108.71259185351336,8.855831988027552,5.33714348929269
AKAM,2026-09-23,117.33000183105469,119.4800033569336,113.76000213623047,118.44000244140625,118.44000244140625,3919400.0,109.63901190950315,8.027243568345455,5.570715223039899
AKAM,2026-09-24,116.73999786376953,118.0,110.30999755859375,110.41000366210938,110.41000366210938,7058400.0,109.71243969546566,0.635811188393931,5.865001678466797
AKAM,2026-09-25,125.2300033569336,128.4600067138672,113.83999633789062,113.94000244140625,113.94000244140625,31946800.0,110.11506471888858,3.473582594972191,6.975716182163784
AKAM,2026-09-28,112.8499984741211,115.0999984741211,108.80000305175781,108.98999786376953,108.98999786376953,8243100.0,110.00791549459153,-0.925313079741108,6.901429857526507
AKAM,2026-09-29,110.77999877929688,111.43000030517578,105.75,108.44999694824219,108.44999694824219,6052000.0,109.85954229970112,-1.2830431676236542,6.796429770333426
AKAM,2026-09-30,108.83999633789062,113.43000030517578,106.33000183105469,106.3499984741211,106.3499984741211,6279000.0,109.52530003059826,-2.8991489232077727,6.978572300502232
AKAM,2026-10-01,107.16000366210938,108.0999984741211,104.0,106.93000030517578,106.93000030517578,5590400.0,109.27812862817707,-2.1487633001026962,6.955000741141183
AKAM,2026-10-02,108.75,113.12999725341797,108.5,108.91999816894531,108.91999816894531,5039400.0,109.2440209653931,-0.2966046046130377,7.015000479561942
AKAM,2026-10-05,108.87000274658203,109.54000091552734,106.2699966430664,107.98999786376953,107.98999786376953,3619700.0,109.12459019380991,-1.0397219618651476,6.999286651611328
AKAM,2026-10-06,109.5,111.5999984741211,107.51000213623047,108.62000274658203,108.62000274658203,2803800.0,109.07653424645487,-0.4185423592954707,7.040714808872768
AKAM,2026-10-07,107.18000030517578,107.62000274658203,107.0,107.16500091552734,107.16500091552734,135736.0,108.8944834530332,-1.5882186890135652,6.760714939662388
AMAT,2026-08-26,479.739990234375,480.6700134277344,472.3999938964844,479.760009765625,479.760009765625,5193000.0,479.760009765625,0.0,
AMAT,2026-08-27,481.5,484.9800109863281,471.0,482.3599853515625,482.3599853515625,6285600.0,480.00762648809524,0.49006697678493083,
AMAT,2026-08-28,476.260009765625,477.9700012207031,460.510009765625,461.6700134277344,461.6700134277344,6524800.0,478.26118714901327,-3.4690612926759457,14.700002034505209
AMAT,2026-08-31,462.4100036621094,465.8999938964844,453.9100036621094,458.3900146484375,458.3900146484375,6174000.0,476.36869452991084,-3.7741102822079875,14.022499084472656
AMAT,2026-09-01,450.7200012207031,451.45001220703125,438.8299865722656,441.8500061035156,441.8500061035156,7142500.0,473.08120039406367,-6.6016561775300575,15.1300048828125
AMAT,2026-09-02,443.5,443.5,433.57000732421875,438.4599914550781,438.4599914550781,6518400.0,469.7839423998746,-6.667735551960163,14.263336181640625
AMAT,2026-09-03,432.4200134277344,437.1400146484375,426.1300048828125,435.9100036621094,435.9100036621094,5999200.0,466.5578529962779,-6.568927976958316,13.987143380301339
AMAT,2026-09-04,452.5,460.20001220703125,443.3599853515625,454.7099914550781,454.7099914550781,6009400.0,465.42948523044936,-2.3031402426220704,15.275001525878906
AMAT,2026-09-08,464.0199890136719,472.8900146484375,458.1499938964844,472.7900085449219,472.7900085449219,6304600.0,466.1304874508753,1.4286817261118134,15.597781711154514
AMAT,2026-09-09,466.6600036621094,474.0400085449219,463.7799987792969,468.8500061035156,468.8500061035156,3936600.0,466.38948922731726,0.5275669656009674,15.064004516601562
AMAT,2026-09-10,455.3999938964844,460.8599853515625,450.55999755859375,454.010009765625,454.010009765625,4837400.0,465.21049118334656,-2.407615827672138,15.357277610085227
AMAT,2026-09-11,461.19000244140625,464.57000732421875,452.70001220703125,456.489990234375,456.489990234375,4313100.0,464.3799672834445,-1.699034757081519,15.066670735677084
AMAT,2026-09-14,422.20001220703125,432.510009765625,419.6000061035156,424.2099914550781,424.2099914550781,8056600.0,460.55425529979055,-7.891418530278194,16.745387150691105
AMAT,2026-09-15,429.8500061035156,429.989990234375,416.760009765625,421.1700134277344,421.1700134277344,5630600.0,456.8033751214995,-7.80059072118009,16.494286673409597
AMAT,2026-09-16,429.7300109863281,430.739990234375,411.510009765625,415.3800048828125,415.3800048828125,5511000.0,452.85829224162455,-8.275941503311445,17.27714102608817
AMAT,2026-09-17,427.5799865722656,428.5400085449219,413.55999755859375,417.3999938964844,417.3999938964844,6929300.0,449.4813114468493,-7.137408549222524,17.34856959751674
AMAT,2026-09-18,421.69000244140625,445.0,420.0,444.57000732421875,444.57000732421875,14302900.0,449.01356819707496,-0.9896273047379056,17.759286063058035
AMAT,2026-09-21,455.95001220703125,468.510009765625,452.6600036621094,464.239990234375,464.239990234375,9491100.0,450.4637036291988,3.0582456464719243,18.612858363560267
AMAT,2026-09-22,457.8999938964844,472.489990234375,453.3399963378906,472.4599914550781,472.4599914550781,5807700.0,452.5585881840444,4.397530792839643,18.583570207868302
AMAT,2026-09-23,471.2300109863281,474.8999938964844,461.0,474.3800048828125,474.3800048828125,4585600.0,454.6368183458319,4.34262816830695,18.867141723632812
AMAT,2026-09-24,463.7900085449219,474.79998779296875,460.54998779296875,474.25,474.25,4159900.0,456.50474040813367,3.8872016040844004,19.004285539899552
AMAT,2026-09-25,478.8900146484375,487.67999267578125,476.3599853515625,485.0,485.0,5201600.0,459.2185746549781,5.614194801330075,18.228570120675222
AMAT,2026-09-28,482.20001220703125,487.45001220703125,471.3800048828125,486.760009765625,486.760009765625,6092100.0,461.8415684750397,5.3954522484547685,18.077854701450892
AMAT,2026-09-29,504.7099914550781,513.280029296875,499.1700134277344,512.010009765625,512.010009765625,7161200.0,466.6195152646193,9.727517391822937,19.239283970424108
AMAT,2026-09-30,513.8200073242188,515.4199829101562,506.7799987792969,511.3800048828125,511.3800048828125,6265900.0,470.88241903778055,8.600360558753994,18.549996512276785
AMAT,2026-10-01,516.6500244140625,533.8800048828125,515.510009765625,529.2999877929688,529.2999877929688,6079500.0,476.44599701446515,11.093385422419422,19.309282575334823
AMAT,2026-10-02,543.2100219726562,547.25,535.0999755859375,540.0399780273438,540.0399780273438,6074600.0,482.5025666347393,11.924788668774266,17.956427437918528
AMAT,2026-10-05,540.989990234375,545.8099975585938,533.5900268554688,542.280029296875,542.280029296875,4644000.0,488.19565831684747,11.078421132726636,17.884283883231028
AMAT,2026-10-06,546.0,546.0,526.52001953125,530.27001953125,530.27001953125,4876100.0,492.20274033726673,7.734064862763423,17.90214102608817
AMAT,2026-10-07,516.9099731445312,522.0,516.0,516.89501953125,516.89501953125,413611.0,494.55438597478894,4.5173259382639275,17.851427350725448
AMPX,2026-08-26,10.140000343322754,10.439000129699707,9.951000213623047,10.199999809265137,10.199999809265137,4522500.0,10.199999809265137,0.0,
AMPX,2026-08-27,10.5600004196167,10.640000343322754,10.35099983215332,10.510000228881836,10.510000228881836,3531400.0,10.229523658752441,2.741834121371012,
AMPX,2026-08-28,10.550000190734863,10.550000190734863,9.880000114440918,9.890000343322754,9.890000343322754,3648000.0,10.197188104901995,-3.0124751884450407,0.5326668421427408
AMPX,2026-08-31,9.75,9.946000099182129,9.609999656677246,9.880000114440918,9.880000114440918,3814600.0,10.166979724858082,-2.822663349229515,0.48350024223327637
AMPX,2026-09-01,9.640000343322754,9.6899995803833,9.395000457763672,9.479999542236328,9.479999542236328,4029500.0,10.101553040798867,-6.15304890299705,0.4838001251220703
AMPX,2026-09-02,9.569999694824219,9.649999618530273,9.369999885559082,9.520000457763672,9.520000457763672,5401400.0,10.0461670805098,-5.237486282374548,0.44983339309692383
AMPX,2026-09-03,9.539999961853027,9.710000038146973,9.395000457763672,9.630000114440918,9.630000114440918,4102700.0,10.006532131360382,-3.762862218164631,0.43057141985212055
AMPX,2026-09-04,9.619999885559082,9.944999694824219,9.609999656677246,9.890000343322754,9.890000343322754,4186400.0,9.995433865832988,-1.054816868636721,0.41862499713897705
AMPX,2026-09-08,10.140000343322754,10.600000381469727,10.0,10.390000343322754,10.390000343322754,5674800.0,10.033011625593916,3.558141174860885,0.451000001695421
AMPX,2026-09-09,10.319999694824219,10.399999618530273,9.835000038146973,9.869999885559082,9.869999885559082,5646400.0,10.017486697971552,-1.4722935688283534,0.462399959564209
AMPX,2026-09-10,9.609999656677246,9.9399995803833,9.529999732971191,9.550000190734863,9.550000190734863,3795700.0,9.97296417347282,-4.241106008011153,0.4576363130049272
AMPX,2026-09-11,9.550000190734863,9.779999732971191,9.420000076293945,9.4399995803833,9.4399995803833,3548500.0,9.922205640797628,-4.859867632974835,0.4494999249776204
AMPX,2026-09-14,8.930000305175781,9.319999694824219,8.850000381469727,9.170000076293945,9.170000076293945,4456600.0,9.850567015606801,-6.908911316826694,0.4603075614342323
AMPX,2026-09-15,9.170000076293945,9.279999732971191,8.930000305175781,9.15999984741211,9.15999984741211,3768400.0,9.784798713873974,-6.385403366304865,0.45242840903145926
AMPX,2026-09-16,9.260000228881836,9.289999961853027,8.755000114440918,9.100000381469727,9.100000381469727,5003200.0,9.71957982507357,-6.374549669374763,0.4557855469839914
AMPX,2026-09-17,9.489999771118164,9.774999618530273,9.395000457763672,9.539999961853027,9.539999961853027,4656200.0,9.702476980957327,-1.6745931932967917,0.4725711686270578
AMPX,2026-09-18,9.699999809265137,9.850000381469727,9.199999809265137,9.5,9.5,4844800.0,9.68319345896139,-1.8918702774842644,0.47114263262067524
AMPX,2026-09-21,9.800000190734863,9.930000305175781,9.484999656677246,9.609999656677246,9.609999656677246,4086200.0,9.676222620648614,-0.6843885942645844,0.47892836162022184
AMPX,2026-09-22,9.800000190734863,10.050000190734863,9.619999885559082,9.979999542236328,9.979999542236328,4587500.0,9.70515375603792,2.8319570519675485,0.4757141385759626
AMPX,2026-09-23,9.930000305175781,10.164999961853027,9.694999694824219,9.729999542236328,9.729999542236328,5335200.0,9.707520021390149,0.23156811210944817,0.4892856052943638
AMPX,2026-09-24,9.510000228881836,9.859999656677246,9.369999885559082,9.6899995803833,9.6899995803833,4707600.0,9.705851407960926,-0.16332238060664528,0.5017856189182827
AMPX,2026-09-25,9.84000015258789,10.015000343322754,9.649999618530273,9.75,9.75,4019900.0,9.710056035774171,0.4113669795381858,0.5039285251072475
AMPX,2026-09-28,10.880000114440918,11.229999542236328,9.470000267028809,9.600000381469727,9.600000381469727,15129900.0,9.699574544888034,-1.0265827945080908,0.5789284706115723
AMPX,2026-09-29,9.5600004196167,9.729999542236328,9.324999809265137,9.529999732971191,9.529999732971191,6770300.0,9.683424562800715,-1.584406723411791,0.5674999100821358
AMPX,2026-09-30,9.75,9.989999771118164,9.619999885559082,9.680000305175781,9.680000305175781,6881300.0,9.683098443026912,-0.03199531502606767,0.5710713522774833
AMPX,2026-10-01,9.619999885559082,9.989999771118164,9.359999656677246,9.609999656677246,9.609999656677246,5315700.0,9.676136653850753,-0.6835062333187092,0.5903570992606026
AMPX,2026-10-02,9.880000114440918,9.90999984741211,9.53499984741211,9.670000076293945,9.670000076293945,5041100.0,9.67555221789296,-0.057383201226979264,0.5750000136239188
AMPX,2026-10-05,9.8149995803833,9.850000381469727,9.3100004196167,9.449999809265137,9.449999809265137,5711700.0,9.654071036118882,-2.1138359774881654,0.58857148034232
AMPX,2026-10-06,9.5600004196167,9.770000457763672,9.414999961853027,9.470000267028809,9.470000267028809,4573200.0,9.636540486681733,-1.7282158455422136,0.5757143838065011
AMPX,2026-10-07,9.5600004196167,9.229999542236328,8.930000305175781,8.989700317382812,8.989700317382812,891354.0,9.574936661034217,-6.112169347637142,0.5660715784345355
ARIS,2026-08-26,20.5,20.950000762939453,20.475000381469727,20.639999389648438,20.639999389648438,817700.0,20.639999389648438,0.0,
ARIS,2026-08-27,20.700000762939453,21.375,20.450000762939453,21.260000228881836,21.260000228881836,1274100.0,20.699047088623047,2.710043307100407,
ARIS,2026-08-28,21.329999923706055,21.46500015258789,19.860000610351562,20.270000457763672,20.270000457763672,2034400.0,20.65818550473168,-1.8790858804085042,1.0016663869222004
ARIS,2026-08-31,20.260000228881836,20.389999389648438,19.450000762939453,19.989999771118164,19.989999771118164,1095500.0,20.594548768197058,-2.9354806647303833,0.9862494468688965
ARIS,2026-09-01,19.34000015258789,19.760000228881836,18.799999237060547,18.8700008392334,18.8700008392334,1338300.0,20.430306108295756,-7.637209451447202,1.0269996643066406
ARIS,2026-09-02,19.440000534057617,20.010000228881836,19.329999923706055,19.690000534057617,19.690000534057617,1581600.0,20.35980081551117,-3.2898174570709204,1.0458329518636067
ARIS,2026-09-03,20.610000610351562,20.7549991607666,20.15999984741211,20.549999237060547,20.549999237060547,1569100.0,20.377914950896827,0.8444646401674527,1.0485709054129464
ARIS,2026-09-04,19.989999771118164,20.25,19.799999237060547,20.049999237060547,20.049999237060547,1024100.0,20.34668488291242,-1.4581522619492526,1.0112495422363281
ARIS,2026-09-08,20.0,20.420000076293945,19.860000610351562,19.979999542236328,19.979999542236328,1040500.0,20.311762469514697,-1.6333537169721302,0.9611106448703342
ARIS,2026-09-09,20.469999313354492,20.80500030517578,19.954999923706055,20.1299991607666,20.1299991607666,1147900.0,20.294451678205352,-0.8103324004331669,0.9499996185302735
ARIS,2026-09-10,19.280000686645508,19.719999313354492,19.150999069213867,19.40999984741211,19.40999984741211,1859300.0,20.210218170510757,-3.9594739470267926,0.952636025168679
ARIS,2026-09-11,19.8799991607666,20.149999618530273,19.389999389648438,19.540000915527344,19.540000915527344,1370900.0,20.146387955750434,-3.009904512684658,0.9365830421447754
ARIS,2026-09-14,18.65999984741211,18.885000228881836,18.149999618530273,18.68000030517578,18.68000030517578,2232800.0,20.00673198902904,-6.631426284816477,0.9714613694411057
ARIS,2026-09-15,18.770000457763672,18.781999588012695,18.1299991607666,18.559999465942383,18.559999465942383,854700.0,19.868947939211264,-6.587910327580449,0.9486427307128906
ARIS,2026-09-16,18.860000610351562,18.93000030517578,17.850000381469727,18.229999542236328,18.229999542236328,1368400.0,19.712857615689842,-7.522288763823259,0.9918569837297712
ARIS,2026-09-17,19.020000457763672,19.094999313354492,18.540000915527344,18.950000762939453,18.950000762939453,1256800.0,19.64020458209457,-3.5142394585052084,0.9875713075910296
ARIS,2026-09-18,19.100000381469727,19.46500015258789,18.715999603271484,19.399999618530273,19.399999618530273,1694000.0,19.617327918897967,-1.107838443982656,0.9264285223824638
ARIS,2026-09-21,19.530000686645508,19.530000686645508,18.84000015258789,19.030000686645508,19.030000686645508,1246600.0,19.56139199201678,-2.7165311425083605,0.9085715157645089
ARIS,2026-09-22,18.81999969482422,20.020000457763672,18.81999969482422,19.84000015258789,19.84000015258789,1662800.0,19.58792610254736,1.286884832630375,0.9092858178274972
ARIS,2026-09-23,19.15999984741211,19.190000534057617,18.540000915527344,18.889999389648438,18.889999389648438,2203500.0,19.521456891795083,-3.2346843047971974,0.9207143783569336
ARIS,2026-09-24,18.649999618530273,18.700000762939453,18.084999084472656,18.649999618530273,18.649999618530273,1900100.0,19.43846096100796,-4.056192226633981,0.9021430696759906
ARIS,2026-09-25,18.65999984741211,19.110000610351562,18.420000076293945,18.93000030517578,18.93000030517578,1467700.0,19.39003613664299,-2.3725372568947467,0.8978573935372489
ARIS,2026-09-28,17.729999542236328,18.094999313354492,17.295000076293945,17.5,17.5,3087900.0,19.210032695057944,-8.901768790314835,0.9746431623186383
ARIS,2026-09-29,17.540000915527344,17.885000228881836,17.40999984741211,17.75,17.75,1301800.0,19.070981962195283,-6.926659386569012,0.9478574480329242
ARIS,2026-09-30,18.010000228881836,18.010000228881836,17.3799991607666,17.399999618530273,17.399999618530273,1656500.0,18.91184078660814,-7.994151310476505,0.922928946358817
ARIS,2026-10-01,17.389999389648438,17.600000381469727,16.90999984741211,17.31999969482422,17.31999969482422,2390300.0,18.76023687310491,-7.677073525363875,0.917928968157087
ARIS,2026-10-02,17.520000457763672,17.924999237060547,17.389999389648438,17.5,17.5,1531600.0,18.640214313761586,-6.1169592504083825,0.8618574142456055
ARIS,2026-10-05,17.610000610351562,17.823999404907227,17.149999618530273,17.56999969482422,17.56999969482422,1133600.0,18.538289111958026,-5.2231865156812995,0.8634287970406669
ARIS,2026-10-06,17.729999542236328,17.799999237060547,17.27899932861328,17.65999984741211,17.65999984741211,981000.0,18.454642515334605,-4.3059228444127235,0.823500224522182
ARIS,2026-10-07,17.729999542236328,17.049999237060547,16.56999969482422,16.575000762939453,16.575000762939453,75278.0,18.275629015106496,-9.305443061693342,0.8395716803414481
ASM,2026-08-26,7.309999942779541,7.670000076293945,7.28000020980835,7.590000152587891,7.590000152587891,3592100.0,7.590000152587891,0.0,
ASM,2026-08-27,7.570000171661377,7.769999980926514,7.550000190734863,7.730000019073486,7.730000019073486,3890500.0,7.603333473205566,1.6659343735783372,
ASM,2026-08-28,7.840000152587891,7.900000095367432,7.289999961853027,7.46999979019165,7.46999979019165,5604200.0,7.590635027204241,-1.589264094245657,0.4066665967305501
ASM,2026-08-31,7.369999885559082,7.420000076293945,7.159999847412109,7.300000190734863,7.300000190734863,2832400.0,7.562955518969063,-3.476885822938758,0.38249993324279785
ASM,2026-09-01,6.989999771118164,7.360000133514404,6.920000076293945,7.010000228881836,7.010000228881836,3462400.0,7.510293110389327,-6.661429509527572,0.3939999580383301
ASM,2026-09-02,7.190000057220459,7.599999904632568,7.179999828338623,7.5,7.5,4380400.0,7.509312814161772,-0.12401686269094547,0.4266665776570638
ASM,2026-09-03,7.800000190734863,7.840000152587891,7.46999979019165,7.690000057220459,7.690000057220459,5350700.0,7.526521123024504,2.172038469351456,0.41857140404837473
ASM,2026-09-04,7.360000133514404,7.599999904632568,7.320000171661377,7.329999923706055,7.329999923706055,5042300.0,7.507804818327509,-2.3682674087026068,0.41249996423721313
ASM,2026-09-08,7.320000171661377,7.480000019073486,7.28000020980835,7.300000190734863,7.300000190734863,4087500.0,7.4880139014139235,-2.5108622013049198,0.3888888359069824
ASM,2026-09-09,7.480000019073486,7.550000190734863,7.260000228881836,7.360000133514404,7.360000133514404,5214400.0,7.475822113994922,-1.549287539409161,0.3789999485015869
ASM,2026-09-10,7.079999923706055,7.300000190734863,7.010000228881836,7.119999885559082,7.119999885559082,3370000.0,7.441934282715318,-4.32595055164573,0.3763635808771307
ASM,2026-09-11,7.21999979019165,7.300000190734863,6.429999828338623,6.489999771118164,6.489999771118164,6046500.0,7.351273853039398,-11.715984183681838,0.41749997933705646
ASM,2026-09-14,6.190000057220459,6.360000133514404,6.079999923706055,6.230000019073486,6.230000019073486,3430700.0,7.244485868852168,-14.003558957033613,0.41692304611206055
ASM,2026-09-15,6.28000020980835,6.309999942779541,6.03000020980835,6.139999866485596,6.139999866485596,3448300.0,7.139296725769637,-13.997133018397045,0.40714280945914133
ASM,2026-09-16,6.300000190734863,6.309999942779541,5.829999923706055,5.96999979019165,5.96999979019165,3976700.0,7.027935112857448,-15.053288137654096,0.4135713917868478
ASM,2026-09-17,6.289999961853027,6.349999904632568,6.150000095367432,6.289999961853027,6.289999961853027,3007500.0,6.957655574666551,-9.59598539549037,0.4249999863760812
ASM,2026-09-18,6.400000095367432,6.460000038146973,6.25,6.380000114440918,6.380000114440918,2723700.0,6.902640768930777,-7.57160443351329,0.3964285509926932
ASM,2026-09-21,6.429999828338623,6.440000057220459,6.139999866485596,6.179999828338623,6.179999828338623,3239400.0,6.833817822207715,-9.567389867262676,0.39571428298950195
ASM,2026-09-22,6.170000076293945,6.519999980926514,6.150000095367432,6.489999771118164,6.489999771118164,3306000.0,6.801073245913472,-4.573888025426298,0.39071427072797504
ASM,2026-09-23,6.239999771118164,6.260000228881836,5.949999809265137,6.039999961853027,6.039999961853027,3374500.0,6.728590076002954,-10.233794990806988,0.38714286259242464
ASM,2026-09-24,5.929999828338623,5.96999979019165,5.809999942779541,5.909999847412109,5.909999847412109,2561300.0,6.650629101851445,-11.136228514579994,0.3771428380693708
ASM,2026-09-25,5.980000019073486,5.980000019073486,5.769999980926514,5.940000057220459,5.940000057220459,2682600.0,6.582950145219922,-9.766898940687375,0.3657142775399344
ASM,2026-09-28,5.679999828338623,5.75,5.559999942779541,5.610000133514404,5.610000133514404,3137400.0,6.490288239343205,-13.563158882414793,0.3785714421953474
ASM,2026-09-29,5.579999923706055,5.659999847412109,5.480000019073486,5.630000114440918,5.630000114440918,2793000.0,6.4083560369715595,-12.145953159282874,0.37071428980146137
ASM,2026-09-30,5.679999828338623,5.710000038146973,5.53000020980835,5.550000190734863,5.550000190734863,2012400.0,6.326607861139493,-12.275261679720328,0.3585714272090367
ASM,2026-10-01,5.559999942779541,5.590000152587891,5.480000019073486,5.510000228881836,5.510000228881836,2447700.0,6.248835705686383,-11.823570207362199,0.30428569657461985
ASM,2026-10-02,5.619999885559082,5.670000076293945,5.440000057220459,5.550000190734863,5.550000190734863,2367800.0,6.182279942357666,-10.227290862239368,0.2914285659790039
ASM,2026-10-05,5.650000095367432,5.670000076293945,5.429999828338623,5.579999923706055,5.579999923706055,2052300.0,6.1249199405813215,-8.896769625752011,0.28857145990644184
ASM,2026-10-06,5.599999904632568,5.659999847412109,5.449999809265137,5.570000171661377,5.570000171661377,2538700.0,6.072070438779423,-8.268518492663757,0.2692857469831194
ASM,2026-10-07,5.599999904632568,5.329999923706055,5.210000038146973,5.234000205993652,5.234000205993652,453824.0,5.992254226133158,-12.653902713817477,0.2678571769169399
ASTS,2026-08-26,60.935001373291016,62.0099983215332,59.43000030517578,59.880001068115234,59.880001068115234,7385200.0,59.880001068115234,0.0,
ASTS,2026-08-27,60.54999923706055,61.630001068115234,59.95000076293945,61.439998626708984,61.439998626708984,6600800.0,60.02857226417178,2.3512575916779133,
ASTS,2026-08-28,61.04999923706055,61.189998626708984,57.55400085449219,58.04999923706055,58.04999923706055,9448000.0,59.840136737780234,-2.9915331052201233,2.7386652628580728
ASTS,2026-08-31,57.439998626708984,59.400001525878906,56.5,59.099998474121094,59.099998474121094,8462700.0,59.769647379336504,-1.1203828942897842,2.7789993286132812
ASTS,2026-09-01,57.36000061035156,58.5,55.70000076293945,55.79999923706055,55.79999923706055,8625700.0,59.3915856515007,-6.047298409432855,2.903199005126953
ASTS,2026-09-02,58.439998626708984,63.22999954223633,58.0,62.400001525878906,62.400001525878906,19809700.0,59.67810144906053,4.560969619889321,3.6576658884684243
ASTS,2026-09-03,62.90999984741211,63.95000076293945,61.06999969482422,62.130001068115234,62.130001068115234,7743600.0,59.91161569849431,3.7027633852923847,3.5465709141322543
ASTS,2026-09-04,63.400001525878906,65.76000213623047,61.66999816894531,62.310001373291016,62.310001373291016,10248800.0,60.14003338180828,3.6081921965462893,3.614500045776367
ASTS,2026-09-08,63.15999984741211,67.19999694824219,63.150001525878906,66.12000274658203,66.12000274658203,12118800.0,60.709554273691495,8.912021406876235,3.7562217712402344
ASTS,2026-09-09,66.56999969482422,66.72000122070312,62.41999816894531,62.41999816894531,62.41999816894531,8297800.0,60.872453692287095,2.542273857533517,3.8105998992919923
ASTS,2026-09-10,60.70000076293945,64.52899932861328,59.8650016784668,59.90999984741211,59.90999984741211,8354200.0,60.78079142134662,-1.4326756094667825,3.888181513006037
ASTS,2026-09-11,60.4900016784668,61.34000015258789,59.20000076293945,59.86000061035156,59.86000061035156,6662700.0,60.693097058394706,-1.3726378919856286,3.742499669392904
ASTS,2026-09-14,57.43000030517578,61.09000015258789,57.27000045776367,60.0,60.0,6886500.0,60.62708781473807,-1.034336032524441,3.748461209810697
ASTS,2026-09-15,59.709999084472656,60.7599983215332,57.81100082397461,58.77000045776367,58.77000045776367,7195900.0,60.45022235216908,-2.7795131746858104,3.691356658935547
ASTS,2026-09-16,58.88999938964844,60.369998931884766,57.470001220703125,59.27000045776367,59.27000045776367,7232800.0,60.337820266987606,-1.769735473537093,3.7142137799944197
ASTS,2026-09-17,61.849998474121094,63.70000076293945,61.150001525878906,62.709999084472656,62.709999084472656,9213000.0,60.56374205912904,3.5437985705179864,3.9056423732212613
ASTS,2026-09-18,62.8650016784668,63.09000015258789,57.83000183105469,58.52000045776367,58.52000045776367,19793600.0,60.36910000185615,-3.062990079420802,4.003785269601004
ASTS,2026-09-21,59.54499816894531,62.36000061035156,59.290000915527344,61.88999938964844,61.88999938964844,12426100.0,60.51394756259827,2.273941599375462,4.070928028651646
ASTS,2026-09-22,61.90999984741211,65.41000366210938,60.99100112915039,63.689998626708984,63.689998626708984,10476900.0,60.816428616323094,4.724989736761076,4.143714087350028
ASTS,2026-09-23,63.5,63.78900146484375,59.91999816894531,59.97999954223633,59.97999954223633,8544400.0,60.73676870450531,-1.2459819289214913,3.889357158115932
ASTS,2026-09-24,59.209999084472656,63.20000076293945,58.31999969482422,61.060001373291016,61.060001373291016,8772000.0,60.76755276819919,0.48125782884065327,4.032214300973075
ASTS,2026-09-25,61.97999954223633,63.21500015258789,61.02000045776367,61.810001373291016,61.810001373291016,6451200.0,60.86683358773174,1.549559472647477,3.8968568529401506
ASTS,2026-09-28,61.125,62.279998779296875,60.27000045776367,61.0,61.0,7548300.0,60.879516103185864,0.19790547712292827,3.6911427634102956
ASTS,2026-09-29,65.0999984741211,65.47000122070312,58.58000183105469,59.400001525878906,59.400001525878906,16287700.0,60.73860995296615,-2.203883869130052,3.8761425018310547
ASTS,2026-09-30,59.904998779296875,62.97999954223633,58.73500061035156,58.86000061035156,58.86000061035156,11902200.0,60.559694777479045,-2.8066425588386013,3.8462140219552174
ASTS,2026-10-01,59.314998626708984,60.09000015258789,56.91999816894531,57.040000915527344,57.040000915527344,12488700.0,60.22448583824555,-5.287691340813239,3.919785635811942
ASTS,2026-10-02,56.7599983215332,59.540000915527344,55.41999816894531,58.45000076293945,58.45000076293945,15068800.0,60.05548725964497,-2.673338557331706,3.9412144252232144
ASTS,2026-10-05,58.689998626708984,59.2599983215332,57.29499816894531,58.439998626708984,58.439998626708984,8123700.0,59.90163119936535,-2.440054708680206,3.8709289005824496
ASTS,2026-10-06,60.029998779296875,64.75,60.029998779296875,63.119998931884766,63.119998931884766,17560300.0,60.208142411986245,4.83631682235528,4.11450059073312
ASTS,2026-10-07,61.540000915527344,61.630001068115234,59.44499969482422,59.599998474121094,59.599998474121094,1223871.0,60.15022394171338,-0.9147521514225154,4.060571943010602
AU,2026-08-26,119.80000305175781,120.11000061035156,117.7300033569336,118.11000061035156,118.11000061035156,3835400.0,118.11000061035156,0.0,
AU,2026-08-27,117.41000366210938,119.16999816894531,116.56999969482422,118.4000015258789,118.4000015258789,2728000.0,118.13761974516369,0.22209841478202375,
AU,2026-08-28,119.19000244140625,119.19000244140625,112.0999984741211,113.19000244140625,113.19000244140625,3114800.0,117.66641809718679,-3.8043272908020676,4.023333231608073
AU,2026-08-31,113.79000091552734,113.80000305175781,110.72000122070312,112.31999969482422,112.31999969482422,1974700.0,117.15723539219988,-4.128840767864106,3.7875003814697266
AU,2026-09-01,108.12000274658203,111.62000274658203,107.47000122070312,108.12999725341797,108.12999725341797,2548200.0,116.2974984266016,-7.022937968298915,4.0
AU,2026-09-02,110.19999694824219,110.58999633789062,106.93000030517578,107.83000183105469,107.83000183105469,2623800.0,115.49107017940665,-6.633472472331469,3.9433326721191406
AU,2026-09-03,111.6500015258789,112.08999633789062,109.6500015258789,111.66999816894531,111.66999816894531,2641100.0,115.12715855936271,-3.0029060333620516,3.988570077078683
AU,2026-09-04,109.12000274658203,110.55999755859375,108.26000213623047,109.06999969482422,109.06999969482422,2211000.0,114.55028628654952,-4.7841753778041785,3.916248321533203
AU,2026-09-08,108.44999694824219,109.48999786376953,107.7300033569336,107.83000183105469,107.83000183105469,1819900.0,113.91025919555003,-5.3377609773122785,3.676664564344618
AU,2026-09-09,109.88999938964844,110.98999786376953,107.9000015258789,108.52999877929688,108.52999877929688,2064100.0,113.39785344162115,-4.292722053006337,3.6249977111816407
AU,2026-09-10,102.55999755859375,105.30999755859375,102.0999984741211,103.87999725341797,103.87999725341797,2517600.0,112.49139094750657,-7.655157982806937,3.8799979469992896
AU,2026-09-11,105.7300033569336,106.4000015258789,103.7300033569336,104.41999816894531,104.41999816894531,2034500.0,111.72268687335789,-6.536442068109638,3.7791646321614585
AU,2026-09-14,100.08999633789062,101.61000061035156,99.31999969482422,100.4800033569336,100.4800033569336,2553200.0,110.6519551098889,-9.192744712782986,3.8807672353891225
AU,2026-09-15,101.12999725341797,101.44999694824219,98.91999816894531,100.70999908447266,100.70999908447266,1389100.0,109.70510215508736,-8.19934797371461,3.784283774239676
AU,2026-09-16,102.12000274658203,102.16000366210938,98.19999694824219,99.73999786376953,99.73999786376953,1819500.0,108.75604460353327,-8.290156903583112,3.897141592843192
AU,2026-09-17,103.30999755859375,104.01000213623047,101.30000305175781,102.36000061035156,102.36000061035156,1924700.0,108.14689755656357,-5.350959738059357,4.016427721296038
AU,2026-09-18,101.69999694824219,103.29000091552734,100.11000061035156,103.29000091552734,103.29000091552734,7754300.0,107.68433597170298,-4.080756051028967,3.7371417454310825
AU,2026-09-21,102.91000366210938,103.0199966430664,100.2300033569336,101.93000030517578,101.93000030517578,2008000.0,107.1363040034623,-4.85951400574568,3.73571286882673
AU,2026-09-22,101.23999786376953,104.97000122070312,101.2300033569336,104.5999984741211,104.5999984741211,2059800.0,106.89475109590599,-2.1467402264925495,3.6564271109444753
AU,2026-09-23,100.43000030517578,100.55000305175781,98.05000305175781,98.73999786376953,98.73999786376953,3146200.0,106.11810793094061,-6.952734279782479,3.8628556387765065
AU,2026-09-24,97.63999938964844,98.62999725341797,96.5199966430664,98.48999786376953,98.48999786376953,1800000.0,105.39162125787671,-6.548550360772976,3.7171418326241628
AU,2026-09-25,98.4800033569336,99.16999816894531,97.37000274658203,99.02999877929688,99.02999877929688,1181700.0,104.78575245039292,-5.492878121785594,3.602141789027623
AU,2026-09-28,92.62000274658203,94.44000244140625,91.8499984741211,92.7699966430664,92.7699966430664,3447500.0,103.64139475445705,-10.489436327199876,3.9892850603376115
AU,2026-09-29,93.5199966430664,94.69999694824219,93.05999755859375,94.62999725341797,94.62999725341797,1928000.0,102.78316642102476,-7.932397348228637,3.90142822265625
AU,2026-09-30,95.0,95.38999938964844,93.44000244140625,93.94999694824219,93.94999694824219,2257900.0,101.94191218552166,-7.839675621088194,3.581427982875279
AU,2026-10-01,94.54000091552734,95.2699966430664,93.76000213623047,94.19999694824219,94.19999694824219,1727900.0,101.20458692482836,-6.921217890834308,3.498570578438895
AU,2026-10-02,95.66000366210938,96.08999633789062,93.87999725341797,94.91999816894531,94.91999816894531,1296400.0,100.6060546623633,-5.651803474950445,3.2921420506068637
AU,2026-10-05,95.05000305175781,95.19999694824219,93.20999908447266,94.4800033569336,94.4800033569336,1746100.0,100.02262120470333,-5.541364324402553,3.253570556640625
AU,2026-10-06,93.63999938964844,94.72000122070312,92.37000274658203,93.55000305175781,93.55000305175781,1938200.0,99.40618138061328,-5.89116114060646,3.1385699680873325
AU,2026-10-07,93.63999938964844,89.61000061035156,88.4000015258789,88.66999816894531,88.66999816894531,393598.0,98.3836877414068,-9.873272485976637,3.2014269147600447
AVEX,2026-08-26,17.510000228881836,18.739999771118164,17.350000381469727,18.34000015258789,18.34000015258789,1437900.0,18.34000015258789,0.0,
AVEX,2026-08-27,18.43000030517578,19.15999984741211,18.149999618530273,18.760000228881836,18.760000228881836,1072300.0,18.38000015985398,2.0674649930518374,
AVEX,2026-08-28,18.75,18.860000610351562,17.600000381469727,17.75,17.75,1080700.0,18.32000014462979,-3.111354476691297,1.2199999491373699
AVEX,2026-08-31,17.6299991607666,17.920000076293945,17.290000915527344,17.600000381469727,17.600000381469727,888700.0,18.251428738614546,-3.569191028681462,1.0724997520446777
AVEX,2026-09-01,17.31999969482422,17.649999618530273,16.850000381469727,16.889999389648438,16.889999389648438,947800.0,18.121768800617772,-6.797180918274071,1.0179996490478516
AVEX,2026-09-02,16.920000076293945,16.989999771118164,15.5600004196167,15.739999771118164,15.739999771118164,1653200.0,17.894933654951142,-12.042145142218807,1.0866662661234539
AVEX,2026-09-03,16.100000381469727,16.389999389648438,15.34000015258789,16.31999969482422,16.31999969482422,1838800.0,17.744939944462864,-8.030121567603754,1.081428119114467
AVEX,2026-09-04,16.31999969482422,16.780000686645508,16.15999984741211,16.469999313354492,16.469999313354492,978100.0,17.62351702721445,-6.545332081438016,1.0237497091293335
AVEX,2026-09-08,16.690000534057617,17.25,16.399999618530273,17.110000610351562,17.110000610351562,1180400.0,17.57461070179894,-2.643643716101307,1.004444228278266
AVEX,2026-09-09,17.3700008392334,17.68000030517578,16.170000076293945,16.3700008392334,16.3700008392334,905800.0,17.45988595298317,-6.24222355566737,1.054999828338623
AVEX,2026-09-10,16.25,16.979999542236328,15.880000114440918,15.90999984741211,15.90999984741211,885800.0,17.312277752452594,-8.099904155256677,1.0590907010165127
AVEX,2026-09-11,16.459999084472656,16.790000915527344,15.970000267028809,16.079999923706055,16.079999923706055,2632800.0,17.194917959238637,-6.483997412349096,1.0441665649414062
AVEX,2026-09-14,15.609999656677246,16.420000076293945,15.609999656677246,16.260000228881836,16.260000228881836,1087200.0,17.105878175395134,-4.944954815181591,1.0261537845318134
AVEX,2026-09-15,16.299999237060547,16.3799991607666,15.579999923706055,16.1299991607666,16.1299991607666,1105100.0,17.012937316859084,-5.189804321547276,1.0099998882838659
AVEX,2026-09-16,16.799999237060547,16.969999313354492,15.829999923706055,16.170000076293945,16.170000076293945,963100.0,16.932657579662404,-4.504062636242501,0.992142745426723
AVEX,2026-09-17,16.65999984741211,17.239999771118164,16.510000228881836,16.68000030517578,16.68000030517578,809400.0,16.90859498209225,-1.3519436544465746,0.9964284215654645
AVEX,2026-09-18,16.75,16.950000762939453,15.869999885559082,16.200000762939453,16.200000762939453,2197200.0,16.841109818363414,-3.806810016314366,0.9835713250296456
AVEX,2026-09-21,16.350000381469727,16.84000015258789,16.350000381469727,16.510000228881836,16.510000228881836,940900.0,16.80957557174612,-1.7821707727577407,0.9842856270926339
AVEX,2026-09-22,16.65999984741211,16.739999771118164,15.399999618530273,15.899999618530273,15.899999618530273,1273100.0,16.722949290487467,-4.921079754904911,1.0228571210588728
AVEX,2026-09-23,16.010000228881836,16.739999771118164,15.899999618530273,16.440000534057617,16.440000534057617,1042400.0,16.6960017898751,-1.533308746844586,0.9807143211364746
AVEX,2026-09-24,16.15999984741211,17.149999618530273,15.930000305175781,16.68000030517578,16.68000030517578,1047800.0,16.694477838951357,-0.08672049473626986,0.9928571837288993
AVEX,2026-09-25,16.5,16.889999389648438,16.059999465942383,16.06999969482422,16.06999969482422,989500.0,16.635003729986867,-3.396476756684763,1.007857118334089
AVEX,2026-09-28,15.869999885559082,15.960000038146973,15.350000381469727,15.390000343322754,15.390000343322754,1105800.0,16.516431978876,-6.820066446517725,0.9985713277544294
AVEX,2026-09-29,15.59000015258789,15.800000190734863,15.170000076293945,15.1899995803833,15.1899995803833,1739800.0,16.390105083781457,-7.322134283237148,0.9357141767229352
AVEX,2026-09-30,15.399999618530273,16.020000457763672,15.020000457763672,15.140000343322754,15.140000343322754,1515800.0,16.271047489452055,-6.95128661423009,0.9285713604518345
AVEX,2026-10-01,15.100000381469727,15.1899995803833,14.020000457763672,14.130000114440918,14.130000114440918,2539300.0,16.06713821564147,-12.056522295393812,0.9492855072021484
AVEX,2026-10-02,14.25,14.9399995803833,13.970000267028809,14.479999542236328,14.479999542236328,2015600.0,15.915982151507647,-9.022268281039103,0.9607139996119908
AVEX,2026-10-05,14.529999732971191,15.09000015258789,14.100000381469727,14.930000305175781,14.930000305175781,1621400.0,15.82207911852366,-5.638189561974071,0.974285466330392
AVEX,2026-10-06,15.170000076293945,15.479999542236328,14.75,15.149999618530273,15.149999618530273,1406200.0,15.758071547095719,-3.858796596703584,0.9449997629438128
AVEX,2026-10-07,15.170000076293945,14.729999542236328,14.364399909973145,14.475000381469727,14.475000381469727,47997.0,15.635874293226577,-7.424425970601067,0.9246854782104492
AYA,2026-08-26,27.239999771118164,28.170000076293945,26.809999465942383,27.770000457763672,27.770000457763672,999300.0,27.770000457763672,0.0,
AYA,2026-08-27,27.969999313354492,30.239999771118164,27.709999084472656,29.290000915527344,29.290000915527344,1871200.0,27.91476240612212,4.926563548696428,
AYA,2026-08-28,29.8700008392334,30.020000457763672,27.540000915527344,27.969999313354492,27.969999313354492,1894400.0,27.920023063953774,0.17899788007424977,2.1233336130777993
AYA,2026-08-31,27.649999618530273,28.1200008392334,27.049999237060547,27.920000076293945,27.920000076293945,732800.0,27.920020874652838,-7.449263375036708e-05,1.8600006103515625
AYA,2026-09-01,26.549999237060547,28.43000030517578,25.780000686645508,26.3700008392334,26.3700008392334,1483400.0,27.772399918898607,-5.049614306867667,2.0180004119873045
AYA,2026-09-02,27.25,28.670000076293945,27.25,28.350000381469727,28.350000381469727,1212400.0,27.827409486762523,1.8779717708031773,2.0650002161661782
AYA,2026-09-03,29.65999984741211,29.860000610351562,28.600000381469727,29.81999969482422,29.81999969482422,1572700.0,28.0171799827684,6.4346936885318895,1.9857145036969865
AYA,2026-09-04,28.790000915527344,29.299999237060547,28.0,28.90999984741211,28.90999984741211,873000.0,28.1022104460678,2.8744692624609547,1.9650001525878906
AYA,2026-09-08,28.8700008392334,29.75,28.8700008392334,29.149999618530273,29.149999618530273,502700.0,28.20199989106423,3.361462772597257,1.8444444868299696
AYA,2026-09-09,30.06999969482422,30.399999618530273,29.31999969482422,29.889999389648438,29.889999389648438,834900.0,28.362761748072252,5.3846577253006345,1.7850000381469726
AYA,2026-09-10,28.5,29.18000030517578,28.06999969482422,28.420000076293945,28.420000076293945,840000.0,28.368213017426697,0.18255312322787987,1.7881818251176314
AYA,2026-09-11,29.0,30.020000457763672,27.649999618530273,27.969999313354492,27.969999313354492,1275900.0,28.330287902753156,-1.2717434804594752,1.836666742960612
AYA,2026-09-14,26.649999618530273,27.010000228881836,25.469999313354492,26.90999984741211,26.90999984741211,2784100.0,28.19502237367306,-4.557621942023471,1.887692378117488
AYA,2026-09-15,27.010000228881836,27.209999084472656,26.18000030517578,26.700000762939453,26.700000762939453,942300.0,28.052639363127003,-4.821787293089741,1.8264285496303014
AYA,2026-09-16,27.579999923706055,28.010000228881836,26.100000381469727,26.75,26.75,1467500.0,27.928578471400623,-4.219973002233212,1.8657142094203405
AYA,2026-09-17,28.040000915527344,28.899999618530273,27.770000457763672,28.81999969482422,28.81999969482422,1313300.0,28.0134757307743,2.8790571073760374,1.838571275983538
AYA,2026-09-18,29.229999542236328,29.3700008392334,27.889999389648438,28.459999084472656,28.459999084472656,4577900.0,28.056001764459857,1.4399675456413963,1.7671428407941545
AYA,2026-09-21,28.579999923706055,28.959999084472656,28.25,28.68000030517578,28.68000030517578,691200.0,28.115430196908996,2.0080436412061475,1.7414283752441406
AYA,2026-09-22,28.850000381469727,30.670000076293945,28.579999923706055,30.3799991607666,30.3799991607666,1028500.0,28.331103431562102,7.231965864492018,1.7014284133911133
AYA,2026-09-23,29.639999389648438,29.65999984741211,27.8799991607666,28.190000534057617,28.190000534057617,1283400.0,28.317665060371198,-0.4508299891301415,1.7157141821725028
AYA,2026-09-24,27.709999084472656,28.360000610351562,27.309999465942383,27.940000534057617,27.940000534057617,967400.0,28.281697010246095,-1.2081894380831737,1.6828571047101701
AYA,2026-09-25,28.239999771118164,28.8700008392334,27.920000076293945,28.469999313354492,28.469999313354492,799000.0,28.299630562923085,0.6020175777651904,1.6207143238612585
AYA,2026-09-28,26.799999237060547,27.549999237060547,26.31999969482422,26.530000686645508,26.530000686645508,1457800.0,28.131094384229982,-5.691544295134254,1.7114286422729492
AYA,2026-09-29,26.770000457763672,27.360000610351562,26.530000686645508,27.139999389648438,27.139999389648438,1303500.0,28.036704384746027,-3.1983252481895152,1.6814286368233817
AYA,2026-09-30,27.459999084472656,27.6299991607666,26.670000076293945,26.899999618530273,26.899999618530273,897200.0,27.928446787963576,-3.6824359666021156,1.6200000217982702
AYA,2026-10-01,26.8700008392334,27.43000030517578,26.799999237060547,26.90999984741211,26.90999984741211,900300.0,27.83145184124439,-3.3108297730510383,1.4957143238612585
AYA,2026-10-02,27.469999313354492,27.690000534057617,26.559999465942383,27.1200008392334,27.1200008392334,949300.0,27.763694602957628,-2.31847300198893,1.3978572572980608
AYA,2026-10-05,27.149999618530273,27.350000381469727,26.260000228881836,27.030000686645508,27.030000686645508,826100.0,27.693818991880285,-2.396990842719837,1.4021430696759904
AYA,2026-10-06,27.200000762939453,27.84000015258789,26.540000915527344,27.510000228881836,27.510000228881836,988800.0,27.67631244302329,-0.6009189789421443,1.3585715975080217
AYA,2026-10-07,26.200000762939453,26.600000381469727,25.559999465942383,25.899999618530273,25.899999618530273,86016.0,27.507139793071573,-5.842629174212077,1.3442859649658203
BKV,2026-08-26,24.06999969482422,24.950000762939453,23.8700008392334,24.239999771118164,24.239999771118164,576200.0,24.239999771118164,0.0,
BKV,2026-08-27,24.440000534057617,24.579999923706055,23.889999389648438,24.549999237060547,24.549999237060547,418000.0,24.269523529779345,1.155670431424216,
BKV,2026-08-28,24.700000762939453,24.709999084472656,23.920000076293945,24.229999542236328,24.229999542236328,1147500.0,24.26575934048953,-0.14736731602515984,0.8533331553141276
BKV,2026-08-31,24.68000030517578,24.761999130249023,23.920000076293945,24.15999984741211,24.15999984741211,856300.0,24.255687007815492,-0.3944937134641946,0.8504996299743652
BKV,2026-09-01,24.389999389648438,25.18000030517578,24.190000534057617,25.1200008392334,25.1200008392334,667600.0,24.338002610807674,3.2130747988270203,0.8843997955322266
BKV,2026-09-02,24.84000015258789,25.260000228881836,24.454999923706055,25.1200008392334,25.1200008392334,660400.0,24.412478632562504,2.8981989797921104,0.8711665471394857
BKV,2026-09-03,25.280000686645508,26.559999465942383,24.829999923706055,26.290000915527344,26.290000915527344,1134000.0,24.591290278559157,6.907773515443694,0.9938569750104632
BKV,2026-09-04,26.1299991607666,26.229999542236328,25.780000686645508,26.059999465942383,26.059999465942383,772800.0,24.731167344024225,5.37310715435857,0.9333748817443848
BKV,2026-09-08,26.549999237060547,27.3700008392334,26.219999313354492,26.760000228881836,26.760000228881836,1021800.0,24.924389523534476,7.364716811274796,0.9752222696940104
BKV,2026-09-09,25.260000228881836,25.450000762939453,23.790000915527344,24.100000381469727,24.100000381469727,6605300.0,24.845876271909262,-3.002010805643518,1.1746999740600585
BKV,2026-09-10,24.030000686645508,24.969999313354492,23.540000915527344,24.959999084472656,24.959999084472656,18909800.0,24.856745111201015,0.41539619451267384,1.1979089216752485
BKV,2026-09-11,24.969999313354492,25.160999298095703,24.024999618530273,24.229999542236328,24.229999542236328,2574300.0,24.7970550570139,-2.286785723037621,1.192749818166097
BKV,2026-09-14,24.260000228881836,24.440000534057617,23.6299991607666,23.81999969482422,23.81999969482422,1277400.0,24.704002165376785,-3.5783775626101466,1.163307630098783
BKV,2026-09-15,24.25,24.44499969482422,23.90999984741211,24.350000381469727,24.350000381469727,1134800.0,24.670287709766587,-1.2982715567198766,1.1248570850917272
BKV,2026-09-16,24.420000076293945,24.709999084472656,22.690000534057617,22.790000915527344,22.790000915527344,2182800.0,24.491212776981897,-6.946213227355724,1.191999844142369
BKV,2026-09-17,22.75,23.19499969482422,22.75,22.790000915527344,22.790000915527344,835000.0,24.32919259970051,-6.3265218435243575,1.174499784197126
BKV,2026-09-18,22.920000076293945,23.559999465942383,22.815000534057617,22.969999313354492,22.969999313354492,2790300.0,24.199745620048507,-5.081649724760828,1.1730711800711495
BKV,2026-09-21,22.68000030517578,23.075000762939453,22.229999542236328,22.950000762939453,22.950000762939453,1042300.0,24.080722300323835,-4.6955466006481705,1.173285620553153
BKV,2026-09-22,22.729999542236328,23.264999389648438,22.69499969482422,22.899999618530273,22.899999618530273,1088100.0,23.968272521105398,-4.457029189877792,1.1411427089146204
BKV,2026-09-23,23.290000915527344,23.579999923706055,22.940000534057617,23.270000457763672,23.270000457763672,1639100.0,23.901770419834758,-2.643193165083768,1.132214137486049
BKV,2026-09-24,23.280000686645508,23.575000762939453,22.610000610351562,23.079999923706055,23.079999923706055,2375300.0,23.823506563060597,-3.1208950596189,1.0775713239397322
BKV,2026-09-25,22.690000534057617,22.829999923706055,21.6200008392334,21.809999465942383,21.809999465942383,2011300.0,23.631743982382673,-7.708887324601987,1.1454283850533622
BKV,2026-09-28,22.469999313354492,22.469999313354492,21.520000457763672,21.899999618530273,21.899999618530273,1455300.0,23.466815947730062,-6.676731656692203,1.1197139195033483
BKV,2026-09-29,21.520000457763672,21.90999984741211,21.34000015258789,21.639999389648438,21.639999389648438,1496200.0,23.292833418388955,-7.095890822091477,0.9482853753226144
BKV,2026-09-30,21.729999542236328,22.079999923706055,21.34000015258789,21.34000015258789,21.34000015258789,2455600.0,23.106849297836476,-7.6464303829341995,0.8989997591291156
BKV,2026-10-01,21.25,21.690000534057617,21.020000457763672,21.540000915527344,21.540000915527344,1066100.0,22.957625642378463,-6.174962293288145,0.8657140731811523
BKV,2026-10-02,21.450000762939453,21.899999618530273,21.239999771118164,21.56999969482422,21.56999969482422,523800.0,22.82547079023044,-5.500307559673978,0.8549996784755162
BKV,2026-10-05,21.270000457763672,22.239999771118164,21.270000457763672,21.790000915527344,21.790000915527344,881600.0,22.726854611687287,-4.1222321001612166,0.8796424865722656
BKV,2026-10-06,21.860000610351562,22.420000076293945,21.75,22.049999237060547,22.049999237060547,904500.0,22.662392195056167,-2.702243226243406,0.7832140241350446
BKV,2026-10-07,21.860000610351562,23.850000381469727,22.979999542236328,23.5,23.5,214212.0,22.742164366955578,3.332293359666161,0.8799998419625419
BMNR,2026-08-26,24.239999771118164,25.260000228881836,24.1200008392334,24.90999984741211,24.90999984741211,36088800.0,24.90999984741211,0.0,
BMNR,2026-08-27,25.90999984741211,26.90999984741211,25.104999542236328,25.6299991607666,25.6299991607666,56735400.0,24.97857121058873,2.6079472067710663,
BMNR,2026-08-28,25.100000381469727,25.68000030517578,23.75,23.799999237060547,23.799999237060547,51595500.0,24.8663262607289,-4.288237082099222,1.6899998982747395
BMNR,2026-08-31,23.959999084472656,25.469999313354492,23.700000762939453,25.31999969482422,25.31999969482422,41598600.0,24.909533254452263,1.6478287095106126,1.7099995613098145
BMNR,2026-09-01,24.389999389648438,24.579999923706055,23.05500030517578,23.3700008392334,23.3700008392334,40401600.0,24.762911119669514,-5.624985986925058,1.820999526977539
BMNR,2026-09-02,23.09000015258789,23.540000915527344,22.81100082397461,23.059999465942383,23.059999465942383,26938800.0,24.600729057409787,-6.262942809019445,1.638999621073405
BMNR,2026-09-03,23.860000610351562,26.600000381469727,23.790000915527344,26.450000762939453,26.450000762939453,67070000.0,24.776850172222137,6.752878509929094,1.9105712345668249
BMNR,2026-09-04,25.334999084472656,25.489999771118164,24.524999618530273,24.969999313354492,24.969999313354492,46697500.0,24.795245328520455,0.704788287103697,1.9123749732971191
BMNR,2026-09-08,24.760000228881836,25.209999084472656,24.200000762939453,24.770000457763672,24.770000457763672,29965500.0,24.792841055115048,-0.09212577655219878,1.8121109008789062
BMNR,2026-09-09,25.5,25.579999923706055,24.1200008392334,24.209999084472656,24.209999084472656,28490900.0,24.737332296006247,-2.131730314423308,1.7768997192382812
BMNR,2026-09-10,23.670000076293945,24.68000030517578,23.360000610351562,24.200000762939453,24.200000762939453,26362200.0,24.686157864285597,-1.9693510185701535,1.7353633533824573
BMNR,2026-09-11,24.510000228881836,26.969999313354492,24.280000686645508,25.030000686645508,25.030000686645508,63044600.0,24.718904799748444,1.2585342652407183,1.8215829531351726
BMNR,2026-09-14,24.604999542236328,25.969999313354492,24.5,25.760000228881836,25.760000228881836,44382800.0,24.818056745380197,3.7953958005877197,1.794538057767428
BMNR,2026-09-15,24.59000015258789,24.709999084472656,22.9950008392334,23.600000381469727,23.600000381469727,52527100.0,24.702051377388724,-4.46137439794887,1.8638567243303572
BMNR,2026-09-16,23.450000762939453,23.590999603271484,22.15999984741211,22.809999465942383,22.809999465942383,42395000.0,24.521855957250978,-6.980941794507234,1.8852853775024414
BMNR,2026-09-17,23.46500015258789,24.575000762939453,23.225000381469727,23.889999389648438,23.889999389648438,41979700.0,24.46167914128883,-2.3370421479997905,1.868499755859375
BMNR,2026-09-18,24.829999923706055,26.3700008392334,24.760000228881836,25.989999771118164,25.989999771118164,65310200.0,24.607233486986864,5.619348818153624,1.9077855518886022
BMNR,2026-09-21,27.559999465942383,28.329999923706055,27.079999923706055,28.25,28.25,52495700.0,24.954163631083354,13.207560941097984,1.9484999520438058
BMNR,2026-09-22,27.979999542236328,28.860000610351562,27.719999313354492,28.760000228881836,28.760000228881836,40673600.0,25.316624259445113,13.601244518814815,1.868142945425851
BMNR,2026-09-23,28.18000030517578,28.55500030517578,27.299999237060547,27.459999084472656,27.459999084472656,36313200.0,25.52075519516202,7.598693198852735,1.9203572954450334
BMNR,2026-09-24,27.204999923706055,28.329999923706055,27.149999618530273,28.030000686645508,28.030000686645508,33135300.0,25.759730956255687,8.813250939014527,1.7517858232770647
BMNR,2026-09-25,28.280000686645508,28.389999389648438,26.920000076293945,27.559999465942383,27.559999465942383,32171300.0,25.93118510003537,6.281295512038865,1.7192856924874442
BMNR,2026-09-28,27.1299991607666,27.924999237060547,26.729999542236328,26.84000015258789,26.84000015258789,27357100.0,26.017738914564184,3.160386998746545,1.7325000762939453
BMNR,2026-09-29,27.809999465942383,27.8799991607666,26.350000381469727,26.729999542236328,26.729999542236328,31278900.0,26.08557326005677,2.47043174307513,1.7375000544956751
BMNR,2026-09-30,27.325000762939453,27.950000762939453,26.219999313354492,26.43000030517578,26.43000030517578,28620900.0,26.11837583578239,1.1931234597155171,1.7667858941214425
BMNR,2026-10-01,26.450000762939453,27.3799991607666,26.270000457763672,26.729999542236328,26.729999542236328,29583100.0,26.17662571258753,2.113999855155879,1.648214476449149
BMNR,2026-10-02,27.559999465942383,28.200000762939453,25.920000076293945,26.270000457763672,26.270000457763672,36891500.0,26.18551854546145,0.32262837245538023,1.7060717173985072
BMNR,2026-10-05,26.799999237060547,27.290000915527344,26.334999084472656,26.790000915527344,26.790000915527344,29133600.0,26.243088294991534,2.0840253798947384,1.5814289365495955
BMNR,2026-10-06,26.75,27.145000457763672,25.81999969482422,26.200000762939453,26.200000762939453,29983400.0,26.238984720510384,-0.1485726600559234,1.5732146671840124
BMNR,2026-10-07,26.75,25.184999465942383,24.790000915527344,24.924999237060547,24.924999237060547,4663149.0,26.113843245896113,-4.552543253174335,1.5478574207850866
BULL,2026-08-26,8.885000228881836,8.960000038146973,8.6899995803833,8.779999732971191,8.779999732971191,12801300.0,8.779999732971191,0.0,
BULL,2026-08-27,8.989999771118164,9.619999885559082,8.753000259399414,9.569999694824219,9.569999694824219,27057800.0,8.855237824576243,8.071628164116307,
BULL,2026-08-28,9.479999542236328,9.729999542236328,9.295000076293945,9.369999885559082,9.369999885559082,17464900.0,8.904262782765086,5.230495933874146,0.5239998499552408
BULL,2026-08-31,9.395000457763672,9.579999923706055,9.15999984741211,9.479999542236328,9.479999542236328,16456600.0,8.95909485509568,5.814255743082941,0.497999906539917
BULL,2026-09-01,9.3100004196167,9.329999923706055,9.010000228881836,9.130000114440918,9.130000114440918,10517800.0,8.975371546461894,1.7228096595062858,0.492399787902832
BULL,2026-09-02,9.09000015258789,9.100000381469727,8.84000015258789,9.0,9.0,10993600.0,8.977717113465523,0.24820214596710244,0.45866648356119794
BULL,2026-09-03,9.199999809265137,10.1899995803833,9.194999694824219,10.0,10.0,32702000.0,9.075077388373568,10.191897788236881,0.5631426402500698
BULL,2026-09-04,9.789999961853027,9.920000076293945,9.5600004196167,9.739999771118164,9.739999771118164,13058800.0,9.13840332958734,6.583167976215698,0.5477497577667236
BULL,2026-09-08,9.9350004196167,10.010000228881836,9.449999809265137,9.569999694824219,9.569999694824219,11713100.0,9.179507745324186,4.25395304774312,0.5491109424167209
BULL,2026-09-09,9.680000305175781,9.819999694824219,9.380000114440918,9.420000076293945,9.420000076293945,9754200.0,9.202411776845114,2.3644703663046496,0.5381998062133789
BULL,2026-09-10,9.239999771118164,9.4399995803833,9.15999984741211,9.300000190734863,9.300000190734863,7275900.0,9.21170591150128,0.9585008475286205,0.514727072282271
BULL,2026-09-11,9.329999923706055,9.59000015258789,9.125,9.220000267028809,9.220000267028809,11581000.0,9.21249585012295,0.0814591075854576,0.5105831623077393
BULL,2026-09-14,9.119999885559082,9.359999656677246,8.864999771118164,9.039999961853027,9.039999961853027,11406000.0,9.19606767028772,-1.697113527545513,0.5093844487116888
BULL,2026-09-15,8.859999656677246,8.899999618530273,8.470000267028809,8.65999984741211,8.65999984741211,16209400.0,9.145013591918614,-5.303586917958302,0.513714109148298
BULL,2026-09-16,8.510000228881836,8.515000343322754,7.650000095367432,7.690000057220459,7.690000057220459,29420300.0,9.006440874328314,-14.616659738034787,0.5665712015969413
BULL,2026-09-17,7.949999809265137,7.960000038146973,7.625,7.710000038146973,7.710000038146973,18024400.0,8.882970318501519,-13.204707865695264,0.5285712310246059
BULL,2026-09-18,7.849999904632568,8.319999694824219,7.840000152587891,8.25,8.25,18242600.0,8.822687431025184,-6.491076959286978,0.5410712446485247
BULL,2026-09-21,8.569999694824219,8.65999984741211,8.210000038146973,8.25,8.25,14778800.0,8.768145770927548,-5.909411002786458,0.5432140827178955
BULL,2026-09-22,8.274999618530273,8.399999618530273,8.0600004196167,8.09000015258789,8.09000015258789,11334700.0,8.703560473942819,-7.049532466532948,0.53392836025783
BULL,2026-09-23,8.029999732971191,8.03499984741211,7.610000133514404,7.650000095367432,7.650000095367432,9118700.0,8.603221390268972,-11.079818264118146,0.5474997929164341
BULL,2026-09-24,7.619999885559082,7.659999847412109,7.210000038146973,7.260000228881836,7.260000228881836,13593300.0,8.47529556537496,-14.339267900674779,0.49464266640799387
BULL,2026-09-25,7.28000020980835,7.34499979019165,7.139999866485596,7.190000057220459,7.190000057220459,8517100.0,8.352886469360245,-13.921970763106184,0.47785697664533344
BULL,2026-09-28,7.130000114440918,7.210000038146973,7.010000228881836,7.050000190734863,7.050000190734863,8219400.0,8.228802061872113,-14.32531566896219,0.45214264733450754
BULL,2026-09-29,7.114999771118164,7.190000057220459,7.014999866485596,7.170000076293945,7.170000076293945,12192700.0,8.127963777531335,-11.786023258193545,0.4332141195024763
BULL,2026-09-30,7.320000171661377,7.360000133514404,6.940000057220459,6.96999979019165,6.96999979019165,9315400.0,8.017681493022794,-13.067140466266524,0.4432141440255301
BULL,2026-10-01,7.0,7.150000095367432,6.860000133514404,7.03000020980835,7.03000020980835,9098800.0,7.923616608907133,-11.277885379944397,0.43071413040161133
BULL,2026-10-02,7.244999885559082,7.607999801635742,7.239999771118164,7.340000152587891,7.340000152587891,11997400.0,7.868034089257682,-6.711129243716951,0.4366426808493478
BULL,2026-10-05,7.369999885559082,7.508999824523926,7.25,7.360000133514404,7.360000133514404,8471900.0,7.819649902996417,-5.878137450960297,0.4144284043993269
BULL,2026-10-06,7.400000095367432,7.440000057220459,7.260000228881836,7.28000020980835,7.28000020980835,5897000.0,7.768254694121364,-6.285253297404125,0.3551426955631801
BULL,2026-10-07,5.849999904632568,6.019999980926514,5.510000228881836,5.96999979019165,5.96999979019165,29772653.0,7.596992322318534,-21.416271902066896,0.45764269147600445
CAT,2026-08-26,816.2000122070312,824.6199951171875,812.260009765625,821.9299926757812,821.9299926757812,1848200.0,821.9299926757812,0.0,
CAT,2026-08-27,827.4199829101562,832.989990234375,807.3099975585938,817.0,817.0,1835400.0,821.4604695638021,-0.5429926002611718,
CAT,2026-08-28,819.010009765625,821.22998046875,799.1699829101562,800.25,800.25,1787500.0,819.4404248434399,-2.3418938414109136,20.0333251953125
CAT,2026-08-31,800.0,802.9000244140625,789.0499877929688,797.469970703125,797.469970703125,3071400.0,817.3480006396005,-2.432015484337191,18.487503051757812
CAT,2026-09-01,788.8800048828125,790.219970703125,774.5499877929688,779.1599731445312,779.1599731445312,2946600.0,813.7110456400701,-4.246110788426227,19.3739990234375
CAT,2026-09-02,778.510009765625,793.9400024414062,771.3900146484375,792.280029296875,792.280029296875,2507600.0,811.6699964645277,-2.388897858995842,19.903330485026043
CAT,2026-09-03,796.9000244140625,803.9199829101562,781.489990234375,800.1400146484375,800.1400146484375,2351900.0,810.5719029582334,-1.2869787703871927,20.2642822265625
CAT,2026-09-04,802.3800048828125,821.0,801.0,813.9400024414062,813.9400024414062,2149500.0,810.8926743375832,0.3757991902334501,20.3387451171875
CAT,2026-09-08,823.3400268554688,830.5,817.0900268554688,822.47998046875,822.47998046875,2443200.0,811.9962273024563,1.2911086054084198,19.91888427734375
CAT,2026-09-09,815.6799926757812,827.9600219726562,813.5,815.5599975585938,815.5599975585938,1929000.0,812.335633993517,0.3969250430669202,19.372998046875
CAT,2026-09-10,809.75,811.9500122070312,797.5,805.0,805.0,1781900.0,811.6370021846107,-0.8177303605856334,19.25363436612216
CAT,2026-09-11,817.75,826.0,813.510009765625,818.5700073242188,818.5700073242188,1824600.0,812.2972883883829,0.7722196079567256,19.39916483561198
CAT,2026-09-14,783.0499877929688,794.5599975585938,772.8599853515625,784.0,784.0,2428000.0,809.6023085418702,-3.162331464689261,21.423076923076923
CAT,2026-09-15,789.489990234375,791.2000122070312,776.5,783.5399780273438,783.5399780273438,2261600.0,807.120181826201,-2.921523253885727,20.942858014787948
CAT,2026-09-16,797.0,798.3900146484375,774.47998046875,782.719970703125,782.719970703125,2645300.0,804.796352195432,-2.7431015849020746,21.76786150251116
CAT,2026-09-17,813.9500122070312,813.9500122070312,795.0,798.5700073242188,798.5700073242188,2429600.0,804.2033669696021,-0.7004894379653015,22.164293561662948
CAT,2026-09-18,800.7899780273438,809.489990234375,799.5700073242188,808.989990234375,808.989990234375,4786800.0,804.6592358519614,0.5382097401551933,21.368578229631698
CAT,2026-09-21,827.0,827.8099975585938,805.239990234375,816.5,816.5,1867300.0,805.7869276755841,1.3295167688211817,21.99143327985491
CAT,2026-09-22,806.0599975585938,812.4600219726562,802.6099853515625,808.010009765625,808.010009765625,2062600.0,805.9986497793976,0.24954880343508457,21.346435546875
CAT,2026-09-23,803.969970703125,816.760009765625,798.530029296875,812.02001953125,812.02001953125,2788700.0,806.5721135652883,0.675439415067336,21.03786359514509
CAT,2026-09-24,798.8699951171875,809.1400146484375,794.2000122070312,805.25,805.25,2197800.0,806.4461979876418,-0.14832954642562957,20.70857892717634
CAT,2026-09-25,816.3400268554688,823.0,809.0499877929688,821.5800170898438,821.5800170898438,1978200.0,807.8875140926134,1.6948526568836941,20.486437116350448
CAT,2026-09-28,821.0499877929688,827.5700073242188,808.2000122070312,819.9500122070312,819.9500122070312,2174700.0,809.0363234368436,1.3489738907921378,20.687151227678573
CAT,2026-09-29,826.530029296875,829.739990234375,815.5,826.6400146484375,826.6400146484375,2313400.0,810.7128654569955,1.9645857207982065,20.671434674944198
CAT,2026-09-30,828.5,831.9500122070312,810.0700073242188,810.7899780273438,810.7899780273438,1959800.0,810.7202095113144,0.00860574526340141,20.944292340959823
CAT,2026-10-01,810.5800170898438,833.6199951171875,802.4400024414062,826.3499755859375,826.3499755859375,2153800.0,812.2087586612785,1.7410815598648988,21.671434674944198
CAT,2026-10-02,840.7999877929688,858.8699951171875,836.4600219726562,845.4199829101562,845.4199829101562,2385400.0,815.3717323992669,3.685221024583618,20.729291643415177
CAT,2026-10-05,843.1699829101562,857.8499755859375,821.77001953125,848.1400146484375,848.1400146484375,2300100.0,818.4925211849022,3.6222070081490365,22.25643048967634
CAT,2026-10-06,853.0,876.9500122070312,851.469970703125,863.4400024414062,863.4400024414062,1971400.0,822.7732336855217,4.942646052512201,22.606427873883927
CAT,2026-10-07,853.0,845.0,836.1099853515625,837.2000122070312,837.2000122070312,197750.0,824.1472125923322,1.5837946686298787,22.327854701450892
CRDO,2026-08-26,223.0,226.72000122070312,219.73899841308594,226.49000549316406,226.49000549316406,2283300.0,226.49000549316406,0.0,
CRDO,2026-08-27,239.14999389648438,244.4600067138672,233.77999877929688,240.24000549316406,240.24000549316406,4227700.0,227.7995293026879,5.461150963989003,
CRDO,2026-08-28,238.57000732421875,240.49000549316406,228.60000610351562,232.75,232.75,3518200.0,228.2710027024319,1.9621402826213608,12.28033447265625
CRDO,2026-08-31,232.0,238.39500427246094,222.91000366210938,226.19000244140625,226.19000244140625,4270300.0,228.07281220138182,-0.8255301198781706,13.081501007080078
CRDO,2026-09-01,220.0,221.74000549316406,206.11500549316406,206.6300048828125,206.6300048828125,9513700.0,226.0306400758038,-8.583188184789869,14.4802001953125
CRDO,2026-09-02,188.63499450683594,190.57000732421875,161.9499969482422,165.22000122070312,165.22000122070312,30111800.0,220.2391506610323,-24.981548137646314,19.5135014851888
CRDO,2026-09-03,168.5,171.1300048828125,164.11000061035156,164.1699981689453,164.1699981689453,13770300.0,214.89923137607164,-23.606056141890353,17.728716169084823
CRDO,2026-09-04,162.10000610351562,172.0500030517578,160.75,170.57000732421875,170.57000732421875,10756500.0,210.6774005139904,-19.037349564747565,16.925127029418945
CRDO,2026-09-08,170.5449981689453,178.0,167.22000122070312,167.75,167.75,10394700.0,206.58907665551513,-18.800159855634014,16.242335001627605
CRDO,2026-09-09,165.02000427246094,173.24000549316406,164.18800354003906,167.9199981689453,167.9199981689453,6972200.0,202.9063072758418,-17.242593183332744,15.523301696777343
CRDO,2026-09-10,162.35000610351562,165.67999267578125,159.1999969482422,160.30999755859375,160.30999755859375,6901300.0,198.84951587419914,-19.381248250052153,14.90481983531605
CRDO,2026-09-11,162.8800048828125,164.8000030517578,160.44000244140625,162.9499969482422,162.9499969482422,5889800.0,195.43051407172706,-16.61998244120867,14.036918640136719
CRDO,2026-09-14,153.6909942626953,154.11000061035156,149.13999938964844,150.08999633789062,150.08999633789062,10698800.0,191.1123695256474,-21.465053931138435,14.019463172325722
CRDO,2026-09-15,153.0,154.74000549316406,149.6999969482422,150.38999938964844,150.38999938964844,6494300.0,187.23404856031416,-19.6780710848097,13.378073556082589
CRDO,2026-09-16,153.10000610351562,164.5500030517578,152.72000122070312,161.49000549316406,161.49000549316406,8978500.0,184.7822349348713,-12.605232018065404,13.89085933140346
CRDO,2026-09-17,168.64999389648438,169.8000030517578,163.52000427246094,168.25,168.25,8903300.0,183.20773636964546,-8.164358485094914,13.200859069824219
CRDO,2026-09-18,171.11000061035156,175.97999572753906,170.1929931640625,175.88999938964844,175.88999938964844,13345500.0,182.5108090382172,-3.6276260477166478,12.90371595110212
CRDO,2026-09-21,180.91000366210938,188.75999450683594,176.49000549316406,187.27000427246094,187.27000427246094,11146500.0,182.96406572719278,2.353434008013622,12.716929844447545
CRDO,2026-09-22,183.67999267578125,194.0,183.1699981689453,192.55999755859375,192.55999755859375,8199200.0,183.87796399685,4.721628069523587,12.056573050362724
CRDO,2026-09-23,191.5,196.14999389648438,189.25999450683594,193.8699951171875,193.8699951171875,7813400.0,184.8295860083107,4.891213200288336,9.357286725725446
CRDO,2026-09-24,188.91000366210938,196.4250030517578,187.0,195.97000122070312,195.97000122070312,5788700.0,185.89057793330048,5.4222346282764455,9.52907235281808
CRDO,2026-09-25,201.58999633789062,214.8699951171875,198.0,210.97000122070312,210.97000122070312,11753100.0,188.27909443686264,12.051739919245064,10.07192884172712
CRDO,2026-09-28,206.11500549316406,208.10499572753906,189.43899536132812,192.6699981689453,192.6699981689453,9095400.0,188.69727574468004,2.1053416953621618,10.839857918875557
CRDO,2026-09-29,194.4600067138672,199.3800048828125,189.00999450683594,192.35000610351562,192.35000610351562,6677400.0,189.0451548264739,1.7481808936469667,10.93400137765067
CRDO,2026-09-30,192.55999755859375,195.55999755859375,186.80999755859375,194.7899932861328,194.7899932861328,6468300.0,189.59228229882237,2.7415203426467416,10.936144147600446
CRDO,2026-10-01,197.1300048828125,211.04800415039062,195.0,210.1699981689453,210.1699981689453,9414900.0,191.55206476264362,9.719515907788079,11.776715959821429
CRDO,2026-10-02,214.9949951171875,231.58999633789062,211.91000366210938,218.63999938964844,218.63999938964844,10666000.0,194.1318680604536,12.624476122365902,12.320287431989398
CRDO,2026-10-05,220.6999969482422,220.9600067138672,206.05999755859375,212.47999572753906,212.47999572753906,7747800.0,195.8793087906522,8.474956869808548,13.024573189871651
CRDO,2026-10-06,213.0,226.60000610351562,209.61000061035156,220.8300018310547,220.8300018310547,7216900.0,198.25556527069054,11.386533603504079,13.22671617780413
CRDO,2026-10-07,214.0399932861328,217.1300048828125,212.0,216.15249633789062,216.15249633789062,507652.0,199.96003489613815,8.097848877733526,13.263859340122767
DB,2026-08-26,40.529998779296875,40.650001525878906,40.11000061035156,40.22999954223633,40.22999954223633,2996900.0,40.22999954223633,0.0,
DB,2026-08-27,40.369998931884766,40.529998779296875,39.9900016784668,40.06999969482422,40.06999969482422,1692200.0,40.214761461530415,-0.3599717154723736,
DB,2026-08-28,40.43000030517578,40.689998626708984,40.279998779296875,40.36000061035156,40.36000061035156,1850300.0,40.228593761418146,0.3266503664352438,0.5666656494140625
DB,2026-08-31,40.34000015258789,40.36000061035156,40.0099983215332,40.060001373291016,40.060001373291016,1754100.0,40.212537343501275,-0.37932441046252263,0.5124998092651367
DB,2026-09-01,39.54999923706055,40.099998474121094,39.459999084472656,39.58000183105469,39.58000183105469,2203800.0,40.15229586612541,-1.4253083733464345,0.5379997253417969
DB,2026-09-02,40.27000045776367,40.56999969482422,39.9900016784668,40.5,40.5,1655100.0,40.185410545542034,0.7828449434439388,0.6133327484130859
DB,2026-09-03,41.060001373291016,41.560001373291016,41.060001373291016,41.560001373291016,41.560001373291016,2416100.0,40.3163239577086,3.084798646044762,0.6771425519670758
DB,2026-09-04,41.31999969482422,41.5,41.25,41.33000183105469,41.33000183105469,1092300.0,40.41286470755108,2.2694187361883333,0.6312499046325684
DB,2026-09-08,41.560001373291016,41.619998931884766,41.060001373291016,41.060001373291016,41.060001373291016,1234000.0,40.474496770954886,1.4466013145252976,0.6233329772949219
DB,2026-09-09,40.75,40.849998474121094,40.41999816894531,40.65999984741211,40.65999984741211,1554700.0,40.492163730617484,0.41449036389160643,0.625
DB,2026-09-10,40.439998626708984,40.709999084472656,40.2400016784668,40.349998474121094,40.349998474121094,1470200.0,40.47862418237973,-0.31776205554592263,0.6109088550914418
DB,2026-09-11,40.65999984741211,40.68000030517578,40.279998779296875,40.47999954223633,40.47999954223633,1690900.0,40.478755169032745,0.0030741390104171984,0.5933332443237305
DB,2026-09-14,39.40999984741211,39.790000915527344,39.0,39.369998931884766,39.369998931884766,3481300.0,40.373159336923415,-2.484721090730213,0.661538344163161
DB,2026-09-15,38.72999954223633,38.91999816894531,38.380001068115234,38.689998626708984,38.689998626708984,1298900.0,40.212858316902995,-3.786996880930238,0.6849997384207589
DB,2026-09-16,38.599998474121094,38.959999084472656,37.970001220703125,38.36000061035156,38.36000061035156,1891500.0,40.036395678183816,-4.187177790196872,0.7171423775809151
DB,2026-09-17,39.060001373291016,39.31999969482422,38.84000015258789,39.04999923706055,39.04999923706055,1814000.0,39.942453159981596,-2.2343493008466497,0.7471425192696708
DB,2026-09-18,38.150001525878906,38.15999984741211,37.77000045776367,37.97999954223633,37.97999954223633,1866500.0,39.75555281543443,-4.466176791556952,0.7942853655133929
DB,2026-09-21,38.380001068115234,38.40999984741211,38.02000045776367,38.25,38.25,1229600.0,39.612166833012104,-3.4387586994531594,0.799999509538923
DB,2026-09-22,38.290000915527344,38.310001373291016,37.31999969482422,37.560001373291016,37.560001373291016,1908800.0,39.416722503514855,-4.710490909177622,0.8249996730259487
DB,2026-09-23,36.34000015258789,36.529998779296875,35.779998779296875,35.869998931884766,35.869998931884766,3812500.0,39.07893930621675,-8.211431608179554,0.8814285823277065
DB,2026-09-24,35.59000015258789,35.70000076293945,35.15999984741211,35.619998931884766,35.619998931884766,2514400.0,38.74951641342323,-8.076274935019235,0.8564284188406808
DB,2026-09-25,36.11000061035156,36.59000015258789,35.88999938964844,36.56999969482422,36.56999969482422,1654800.0,38.541943392604274,-5.116357724085208,0.9035712650844029
DB,2026-09-28,36.18000030517578,36.47999954223633,35.869998931884766,36.08000183105469,36.08000183105469,2359100.0,38.30747276769479,-5.8147164918656795,0.9135714939662388
DB,2026-09-29,36.04999923706055,36.150001525878906,35.790000915527344,36.11000061035156,36.11000061035156,1936700.0,38.098189705090675,-5.218592038438641,0.893571308680943
DB,2026-09-30,36.04999923706055,36.310001373291016,35.869998931884766,35.88999938964844,35.88999938964844,1998800.0,37.88788586552475,-5.273153754124471,0.8914288112095424
DB,2026-10-01,35.40999984741211,35.54999923706055,34.63999938964844,35.130001068115234,35.130001068115234,3422500.0,37.625230170533364,-6.631797576011367,0.9521429879324776
DB,2026-10-02,34.529998779296875,35.040000915527344,34.38999938964844,34.970001220703125,34.970001220703125,2727600.0,37.37235122293048,-6.428147878352785,0.8992859976632255
DB,2026-10-05,34.790000915527344,35.189998626708984,34.77000045776367,34.970001220703125,34.970001220703125,1930900.0,37.14355598462311,-5.851768109708743,0.8585717337472099
DB,2026-10-06,35.290000915527344,35.45000076293945,35.06999969482422,35.130001068115234,35.130001068115234,1519600.0,36.951788849717595,-4.930174798875219,0.8221432822091239
DB,2026-10-07,35.290000915527344,33.33000183105469,33.14500045776367,33.14500045776367,33.14500045776367,317888.0,36.58923757429341,-9.4132519420125,0.8953576769147601
DNA,2026-08-26,7.329999923706055,7.46999979019165,7.190000057220459,7.230000019073486,7.230000019073486,628200.0,7.230000019073486,0.0,
DNA,2026-08-27,7.340000152587891,7.429999828338623,7.170000076293945,7.260000228881836,7.260000228881836,757200.0,7.232857181912377,0.3752742005930454,
DNA,2026-08-28,7.230000019073486,7.284999847412109,6.909999847412109,6.960000038146973,6.960000038146973,1263600.0,7.206870787268053,-3.4254915400621866,0.30499982833862305
DNA,2026-08-31,6.900000095367432,6.960000038146973,6.670000076293945,6.809999942779541,6.809999942779541,1209100.0,7.169073563983432,-5.008647463290572,0.3012498617172241
DNA,2026-09-01,6.659999847412109,6.985000133514404,6.619999885559082,6.929999828338623,6.929999828338623,1810600.0,7.146304636779165,-3.026806432618445,0.31399993896484374
DNA,2026-09-02,6.920000076293945,7.298999786376953,6.769999980926514,7.03000020980835,7.03000020980835,1269300.0,7.135228024686707,-1.47476456974166,0.34983325004577637
DNA,2026-09-03,7.159999847412109,7.21999979019165,6.760000228881836,6.949999809265137,6.949999809265137,859900.0,7.117587242265604,-2.3545539702738205,0.36557129451206755
DNA,2026-09-04,6.800000190734863,6.96999979019165,6.739999771118164,6.949999809265137,6.949999809265137,656200.0,7.101626534360798,-2.1350985490721675,0.3486248850822449
DNA,2026-09-08,7.0,7.059999942779541,6.75,6.940000057220459,6.940000057220459,1077100.0,7.086233536537908,-2.0636277165216654,0.3443332248263889
DNA,2026-09-09,6.829999923706055,6.929999828338623,6.71999979019165,6.789999961853027,6.789999961853027,893400.0,7.058020815139348,-3.7973939197149975,0.33189992904663085
DNA,2026-09-10,6.71999979019165,6.849999904632568,6.590000152587891,6.78000020980835,6.78000020980835,679200.0,7.031542662250681,-3.5773437569077693,0.3253635493191806
DNA,2026-09-11,6.800000190734863,6.829999923706055,6.519999980926514,6.75,6.75,932400.0,7.004729075369664,-3.6365300160623337,0.32408324877421063
DNA,2026-09-14,6.659999847412109,7.139999866485596,6.659999847412109,7.010000228881836,7.010000228881836,1028000.0,7.00523108998987,0.06807967975219764,0.3360768464895395
DNA,2026-09-15,6.949999809265137,7.179999828338623,6.909999847412109,6.989999771118164,6.989999771118164,733300.0,7.0037804881925645,-0.19676112204877194,0.3313570703778948
DNA,2026-09-16,7.099999904632568,7.390999794006348,6.949999809265137,7.059999942779541,7.059999942779541,976100.0,7.009134721962752,0.7256990032936006,0.3428570883614676
DNA,2026-09-17,7.289999961853027,8.140000343322754,7.209000110626221,7.840000152587891,7.840000152587891,2657700.0,7.088264762974671,10.605351447083166,0.40142856325422016
DNA,2026-09-18,7.829999923706055,7.980000019073486,7.494999885559082,7.880000114440918,7.880000114440918,1761600.0,7.16366812978098,9.9995138200496,0.4092857156481062
DNA,2026-09-21,8.050000190734863,8.12600040435791,7.670000076293945,7.980000019073486,7.980000019073486,1652100.0,7.241414023999314,10.199471990226883,0.4211428846631731
DNA,2026-09-22,7.869999885559082,9.800000190734863,7.800000190734863,9.369999885559082,9.369999885559082,3327900.0,7.444136487005006,25.87087705761433,0.537928581237793
DNA,2026-09-23,9.130000114440918,9.279999732971191,8.539999961853027,8.579999923706055,8.579999923706055,1844100.0,7.55231395716701,13.607564150107777,0.5594285896846226
DNA,2026-09-24,8.5,10.4399995803833,8.4399995803833,10.25,10.25,4022300.0,7.809236437436819,31.254829868671496,0.6694286210196358
DNA,2026-09-25,10.199999809265137,10.670000076293945,9.539999961853027,10.65999984741211,10.65999984741211,2309600.0,8.080737714577323,31.918646835695498,0.7337143421173096
DNA,2026-09-28,10.375,10.789999961853027,10.095000267028809,10.460000038146973,10.460000038146973,2120900.0,8.30733412634586,25.912836525668958,0.7612143244062152
DNA,2026-09-29,10.539999961853027,12.270000457763672,10.529999732971191,11.960000038146973,11.960000038146973,4745900.0,8.65520707032692,38.182714069892555,0.8747857638767788
DNA,2026-09-30,11.899999618530273,13.414999961853027,11.864999771118164,12.829999923706055,12.829999923706055,4647900.0,9.05280638969636,41.72400658329316,0.9669286523546491
DNA,2026-10-01,12.600000381469727,13.15999984741211,12.109999656677246,12.5,12.5,2915100.0,9.381110543058611,33.24648443940528,1.0197858129228865
DNA,2026-10-02,13.0,13.399999618530273,11.9399995803833,12.350000381469727,12.350000381469727,2040100.0,9.663861956240623,27.79570359543968,1.0897858142852783
DNA,2026-10-05,12.5,15.479999542236328,12.479999542236328,14.979999542236328,14.979999542236328,7690900.0,10.1701607739545,47.29363552048944,1.2940714699881417
DNA,2026-10-06,15.079999923706055,18.219999313354492,12.109999656677246,12.40999984741211,12.40999984741211,13126100.0,10.383478780950462,19.516783432730712,1.699000017983573
DNA,2026-10-07,15.079999923706055,11.946599960327148,11.270000457763672,11.347000122070312,11.347000122070312,472859.0,10.475242718199972,8.322073553061692,1.7032856600625175
EGO,2026-08-26,47.0099983215332,47.810001373291016,46.7599983215332,46.959999084472656,46.88145446777344,2832200.0,46.959999084472656,0.0,
EGO,2026-08-27,46.869998931884766,48.369998931884766,46.77000045776367,48.029998779296875,47.94966125488281,3237500.0,47.06190381731306,2.0570671465859336,
EGO,2026-08-28,48.290000915527344,48.29999923706055,45.08000183105469,45.47999954223633,45.403926849365234,3099600.0,46.91124626730575,-3.05096717515031,1.9566663106282551
EGO,2026-08-31,45.72999954223633,45.72999954223633,44.130001068115234,44.84000015258789,44.76499938964844,2474300.0,46.713984732570715,-4.011613632857602,1.8674993515014648
EGO,2026-09-01,43.0,43.790000915527344,42.189998626708984,42.86000061035156,42.86000061035156,5165600.0,46.3469386256927,-7.523556288156074,2.023999786376953
EGO,2026-09-02,43.91999816894531,44.689998626708984,42.86000061035156,43.150001525878906,43.150001525878906,3679300.0,46.04246842571044,-6.282171653108759,1.9916661580403645
EGO,2026-09-03,44.68000030517578,44.77000045776367,43.25,43.790000915527344,43.790000915527344,2914200.0,45.82794771045491,-4.446951907607765,1.938570840018136
EGO,2026-09-04,42.720001220703125,43.380001068115234,42.33000183105469,43.02000045776367,43.02000045776367,1578500.0,45.560524162579554,-5.5761511780465955,1.8787493705749512
EGO,2026-09-08,43.060001373291016,44.380001068115234,43.029998779296875,43.880001068115234,43.880001068115234,1291300.0,45.40047434405914,-3.3490250881990313,1.8211106194390192
EGO,2026-09-09,44.9900016784668,45.72999954223633,44.29999923706055,44.58000183105469,44.58000183105469,1853500.0,45.322334104725385,-1.6378950650586699,1.8239994049072266
EGO,2026-09-10,42.84000015258789,43.72999954223633,42.5099983215332,42.790000915527344,42.790000915527344,2161200.0,45.08115951527795,-5.0822974040278135,1.8463634144176135
EGO,2026-09-11,43.529998779296875,44.529998779296875,43.2400016784668,43.75,43.75,1009900.0,44.954382418584814,-2.679121264241646,1.8374996185302734
EGO,2026-09-14,41.63999938964844,41.849998474121094,40.47999954223633,41.15999984741211,41.15999984741211,3665000.0,44.593012649901695,-7.698544230330562,1.9476919907789965
EGO,2026-09-15,41.529998779296875,41.720001220703125,39.70000076293945,40.209999084472656,40.209999084472656,2892900.0,44.1755827865275,-8.976867880199768,1.9528568812779017
EGO,2026-09-16,41.119998931884766,42.060001373291016,39.75,40.56999969482422,40.56999969482422,4589700.0,43.832193920650994,-7.442461656681598,2.0428567613874162
EGO,2026-09-17,41.9900016784668,42.720001220703125,41.060001373291016,42.38999938964844,42.38999938964844,3836400.0,43.69484206055551,-2.986262472579082,2.0821426936558316
EGO,2026-09-18,42.7400016784668,43.599998474121094,42.25,43.220001220703125,43.220001220703125,9057500.0,43.64961912342671,-0.9842420423160303,1.9485713413783483
EGO,2026-09-21,43.540000915527344,43.540000915527344,42.09000015258789,42.369998931884766,42.369998931884766,2033800.0,43.52775053375605,-2.659801133011541,1.937857219151088
EGO,2026-09-22,43.29999923706055,45.380001068115234,43.29999923706055,44.849998474121094,44.849998474121094,3672500.0,43.65367890902891,2.7404782254096594,1.963571548461914
EGO,2026-09-23,43.47999954223633,43.77000045776367,42.5,42.84000015258789,42.84000015258789,2787200.0,43.57618569412977,-1.689421710081096,2.000714438302176
EGO,2026-09-24,42.130001068115234,42.65999984741211,41.150001525878906,42.130001068115234,42.130001068115234,2561600.0,43.43845382498553,-3.0121991959982775,2.0057144165039062
EGO,2026-09-25,42.20000076293945,42.290000915527344,41.130001068115234,41.91999816894531,41.91999816894531,1427300.0,43.29383900060075,-3.1732940837987833,1.98428589957101
EGO,2026-09-28,39.540000915527344,40.20000076293945,38.86000061035156,39.439998626708984,39.439998626708984,5509900.0,42.926806584039625,-8.12268192022243,2.1057142530168806
EGO,2026-09-29,39.81999969482422,39.81999969482422,38.439998626708984,38.900001525878906,38.900001525878906,3484100.0,42.54330134040527,-8.563744936893647,2.072143009730748
EGO,2026-09-30,39.38999938964844,39.38999938964844,38.060001373291016,38.4900016784668,38.4900016784668,3937700.0,42.157272801173036,-8.699023629925595,2.0192854745047435
EGO,2026-10-01,38.400001525878906,38.43000030517578,37.38999938964844,37.61000061035156,37.61000061035156,4094800.0,41.72419925919004,-9.860461607138681,1.973571504865374
EGO,2026-10-02,38.34000015258789,38.560001373291016,37.45000076293945,38.119998931884766,38.119998931884766,3370100.0,41.38094208516097,-7.880301870762773,1.8192858014787947
EGO,2026-10-05,38.220001220703125,38.29999923706055,36.61000061035156,37.900001525878906,37.900001525878906,2294300.0,41.04942393665792,-7.672269446798541,1.7957142421177454
EGO,2026-10-06,38.13999938964844,39.02000045776367,37.650001525878906,38.540000915527344,38.540000915527344,3009800.0,40.810431267978814,-5.563357901176902,1.7285712105887276
EGO,2026-10-07,38.13999938964844,37.22370147705078,36.2400016784668,36.439998626708984,36.439998626708984,130748.0,40.39419958785788,-9.789031597342234,1.7392853328159876
EQX,2026-08-26,13.600000381469727,13.920000076293945,13.579999923706055,13.630000114440918,13.630000114440918,11283600.0,13.630000114440918,0.0,
EQX,2026-08-27,13.569999694824219,13.65999984741211,13.265000343322754,13.449999809265137,13.449999809265137,12443300.0,13.6128572282337,-1.1963500111555558,
EQX,2026-08-28,13.529999732971191,13.5600004196167,12.774999618530273,12.989999771118164,12.989999771118164,14725200.0,13.553537470413174,-4.157864325274419,0.5066668192545573
EQX,2026-08-31,12.970000267028809,13.020000457763672,12.369999885559082,12.859999656677246,12.859999656677246,11285300.0,13.487486250057371,-4.652361320312415,0.5425002574920654
EQX,2026-09-01,12.329999923706055,12.729999542236328,12.149999618530273,12.180000305175781,12.180000305175781,11905000.0,13.362963779116267,-8.852553172292732,0.5760002136230469
EQX,2026-09-02,12.539999961853027,12.869999885559082,12.489999771118164,12.630000114440918,12.630000114440918,9673900.0,13.293157715813852,-4.988713859792893,0.5950001080830892
EQX,2026-09-03,13.119999885559082,13.189000129699707,12.75,13.119999885559082,13.119999885559082,10254600.0,13.276666493884825,-1.1800146399542633,0.5898572376796177
EQX,2026-09-04,12.654999732971191,12.930000305175781,12.654999732971191,12.8100004196167,12.8100004196167,7863700.0,13.23222210585929,-3.190860029893461,0.5742501020431519
EQX,2026-09-08,12.800000190734863,12.869999885559082,12.609999656677246,12.640000343322754,12.640000343322754,7043000.0,13.175820033236763,-4.066689500633524,0.5393334494696723
EQX,2026-09-09,12.899999618530273,13.170000076293945,12.729999542236328,12.850000381469727,12.850000381469727,8671700.0,13.144789590211332,-2.2426316276764835,0.5384000778198242
EQX,2026-09-10,12.300000190734863,12.390000343322754,12.15999984741211,12.199999809265137,12.199999809265137,14654000.0,13.0548096110736,-6.547853452289187,0.5521819374778054
EQX,2026-09-11,12.470000267028809,12.645000457763672,12.28499984741211,12.399999618530273,12.399999618530273,10798200.0,12.992446754640902,-4.559935070728738,0.5432501633961996
EQX,2026-09-14,11.9399995803833,12.050000190734863,11.71500015258789,11.850000381469727,11.850000381469727,11372100.0,12.883642338148409,-8.022901672907146,0.5541539558997521
EQX,2026-09-15,11.90999984741211,12.0,11.614999771118164,11.859999656677246,11.859999656677246,7406100.0,12.78615255896068,-7.243405692311844,0.5420715468270438
EQX,2026-09-16,12.100000381469727,12.170000076293945,11.42199993133545,11.579999923706055,11.579999923706055,12353800.0,12.67128087941262,-8.612238700190133,0.5712144034249442
EQX,2026-09-17,12.039999961853027,12.289999961853027,11.930000305175781,12.220000267028809,12.220000267028809,10676000.0,12.628301773471305,-3.233225763579939,0.5937144415719169
EQX,2026-09-18,12.40999984741211,12.510000228881836,12.09000015258789,12.449999809265137,12.449999809265137,25892600.0,12.6113206340231,-1.2791747148411137,0.5676429612295968
EQX,2026-09-21,12.239999771118164,12.399999618530273,12.0,12.15999984741211,12.15999984741211,28148000.0,12.568337701964909,-3.2489408244414153,0.5533571924482074
EQX,2026-09-22,12.210000038146973,12.850000381469727,12.15999984741211,12.760000228881836,12.760000228881836,16167700.0,12.586591275956998,1.377727687527952,0.5519286564418248
EQX,2026-09-23,12.369999885559082,12.395000457763672,11.899999618530273,12.050000190734863,12.050000190734863,15430600.0,12.5354873630787,-3.8729022516807876,0.5640715871538434
EQX,2026-09-24,11.920000076293945,11.979999542236328,11.579999923706055,11.729999542236328,11.729999542236328,15067500.0,12.458774237284189,-5.849489533785157,0.5577144622802734
EQX,2026-09-25,11.739999771118164,12.0,11.59000015258789,11.9399995803833,11.9399995803833,9211500.0,12.40936712710315,-3.7823649015485183,0.553785869053432
EQX,2026-09-28,11.289999961853027,11.489999771118164,11.119999885559082,11.229999542236328,11.229999542236328,13235200.0,12.297046404734882,-8.677261412038717,0.5937858309064593
EQX,2026-09-29,11.359999656677246,11.5,11.220000267028809,11.399999618530273,11.399999618530273,16360900.0,12.2116133774773,-6.646245126331474,0.5759286880493164
EQX,2026-09-30,11.5,11.510000228881836,11.09000015258789,11.109999656677246,11.109999656677246,9677200.0,12.106697785020154,-8.232617564602474,0.5566429410661969
EQX,2026-10-01,11.09000015258789,11.109999656677246,10.800000190734863,10.819999694824219,10.819999694824219,13260700.0,11.984155109763398,-9.7141217238648,0.5469999994550433
EQX,2026-10-02,11.0600004196167,11.234999656677246,10.890000343322754,11.109999656677246,11.109999656677246,9101200.0,11.900902209469479,-6.645736086823028,0.5277143205915179
EQX,2026-10-05,11.149999618530273,11.305000305175781,10.859999656677246,11.229999542236328,11.229999542236328,8924600.0,11.837006717352036,-5.128046216497351,0.5320000648498535
EQX,2026-10-06,11.279999732971191,11.579999923706055,11.0600004196167,11.380000114440918,11.380000114440918,12199200.0,11.793482278979548,-3.5060226891222124,0.515714304787772
EQX,2026-10-07,11.279999732971191,10.984999656677246,10.774999618530273,10.819999694824219,10.819999694824219,699166.0,11.700769651917135,-7.527453178677046,0.5082143374851772
EXK,2026-08-26,10.829999923706055,11.0600004196167,10.710000038146973,10.890000343322754,10.890000343322754,6308500.0,10.890000343322754,0.0,
EXK,2026-08-27,10.800000190734863,11.319999694824219,10.800000190734863,11.300000190734863,11.300000190734863,7490100.0,10.929047947838193,3.394186251786424,
EXK,2026-08-28,11.460000038146973,11.520000457763672,10.529999732971191,10.760000228881836,10.760000228881836,13172400.0,10.912948165080444,-1.4015271939805896,0.6200002034505209
EXK,2026-08-31,10.739999771118164,10.779999732971191,10.430000305175781,10.710000038146973,10.710000038146973,8037500.0,10.89361977203916,-1.6855713503374559,0.5525000095367432
EXK,2026-09-01,10.220000267028809,10.699999809265137,10.130000114440918,10.239999771118164,10.239999771118164,7925900.0,10.831370248141925,-5.459793760860565,0.5579999923706055
EXK,2026-09-02,10.680000305175781,11.199999809265137,10.430000305175781,11.130000114440918,11.130000114440918,10630800.0,10.859811187789447,2.4879707573117527,0.625
EXK,2026-09-03,11.600000381469727,11.649999618530273,11.119999885559082,11.470000267028809,11.470000267028809,9872700.0,10.91792443343129,5.056600610891127,0.6114285332815987
EXK,2026-09-04,11.15999984741211,11.34000015258789,10.970000267028809,11.119999885559082,11.119999885559082,8656700.0,10.937169714586318,1.6716406140149243,0.5974999666213989
EXK,2026-09-08,11.069999694824219,11.289999961853027,11.050000190734863,11.130000114440918,11.130000114440918,7423500.0,10.95553451457247,1.5924882499925852,0.5577777226765951
EXK,2026-09-09,11.359999656677246,11.520000457763672,11.0,11.149999618530273,11.149999618530273,9707700.0,10.97405500066369,1.6032780759340337,0.5539999961853027
EXK,2026-09-10,10.649999618530273,10.859999656677246,10.5,10.520000457763672,10.520000457763672,7287400.0,10.930811710863688,-3.7582867948564913,0.5627272345803
EXK,2026-09-11,10.710000038146973,10.850000381469727,10.069999694824219,10.180000305175781,10.180000305175781,9383100.0,10.859305862702936,-6.2555154640249855,0.580833355585734
EXK,2026-09-14,9.699999809265137,9.899999618530273,9.449999809265137,9.720000267028809,9.720000267028809,6935900.0,10.750800567876828,-9.588125966432948,0.5923077509953425
EXK,2026-09-15,9.770000457763672,9.819999694824219,9.430000305175781,9.640000343322754,9.640000343322754,5912800.0,10.645010070300248,-9.441134581746313,0.5778571537562779
EXK,2026-09-16,9.859999656677246,9.869999885559082,9.3100004196167,9.529999732971191,9.529999732971191,8823400.0,10.538818609602243,-9.572409527116122,0.5928570883614677
EXK,2026-09-17,9.960000038146973,10.199999809265137,9.869999885559082,10.170000076293945,10.170000076293945,6373900.0,10.503693035001453,-3.176910802662858,0.6035714149475098
EXK,2026-09-18,10.319999694824219,10.390000343322754,10.020000457763672,10.210000038146973,10.210000038146973,7723600.0,10.475722273396265,-2.5365528821254646,0.5592856407165527
EXK,2026-09-21,10.300000190734863,10.300000190734863,9.859999656677246,10.130000114440918,10.130000114440918,5812400.0,10.442796353495755,-2.995330258931339,0.5657142911638532
EXK,2026-09-22,10.109999656677246,10.59000015258789,10.050000190734863,10.510000228881836,10.510000228881836,8042600.0,10.449196722580144,0.5818964645416091,0.5628571510314941
EXK,2026-09-23,10.050000190734863,10.140000343322754,9.140000343322754,9.260000228881836,9.260000228881836,12720900.0,10.335939913656496,-10.40969368787701,0.5921428544180733
EXK,2026-09-24,9.199999809265137,9.34000015258789,8.970000267028809,9.15999984741211,9.15999984741211,7660800.0,10.223945621633222,-10.406410730216232,0.580714293888637
EXK,2026-09-25,9.260000228881836,9.460000038146973,9.050000190734863,9.390000343322754,9.390000343322754,6833500.0,10.14452226179413,-7.437727465126908,0.5742857115609306
EXK,2026-09-28,8.850000381469727,9.119999885559082,8.760000228881836,8.960000038146973,8.960000038146973,9036100.0,10.03171062144678,-10.683228651039823,0.6021428789411273
EXK,2026-09-29,8.989999771118164,9.0,8.550000190734863,8.739999771118164,8.739999771118164,10928700.0,9.908690540463102,-11.794603581295382,0.5971428326198033
EXK,2026-09-30,8.829999923706055,8.829999923706055,8.539999961853027,8.579999923706055,8.579999923706055,7603800.0,9.782148576962431,-12.289208692735576,0.5714285714285714
EXK,2026-10-01,8.529999732971191,8.6899995803833,8.479999542236328,8.5600004196167,8.5600004196167,6700100.0,9.665753514358077,-11.439905777638826,0.5307142393929618
EXK,2026-10-02,8.710000038146973,8.760000228881836,8.430000305175781,8.600000381469727,8.600000381469727,5171700.0,9.564253215987758,-10.081841339229403,0.5021427699497768
EXK,2026-10-05,8.680000305175781,8.710000038146973,8.380000114440918,8.600000381469727,8.600000381469727,4538700.0,9.472419612700326,-9.210099076068035,0.49785709381103516
EXK,2026-10-06,8.6899995803833,8.739999771118164,8.449999809265137,8.670000076293945,8.670000076293945,4929000.0,9.395998704471147,-7.7266786747398175,0.47857141494750977
EXK,2026-10-07,8.6899995803833,8.324999809265137,8.170000076293945,8.194999694824219,8.194999694824219,643275.0,9.281617846409533,-11.707206325087583,0.4664285523550851
FCEL,2026-08-26,18.940000534057617,19.899999618530273,18.520000457763672,19.06999969482422,19.06999969482422,4024100.0,19.06999969482422,0.0,
FCEL,2026-08-27,19.75,19.84000015258789,19.049999237060547,19.31999969482422,19.31999969482422,3907700.0,19.093809218633744,1.1846272977826366,
FCEL,2026-08-28,19.06999969482422,19.290000915527344,17.639999389648438,17.760000228881836,17.760000228881836,4982300.0,18.966779791038324,-6.362595946448868,1.283333460489909
FCEL,2026-08-31,17.809999465942383,17.809999465942383,16.739999771118164,17.229999542236328,17.229999542236328,9056300.0,18.80137214829528,-8.35775492163442,1.2300000190734863
FCEL,2026-09-01,16.8700008392334,17.329999923706055,16.329999923706055,17.079999923706055,17.079999923706055,6264300.0,18.63743193642964,-8.356473241784734,1.184000015258789
FCEL,2026-09-02,15.300000190734863,15.960000038146973,13.920000076293945,14.399999618530273,14.399999618530273,15389800.0,18.23386695377256,-21.026079355312312,1.5133333206176758
FCEL,2026-09-03,14.289999961853027,14.979999542236328,13.829999923706055,14.670000076293945,14.670000076293945,10075900.0,17.89445106067936,-18.01927856546943,1.461428506033761
FCEL,2026-09-04,14.520000457763672,15.09000015258789,14.5,14.949999809265137,14.949999809265137,5864700.0,17.614027131973245,-15.12446473908472,1.3524999618530273
FCEL,2026-09-08,15.180000305175781,18.079999923706055,15.119999885559082,17.760000228881836,17.760000228881836,13926500.0,17.627929331678825,0.7492139020869981,1.5499999788072374
FCEL,2026-09-09,17.899999618530273,18.329999923706055,16.43000030517578,16.56999969482422,16.56999969482422,7680800.0,17.527174128168863,-5.461088172829398,1.584999942779541
FCEL,2026-09-10,16.06999969482422,16.34000015258789,15.489999771118164,15.59000015258789,15.59000015258789,5799200.0,17.342681368589723,-10.106172043131744,1.5390908501364968
FCEL,2026-09-11,16.010000228881836,16.549999237060547,15.699999809265137,15.890000343322754,15.890000343322754,5419900.0,17.204330794754775,-7.639532552075378,1.4908332029978435
FCEL,2026-09-14,14.880000114440918,15.5600004196167,14.710000038146973,15.279999732971191,15.279999732971191,4519000.0,17.021061169823003,-10.228865400816344,1.466922980088454
FCEL,2026-09-15,15.1899995803833,15.649999618530273,15.039999961853027,15.25,15.25,3623600.0,16.852388677458908,-9.50837716912024,1.4057141712733678
FCEL,2026-09-16,15.800000190734863,15.989999771118164,15.09000015258789,15.5,15.5,4464500.0,16.723589755796155,-7.316549698141673,1.3714284896850586
FCEL,2026-09-17,16.31999969482422,18.170000076293945,16.299999237060547,17.709999084472656,17.709999084472656,9361600.0,16.817533501384393,5.306756683521985,1.5057141440255302
FCEL,2026-09-18,17.799999237060547,18.3799991607666,17.170000076293945,18.110000610351562,18.110000610351562,8253400.0,16.940625607000314,6.902785236384856,1.4721426282610213
FCEL,2026-09-21,18.329999923706055,18.469999313354492,17.6299991607666,17.959999084472656,17.959999084472656,4810500.0,17.037708795331014,5.4132295616790005,1.4557140895298548
FCEL,2026-09-22,17.639999389648438,18.8700008392334,17.170000076293945,17.860000610351562,17.860000610351562,6244600.0,17.116022301523447,4.3466776083944225,1.5057141440255302
FCEL,2026-09-23,17.59000015258789,17.850000381469727,17.1200008392334,17.18000030517578,17.18000030517578,3440100.0,17.12211544472843,0.3380707286678941,1.3328569957188197
FCEL,2026-09-24,16.450000762939453,16.709999084472656,15.850000381469727,16.389999389648438,16.389999389648438,4866000.0,17.05239010614938,-3.884445009629911,1.3457141603742326
FCEL,2026-09-25,16.459999084472656,16.979999542236328,16.350000381469727,16.489999771118164,16.489999771118164,3771700.0,16.998829121860695,-2.9933199933645405,1.3485712323869978
FCEL,2026-09-28,16.149999618530273,16.34000015258789,15.75,16.139999389648438,16.139999389648438,4040500.0,16.917035814030957,-4.593218533816934,1.1778569221496582
FCEL,2026-09-29,17.520000457763672,17.579999923706055,16.739999771118164,16.899999618530273,16.899999618530273,6608200.0,16.91541331922137,-0.091122223265927,1.1449998446873255
FCEL,2026-09-30,17.010000228881836,17.200000762939453,16.399999618530273,16.420000076293945,16.420000076293945,4089900.0,16.868231105609233,-2.657249752561408,1.124999931880406
FCEL,2026-10-01,16.479999542236328,17.1299991607666,16.020000457763672,16.56999969482422,16.56999969482422,3700900.0,16.8398281141059,-1.6023228827119596,1.1357141903468542
FCEL,2026-10-02,17.25,18.540000915527344,17.200000762939453,18.469999313354492,18.469999313354492,7697500.0,16.995082514034337,8.67849154661171,1.1921428271702357
FCEL,2026-10-05,18.110000610351562,18.18000030517578,16.860000610351562,18.06999969482422,18.06999969482422,5490300.0,17.097455578871468,5.688238881313956,1.263571330479213
FCEL,2026-10-06,18.5,21.059999465942383,18.309999465942383,20.649999618530273,20.649999618530273,12776900.0,17.43579310645802,18.434530006448323,1.4128570556640625
FCEL,2026-10-07,19.030000686645508,19.09000015258789,18.579999923706055,18.8700008392334,18.8700008392334,1230631.0,17.572384319103296,7.38440781038141,1.369999885559082
FLNC,2026-08-26,11.119999885559082,11.289999961853027,10.800000190734863,11.079999923706055,11.079999923706055,5323700.0,11.079999923706055,0.0,
FLNC,2026-08-27,11.520000457763672,11.609999656677246,11.1850004196167,11.430000305175781,11.430000305175781,4807800.0,11.113333293369838,2.849433229856113,
FLNC,2026-08-28,11.270000457763672,11.510000228881836,10.8100004196167,10.880000114440918,10.880000114440918,4925100.0,11.091111085852797,-1.90342491187524,0.5733331044514974
FLNC,2026-08-31,10.819999694824219,11.100000381469727,10.720000267028809,10.8100004196167,10.8100004196167,4012600.0,11.064338641449359,-2.298720511679342,0.5249998569488525
FLNC,2026-09-01,10.581999778747559,10.640000343322754,10.345000267028809,10.420000076293945,10.420000076293945,4417800.0,11.002973063815508,-5.298322409228962,0.5129999160766602
FLNC,2026-09-02,10.385000228881836,10.717000007629395,10.234999656677246,10.5600004196167,10.5600004196167,4739000.0,10.960785192939431,-3.6565334167930175,0.5078333218892416
FLNC,2026-09-03,10.01200008392334,10.414999961853027,9.949999809265137,10.199999809265137,10.199999809265137,8677700.0,10.888329442113307,-6.321719383194679,0.5224286488124302
FLNC,2026-09-04,10.109999656677246,10.369999885559082,10.050000190734863,10.350000381469727,10.350000381469727,3331200.0,10.837060007766299,-4.494388938951377,0.4971250295639038
FLNC,2026-09-08,10.65999984741211,11.369999885559082,10.619999885559082,11.039999961853027,11.039999961853027,9191600.0,10.856387622441225,1.6912839316114425,0.5552221934000651
FLNC,2026-09-09,10.6899995803833,10.869999885559082,10.100000381469727,10.119999885559082,10.119999885559082,6479400.0,10.786255457023879,-6.176894049277681,0.5936999320983887
FLNC,2026-09-10,9.779999732971191,10.069999694824219,9.640000343322754,9.6899995803833,9.6899995803833,5883300.0,10.681850135439062,-9.285381675269043,0.5833635330200195
FLNC,2026-09-11,9.800000190734863,10.154999732971191,9.760000228881836,9.930000305175781,9.930000305175781,4954000.0,10.610245389699703,-6.411209727385714,0.5734999179840088
FLNC,2026-09-14,9.324999809265137,9.649999618530273,9.239999771118164,9.40999984741211,9.40999984741211,5754700.0,10.495936290434217,-10.34625604589281,0.5824615038358248
FLNC,2026-09-15,9.399999618530273,9.529999732971191,9.229999542236328,9.300000190734863,9.300000190734863,3767400.0,10.382037614272374,-10.422206735699113,0.5622856957571847
FLNC,2026-09-16,9.529999732971191,9.600000381469727,8.850000381469727,9.050000190734863,9.050000190734863,8885100.0,10.255176907268801,-11.751886168630755,0.5808571406773159
FLNC,2026-09-17,7.230000019073486,7.840000152587891,7.010000228881836,7.659999847412109,7.659999847412109,33757100.0,10.00801718728245,-23.461363983807416,0.6887142998831612
FLNC,2026-09-18,7.534999847412109,7.639999866485596,7.110000133514404,7.320000171661377,7.320000171661377,15249600.0,9.75201556674711,-24.938592216551992,0.6780000073569161
FLNC,2026-09-21,7.360000133514404,7.409999847412109,7.123000144958496,7.389999866485596,7.389999866485596,11290600.0,9.527061690531728,-22.431489303464957,0.6713571207863944
FLNC,2026-09-22,7.489999771118164,7.489999771118164,7.144999980926514,7.269999980926514,7.269999980926514,8207400.0,9.312103432474089,-21.9295615255534,0.6627856663295201
FLNC,2026-09-23,7.519999980926514,7.710000038146973,7.386000156402588,7.579999923706055,7.579999923706055,11588500.0,9.147141193543801,-17.13257985941946,0.6597856453486851
FLNC,2026-09-24,7.409999847412109,7.585000038146973,7.239999771118164,7.460000038146973,7.460000038146973,7454900.0,8.986461083506008,-16.986231077779244,0.6408570493970599
FLNC,2026-09-25,7.610000133514404,8.055000305175781,7.559999942779541,7.849999904632568,7.849999904632568,8565600.0,8.878226685518062,-11.581443201520303,0.6604999474116734
FLNC,2026-09-28,7.550000190734863,7.755000114440918,7.420000076293945,7.5,7.5,5736000.0,8.746967001183007,-14.255992974643183,0.6183571134294782
FLNC,2026-09-29,7.75,7.929999828338623,7.590000152587891,7.820000171661377,7.820000171661377,7236800.0,8.65868444599047,-9.686047338489834,0.5819285597120013
FLNC,2026-09-30,7.96999979019165,8.039999961853027,7.659999847412109,7.679999828338623,7.679999828338623,5261600.0,8.565476387166486,-10.337738600909086,0.5747857434409005
FLNC,2026-10-01,7.679999828338623,7.849999904632568,7.449999809265137,7.570000171661377,7.570000171661377,5458300.0,8.470669128546952,-10.632795865561972,0.5701428822108677
FLNC,2026-10-02,7.739999771118164,7.889999866485596,7.445000171661377,7.610000133514404,7.610000133514404,6088200.0,8.388700652829566,-9.282731039550217,0.552642822265625
FLNC,2026-10-05,7.599999904632568,7.659999847412109,7.349999904632568,7.650000095367432,7.650000095367432,5662500.0,8.318348218785554,-8.034625454952382,0.5533570902688163
FLNC,2026-10-06,7.769999980926514,8.15999984741211,7.71999979019165,8.029999732971191,8.029999732971191,6061200.0,8.290886458231805,-3.14666865328479,0.5362142154148647
FLNC,2026-10-07,7.730999946594238,7.760000228881836,7.5,7.510000228881836,7.510000228881836,385957.0,8.216516341150855,-8.598730689922295,0.42835705620901926
FLY,2026-08-26,22.15999984741211,22.875,22.079999923706055,22.260000228881836,22.260000228881836,1978900.0,22.260000228881836,0.0,
FLY,2026-08-27,22.690000534057617,22.729999542236328,21.93000030517578,22.15999984741211,22.15999984741211,1849800.0,22.25047638302758,-0.4066274090404831,
FLY,2026-08-28,21.975000381469727,22.059999465942383,20.790000915527344,21.260000228881836,21.260000228881836,2901800.0,22.156145320727983,-4.044679608631052,0.9883327484130859
FLY,2026-08-31,21.040000915527344,21.649999618530273,20.889999389648438,21.1200008392334,21.1200008392334,2166300.0,22.057464893918976,-4.25009881776589,0.9312496185302734
FLY,2026-09-01,20.459999084472656,21.25,20.35300064086914,20.670000076293945,20.670000076293945,2091800.0,21.925325387478495,-5.725458067324574,0.9243995666503906
FLY,2026-09-02,20.700000762939453,21.239999771118164,20.68000030517578,21.06999969482422,21.06999969482422,2099700.0,21.8438657977019,-3.5427158820903193,0.8653329213460287
FLY,2026-09-03,21.440000534057617,21.649999618530273,20.700000762939453,21.059999465942383,21.059999465942383,1818200.0,21.769211861343848,-3.2578689569411234,0.8774280548095703
FLY,2026-09-04,21.520000457763672,21.9689998626709,21.079999923706055,21.670000076293945,21.670000076293945,1798500.0,21.759763119910524,-0.4125184778985158,0.8813745975494385
FLY,2026-09-08,22.045000076293945,23.450000762939453,21.416000366210938,22.899999618530273,22.899999618530273,3125700.0,21.868357072160023,4.717512810706781,1.0094441307915583
FLY,2026-09-09,23.239999771118164,23.299999237060547,21.760000228881836,21.809999465942383,21.809999465942383,2218000.0,21.8627992049012,-0.24150493477057555,1.0624996185302735
FLY,2026-09-10,21.440000534057617,22.594999313354492,20.739999771118164,20.899999618530273,20.899999618530273,2166500.0,21.771104006199206,-4.001195288125448,1.1345450661399148
FLY,2026-09-11,21.049999237060547,21.80500030517578,20.868000030517578,21.1299991607666,21.1299991607666,1901800.0,21.71004640187229,-2.6717918072052815,1.1180830001831055
FLY,2026-09-14,20.524999618530273,22.360000610351562,20.389999389648438,21.360000610351562,21.360000610351562,2087900.0,21.676708707441744,-1.4610525120054452,1.1836151709923377
FLY,2026-09-15,21.209999084472656,21.665000915527344,20.420000076293945,20.489999771118164,20.489999771118164,2859100.0,21.56368880874426,-4.979152904445117,1.187999861580985
FLY,2026-09-16,20.68000030517578,20.71500015258789,19.559999465942383,20.280000686645508,20.280000686645508,3200300.0,21.441432797115805,-5.416765388115885,1.2137141908918108
FLY,2026-09-17,20.979999542236328,22.204999923706055,20.809999465942383,21.719999313354492,21.719999313354492,2425300.0,21.467962941519488,1.17401158424566,1.2940713337489538
FLY,2026-09-18,21.854999542236328,22.0,20.481000900268555,20.969999313354492,20.969999313354492,9214700.0,21.4205378340752,-2.1033016267406945,1.3047142028808594
FLY,2026-09-21,21.559999465942383,23.020000457763672,21.559999465942383,22.825000762939453,22.825000762939453,2816400.0,21.554296208252747,5.895365556868315,1.3968571254185267
FLY,2026-09-22,22.860000610351562,23.40999984741211,22.149999618530273,23.344999313354492,23.344999313354492,2687600.0,21.724839361119578,7.457638352596874,1.422785758972168
FLY,2026-09-23,23.299999237060547,23.34000015258789,21.729999542236328,21.899999618530273,21.899999618530273,2079500.0,21.74152129039679,0.7289201432444603,1.4974286215645927
FLY,2026-09-24,21.600000381469727,23.299999237060547,21.350000381469727,23.09000015258789,23.09000015258789,2649300.0,21.869947848700704,5.57867038516815,1.568857192993164
FLY,2026-09-25,23.309999465942383,25.579999923706055,23.299999237060547,24.360000610351562,24.360000610351562,5289900.0,22.10709573076269,10.190867706126983,1.681785719735282
FLY,2026-09-28,23.950000762939453,25.100000381469727,23.75,24.110000610351562,24.110000610351562,3498800.0,22.297848576437822,8.127026370735368,1.6329285757882255
FLY,2026-09-29,24.68000030517578,25.170000076293945,22.610000610351562,22.860000610351562,22.860000610351562,3044200.0,22.35138686538199,2.275535509419857,1.7057857513427734
FLY,2026-09-30,23.899999618530273,24.7450008392334,23.139999389648438,23.149999618530273,23.149999618530273,4314600.0,22.427445222824684,3.2217418815507326,1.7079286575317383
FLY,2026-10-01,23.350000381469727,24.367000579833984,22.760000228881836,22.850000381469727,22.850000381469727,3902200.0,22.467688571267068,1.7016072169149687,1.7557858058384486
FLY,2026-10-02,23.15999984741211,24.040000915527344,22.420000076293945,23.31999969482422,23.31999969482422,4702600.0,22.54886105922489,3.4198562560384893,1.7307857785906111
FLY,2026-10-05,23.260000228881836,23.260000228881836,22.03499984741211,22.59000015258789,22.59000015258789,3591000.0,22.552779068116603,0.16503990199552288,1.733642850603376
FLY,2026-10-06,23.190000534057617,24.125,22.34000015258789,22.829999923706055,22.829999923706055,4217000.0,22.579181054363218,1.110841304380994,1.7786427906581335
FLY,2026-10-07,22.030000686645508,22.149999618530273,21.520000457763672,21.579999923706055,21.579999923706055,302765.0,22.484020946681582,-4.0207266534723285,1.7347142355782645
FSLR,2026-08-26,207.4199981689453,209.89999389648438,204.2100067138672,205.92999267578125,205.92999267578125,1465400.0,205.92999267578125,0.0,
FSLR,2026-08-27,212.92999267578125,213.1999969482422,207.00999450683594,210.10000610351562,210.10000610351562,1467200.0,206.32713681175596,1.828586074551053,
FSLR,2026-08-28,209.6199951171875,211.14999389648438,202.10000610351562,204.4600067138672,204.4600067138672,1447600.0,206.14931489767133,-0.8194585485974959,7.336659749348958
FSLR,2026-08-31,203.41000366210938,205.24000549316406,200.35000610351562,201.89999389648438,201.89999389648438,2790200.0,205.74461765946305,-1.8686388041227242,6.724994659423828
FSLR,2026-09-01,199.0,202.61000061035156,198.1999969482422,199.64999389648438,199.64999389648438,1690700.0,205.16417730108412,-2.6876930842110514,6.261996459960938
FSLR,2026-09-02,199.35000610351562,204.35000610351562,197.80999755859375,202.60000610351562,202.60000610351562,1729600.0,204.9199705203633,-1.1321319298243537,6.308331807454427
FSLR,2026-09-03,202.1699981689453,207.6999969482422,201.75,207.4199981689453,207.4199981689453,1873700.0,205.15806839165683,1.1025302563145267,6.25714111328125
FSLR,2026-09-04,208.24000549316406,209.67999267578125,203.47999572753906,204.4499969482422,204.4499969482422,1520700.0,205.09063301609353,-0.3123672975357539,6.249998092651367
FSLR,2026-09-08,206.4499969482422,215.5,205.9499969482422,213.25,213.25,2886500.0,205.86771558598937,3.5859359458074502,6.783331976996528
FSLR,2026-09-09,214.82000732421875,220.97999572753906,202.49000549316406,203.10000610351562,203.10000610351562,3463700.0,205.60412420670616,-1.2179318449239807,7.953997802734375
FSLR,2026-09-10,197.55999755859375,208.75,197.10000610351562,207.1699981689453,207.1699981689453,2189100.0,205.75325506025274,0.6885641290475197,8.289997447620738
FSLR,2026-09-11,209.83999633789062,214.17999267578125,207.0800018310547,209.02999877929688,209.02999877929688,2068300.0,206.0653258906379,1.4387053599849153,8.19083023071289
FSLR,2026-09-14,203.7100067138672,211.6699981689453,203.7100067138672,207.0399932861328,207.0399932861328,1351000.0,206.15815135687552,0.42775021188987683,8.17307340181791
FSLR,2026-09-15,209.47999572753906,210.3000030517578,202.19000244140625,202.33999633789062,202.33999633789062,1446100.0,205.79451754554364,-1.6786264516927663,8.168568202427455
FSLR,2026-09-16,205.52000427246094,205.72999572753906,189.39999389648438,191.07000732421875,191.07000732421875,3090200.0,204.3921832387508,-6.517947850760219,8.92856924874442
FSLR,2026-09-17,193.14999389648438,203.52000427246094,192.72000122070312,201.16000366210938,201.16000366210938,2660000.0,204.084356612404,-1.432913819969328,9.298568725585938
FSLR,2026-09-18,202.11000061035156,202.41000366210938,192.4199981689453,195.9600067138672,195.9600067138672,2760900.0,203.31060900301952,-3.6154543657105243,9.36571284702846
FSLR,2026-09-21,198.22000122070312,201.16000366210938,193.72999572753906,199.83999633789062,199.83999633789062,1835500.0,202.98007446348345,-1.5469883602578616,9.547142028808594
FSLR,2026-09-22,200.88999938964844,202.4600067138672,198.52999877929688,200.77999877929688,200.77999877929688,2043000.0,202.77054344594188,-0.9816734880802258,9.512856619698661
FSLR,2026-09-23,200.38999938964844,201.49000549316406,191.14999389648438,191.97000122070312,191.97000122070312,2116500.0,201.74192037687155,-4.843772250166756,9.784285409109932
FSLR,2026-09-24,190.0,190.0,170.8000030517578,172.16000366210938,172.16000366210938,6370100.0,198.92459497546562,-13.45464160259181,10.87142835344587
FSLR,2026-09-25,174.08999633789062,180.9199981689453,173.44000244140625,177.7100067138672,177.7100067138672,3153300.0,196.90415799817055,-9.747966462181923,11.054285321916852
FSLR,2026-09-28,178.1300048828125,178.22999572753906,172.1999969482422,172.97000122070312,172.97000122070312,2268100.0,194.6247144955546,-11.126394369275284,10.695713588169642
FSLR,2026-09-29,174.22000122070312,177.0500030517578,172.0,176.92999267578125,176.92999267578125,2402000.0,192.9395028936714,-8.297683977507164,9.735714503696986
FSLR,2026-09-30,178.5,178.67999267578125,174.8300018310547,175.16000366210938,175.16000366210938,1921200.0,191.24621725257026,-8.41125844032593,9.178571428571429
FSLR,2026-10-01,174.5,174.75,168.60000610351562,172.11000061035156,172.11000061035156,2546400.0,189.4237204295018,-9.140206823038255,9.140000479561943
FSLR,2026-10-02,174.97000122070312,178.27000427246094,173.10000610351562,174.61000061035156,174.61000061035156,1902900.0,188.0128899705351,-7.128707697798808,9.011429922921318
FSLR,2026-10-05,174.8000030517578,176.5,171.86000061035156,176.16000366210938,176.16000366210938,1540100.0,186.88404365544693,-5.738339016844685,8.763572692871094
FSLR,2026-10-06,177.5,181.42999267578125,176.6999969482422,179.8000030517578,179.8000030517578,1766300.0,186.20937312176224,-3.4420233324201854,7.97357177734375
FSLR,2026-10-07,176.5500030517578,178.125,175.8350067138672,175.8699951171875,175.8699951171875,74769.0,185.22467045465987,-5.050447823451387,7.367500305175781
FSM,2026-08-26,12.210000038146973,12.5,12.149999618530273,12.40999984741211,12.40999984741211,5046700.0,12.40999984741211,0.0,
FSM,2026-08-27,12.319999694824219,12.890000343322754,12.319999694824219,12.8100004196167,12.8100004196167,6337800.0,12.448095140003023,2.907314537231187,
FSM,2026-08-28,12.84000015258789,12.9399995803833,12.09000015258789,12.260000228881836,12.260000228881836,6844400.0,12.430181338943862,-1.3690959562178473,0.5900001525878906
FSM,2026-08-31,12.260000228881836,12.260000228881836,11.869999885559082,12.079999923706055,12.079999923706055,5281700.0,12.396830727968833,-2.5557403437635684,0.5400002002716064
FSM,2026-09-01,11.670000076293945,12.180000305175781,11.5600004196167,11.75,11.75,6431400.0,12.335227801495611,-4.744361522246498,0.5560001373291016
FSM,2026-09-02,12.079999923706055,12.390000343322754,12.039999961853027,12.260000228881836,12.260000228881836,4797700.0,12.32806327077049,-0.552098414760982,0.570000171661377
FSM,2026-09-03,12.729999542236328,12.850000381469727,12.380000114440918,12.65999984741211,12.65999984741211,4385000.0,12.359676278069692,2.429865981808077,0.572857311793736
FSM,2026-09-04,12.289999961853027,12.510000228881836,12.149999618530273,12.3100004196167,12.3100004196167,4818500.0,12.354945243931311,-0.36378003647316026,0.5650001764297485
FSM,2026-09-08,12.279999732971191,12.430000305175781,12.149999618530273,12.15999984741211,12.15999984741211,2944900.0,12.336379015691387,-1.4297482920630933,0.5333335664537218
FSM,2026-09-09,12.449999809265137,12.579999923706055,12.180000305175781,12.329999923706055,12.329999923706055,3037700.0,12.335771483121356,-0.046787178436291654,0.5220002174377442
FSM,2026-09-10,11.880000114440918,12.180000305175781,11.8100004196167,12.050000190734863,12.050000190734863,3059400.0,12.308555169560737,-2.1006119342527274,0.5218183344060724
FSM,2026-09-11,12.260000228881836,12.399999618530273,11.920000076293945,11.989999771118164,11.989999771118164,3032600.0,12.278216560185253,-2.347383169650985,0.5183334350585938
FSM,2026-09-14,11.520000457763672,11.729999542236328,11.420000076293945,11.630000114440918,11.630000114440918,3343900.0,12.216481660590555,-4.800740200360487,0.5223077627328726
FSM,2026-09-15,11.649999618530273,11.6899995803833,11.4399995803833,11.640000343322754,11.640000343322754,3377000.0,12.161578677993623,-4.288738727766194,0.5028572082519531
FSM,2026-09-16,11.850000381469727,11.890000343322754,11.270000457763672,11.489999771118164,11.489999771118164,4674300.0,12.097618782100723,-5.0226331472898895,0.5221428871154785
FSM,2026-09-17,11.930000305175781,11.979999542236328,11.739999771118164,11.920000076293945,11.920000076293945,2823700.0,12.08070271488103,-1.330242473305221,0.5164285387311663
FSM,2026-09-18,12.020000457763672,12.079999923706055,11.75,11.949999809265137,11.949999809265137,5821900.0,12.068254819108088,-0.9798849263251697,0.47928571701049805
FSM,2026-09-21,12.039999961853027,12.050000190734863,11.65999984741211,11.760000228881836,11.760000228881836,3349600.0,12.038897239086541,-2.3166325342425353,0.47928571701049805
FSM,2026-09-22,11.739999771118164,12.300000190734863,11.699999809265137,12.210000038146973,12.210000038146973,3888400.0,12.055192743758964,1.2841544525959758,0.4778571810041155
FSM,2026-09-23,11.829999923706055,11.920000076293945,11.579999923706055,11.65999984741211,11.65999984741211,3964900.0,12.017555325059263,-2.9752763184835995,0.4771428789411272
FSM,2026-09-24,11.550000190734863,11.569999694824219,11.319999694824219,11.5,11.5,6708200.0,11.968264341720285,-3.912550127155512,0.4592857360839844
FSM,2026-09-25,11.539999961853027,11.75,11.399999618530273,11.6899995803833,11.6899995803833,4059100.0,11.941762935878668,-2.108259532928358,0.447857175554548
FSM,2026-09-28,11.069999694824219,11.399999618530273,10.930000305175781,11.210000038146973,11.210000038146973,4157500.0,11.872071231332793,-5.576711765664621,0.48214278902326313
FSM,2026-09-29,11.270000457763672,11.380000114440918,11.119999885559082,11.350000381469727,11.350000381469727,3560600.0,11.8223501980125,-3.995396927272399,0.4707142284938267
FSM,2026-09-30,11.430000305175781,11.470000267028809,11.220000267028809,11.239999771118164,11.239999771118164,20369700.0,11.766888252593994,-4.477721468627682,0.4514285496303013
FSM,2026-10-01,11.210000038146973,11.329999923706055,11.0600004196167,11.170000076293945,11.170000076293945,5732400.0,11.710041759613038,-4.6117827280655055,0.4364285469055176
FSM,2026-10-02,11.350000381469727,11.390000343322754,11.079999923706055,11.25,11.25,3851100.0,11.66622825869751,-3.5678048591857414,0.41785717010498047
FSM,2026-10-05,11.25,11.279999732971191,11.0,11.140000343322754,11.140000343322754,3176000.0,11.616111314376106,-4.098712195225929,0.4200000081743513
FSM,2026-10-06,11.199999809265137,11.279999732971191,10.960000038146973,11.180000305175781,11.180000305175781,7837200.0,11.574576932547503,-3.4089939500266286,0.39857142312186106
FSM,2026-10-07,11.199999809265137,10.819999694824219,10.529999732971191,10.5649995803833,10.5649995803833,428818.0,11.478426708531863,-7.957772884236968,0.41000005177089144
FWDI,2026-08-26,5.96999979019165,6.079999923706055,5.789999961853027,5.929999828338623,5.929999828338623,1514400.0,5.929999828338623,0.0,
FWDI,2026-08-27,6.389999866485596,7.0,6.380000114440918,6.659999847412109,6.659999847412109,3822800.0,5.999523639678955,11.00881082232885,
FWDI,2026-08-28,6.730000019073486,6.730000019073486,5.869999885559082,5.889999866485596,5.889999866485596,4142000.0,5.98909280413673,-1.6545567232267633,0.7400000890096029
FWDI,2026-08-31,5.949999809265137,6.420000076293945,5.829999923706055,6.340000152587891,6.340000152587891,2216700.0,6.022512551608269,5.271680187612704,0.7025001049041748
FWDI,2026-09-01,6.139999866485596,6.400000095367432,6.0,6.210000038146973,6.210000038146973,1446000.0,6.040368502707193,2.808297794476511,0.6420001029968262
FWDI,2026-09-02,6.130000114440918,6.320000171661377,5.760000228881836,6.260000228881836,6.260000228881836,2097900.0,6.061285809961921,3.27842020901441,0.6283334096272787
FWDI,2026-09-03,6.550000190734863,6.829999923706055,6.409999847412109,6.679999828338623,6.679999828338623,2788400.0,6.1202109545692265,9.146561743128622,0.6200000217982701
FWDI,2026-09-04,6.5,6.53000020980835,6.210000038146973,6.309999942779541,6.309999942779541,1533700.0,6.138286096303542,2.7974233162479045,0.6012499928474426
FWDI,2026-09-08,6.300000190734863,6.920000076293945,6.210000038146973,6.860000133514404,6.860000133514404,2022400.0,6.2070207665141,10.520012604485318,0.6133333312140571
FWDI,2026-09-09,6.849999904632568,6.909999847412109,6.53000020980835,6.550000190734863,6.550000190734863,1485600.0,6.239685473582744,4.973242937739619,0.5899999618530274
FWDI,2026-09-10,6.429999828338623,6.690000057220459,6.28000020980835,6.460000038146973,6.460000038146973,1760100.0,6.2606678130650515,3.1838811934079114,0.5736363150856711
FWDI,2026-09-11,6.650000095367432,7.019999980926514,6.53000020980835,6.550000190734863,6.550000190734863,2031400.0,6.2882232776050335,4.162971026523921,0.572499950726827
FWDI,2026-09-14,6.480000019073486,7.139999866485596,6.480000019073486,6.949999809265137,6.949999809265137,1719600.0,6.351249613953614,9.427281743045901,0.5792307120103103
FWDI,2026-09-15,6.769999980926514,6.769999980926514,5.980000019073486,6.079999923706055,6.079999923706055,2632200.0,6.325416310120513,-3.879845600388354,0.6071427890232631
FWDI,2026-09-16,6.150000095367432,6.230000019073486,5.760000228881836,6.010000228881836,6.010000228881836,1940200.0,6.295376683335877,-4.533111659695344,0.619999919618879
FWDI,2026-09-17,6.349999904632568,6.389999866485596,6.03000020980835,6.199999809265137,6.199999809265137,1774500.0,6.286293171519616,-1.3727225234329787,0.5707141671861921
FWDI,2026-09-18,6.679999828338623,7.710000038146973,6.619999885559082,7.699999809265137,7.699999809265137,6599800.0,6.420931898923952,19.9202846327577,0.617142745426723
FWDI,2026-09-21,8.220000267028809,8.34000015258789,7.860000133514404,8.170000076293945,8.170000076293945,3326700.0,6.587509820578237,24.022586665029078,0.6207141876220703
FWDI,2026-09-22,8.170000076293945,8.760000228881836,8.0,8.600000381469727,8.600000381469727,2408100.0,6.779175588282189,26.85908882983994,0.6464284828730992
FWDI,2026-09-23,8.199999809265137,8.460000038146973,8.010000228881836,8.0600004196167,8.0600004196167,2550500.0,6.901158905552142,16.79198421488661,0.648571355002267
FWDI,2026-09-24,7.940000057220459,8.369999885559082,7.909999847412109,8.350000381469727,8.350000381469727,1702600.0,7.0391438080204844,18.622386602695016,0.6407142366681781
FWDI,2026-09-25,8.5600004196167,8.619999885559082,8.15999984741211,8.420000076293945,8.420000076293945,2321800.0,7.170653928808433,17.423043419599505,0.6399999686649868
FWDI,2026-09-28,8.350000381469727,8.470000267028809,8.039999961853027,8.050000190734863,8.050000190734863,1735200.0,7.254401191849046,10.967121583787542,0.6199999877384731
FWDI,2026-09-29,8.319999694824219,8.399999618530273,7.820000171661377,8.010000228881836,8.010000228881836,1806500.0,7.326363004899788,9.331195076258702,0.6342856884002686
FWDI,2026-09-30,8.369999885559082,8.5,7.769999980926514,7.800000190734863,7.800000190734863,1984700.0,7.371471308312652,5.813342608265559,0.6571428435189384
FWDI,2026-10-01,7.78000020980835,8.069999694824219,7.650000095367432,7.829999923706055,7.829999923706055,1882400.0,7.415140700254881,5.594758619171092,0.6471428189958844
FWDI,2026-10-02,8.5,8.640000343322754,7.909999847412109,8.15999984741211,8.15999984741211,3048000.0,7.486079666650807,9.002311099673443,0.6578571455819267
FWDI,2026-10-05,8.319999694824219,8.34000015258789,7.820000171661377,8.109999656677246,8.109999656677246,2207000.0,7.545500618081896,7.4812668790006365,0.6257143020629883
FWDI,2026-10-06,8.119999885559082,8.430000305175781,8.0,8.140000343322754,8.140000343322754,2046900.0,7.602119639533407,7.075404351599501,0.6228571959904262
FWDI,2026-10-07,7.71999979019165,7.71999979019165,7.510000228881836,7.550000190734863,7.550000190734863,338291.0,7.597155882504974,-0.6207019113389833,0.6407143729073661
GLXY,2026-08-26,23.860000610351562,24.809999465942383,23.709999084472656,24.639999389648438,24.639999389648438,4514000.0,24.639999389648438,0.0,
GLXY,2026-08-27,25.059999465942383,26.200000762939453,24.520000457763672,25.290000915527344,25.290000915527344,7215500.0,24.701904296875,2.3807744195929903,
GLXY,2026-08-28,24.665000915527344,25.09000015258789,23.104999542236328,23.209999084472656,23.209999084472656,4818800.0,24.559818086170015,-5.496046415984901,1.6550006866455078
GLXY,2026-08-31,23.149999618530273,24.979999542236328,22.809999465942383,24.600000381469727,24.600000381469727,5759100.0,24.563644971436656,0.14800494826947563,1.7837505340576172
GLXY,2026-09-01,23.579999923706055,24.170000076293945,23.059999465942383,23.43000030517578,23.43000030517578,4671100.0,24.455678812745145,-4.194030005966665,1.7350006103515625
GLXY,2026-09-02,23.010000228881836,24.229999542236328,22.81999969482422,24.059999465942383,24.059999465942383,2488500.0,24.417995065430596,-1.4661138169981824,1.6808338165283203
GLXY,2026-09-03,24.600000381469727,27.190000534057617,24.350000381469727,26.5,26.5,8513300.0,24.616281249675303,7.652328681244414,1.8878577096121651
GLXY,2026-09-04,25.780000686645508,26.649999618530273,25.780000686645508,26.329999923706055,26.329999923706055,3652000.0,24.779492551963944,6.257220031809019,1.7606253623962402
GLXY,2026-09-08,26.295000076293945,27.520000457763672,26.100000381469727,27.049999237060547,27.049999237060547,4377300.0,24.995731283877905,8.218475106217959,1.722778108384874
GLXY,2026-09-09,27.079999923706055,27.187000274658203,25.049999237060547,25.149999618530273,25.149999618530273,5794200.0,25.01042350622575,0.5580717666367363,1.7642004013061523
GLXY,2026-09-10,24.260000228881836,24.93000030517578,23.81999969482422,24.1299991607666,24.1299991607666,4192000.0,24.926573568562972,-3.1956835367095926,1.7247276306152344
GLXY,2026-09-11,24.7450008392334,25.944000244140625,24.0,24.399999618530273,24.399999618530273,3742300.0,24.87642366855986,-1.9151629525899883,1.7430003484090169
GLXY,2026-09-14,23.059999465942383,24.270000457763672,22.959999084472656,24.1299991607666,24.1299991607666,3269100.0,24.805335620198598,-2.722545140175725,1.7196926703819861
GLXY,2026-09-15,23.219999313354492,23.600000381469727,21.959999084472656,22.290000915527344,22.290000915527344,6905000.0,24.56577993403943,-9.264021026902814,1.7518574850899833
GLXY,2026-09-16,22.530000686645508,22.8799991607666,21.610000610351562,22.270000457763672,22.270000457763672,5152600.0,24.347134269632214,-8.531327707258418,1.7640002114432198
GLXY,2026-09-17,23.139999389648438,23.469999313354492,21.950000762939453,22.280000686645508,22.280000686645508,3994400.0,24.15026440458586,-7.744278433594342,1.7525715146745955
GLXY,2026-09-18,22.764999389648438,24.7549991607666,22.75,24.690000534057617,24.690000534057617,7268300.0,24.201667845487933,2.01776460898222,1.7732855933053153
GLXY,2026-09-21,25.950000762939453,26.2189998626709,25.329999923706055,26.06999969482422,26.06999969482422,6919600.0,24.379604212091387,6.933646124962345,1.7274998256138392
GLXY,2026-09-22,25.950000762939453,27.676000595092773,25.739999771118164,27.170000076293945,27.170000076293945,6166100.0,24.645356199158297,10.243892832118506,1.7557855333600725
GLXY,2026-09-23,26.579999923706055,27.399999618530273,25.739999771118164,25.790000915527344,25.790000915527344,4909100.0,24.754369981669637,4.183628727471489,1.7736426762172155
GLXY,2026-09-24,24.9950008392334,26.09000015258789,24.802000045776367,25.190000534057617,25.190000534057617,3591700.0,24.795858605706588,1.589547410390213,1.6420711789812361
GLXY,2026-09-25,25.450000762939453,25.450000762939453,24.049999237060547,24.239999771118164,24.239999771118164,4006400.0,24.742919669079118,-2.032581056266558,1.6799285071236747
GLXY,2026-09-28,23.96500015258789,24.489999771118164,23.06999969482422,23.209999084472656,23.209999084472656,3826700.0,24.596927232449932,-5.638623616967675,1.6799285071236747
GLXY,2026-09-29,23.924999237060547,24.030000686645508,23.010000228881836,23.06999969482422,23.06999969482422,3765000.0,24.451505562199866,-5.649982835868183,1.6001427514212472
GLXY,2026-09-30,23.700000762939453,24.270000457763672,22.665000915527344,22.739999771118164,22.739999771118164,4608600.0,24.288505010668274,-6.375465426422733,1.6197855813162667
GLXY,2026-10-01,22.920000076293945,23.59000015258789,22.06999969482422,23.020000457763672,23.020000457763672,5841000.0,24.167695053248785,-4.748879001313089,1.5894998822893416
GLXY,2026-10-02,23.84000015258789,24.549999237060547,22.8799991607666,23.059999465942383,23.059999465942383,4993000.0,24.06220023541008,-4.165042097824678,1.6059284210205078
GLXY,2026-10-05,23.489999771118164,23.577999114990234,22.5310001373291,22.649999618530273,22.649999618530273,4433000.0,23.927704938564386,-5.339857388390101,1.5257140568324499
GLXY,2026-10-06,22.975000381469727,23.280000686645508,21.979999542236328,22.149999618530273,22.149999618530273,3923000.0,23.758399669989707,-6.76981645986483,1.5278570992606026
GLXY,2026-10-07,21.25,21.439899444580078,20.725000381469727,20.860000610351562,20.860000610351562,311547.0,23.482361664309884,-11.16736506934891,1.521071434020996
HESM,2026-08-26,39.040000915527344,40.130001068115234,39.040000915527344,40.08000183105469,40.08000183105469,1863000.0,40.08000183105469,0.0,
HESM,2026-08-27,40.0,40.099998474121094,39.43000030517578,39.83000183105469,39.83000183105469,885900.0,40.05619230724516,-0.5646829195733671,
HESM,2026-08-28,40.02000045776367,40.20000076293945,39.5099983215332,39.560001373291016,39.560001373291016,841800.0,40.00893602782096,-1.1220859615406087,0.8166669209798177
HESM,2026-08-31,40.0,40.27000045776367,39.77000045776367,40.209999084472656,40.209999084472656,1865000.0,40.02808489035921,0.45446639431221403,0.7899999618530273
HESM,2026-09-01,40.75,40.75,39.79999923706055,40.22999954223633,40.22999954223633,1320200.0,40.04731485720465,0.45617211961170856,0.8220001220703125
HESM,2026-09-02,40.16999816894531,40.529998779296875,39.90999984741211,40.029998779296875,40.029998779296875,2232900.0,40.045665706927714,-0.03912265498468015,0.7883332570393881
HESM,2026-09-03,40.119998931884766,40.38999938964844,39.81999969482422,39.849998474121094,39.849998474121094,1750300.0,40.0270307323747,-0.44228176563297916,0.7571427481515067
HESM,2026-09-04,39.79999923706055,40.04499816894531,39.36000061035156,39.90999984741211,39.90999984741211,1407300.0,40.01588493380683,-0.26460763411798593,0.7481245994567871
HESM,2026-09-08,40.5,41.31999969482422,40.25,40.970001220703125,40.970001220703125,1216800.0,40.106753151606476,2.1523758501056145,0.8216662936740451
HESM,2026-09-09,41.16999816894531,41.290000915527344,40.08000183105469,40.56999969482422,40.56999969482422,687400.0,40.15087187000817,1.0438822503606282,0.8604995727539062
HESM,2026-09-10,40.939998626708984,41.152000427246094,40.099998474121094,40.20000076293945,40.20000076293945,1047500.0,40.155550812192104,0.11069441172715244,0.8779088800603693
HESM,2026-09-11,40.130001068115234,40.310001373291016,39.540000915527344,39.970001220703125,39.970001220703125,1076600.0,40.13787942252648,-0.4182537897832739,0.8689165115356445
HESM,2026-09-14,40.29999923706055,40.439998626708984,39.77000045776367,39.88999938964844,39.88999938964844,960200.0,40.11427180034762,-0.5590838388277564,0.8536151005671575
HESM,2026-09-15,39.90999984741211,40.13999938964844,39.59000015258789,39.849998474121094,39.849998474121094,1033900.0,40.08910291213557,-0.5964324982240976,0.8319282531738281
HESM,2026-09-16,39.7599983215332,40.06999969482422,39.29999923706055,39.58000183105469,39.58000183105469,1528200.0,40.040617094889775,-1.150370042358495,0.8090711321149554
HESM,2026-09-17,39.5,40.35499954223633,39.5,40.09000015258789,40.09000015258789,1312200.0,40.045320243241974,0.11157336006935026,0.8222855159214565
HESM,2026-09-18,39.75,40.58000183105469,39.744998931884766,40.15999984741211,40.15999984741211,1460300.0,40.056242110305796,0.25903013273333997,0.8326426914760044
HESM,2026-09-21,40.02000045776367,40.08000183105469,39.5099983215332,39.58000183105469,39.58000183105469,992800.0,40.01088589323426,-1.0769170753413215,0.8283571515764508
HESM,2026-09-22,39.31999969482422,39.959999084472656,38.959999084472656,39.16999816894531,39.16999816894531,1736700.0,39.93080134806389,-1.9053040596077708,0.8319285256522042
HESM,2026-09-23,39.130001068115234,39.689998626708984,38.7599983215332,38.779998779296875,38.779998779296875,1583700.0,39.82120110341941,-2.614693417756131,0.8540714808872768
HESM,2026-09-24,39.119998931884766,39.119998931884766,38.31999969482422,38.470001220703125,38.470001220703125,1835700.0,39.69251540030358,-3.079961466969927,0.870500019618443
HESM,2026-09-25,38.25,38.38199996948242,37.880001068115234,38.25,38.25,1521100.0,39.55513298122705,-3.2995287409259055,0.8637144906180245
HESM,2026-09-28,38.47999954223633,38.630001068115234,38.034000396728516,38.47999954223633,38.47999954223633,1861800.0,39.45273932037079,-2.4655823521795406,0.8055716923304966
HESM,2026-09-29,38.18000030517578,38.43000030517578,37.54999923706055,37.630001068115234,37.630001068115234,1854600.0,39.279145201108356,-4.198523477406502,0.785571779523577
HESM,2026-09-30,37.90999984741211,38.16999816894531,37.209999084472656,37.369998931884766,37.369998931884766,1429400.0,39.09732174689658,-4.418008031838971,0.7790001460484096
HESM,2026-10-01,37.20000076293945,38.08000183105469,36.959999084472656,38.04999923706055,38.04999923706055,1276300.0,38.99757674595982,-2.4298368974873363,0.8040003095354352
HESM,2026-10-02,37.47999954223633,38.09000015258789,37.189998626708984,37.75,37.75,1244100.0,38.878759913011265,-2.9032816775452552,0.8204291207449776
HESM,2026-10-05,37.75,38.599998474121094,37.7400016784668,38.40999984741211,38.40999984741211,985400.0,38.83411609723992,-1.0921228354105805,0.8425718035016742
HESM,2026-10-06,38.34000015258789,38.849998474121094,38.04999923706055,38.689998626708984,38.689998626708984,937000.0,38.82039062385602,-0.3358853299814779,0.8447145734514508
HESM,2026-10-07,38.34000015258789,35.7599983215332,33.22999954223633,33.5099983215332,33.5099983215332,788657.0,38.31463897601575,-12.539960659658478,1.1736431121826172
HYMC,2026-08-26,25.219999313354492,26.59000015258789,24.906999588012695,25.459999084472656,25.459999084472656,1765700.0,25.459999084472656,0.0,
HYMC,2026-08-27,25.290000915527344,26.972000122070312,25.270000457763672,25.959999084472656,25.959999084472656,1715100.0,25.507618132091704,1.7735131129778203,
HYMC,2026-08-28,26.0,26.290000915527344,23.309999465942383,23.825000762939453,23.825000762939453,2472800.0,25.347368858839108,-6.006020208163642,2.121667226155599
HYMC,2026-08-31,23.81999969482422,24.136999130249023,23.209999084472656,23.43000030517578,23.43000030517578,1565500.0,25.164762329918794,-6.8936157711313895,1.823000431060791
HYMC,2026-09-01,22.125,22.78499984741211,21.510000228881836,21.6299991607666,21.6299991607666,2017300.0,24.828118218570967,-12.881036853659866,1.842400360107422
HYMC,2026-09-02,22.21500015258789,24.049999237060547,22.149999618530273,23.209999084472656,23.209999084472656,2111200.0,24.67401163437113,-5.933419225024162,1.9386669794718425
HYMC,2026-09-03,24.15999984741211,24.200000762939453,22.510000228881836,23.299999237060547,23.299999237060547,1942400.0,24.54315331081774,-5.065176662565419,1.9031432015555245
HYMC,2026-09-04,22.399999618530273,23.260000228881836,22.270000457763672,22.690000534057617,22.690000534057617,1698800.0,24.36666257017392,-6.880967105313074,1.7940001487731934
HYMC,2026-09-08,22.450000762939453,23.420000076293945,22.200000762939453,22.959999084472656,22.959999084472656,1595200.0,24.23269461915475,-5.251976945544012,1.7302222781711154
HYMC,2026-09-09,23.399999618530273,23.649999618530273,22.405000686645508,22.809999465942383,22.809999465942383,1939500.0,24.097199842658334,-5.341701048755343,1.6816999435424804
HYMC,2026-09-10,21.579999923706055,22.010000228881836,21.1200008392334,21.389999389648438,21.389999389648438,1598300.0,23.839371228085962,-10.274481717671469,1.68245436928489
HYMC,2026-09-11,21.989999771118164,22.56999969482422,20.975000381469727,21.18000030517578,21.18000030517578,2157800.0,23.586097806856422,-10.201337759996887,1.6751664479573567
HYMC,2026-09-14,20.139999389648438,20.975000381469727,19.829999923706055,20.549999237060547,20.549999237060547,1902300.0,23.296945562113958,-11.791014911072983,1.6501536736121545
HYMC,2026-09-15,20.5,20.709999084472656,19.6299991607666,20.700000762939453,20.700000762939453,1868200.0,23.0496174860021,-10.193734123742203,1.6094284057617188
HYMC,2026-09-16,21.18000030517578,21.264999389648438,19.6200008392334,20.049999237060547,20.049999237060547,2297500.0,22.763939557531476,-11.922102998085926,1.6067139761788505
HYMC,2026-09-17,21.354999542236328,21.700000762939453,20.729999542236328,21.510000228881836,21.510000228881836,2309400.0,22.64451676432675,-5.010115902460699,1.6029998234340124
HYMC,2026-09-18,22.1200008392334,22.139999389648438,20.969999313354492,21.399999618530273,21.399999618530273,6274600.0,22.52599132186994,-4.998633299864896,1.4737140110560827
HYMC,2026-09-21,21.5,21.549999237060547,20.389999389648438,20.530000686645508,20.530000686645508,1416100.0,22.33589697565809,-8.08517468978599,1.4903568540300642
HYMC,2026-09-22,20.700000762939453,22.774999618530273,20.450000762939453,22.690000534057617,22.690000534057617,2546100.0,22.369621124077096,1.4322075827904346,1.5192853382655553
HYMC,2026-09-23,21.770000457763672,21.780000686645508,20.795000076293945,21.260000228881836,21.260000228881836,1868700.0,22.263942943582308,-4.509276354347936,1.4817853655133928
HYMC,2026-09-24,20.93000030517578,21.15999984741211,20.22100067138672,20.889999389648438,20.889999389648438,1510100.0,22.133091176540987,-5.616440003690537,1.4352852957589286
HYMC,2026-09-25,20.8799991607666,21.725000381469727,20.40999984741211,21.479999542236328,21.479999542236328,1770600.0,22.070891973273877,-2.677247624396306,1.4556425639561243
HYMC,2026-09-28,20.260000228881836,20.78700065612793,19.549999237060547,19.600000381469727,19.600000381469727,2274700.0,21.835568964530623,-10.238197075113186,1.506356920514788
HYMC,2026-09-29,19.719999313354492,19.760000228881836,18.6200008392334,19.3799991607666,19.3799991607666,2248600.0,21.601705173695954,-10.284864065428911,1.4988569532121931
HYMC,2026-09-30,19.6299991607666,19.899999618530273,18.959999084472656,19.040000915527344,19.040000915527344,2462800.0,21.357733339584655,-10.851958806703522,1.4452856608799525
HYMC,2026-10-01,18.989999771118164,19.44499969482422,18.770000457763672,18.93000030517578,18.93000030517578,1571400.0,21.126520669640954,-10.396981115880555,1.3795713697160994
HYMC,2026-10-02,19.389999389648438,19.5049991607666,18.559999465942383,18.709999084472656,18.709999084472656,1601100.0,20.896375756767785,-10.462946770025516,1.3506427492414201
HYMC,2026-10-05,18.850000381469727,18.969999313354492,17.8700008392334,18.799999237060547,18.799999237060547,1538500.0,20.696720850129,-9.164358097126446,1.3520712171282088
HYMC,2026-10-06,19.110000610351562,19.18000030517578,18.514999389648438,19.09000015258789,19.09000015258789,1446800.0,20.543699831315564,-7.076133757132408,1.2820713860648019
HYMC,2026-10-07,18.149999618530273,18.489999771118164,17.860000610351562,17.909000396728516,17.909000396728516,206844.0,20.292776075640607,-11.746917573163229,1.2520712443760462
IE,2026-08-26,12.239999771118164,12.510000228881836,11.710000038146973,11.930000305175781,11.930000305175781,2882000.0,11.930000305175781,0.0,
IE,2026-08-27,11.869999885559082,11.90999984741211,11.611000061035156,11.6899995803833,11.6899995803833,1478700.0,11.907143093290783,-1.8236407440995084,
IE,2026-08-28,11.75,11.831999778747559,11.119999885559082,11.1899995803833,11.1899995803833,1222200.0,11.838843711109117,-5.480637691981405,0.6103334426879883
IE,2026-08-31,11.100000381469727,11.779999732971191,10.864999771118164,11.0600004196167,11.0600004196167,1371600.0,11.764668159538411,-5.989694994927586,0.686500072479248
IE,2026-09-01,10.550000190734863,10.75,9.951000213623047,10.029999732971191,10.029999732971191,2252400.0,11.599461642722487,-13.530472000275784,0.7710000991821289
IE,2026-09-02,10.180000305175781,10.569999694824219,10.039999961853027,10.09000015258789,10.09000015258789,1562100.0,11.455703405566812,-11.921601010683192,0.7325000762939453
IE,2026-09-03,10.329999923706055,10.470000267028809,9.670999526977539,9.829999923706055,9.829999923706055,1943100.0,11.300874502532453,-13.01558192241481,0.7420001711164202
IE,2026-09-04,9.640000343322754,10.069999694824219,9.640000343322754,9.989999771118164,9.989999771118164,1406000.0,11.176029290016807,-10.61226208451409,0.7030000686645508
IE,2026-09-08,10.170000076293945,11.3100004196167,10.170000076293945,11.039999961853027,11.039999961853027,2342600.0,11.16307411590597,-1.1025113044584756,0.7715556886461046
IE,2026-09-09,11.100000381469727,11.34000015258789,10.704999923706055,10.899999618530273,10.899999618530273,1755500.0,11.138019401870189,-2.1370027717849793,0.7579001426696778
IE,2026-09-10,10.260000228881836,10.5649995803833,9.984999656677246,10.350000381469727,10.350000381469727,4015700.0,11.062969971355859,-6.444649056556662,0.7721819444136186
IE,2026-09-11,10.699999809265137,11.149999618530273,10.399999618530273,10.399999618530273,10.399999618530273,2652700.0,10.999829937753422,-5.453087207870566,0.7745000521341959
IE,2026-09-14,10.079999923706055,10.15999984741211,9.569999694824219,9.65999984741211,9.65999984741211,3273500.0,10.87222707200663,-11.149759994580267,0.778769273024339
IE,2026-09-15,9.630000114440918,9.6850004196167,9.220000267028809,9.289999961853027,9.289999961853027,1510700.0,10.721538775801525,-13.351990268220415,0.7563571929931641
IE,2026-09-16,9.399999618530273,9.550000190734863,8.710000038146973,8.9399995803833,8.9399995803833,2023500.0,10.551868376237886,-15.275671932038193,0.7592143331255231
IE,2026-09-17,9.319999694824219,9.65999984741211,9.15999984741211,9.479999542236328,9.479999542236328,2411300.0,10.449785630142499,-9.280440022700699,0.7878571919032505
IE,2026-09-18,9.550000190734863,9.66100025177002,9.335000038146973,9.510000228881836,9.510000228881836,4538200.0,10.360282258593864,-8.20713189553034,0.7602857862200055
IE,2026-09-21,9.649999618530273,9.954999923706055,9.470000267028809,9.850000381469727,9.850000381469727,1644300.0,10.311683984582041,-4.477286191107299,0.7295714787074498
IE,2026-09-22,9.930000305175781,10.78499984741211,9.829999923706055,10.739999771118164,10.739999771118164,2081500.0,10.352475964252148,3.743295885971265,0.7185714585440499
IE,2026-09-23,10.4399995803833,10.6899995803833,10.010000228881836,10.399999618530273,10.399999618530273,3145600.0,10.357002026564352,0.41515480884948275,0.7321428571428571
IE,2026-09-24,10.1899995803833,10.289999961853027,9.765000343322754,9.989999771118164,9.989999771118164,1790600.0,10.322049430807573,-3.2168966242145713,0.720428466796875
IE,2026-09-25,10.079999923706055,10.630000114440918,9.949999809265137,10.5600004196167,10.5600004196167,2079000.0,10.344711429741775,2.0811502702332785,0.7382856777736119
IE,2026-09-28,10.100000381469727,10.75,10.100000381469727,10.640000343322754,10.640000343322754,2950400.0,10.372834183416153,2.5756331893721063,0.6904284613473075
IE,2026-09-29,10.819999694824219,10.880000114440918,10.25,10.640000343322754,10.640000343322754,2116900.0,10.398278579597733,2.324632504069468,0.6900713103158134
IE,2026-09-30,10.789999961853027,10.949999809265137,9.920000076293945,9.920000076293945,9.920000076293945,2170100.0,10.352728245949752,-4.179846697174739,0.6982855796813965
IE,2026-10-01,9.920000076293945,10.3100004196167,9.692000389099121,10.0,10.0,1994600.0,10.319135079668824,-3.0926533784560784,0.6852856363568988
IE,2026-10-02,10.359999656677246,10.824999809265137,10.21500015258789,10.4399995803833,10.4399995803833,2182700.0,10.330645984498775,1.0585358945472745,0.6849284853254046
IE,2026-10-05,10.5,10.59000015258789,10.170000076293945,10.329999923706055,10.329999923706055,1524500.0,10.33058445489947,-0.005658258697427421,0.6817141941615513
IE,2026-10-06,10.510000228881836,10.635000228881836,10.260000228881836,10.380000114440918,10.380000114440918,1415700.0,10.335290708189131,0.432589730798405,0.6484998975481305
IE,2026-10-07,10.510000228881836,10.079999923706055,9.84000015258789,9.859999656677246,9.859999656677246,65249.0,10.290024893759426,-4.17904953119187,0.6356427328927177
INTC,2026-08-26,86.80999755859375,88.27999877929688,85.62999725341797,88.23999786376953,88.23999786376953,75752800.0,88.23999786376953,0.0,
INTC,2026-08-27,89.91000366210938,92.94999694824219,88.45999908447266,92.08999633789062,92.08999633789062,100556800.0,88.6066643851144,3.9312302036746294,
INTC,2026-08-28,90.2699966430664,93.69999694824219,89.05000305175781,89.47000122070312,89.47000122070312,86172600.0,88.68888694088476,0.88073523838339,4.0033315022786455
INTC,2026-08-31,90.0,91.8499984741211,88.97000122070312,89.51000213623047,89.51000213623047,65188200.0,88.76708838806054,0.8369247675694247,3.7224979400634766
INTC,2026-09-01,86.83999633789062,89.41000366210938,85.72000122070312,88.97000122070312,88.97000122070312,73962100.0,88.78641341974078,0.20677465604386214,3.73599853515625
INTC,2026-09-02,88.8499984741211,90.43000030517578,87.5,90.05000305175781,90.05000305175781,61554500.0,88.90675528945668,1.2858952714886795,3.601665496826172
INTC,2026-09-03,89.3499984741211,92.37000274658203,87.7300033569336,91.66999816894531,91.66999816894531,79927800.0,89.1699212779794,2.8037222138753926,3.7499989100864957
INTC,2026-09-04,92.44999694824219,95.94000244140625,91.87000274658203,95.80000305175781,95.80000305175781,97654300.0,89.80135763738687,6.679905039513057,3.814999580383301
INTC,2026-09-08,100.80000305175781,106.08999633789062,100.3499984741211,104.47000122070312,104.47000122070312,140269300.0,91.19837131198842,14.552485661517611,4.5344433254665795
INTC,2026-09-09,102.69999694824219,106.69000244140625,102.69999694824219,106.23999786376953,106.23999786376953,96891400.0,92.63090717406281,14.691738540500165,4.479999542236328
INTC,2026-09-10,102.44999694824219,103.2300033569336,99.33999633789062,100.31999969482422,100.31999969482422,96887100.0,93.36320169984963,7.451327576939559,4.699999722567472
INTC,2026-09-11,102.47000122070312,104.9000015258789,101.06999969482422,102.94000244140625,102.94000244140625,86990400.0,94.27527796095026,9.190876619897104,4.689999898274739
INTC,2026-09-14,95.81999969482422,98.86000061035156,94.5199966430664,97.19000244140625,97.19000244140625,96459700.0,94.55287076861275,2.7890551089104543,4.976923429048979
INTC,2026-09-15,98.83000183105469,100.4800033569336,96.5199966430664,97.13999938964844,97.13999938964844,84999300.0,94.79926397061615,2.4691493593851366,4.9042865208217075
INTC,2026-09-16,101.37000274658203,104.41999816894531,99.29000091552734,101.05000305175781,101.05000305175781,119923600.0,95.39457245453441,5.92846160080942,5.2350006103515625
INTC,2026-09-17,104.69999694824219,111.37000274658203,104.69999694824219,108.80000305175781,108.80000305175781,149726000.0,96.67128013046046,12.546355965214605,5.635714939662388
INTC,2026-09-18,109.80000305175781,110.48999786376953,106.4000015258789,108.5999984741211,108.5999984741211,174996700.0,97.80734854414241,11.03460025307581,5.5957151140485495
INTC,2026-09-21,116.52999877929688,124.7300033569336,114.93000030517578,121.77999877929688,121.77999877929688,191638400.0,100.09045809034761,21.669938476424,6.542144230433872
INTC,2026-09-22,120.1500015258789,124.08999633789062,120.08000183105469,123.86000061035156,123.86000061035156,108379400.0,102.3542240446337,21.0111275489127,6.557858058384487
INTC,2026-09-23,123.87000274658203,124.25,119.44000244140625,122.5999984741211,122.5999984741211,85621100.0,104.28239303791821,17.565386545686955,6.69214357648577
INTC,2026-09-24,120.61000061035156,127.44000244140625,119.55000305175781,127.38999938964844,127.38999938964844,119296700.0,106.48311745236872,19.633987469076164,6.924286433628628
INTC,2026-09-25,126.83000183105469,126.93000030517578,122.83999633789062,123.0,123.0,97728400.0,108.05615388547645,13.829703887445245,6.944286346435547
INTC,2026-09-28,120.68000030517578,121.70999908447266,114.70999908447266,116.02999877929688,116.02999877929688,112436900.0,108.81556768488792,6.6299622819602,6.801429748535156
INTC,2026-09-29,116.69999694824219,118.75,113.97000122070312,115.93000030517578,115.93000030517578,88744500.0,109.4931326963439,5.87878659630936,6.857857840401786
INTC,2026-09-30,116.22000122070312,120.55000305175781,116.0,120.2300033569336,120.2300033569336,94917200.0,110.51569180687625,8.789983930094646,6.695000784737723
INTC,2026-10-01,118.7300033569336,122.1500015258789,117.3499984741211,120.0,120.0,103559800.0,111.41895925384041,7.7015983667643395,6.710715157645089
INTC,2026-10-02,124.01000213623047,126.0,118.95999908447266,119.33000183105469,119.33000183105469,95401500.0,112.17239188024178,6.38090160228959,6.612143380301339
INTC,2026-10-05,115.33999633789062,118.05999755859375,115.30999755859375,116.19000244140625,116.19000244140625,81331800.0,112.55502145749554,3.2295147180824824,6.616428920200893
INTC,2026-10-06,117.05999755859375,118.19999694824219,112.0,112.5,112.5,101557000.0,112.54978131868644,-0.044230489036212184,6.539285932268415
INTC,2026-10-07,111.75,114.31999969482422,111.1500015258789,113.33000183105469,113.33000183105469,14332740.0,112.62408803415009,0.6267875809041312,6.028571537562779
LRCX,2026-08-26,314.6099853515625,315.7200012207031,308.04998779296875,312.8800048828125,312.5479736328125,4113500.0,312.8800048828125,0.0,
LRCX,2026-08-27,318.8800048828125,321.4100036621094,310.44000244140625,318.5799865722656,318.2419128417969,6555900.0,313.422860281808,1.6454212324591433,
LRCX,2026-08-28,318.0299987792969,318.2900085449219,301.04998779296875,301.8999938964844,301.5796203613281,8057600.0,312.32544443558675,-3.338008710094864,12.056671142578125
LRCX,2026-08-31,303.19000244140625,303.3999938964844,298.7699890136719,301.489990234375,301.1700439453125,6949300.0,311.2934964164237,-3.1492807575184134,10.200004577636719
LRCX,2026-09-01,294.55999755859375,296.3399963378906,286.5899963378906,290.20001220703125,289.8920593261719,8249700.0,309.2845931583864,-6.170556624390855,11.14000244140625
LRCX,2026-09-02,291.5,292.19000244140625,284.3999938964844,288.32000732421875,288.0140380859375,4840600.0,307.2879659360847,-6.172698157600887,10.581670125325521
LRCX,2026-09-03,283.7300109863281,292.7799987792969,278.0400085449219,292.6600036621094,292.34942626953125,7207100.0,305.89482667189657,-4.326592624589532,11.175715855189733
LRCX,2026-09-04,303.4700012207031,310.29998779296875,297.3800048828125,307.6499938964844,307.3235168457031,8355500.0,306.0619854551906,0.5188519047643281,11.983749389648438
LRCX,2026-09-08,314.489990234375,321.7699890136719,312.0299987792969,320.4200134277344,320.0799865722656,8937400.0,307.42941669067096,4.225554235147988,12.221110026041666
LRCX,2026-09-09,319.260009765625,322.2099914550781,312.760009765625,315.8399963378906,315.50482177734375,5580100.0,308.23042427612046,2.468793299571659,11.943997192382813
LRCX,2026-09-10,302.1499938964844,307.0299987792969,297.010009765625,298.010009765625,297.6937561035156,10597400.0,307.2570514655971,-3.0095458040309553,12.569996226917613
LRCX,2026-09-11,303.45001220703125,303.69000244140625,294.5400085449219,298.2200012207031,297.9035339355469,9364200.0,306.39638001370247,-2.668562465598867,12.284996032714844
LRCX,2026-09-14,275.0,280.20001220703125,273.239990234375,273.489990234375,273.19976806640625,13682900.0,303.26243812995705,-9.817387236998886,13.26153564453125
LRCX,2026-09-15,278.6099853515625,278.6099853515625,265.3699951171875,270.8699951171875,270.5825500488281,8930500.0,300.1774435573123,-9.763374653608569,13.259996686662946
LRCX,2026-09-16,277.1300048828125,277.7799987792969,265.75,269.2300109863281,268.9443054199219,7603200.0,297.23006902674234,-9.420331574156782,13.571424211774554
LRCX,2026-09-17,280.4599914550781,281.3999938964844,266.8999938964844,269.30999755859375,269.0242004394531,11273200.0,294.57101460120435,-8.57552705136635,13.82356698172433
LRCX,2026-09-18,274.4100036621094,288.2699890136719,272.6400146484375,288.1099853515625,287.8042297363281,19636000.0,293.9556784821908,-1.988630789788426,13.925709315708705
LRCX,2026-09-21,292.489990234375,305.69000244140625,290.0400085449219,302.2799987792969,301.959228515625,11336000.0,294.748470891439,2.555239002624665,14.850710187639509
LRCX,2026-09-22,296.82000732421875,311.3900146484375,296.0799865722656,310.9599914550781,310.6300048828125,9294800.0,296.2924252308332,4.9503682764815204,14.879998343331474
LRCX,2026-09-23,307.5,309.75,298.55999755859375,307.2799987792969,307.2799987792969,9644600.0,297.3388608068774,3.3433698997307637,15.209283011300224
LRCX,2026-09-24,301.8599853515625,307.2200012207031,298.8599853515625,307.1600036621094,307.1600036621094,7900100.0,298.27420774547096,2.9790694890458047,14.757856096540179
LRCX,2026-09-25,309.17999267578125,317.1300048828125,307.5,315.2099914550781,315.2099914550781,8138100.0,299.8871395273383,5.109539526066587,14.210000174386161
LRCX,2026-09-28,313.8800048828125,316.30999755859375,305.5,314.4700012207031,314.4700012207031,9178800.0,301.27598349813496,4.379379188932209,13.97357177734375
LRCX,2026-09-29,323.6300048828125,328.32000732421875,319.1499938964844,323.8599853515625,323.8599853515625,7964600.0,303.426840817509,6.73412558987907,14.287859235491071
LRCX,2026-09-30,324.6499938964844,330.5,322.05999755859375,328.510009765625,328.510009765625,7704400.0,305.8157140506629,7.420905686750445,13.545717511858259
LRCX,2026-10-01,332.0,341.6400146484375,331.04998779296875,340.1000061035156,340.1000061035156,8700100.0,309.0808847223632,10.035923576773719,13.830004010881696
LRCX,2026-10-02,350.0,352.55999755859375,344.7699890136719,347.489990234375,347.489990234375,7457400.0,312.73889477112624,11.11185594253663,12.935716901506696
LRCX,2026-10-05,346.8800048828125,351.3699951171875,341.70001220703125,345.79998779296875,345.79998779296875,6117500.0,315.887570297016,9.469323996454616,12.680716378348214
LRCX,2026-10-06,345.1000061035156,346.8999938964844,330.8500061035156,333.8900146484375,333.8900146484375,7659800.0,317.6020888066752,5.128406397754137,12.967858450753349
LRCX,2026-10-07,322.05499267578125,325.260009765625,321.9800109863281,322.2799987792969,322.2799987792969,617165.0,318.047604042163,1.3307425314144972,12.782858712332589
LUNR,2026-08-26,16.399999618530273,16.719999313354492,15.800000190734863,16.110000610351562,16.110000610351562,5396500.0,16.110000610351562,0.0,
LUNR,2026-08-27,16.309999465942383,16.395000457763672,15.989999771118164,16.18000030517578,16.18000030517578,4657800.0,16.116667247953867,0.3929662147113877,
LUNR,2026-08-28,16.0,16.059999465942383,15.149999618530273,15.369999885559082,15.369999885559082,5836600.0,16.045556070582936,-4.2102385361538435,0.7850001653035482
LUNR,2026-08-31,14.899999618530273,15.449999809265137,14.859999656677246,15.359999656677246,15.359999656677246,4422100.0,15.980264983544298,-3.881445817736884,0.7362501621246338
LUNR,2026-09-01,14.9399995803833,15.199999809265137,14.569999694824219,14.720000267028809,14.720000267028809,4726400.0,15.860239772447585,-7.189295507370586,0.7470001220703125
LUNR,2026-09-02,14.84000015258789,15.149999618530273,14.710000038146973,14.859999656677246,14.859999656677246,4524100.0,15.764978809040885,-5.740440017874637,0.6958333651224772
LUNR,2026-09-03,15.180000305175781,15.180000305175781,14.329999923706055,14.699999809265137,14.699999809265137,6839300.0,15.66355223763367,-6.151557537845576,0.7178572246006557
LUNR,2026-09-04,14.875,14.970000267028809,14.555000305175781,14.8100004196167,14.8100004196167,4512600.0,15.58226158829872,-4.95602749514833,0.6800000667572021
LUNR,2026-09-08,14.979999542236328,15.781999588012695,14.744999885559082,15.680000305175781,15.680000305175781,7889200.0,15.591570037525107,0.5671671771209974,0.7196666929456923
LUNR,2026-09-09,15.899999618530273,16.030000686645508,14.885000228881836,14.9399995803833,14.9399995803833,6770500.0,15.529515708273507,-3.7961011725313187,0.7622000694274902
LUNR,2026-09-10,14.555000305175781,15.380000114440918,14.380000114440918,14.619999885559082,14.619999885559082,6802200.0,15.442895153729276,-5.328633394052895,0.783818244934082
LUNR,2026-09-11,14.600000381469727,14.9399995803833,14.270000457763672,14.350000381469727,14.350000381469727,5527000.0,15.338809937323605,-6.446455493576653,0.7743333180745443
LUNR,2026-09-14,13.779999732971191,14.380000114440918,13.6899995803833,13.880000114440918,13.880000114440918,5038100.0,15.199875668477635,-8.683462831041112,0.7678461808424729
LUNR,2026-09-15,13.869999885559082,14.279999732971191,13.5649995803833,13.869999885559082,13.869999885559082,6310800.0,15.0732208320092,-7.982507254819627,0.7640714645385742
LUNR,2026-09-16,13.979999542236328,13.987000465393066,13.479999542236328,13.869999885559082,13.869999885559082,6217300.0,14.958628360918713,-7.2775955728922925,0.7345715931483677
LUNR,2026-09-17,14.350000381469727,15.180000305175781,14.210000038146973,14.789999961853027,14.789999961853027,8260100.0,14.942568513388647,-1.0210329730053869,0.7992144312177386
LUNR,2026-09-18,14.899999618530273,14.9399995803833,13.789999961853027,13.920000076293945,13.920000076293945,14988200.0,14.845181043189152,-6.232197264577466,0.8077857834952218
LUNR,2026-09-21,14.210000038146973,15.760000228881836,14.210000038146973,15.720000267028809,15.720000267028809,11556100.0,14.92849715974531,5.301961066903549,0.8970714977809361
LUNR,2026-09-22,15.680000305175781,16.260000228881836,15.302000045776367,16.239999771118164,16.239999771118164,8355000.0,15.05340217035225,7.88258751966997,0.909071513584682
LUNR,2026-09-23,16.149999618530273,16.209999084472656,15.109999656677246,15.239999771118164,15.239999771118164,7216200.0,15.071173370425193,1.1201941384621605,0.9583572660173688
LUNR,2026-09-24,15.095000267028809,16.084999084472656,14.864999771118164,15.699999809265137,15.699999809265137,8067900.0,15.131061602695663,3.7600680078396786,0.984785761151995
LUNR,2026-09-25,15.800000190734863,16.190000534057617,15.593999862670898,15.609999656677246,15.609999656677246,6593400.0,15.176674750693909,2.855203218765201,0.9977143832615444
LUNR,2026-09-28,15.3100004196167,15.979999542236328,15.125,15.199999809265137,15.199999809265137,7712100.0,15.17889618484355,0.1390326685458021,0.9847143718174526
LUNR,2026-09-29,15.380000114440918,15.545000076293945,14.539999961853027,14.550000190734863,14.550000190734863,6633200.0,15.11900132826177,-3.7634836135855054,0.9747143472943988
LUNR,2026-09-30,14.649999618530273,15.520999908447266,14.220000267028809,14.239999771118164,14.239999771118164,8940000.0,15.035286894248094,-5.2894708875437235,0.9962143216814313
LUNR,2026-10-01,14.305000305175781,14.529999732971191,13.920000076293945,14.050000190734863,14.050000190734863,8267000.0,14.941450065342071,-5.9662875471169885,0.9919286455426898
LUNR,2026-10-02,14.265000343322754,15.345000267028809,14.119999885559082,14.710000038146973,14.710000038146973,8760700.0,14.919407205609204,-1.4035890607201895,1.0351428985595703
LUNR,2026-10-05,14.65999984741211,14.710000038146973,14.020000457763672,14.289999961853027,14.289999961853027,7578900.0,14.859463658584806,-3.8323300881911715,1.0333571434020996
LUNR,2026-10-06,14.595000267028809,15.3100004196167,14.5600004196167,15.0600004196167,15.0600004196167,11950100.0,14.8785623977307,1.2194593606279502,1.0699999673025948
LUNR,2026-10-07,14.899999618530273,14.899999618530273,14.260000228881836,14.295299530029297,14.295299530029297,762121.0,14.82301355318771,-3.5600994444542455,1.033571379525321
MARA,2026-08-26,11.5600004196167,11.729999542236328,10.989999771118164,11.220000267028809,11.220000267028809,41989700.0,11.220000267028809,0.0,
MARA,2026-08-27,11.529999732971191,12.319999694824219,11.279999732971191,11.869999885559082,11.869999885559082,59958400.0,11.28190499260312,5.212726869633633,
MARA,2026-08-28,11.529999732971191,11.600000381469727,10.5600004196167,10.670000076293945,10.670000076293945,41926000.0,11.223628333907008,-4.93270305414989,1.0499995549519856
MARA,2026-08-31,10.779999732971191,10.789999961853027,10.359999656677246,10.770000457763672,10.770000457763672,23713200.0,11.180425679036215,-3.6709266091908166,0.8949997425079346
MARA,2026-09-01,10.479999542236328,10.609999656677246,10.149999618530273,10.229999542236328,10.229999542236328,30219300.0,11.089908904102892,-7.75398039156504,0.8399999618530274
MARA,2026-09-02,10.010000228881836,10.529999732971191,9.989999771118164,10.470000267028809,10.470000267028809,30007200.0,11.030869986286312,-5.084546549408908,0.7899999618530273
MARA,2026-09-03,10.600000381469727,11.850000381469727,10.479999542236328,11.600000381469727,11.600000381469727,69078700.0,11.085072881065685,4.64523333250777,0.8742856979370117
MARA,2026-09-04,11.1899995803833,11.5,11.1899995803833,11.3100004196167,11.3100004196167,37594800.0,11.106494551403877,1.8323141227949202,0.8162500858306885
MARA,2026-09-08,11.130000114440918,12.0600004196167,11.0,11.829999923706055,11.829999923706055,53474700.0,11.175399824956466,5.857509431454622,0.8433334562513564
MARA,2026-09-09,12.09000015258789,12.149999618530273,11.600000381469727,11.920000076293945,11.920000076293945,38381300.0,11.246314134607655,5.990282092629751,0.8140000343322754
MARA,2026-09-10,11.640000343322754,11.800000190734863,11.220000267028809,11.430000305175781,11.430000305175781,38535800.0,11.263808055614144,1.4754534944228181,0.8036363775079901
MARA,2026-09-11,11.619999885559082,12.390000343322754,11.539999961853027,11.979999542236328,11.979999542236328,45263400.0,11.332016768625781,5.718159325395411,0.8166666825612386
MARA,2026-09-14,11.100000381469727,11.9399995803833,10.960000038146973,11.5,11.5,53268200.0,11.348015171613802,1.3393075889286399,0.8323076688326322
MARA,2026-09-15,11.270000457763672,11.479999542236328,10.960000038146973,11.239999771118164,11.239999771118164,49136100.0,11.337727990614217,-0.8619735768661596,0.8114285469055176
MARA,2026-09-16,11.3100004196167,11.529999732971191,10.770000457763672,11.039999961853027,11.039999961853027,46292900.0,11.309372940256008,-2.3818560040949843,0.8128570829119001
MARA,2026-09-17,11.460000038146973,11.880000114440918,10.859999656677246,11.640000343322754,11.640000343322754,70466500.0,11.340861264357603,2.6377104171558363,0.8071428707667759
MARA,2026-09-18,12.119999885559082,13.319999694824219,12.050000190734863,13.239999771118164,13.239999771118164,84319400.0,11.5217315983348,14.91328068284199,0.8335714340209961
MARA,2026-09-21,13.9399995803833,13.979999542236328,13.15999984741211,13.279999732971191,13.279999732971191,52028200.0,11.689185706395408,13.609280120388668,0.8614285332815987
MARA,2026-09-22,13.130000114440918,13.970000267028809,12.970000267028809,13.630000114440918,13.630000114440918,43625200.0,11.874025173828315,14.788371381281639,0.8885713304792132
MARA,2026-09-23,13.449999809265137,13.649999618530273,13.270000457763672,13.350000381469727,13.350000381469727,37417100.0,12.014594241222735,11.114866748184804,0.8771427018301827
MARA,2026-09-24,13.069999694824219,13.640000343322754,12.84000015258789,12.920000076293945,12.920000076293945,40194200.0,12.100823368372374,6.769594786935174,0.8357141358511788
MARA,2026-09-25,12.989999771118164,12.989999771118164,12.119999885559082,12.550000190734863,12.550000190734863,36795600.0,12.143602113359279,3.3466023802649403,0.8685712133135114
MARA,2026-09-28,12.470000267028809,12.739999771118164,12.09000015258789,12.109999656677246,12.109999656677246,28562700.0,12.140401879389563,-0.2504218807116265,0.8392854418073382
MARA,2026-09-29,12.40999984741211,12.40999984741211,11.9399995803833,11.989999771118164,11.989999771118164,26125800.0,12.126077869078001,-1.1221938324084357,0.833571229662214
MARA,2026-09-30,12.3100004196167,12.350000381469727,11.300000190734863,11.329999923706055,11.329999923706055,41155900.0,12.05026092189972,-5.977140269923032,0.8585712569100517
MARA,2026-10-01,11.279999732971191,11.390000343322754,10.90999984741211,11.210000038146973,11.210000038146973,30322100.0,11.97023607582803,-6.351053002339957,0.8242855753217425
MARA,2026-10-02,11.640000343322754,12.239999771118164,11.050000190734863,11.229999542236328,11.229999542236328,42274900.0,11.899737358343106,-5.628173092721356,0.8364284379141671
MARA,2026-10-05,11.390000343322754,11.40999984741211,10.8100004196167,11.170000076293945,11.170000076293945,33526200.0,11.830238569576519,-5.580939804379681,0.8407141140529087
MARA,2026-10-06,11.180000305175781,11.34000015258789,10.930000305175781,10.970000267028809,10.970000267028809,28529100.0,11.748311112191022,-6.624874313675377,0.8157141549246651
MARA,2026-10-07,10.630000114440918,10.825400352478027,10.414999961853027,10.4350004196167,10.4350004196167,2799840.0,11.62323390337442,-10.222916390013935,0.7824998583112445
MAT,2026-08-26,15.350000381469727,15.579999923706055,15.140000343322754,15.229999542236328,15.229999542236328,2554400.0,15.229999542236328,0.0,
MAT,2026-08-27,15.149999618530273,15.220000267028809,14.880000114440918,14.920000076293945,14.920000076293945,1997300.0,15.200475783575149,-1.8451771594167554,
MAT,2026-08-28,15.020000457763672,15.239999771118164,14.899999618530273,15.140000343322754,15.140000343322754,1917200.0,15.194716217836826,-0.3600980349329652,0.3766663869222005
MAT,2026-08-31,15.079999923706055,15.119999885559082,14.850000381469727,14.949999809265137,14.949999809265137,3922600.0,15.17140989321095,-1.4593902973044859,0.3549997806549072
MAT,2026-09-01,14.9399995803833,14.960000038146973,14.539999961853027,14.59000015258789,14.59000015258789,2904800.0,15.116037536961136,-3.4799952241915233,0.36799983978271483
MAT,2026-09-02,14.600000381469727,14.779999732971191,14.579999923706055,14.640000343322754,14.640000343322754,2476900.0,15.070700661376527,-2.857865256109693,0.33999983469645184
MAT,2026-09-03,14.65999984741211,14.770000457763672,14.220000267028809,14.300000190734863,14.300000190734863,4035500.0,14.997300616553511,-4.649506225466949,0.36999988555908203
MAT,2026-09-04,14.239999771118164,14.6899995803833,14.130000114440918,14.529999732971191,14.529999732971191,3619500.0,14.952795770498053,-2.8275383681828914,0.39374983310699463
MAT,2026-09-08,14.470000267028809,14.600000381469727,14.069999694824219,14.140000343322754,14.140000343322754,4237100.0,14.875386682195643,-4.943645194467939,0.4088888168334961
MAT,2026-09-09,14.100000381469727,14.140000343322754,13.680000305175781,13.760000228881836,13.760000228881836,3634700.0,14.769159400927661,-6.832881578774474,0.41399993896484377
MAT,2026-09-10,13.720000267028809,13.8100004196167,13.520000457763672,13.8100004196167,13.8100004196167,3158200.0,14.677810926517093,-5.912397368006683,0.4027272137728604
MAT,2026-09-11,13.859999656677246,14.109999656677246,13.84000015258789,14.010000228881836,14.010000228881836,2786200.0,14.614209907694688,-4.134398524649107,0.3941665490468343
MAT,2026-09-14,14.109999656677246,14.239999771118164,14.0,14.029999732971191,14.029999732971191,3071800.0,14.558570843435309,-3.6306524599731493,0.38230756612924427
MAT,2026-09-15,13.949999809265137,13.970000267028809,13.380000114440918,13.420000076293945,13.420000076293945,6020600.0,14.450135532278988,-7.128898228559222,0.40142842701503206
MAT,2026-09-16,13.399999618530273,13.479999542236328,13.15999984741211,13.170000076293945,13.170000076293945,5891400.0,14.328217869804222,-8.083474190821349,0.3928570066179548
MAT,2026-09-17,13.359999656677246,13.460000038146973,13.149999618530273,13.3100004196167,13.3100004196167,3925100.0,14.231244779310172,-6.473392693187363,0.3899999346051897
MAT,2026-09-18,13.220000267028809,13.420000076293945,13.069999694824219,13.260000228881836,13.260000228881836,8816000.0,14.138745298316998,-6.215155948383644,0.390714236668178
MAT,2026-09-21,13.229999542236328,13.289999961853027,12.920000076293945,13.079999923706055,13.079999923706055,3529400.0,14.037912405496908,-6.823753091775653,0.3964285169328962
MAT,2026-09-22,13.279999732971191,13.289999961853027,13.029999732971191,13.210000038146973,13.210000038146973,5168200.0,13.959063608606437,-5.366144832219478,0.3849999564034598
MAT,2026-09-23,13.180000305175781,13.260000228881836,13.029999732971191,13.079999923706055,13.079999923706055,3337900.0,13.875343257663543,-5.732062401542459,0.38714286259242464
MAT,2026-09-24,13.09000015258789,13.15999984741211,12.899999618530273,13.140000343322754,13.140000343322754,2932500.0,13.805310599154897,-4.819234243616877,0.3664285796029227
MAT,2026-09-25,13.109999656677246,13.329999923706055,13.039999961853027,13.289999961853027,13.289999961853027,4319400.0,13.756233395602338,-3.389252132770293,0.3471429007393973
MAT,2026-09-28,13.289999961853027,13.9399995803833,13.109999656677246,13.34000015258789,13.34000015258789,7382700.0,13.716592134362866,-2.745521468350254,0.3685714176722935
MAT,2026-09-29,13.329999923706055,13.390000343322754,13.140000343322754,13.220000267028809,13.220000267028809,4108400.0,13.669297670807243,-3.2869092077640105,0.35357141494750977
MAT,2026-09-30,12.65999984741211,13.15999984741211,12.4399995803833,12.65999984741211,12.65999984741211,11668100.0,13.573174068579135,-6.727786857761997,0.3885714667184012
MAT,2026-10-01,12.600000381469727,17.229999542236328,12.399999618530273,15.039999961853027,15.039999961853027,35717300.0,13.712871772700458,9.677974177477623,0.7121429443359375
MAT,2026-10-02,15.140000343322754,15.369999885559082,14.609999656677246,15.270000457763672,15.270000457763672,19029300.0,13.86116974270648,10.163865973854747,0.7492858341761998
MAT,2026-10-05,15.199999809265137,16.149999618530273,14.829999923706055,16.049999237060547,16.049999237060547,14729600.0,14.069629694549725,14.075491576569178,0.7971429824829102
MAT,2026-10-06,15.949999809265137,16.139999389648438,15.579999923706055,15.930000305175781,15.930000305175781,9860000.0,14.246807847942684,11.814523472190718,0.8142858232770648
MAT,2026-10-07,16.354999542236328,16.68000030517578,16.354999542236328,16.610000610351562,16.610000610351562,1058530.0,14.471873825314958,14.774360327108994,0.8457143647330148
MCHP,2026-08-26,73.41000366210938,74.41000366210938,72.91000366210938,74.05000305175781,74.05000305175781,6224900.0,74.05000305175781,0.0,
MCHP,2026-08-27,74.58999633789062,75.56999969482422,73.70999908447266,75.48999786376953,75.48999786376953,7520800.0,74.18714541480655,1.7561700772799282,
MCHP,2026-08-28,75.38999938964844,75.58000183105469,72.66999816894531,72.93000030517578,72.93000030517578,11147800.0,74.06741730912742,-1.5356509586455847,2.090001424153646
MCHP,2026-08-31,73.51000213623047,74.05999755859375,72.75,73.44999694824219,73.44999694824219,7193300.0,74.0086153699955,-0.754801882133016,1.8950004577636719
MCHP,2026-09-01,71.91999816894531,72.37000274658203,70.44999694824219,71.41000366210938,71.41000366210938,10116500.0,73.761128540673,-3.1874849600046162,2.1160003662109377
MCHP,2026-09-02,71.45999908447266,73.19000244140625,70.66999816894531,72.76000213623047,72.76000213623047,5837700.0,73.66578316882132,-1.2295817591663316,2.1833343505859375
MCHP,2026-09-03,71.63999938964844,73.29000091552734,70.8499984741211,73.11000061035156,73.11000061035156,5814700.0,73.6128514965861,-0.6831020345107297,2.220001220703125
MCHP,2026-09-04,73.77999877929688,74.86000061035156,73.20999908447266,74.16999816894531,74.16999816894531,7673200.0,73.66591308442985,0.6842853952515604,2.1612510681152344
MCHP,2026-09-08,74.6500015258789,74.83999633789062,72.83000183105469,73.37999725341797,73.37999725341797,8727500.0,73.63868300528586,-0.3512905735282068,2.144444783528646
MCHP,2026-09-09,73.05000305175781,74.2699966430664,72.55000305175781,73.01000213623047,73.01000213623047,5104200.0,73.5788086368044,-0.7730575027133701,2.1019996643066405
MCHP,2026-09-10,71.43000030517578,72.5999984741211,70.94000244140625,71.58000183105469,71.58000183105469,7593600.0,73.38844608387585,-2.4642083997176933,2.099090576171875
MCHP,2026-09-11,72.81999969482422,75.16000366210938,72.44999694824219,74.19999694824219,74.19999694824219,8766900.0,73.46573664238693,0.9994595295892195,2.2224998474121094
MCHP,2026-09-14,71.05000305175781,72.37999725341797,70.69000244140625,71.4800033569336,71.4800033569336,10437000.0,73.27661918662946,-2.4518268577867097,2.321537898137019
MCHP,2026-09-15,71.87999725341797,72.4000015258789,70.43000030517578,71.48999786376953,71.48999786376953,6744900.0,73.10646477492853,-2.211113498834305,2.2964281354631697
MCHP,2026-09-16,72.5999984741211,72.91000366210938,68.75,69.58999633789062,69.58999633789062,7330800.0,72.77156301902016,-4.37199168073108,2.4864283970424106
MCHP,2026-09-17,71.47000122070312,71.80000305175781,70.0999984741211,70.81999969482422,70.81999969482422,8555800.0,72.58569984528722,-2.4325730195155604,2.5114288330078125
MCHP,2026-09-18,71.48999786376953,73.4000015258789,71.05999755859375,73.2699966430664,73.2699966430664,15928500.0,72.65087096888523,0.8521930514038045,2.4878572736467635
MCHP,2026-09-21,74.69999694824219,75.16999816894531,72.73999786376953,74.77999877929688,74.77999877929688,9676200.0,72.85364504606729,2.6441418710230646,2.567857469831194
MCHP,2026-09-22,74.66999816894531,76.55000305175781,74.44000244140625,75.81999969482422,75.81999969482422,7456800.0,73.13615501261556,3.669655154479634,2.504286084856306
MCHP,2026-09-23,75.05000305175781,75.7699966430664,73.7699966430664,75.52999877929688,75.52999877929688,7724400.0,73.36414013325188,2.9522034090648797,2.470714569091797
MCHP,2026-09-24,73.91999816894531,74.75,73.12999725341797,74.69000244140625,74.69000244140625,8726300.0,73.49041273402848,1.6323077565494781,2.4678573608398438
MCHP,2026-09-25,75.19999694824219,78.95999908447266,74.93000030517578,78.69000244140625,78.69000244140625,9747400.0,73.98561175377876,6.358521036878795,2.647857121058873
MCHP,2026-09-28,77.6500015258789,78.25,75.93000030517578,77.97000122070312,77.97000122070312,9394800.0,74.36507741729537,4.8476031070053605,2.7014290945870534
MCHP,2026-09-29,79.29000091552734,80.37000274658203,78.47000122070312,78.77999877929688,78.77999877929688,7688400.0,74.78554611843836,5.3412094558117795,2.7500010899135043
MCHP,2026-09-30,79.06999969482422,79.6500015258789,77.7300033569336,77.7699966430664,77.7699966430664,5726400.0,75.06977950173626,3.5969429499492334,2.7392866952078685
MCHP,2026-10-01,78.01000213623047,79.30999755859375,76.87000274658203,78.5,78.5,6804900.0,75.39646716823758,4.116284155379968,2.6578576224190846
MCHP,2026-10-02,81.25,83.4000015258789,80.80000305175781,81.31999969482422,81.31999969482422,7821400.0,75.9606131231506,7.055480927970859,2.7571438380650113
MCHP,2026-10-05,80.95999908447266,81.7699966430664,80.05000305175781,81.48999786376953,81.48999786376953,5830000.0,76.48722119368574,6.5406699210779795,2.739286150251116
MCHP,2026-10-06,82.16999816894531,82.55999755859375,80.76000213623047,81.26000213623047,81.26000213623047,5837600.0,76.94177175964238,5.612335507528687,2.570714133126395
MCHP,2026-10-07,79.07499694824219,80.13500213623047,78.87000274658203,79.2699966430664,79.2699966430664,215548.0,77.16350746282562,2.729903356525898,2.583570752825056
MRVL,2026-08-26,240.0,245.1699981689453,236.7899932861328,245.11000061035156,245.11000061035156,17107000.0,245.11000061035156,0.0,
MRVL,2026-08-27,253.44000244140625,254.60000610351562,240.3800048828125,241.4499969482422,241.4499969482422,41014700.0,244.7614288330078,-1.3529222723343781,
MRVL,2026-08-28,225.25999450683594,228.8800048828125,215.5500030517578,216.6199951171875,216.6199951171875,48979900.0,242.08129228864397,-10.517664099833812,16.166666666666668
MRVL,2026-08-31,216.3000030517578,218.22000122070312,209.52999877929688,211.66000366210938,211.66000366210938,23650800.0,239.18402670516446,-11.507467042096076,14.297500610351562
MRVL,2026-09-01,205.11000061035156,210.4499969482422,200.6199951171875,210.38999938964844,210.38999938964844,22284200.0,236.44173838940102,-11.018248798715657,13.646002197265625
MRVL,2026-09-02,205.25,208.49000549316406,203.5,206.47999572753906,206.47999572753906,15224800.0,233.5882390882713,-11.605140509873113,12.520001729329428
MRVL,2026-09-03,204.35000610351562,212.77000427246094,201.10000610351562,208.8300018310547,208.8300018310547,18768900.0,231.23031173044117,-9.687445271232365,12.398572649274554
MRVL,2026-09-04,211.66000366210938,223.6699981689453,210.8699951171875,223.5500030517578,223.5500030517578,21218100.0,230.49885376104274,-3.014700765709133,12.703750610351562
MRVL,2026-09-08,227.0,231.88999938964844,222.52999877929688,225.41000366210938,225.41000366210938,20618200.0,230.01420137066813,-2.001701495439012,12.332222832573784
MRVL,2026-09-09,223.8000030517578,241.8800048828125,223.60000610351562,235.00999450683594,235.00999450683594,20477900.0,230.4899911931603,1.961041037086808,12.927000427246094
MRVL,2026-09-10,228.02999877929688,234.49000549316406,226.14999389648438,226.9600067138672,226.9600067138672,16467600.0,230.15380219513239,-1.3876787829720016,12.557273171164773
MRVL,2026-09-11,234.6300048828125,240.1999969482422,229.27999877929688,236.10000610351562,236.10000610351562,17310200.0,230.72010732926412,2.331785831988098,12.614166259765625
MRVL,2026-09-14,215.80999755859375,224.10000610351562,213.6300048828125,218.82000732421875,218.82000732421875,22196800.0,229.58676447164075,-4.689624496516631,13.372307410606972
MRVL,2026-09-15,221.6199951171875,227.6199951171875,220.9199981689453,221.6999969482422,221.6999969482422,12742900.0,228.8356437551266,-3.1182409740853845,13.045713152204241
MRVL,2026-09-16,226.72999572753906,233.77000427246094,224.5800018310547,229.7100067138672,229.7100067138672,16377400.0,228.91891641786378,0.3455766383933856,13.30928475516183
MRVL,2026-09-17,240.07000732421875,247.88999938964844,240.0,240.75999450683594,240.75999450683594,20969900.0,230.04663814062306,4.6570367003859525,13.592141287667411
MRVL,2026-09-18,242.05999755859375,244.44000244140625,235.9600067138672,244.25,244.25,23635600.0,231.39933927008752,5.553456103395904,12.347855704171318
MRVL,2026-09-21,251.39999389648438,261.17999267578125,244.99000549316406,257.3800048828125,257.3800048828125,21466200.0,233.87368837606135,10.0508597910141,12.936426435198102
MRVL,2026-09-22,255.4600067138672,266.0,254.0,262.3599853515625,262.3599853515625,19926600.0,236.58666904039478,10.893815960005426,13.004997253417969
MRVL,2026-09-23,262.3599853515625,264.9700012207031,256.2200012207031,260.8999938964844,260.8999938964844,13683600.0,238.9022237885938,9.207854895212918,13.137854439871651
MRVL,2026-09-24,254.10000610351562,261.9800109863281,252.19000244140625,258.95001220703125,258.95001220703125,13424700.0,240.81153697130213,7.532228506930183,13.00356946672712
MRVL,2026-09-25,263.55999755859375,267.4800109863281,257.42999267578125,261.94000244140625,261.94000244140625,12427900.0,242.8237717779787,7.872470855491898,12.66142817905971
MRVL,2026-09-28,259.6499938964844,261.7799987792969,248.13999938964844,251.89999389648438,251.89999389648438,16916400.0,243.68817388450304,3.3698065363948926,12.978571210588727
MRVL,2026-09-29,258.54998779296875,264.3999938964844,256.8800048828125,263.2699890136719,263.2699890136719,17098900.0,245.5531086587096,7.215091045573652,12.565714154924665
MRVL,2026-09-30,264.6499938964844,265.0,256.239990234375,264.2099914550781,264.2099914550781,11978900.0,247.3299546393161,6.824905960290328,12.558571951729911
MRVL,2026-10-01,265.1000061035156,270.2799987792969,257.5799865722656,268.0799865722656,268.0799865722656,19030200.0,249.30614815673988,7.530435392119794,12.520002092633929
MRVL,2026-10-02,278.0,280.0,271.5899963378906,272.2900085449219,272.2900085449219,15905500.0,251.49508724132863,8.26851988708588,11.766431535993304
MRVL,2026-10-05,276.1600036621094,279.4800109863281,267.79998779296875,271.25,271.25,12895800.0,253.37650750405925,7.054123790720568,11.97214835030692
MRVL,2026-10-06,271.260009765625,301.2699890136719,267.260009765625,287.010009765625,287.010009765625,51160800.0,256.5796981956369,11.8599841624202,13.539289202008929
MRVL,2026-10-07,280.9949951171875,281.6698913574219,276.5,280.5400085449219,280.5400085449219,3148960.0,258.8616325146164,8.374503328175287,12.991433279854911
MSFT,2026-08-26,487.8500061035156,497.3999938964844,487.30999755859375,496.3699951171875,496.3699951171875,20758900.0,496.3699951171875,0.0,
MSFT,2026-08-27,494.8800048828125,506.4800109863281,490.0799865722656,505.05999755859375,505.05999755859375,28688800.0,497.19761439732144,1.5813396793552092,
MSFT,2026-08-28,505.3299865722656,517.780029296875,504.8699951171875,513.530029296875,513.530029296875,29207300.0,498.7530824829932,2.9627780424566375,13.133351643880209
MSFT,2026-08-31,510.3800048828125,512.1900024414062,506.3900146484375,507.2900085449219,507.2900085449219,27208900.0,499.56612306031974,1.546118747461489,11.635017395019531
MSFT,2026-09-01,497.5199890136719,505.9700012207031,496.7799987792969,501.0199890136719,501.0199890136719,21046900.0,499.7045864844485,0.26323603280842267,11.410015869140626
MSFT,2026-09-02,499.8500061035156,500.2699890136719,493.80999755859375,496.82000732421875,496.82000732421875,15336100.0,499.4298646596647,-0.5225673353003057,10.710011800130209
MSFT,2026-09-03,501.6600036621094,515.6500244140625,500.79998779296875,510.1199951171875,510.1199951171875,24125900.0,500.447972322286,1.9326729909643348,11.870012555803571
MSFT,2026-09-04,510.0,511.0,499.3599853515625,499.70001220703125,499.70001220703125,18101800.0,500.37673802559505,-0.1352432611543941,11.841262817382812
MSFT,2026-09-08,493.010009765625,495.19000244140625,490.1499938964844,493.95001220703125,493.95001220703125,18882300.0,499.7646689000175,-1.1634789441567261,11.586680094401041
MSFT,2026-09-09,493.07000732421875,494.3900146484375,489.79998779296875,491.6499938964844,491.6499938964844,12889600.0,498.99184270920483,-1.4713364396618078,10.887014770507813
MSFT,2026-09-10,488.32000732421875,494.5199890136719,486.0,492.44000244140625,492.44000244140625,16038800.0,498.36785792179546,-1.1894538113088826,10.671830610795455
MSFT,2026-09-11,495.6499938964844,498.9700012207031,492.5799865722656,495.6300048828125,495.6300048828125,14510500.0,498.1071100133209,-0.49730370852207884,10.326677958170572
MSFT,2026-09-14,497.05999755859375,509.95001220703125,495.3399963378906,505.4100036621094,505.4100036621094,23091900.0,498.8026236941579,1.3246481983227865,10.656165489783653
MSFT,2026-09-15,500.05999755859375,505.8999938964844,495.5400085449219,497.1199951171875,497.1199951171875,17794600.0,498.642373353494,-0.30530462665420144,10.635009765625
MSFT,2026-09-16,493.0299987792969,495.9700012207031,487.2300109863281,490.29998779296875,490.29998779296875,16670300.0,497.84786044296783,-1.516100248634844,10.620723179408483
MSFT,2026-09-17,497.79998779296875,501.4700012207031,493.1700134277344,497.75,497.75,17841600.0,497.83854040078046,-0.01778496311458655,10.24715096609933
MSFT,2026-09-18,497.9700012207031,498.6499938964844,491.1000061035156,493.7799987792969,493.7799987792969,39622300.0,497.45201262730586,-0.7381644369303331,9.864290509905134
MSFT,2026-09-21,494.95001220703125,501.8699951171875,491.3299865722656,501.6099853515625,501.6099853515625,27959900.0,497.84801002961603,0.7556473554494403,10.107147216796875
MSFT,2026-09-22,507.32000732421875,508.5,493.6499938964844,498.0,498.0,21652800.0,497.8624852648907,0.027621027729396452,10.417146955217634
MSFT,2026-09-23,500.760009765625,509.44000244140625,495.8800048828125,500.5899963378906,500.5899963378906,19445600.0,498.12224822422405,0.49541013726328575,10.870718819754464
MSFT,2026-09-24,495.07000732421875,498.8999938964844,491.2200012207031,497.92999267578125,497.92999267578125,16657600.0,498.1039381719914,-0.03492152598683074,10.195002964564733
MSFT,2026-09-25,499.0400085449219,519.4000244140625,497.25,516.1699829101562,516.1699829101562,38193100.0,499.82451386134045,3.270241573895727,10.945717947823661
MSFT,2026-09-28,505.4700012207031,513.3300170898438,502.2200012207031,509.2200012207031,509.2200012207031,19626900.0,500.7193221812797,1.697693430801106,11.260001046316964
MSFT,2026-09-29,508.30999755859375,513.6400146484375,502.3999938964844,508.9599914550781,508.9599914550781,21341800.0,501.50414782640337,1.4866963037074576,11.735000610351562
MSFT,2026-09-30,511.6099853515625,519.8300170898438,510.30999755859375,512.9000244140625,512.9000244140625,27223300.0,502.5894694061804,2.0514864786292053,11.902860369001116
MSFT,2026-10-01,519.8800048828125,522.8499755859375,512.1699829101562,512.7999877929688,512.7999877929688,19731900.0,503.56189972873165,1.8345486561262225,12.199288504464286
MSFT,2026-10-02,519.3900146484375,522.5,513.6599731445312,517.530029296875,517.530029296875,17822300.0,504.8921977828405,2.5030752246779864,11.848573957170759
MSFT,2026-10-05,521.6199951171875,532.3499755859375,521.469970703125,525.1799926757812,525.1799926757812,26604800.0,506.82436872502535,3.621693249859237,12.167142595563616
MSFT,2026-10-06,531.6799926757812,535.6900024414062,528.780029296875,529.2999877929688,529.2999877929688,21092600.0,508.9649038743533,3.9953803815980793,12.211430140904017
MSFT,2026-10-07,530.7249755859375,531.5900268554688,527.1801147460938,529.0900268554688,529.0900268554688,1209042.0,510.88158225350713,3.564122339592646,11.728565761021205
MU,2026-08-26,925.739990234375,945.75,924.5999755859375,938.4000244140625,938.4000244140625,18721700.0,938.4000244140625,0.0,
MU,2026-08-27,967.010009765625,968.7100219726562,906.8900146484375,935.3900146484375,935.3900146484375,28838500.0,938.1133568173362,-0.2902999034293696,
MU,2026-08-28,919.2899780273438,946.7999877929688,909.0900268554688,932.8599853515625,932.8599853515625,22890100.0,937.6130357253577,-0.5069309184804749,40.226664225260414
MU,2026-08-31,931.3900146484375,959.969970703125,930.7899780273438,958.72998046875,958.72998046875,22569500.0,939.6241733199665,2.033345638743733,37.464996337890625
MU,2026-09-01,941.1300048828125,969.4400024414062,922.3900146484375,933.4400024414062,933.4400024414062,27762200.0,939.0352046648655,-0.5958458421647994,39.38199462890625
MU,2026-09-02,930.8300170898438,958.0,927.1599731445312,956.0800170898438,956.0800170898438,21440500.0,940.658520133911,1.6394362700012932,37.958333333333336
MU,2026-09-03,956.9099731445312,959.760009765625,918.8800048828125,958.1599731445312,958.1599731445312,24175900.0,942.3253251825415,1.6803801764451398,38.37571498325893
MU,2026-09-04,971.3400268554688,1017.77001953125,969.0,1016.5900268554688,1016.5900268554688,35249500.0,949.3981539132965,7.077312365230126,41.030006408691406
MU,2026-09-08,1036.4000244140625,1041.0699462890625,997.6199951171875,1000.260009765625,1000.260009765625,26604900.0,954.2421401849468,4.822452042597836,41.29888916015625
MU,2026-09-09,998.8099975585938,1042.4000244140625,992.2899780273438,1027.77001953125,1027.77001953125,23812000.0,961.2447953607852,6.9207369955637255,42.1800048828125
MU,2026-09-10,997.0,999.0,973.5,977.4099731445312,977.4099731445312,26230400.0,962.7843361020944,1.5190979427074813,43.27909712357955
MU,2026-09-11,993.2000122070312,993.989990234375,967.3800048828125,975.260009765625,975.260009765625,21740300.0,963.9724954986211,1.1709373783704624,41.89000447591146
MU,2026-09-14,906.030029296875,932.2100219726562,902.5999755859375,924.030029296875,924.030029296875,27141900.0,960.1684510984547,-3.763758511356685,44.25692983774039
MU,2026-09-15,937.5,944.9400024414062,920.1300048828125,927.5999755859375,927.5999755859375,20434700.0,957.0666915258341,-3.0788571163121725,42.86786324637277
MU,2026-09-16,934.22998046875,941.2000122070312,917.6400146484375,926.5499877929688,926.5499877929688,20213000.0,954.1603387893707,-2.893680430212986,43.040004185267854
MU,2026-09-17,954.5700073242188,986.2000122070312,953.5,977.5,977.5,22091600.0,956.3831636665735,2.2079891340275104,42.88500540597098
MU,2026-09-18,984.719970703125,1016.4400024414062,977.8300170898438,1015.7999877929688,1015.7999877929688,35803500.0,962.0419088214683,5.587914463867372,42.972865513392854
MU,2026-09-21,1044.989990234375,1064.489990234375,1030.6800537109375,1043.9599609375,1043.9599609375,28174400.0,969.8436280706142,7.642091025986453,44.36643763950893
MU,2026-09-22,1032.8499755859375,1097.25,1030.02001953125,1096.1600341796875,1096.1600341796875,29189700.0,981.8737619857641,11.639609552534358,45.80786568777902
MU,2026-09-23,1100.0699462890625,1105.5,1064.25,1071.8800048828125,1071.8800048828125,21572800.0,990.4457851188163,8.221976506692608,46.55143519810268
MU,2026-09-24,1049.75,1081.0400390625,1044.0,1080.530029296875,1080.530029296875,22069900.0,999.025236945298,8.158431773034348,46.277151925223215
MU,2026-09-25,1095.8299560546875,1108.719970703125,1073.0,1082.280029296875,1082.280029296875,20947900.0,1006.9542647883054,7.4805546927601,44.57071794782366
MU,2026-09-28,1075.97998046875,1084.81005859375,1032.0,1053.97998046875,1053.97998046875,22227200.0,1011.4329043769192,4.20661379590388,45.23929704938616
MU,2026-09-29,1076.68994140625,1082.6600341796875,1057.699951171875,1065.0799560546875,1065.0799560546875,19723100.0,1016.5421473938495,4.7747954952262806,43.708583286830354
MU,2026-09-30,1076.760009765625,1083.5,1062.3599853515625,1065.1099853515625,1065.1099853515625,31103200.0,1021.1676557707746,4.303145456327684,41.342154366629465
MU,2026-10-01,1054.0799560546875,1098.9000244140625,1022.9000244140625,1097.3900146484375,1097.3900146484375,45735400.0,1028.4269280448377,6.70568659016999,44.87001255580357
MU,2026-10-02,1107.3499755859375,1108.0,1072.010009765625,1074.8900146484375,1074.8900146484375,27337500.0,1032.8519839118471,4.070092461591113,42.250723702566965
MU,2026-10-05,1069.6800537109375,1074.8800048828125,1055.56005859375,1063.9599609375,1063.9599609375,18261700.0,1035.8146483904807,2.7172151495205688,41.85929216657366
MU,2026-10-06,1064.47998046875,1074.31005859375,1045.260009765625,1045.56005859375,1045.56005859375,21681800.0,1036.742782695554,0.8504786380350682,42.251438685825896
MU,2026-10-07,1017.3699951171875,1019.5800170898438,1011.4199829101562,1017.0,1017.0,2617592.0,1034.8625176769299,-1.7260763987305139,40.42929949079241
NEOG,2026-08-26,12.180000305175781,12.180000305175781,11.65999984741211,11.699999809265137,11.699999809265137,1415600.0,11.699999809265137,0.0,
NEOG,2026-08-27,11.600000381469727,11.890000343322754,11.550000190734863,11.739999771118164,11.739999771118164,1372000.0,11.703809329441615,0.30921933754943787,
NEOG,2026-08-28,11.739999771118164,11.789999961853027,11.430000305175781,11.65999984741211,11.65999984741211,1307000.0,11.699636997819757,-0.3387895745400882,0.40666675567626953
NEOG,2026-08-31,11.59000015258789,11.619999885559082,11.460000038146973,11.5600004196167,11.5600004196167,1666700.0,11.686338276086133,-1.0810730742576546,0.35500001907348633
NEOG,2026-09-01,11.699999809265137,11.720000267028809,11.399999618530273,11.640000343322754,11.640000343322754,2019200.0,11.681925139632478,-0.35888602099912736,0.34800014495849607
NEOG,2026-09-02,11.710000038146973,12.039999961853027,11.609999656677246,11.8100004196167,11.8100004196167,2179800.0,11.694122785345261,0.9909048878523175,0.36166683832804364
NEOG,2026-09-03,11.970000267028809,12.039999961853027,11.520000457763672,11.640000343322754,11.640000343322754,1492500.0,11.688968267057403,-0.41892425931767674,0.3842857905796596
NEOG,2026-09-04,11.470000267028809,11.850000381469727,11.369999885559082,11.829999923706055,11.829999923706055,1263000.0,11.702399853404893,1.0903752384092025,0.3962501287460327
NEOG,2026-09-08,11.9399995803833,12.359999656677246,11.789999961853027,11.890000343322754,11.890000343322754,2922100.0,11.720266566730404,1.4482074757084629,0.4155556360880534
NEOG,2026-09-09,12.09000015258789,12.180000305175781,11.75,11.920000076293945,11.920000076293945,6160600.0,11.739288805736456,1.5393715373045902,0.41700010299682616
NEOG,2026-09-10,11.710000038146973,11.869999885559082,11.579999923706055,11.770000457763672,11.770000457763672,2073000.0,11.742213724977143,0.2366396442556873,0.41000010750510474
NEOG,2026-09-11,11.9399995803833,11.979999542236328,11.680000305175781,11.779999732971191,11.779999732971191,1666300.0,11.745812392405147,0.291059821355133,0.4008333683013916
NEOG,2026-09-14,11.680000305175781,11.970000267028809,11.670000076293945,11.949999809265137,11.949999809265137,1931200.0,11.76525881305848,1.5702246685947108,0.3930769700270433
NEOG,2026-09-15,11.949999809265137,12.369999885559082,11.850000381469727,12.25,12.25,3282400.0,11.811424640386244,3.7131453060637254,0.40214286531720844
NEOG,2026-09-16,12.300000190734863,12.90999984741211,12.300000190734863,12.550000190734863,12.550000190734863,2837700.0,11.881765168990874,5.624038282526866,0.41214282172066824
NEOG,2026-09-17,12.75,13.0,12.609999656677246,12.829999923706055,12.829999923706055,3582300.0,11.97207324086851,7.16606610715409,0.41999994005475727
NEOG,2026-09-18,12.75,13.069999694824219,12.710000038146973,13.0,13.0,7439800.0,12.069971027452464,7.705312385856078,0.41999994005475727
NEOG,2026-09-21,13.119999885559082,13.720000267028809,12.960000038146973,13.609999656677246,13.609999656677246,4398500.0,12.216640420711967,11.405420704721681,0.45999997002737864
NEOG,2026-09-22,13.619999885559082,14.180000305175781,13.609999656677246,13.979999542236328,13.979999542236328,4623400.0,12.384579384666667,12.88231201089436,0.4778571128845215
NEOG,2026-09-23,14.210000038146973,14.260000228881836,13.5,13.569999694824219,13.569999694824219,3676800.0,12.497476557062624,8.58191758043736,0.5014285360063825
NEOG,2026-09-24,13.479999542236328,14.010000228881836,13.460000038146973,13.65999984741211,13.65999984741211,3827800.0,12.608193060905434,8.342248420735565,0.5035714421953473
NEOG,2026-09-25,13.680000305175781,13.859999656677246,13.380000114440918,13.760000228881836,13.760000228881836,5218600.0,12.71788898166509,8.1940583749325,0.5035713740757534
NEOG,2026-09-28,13.75,13.850000381469727,13.420000076293945,13.720000267028809,13.720000267028809,7572600.0,12.813328151699732,7.076007923896044,0.4935714176722935
NEOG,2026-09-29,13.739999771118164,13.869999885559082,12.710000038146973,12.729999542236328,12.729999542236328,14822900.0,12.805392093655598,-0.5887562900680154,0.5457142421177456
NEOG,2026-09-30,12.579999923706055,13.109999656677246,12.510000228881836,12.800000190734863,12.800000190734863,6886700.0,12.804878579091719,-0.03809788844715278,0.5642856189182827
NEOG,2026-10-01,12.680000305175781,12.819999694824219,12.1899995803833,12.239999771118164,12.239999771118164,2968200.0,12.751080597379952,-4.008137368112963,0.5878571101597377
NEOG,2026-10-02,12.399999618530273,12.5,12.130000114440918,12.149999618530273,12.149999618530273,2877600.0,12.693834789870458,-4.284246489281229,0.5928570883614677
NEOG,2026-10-05,12.020000457763672,13.0600004196167,11.979999542236328,13.010000228881836,13.010000228881836,5148200.0,12.723945784062018,2.248158312479842,0.632857186453683
NEOG,2026-10-06,13.0600004196167,13.220000267028809,11.859999656677246,11.960000038146973,11.960000038146973,5926300.0,12.651189046355823,-5.463431189560374,0.6828572409493583
NEOG,2026-10-07,12.609999656677246,12.920000076293945,12.0,12.289999961853027,12.289999961853027,847005.0,12.616790085926986,-2.5901209566644656,0.7192858287266323
NG,2026-08-26,9.550000190734863,9.869999885559082,9.279999732971191,9.319999694824219,9.319999694824219,6047600.0,9.319999694824219,0.0,
NG,2026-08-27,9.270000457763672,9.369999885559082,9.0600004196167,9.119999885559082,9.119999885559082,4744100.0,9.300952093941826,-1.945523496466628,
NG,2026-08-28,9.199999809265137,9.300000190734863,8.640000343322754,8.75,8.75,5279700.0,9.248480465947367,-5.389863424405306,0.5199998219807943
NG,2026-08-31,8.670000076293945,8.789999961853027,8.5,8.600000381469727,8.600000381469727,3830200.0,9.186720457901878,-6.386610751037802,0.46249985694885254
NG,2026-09-01,8.180000305175781,8.4399995803833,7.989999771118164,8.029999732971191,8.029999732971191,5461400.0,9.07655657933705,-11.530329120058202,0.49200000762939455
NG,2026-09-02,8.270000457763672,8.539999961853027,8.100000381469727,8.170000076293945,8.170000076293945,5388500.0,8.990217864761515,-9.123447293558195,0.49500004450480145
NG,2026-09-03,8.579999923706055,8.619999885559082,8.1899995803833,8.319999694824219,8.319999694824219,5176800.0,8.926387562862725,-6.793205692315196,0.48857143947056364
NG,2026-09-04,8.069999694824219,8.15999984741211,7.96999979019165,8.069999694824219,8.069999694824219,3189800.0,8.844826813525724,-8.760229397783359,0.4712499976158142
NG,2026-09-08,8.0,8.109999656677246,7.869999885559082,7.900000095367432,7.900000095367432,3916100.0,8.754843316558269,-9.764232097381454,0.4455555280049642
NG,2026-09-09,8.119999885559082,8.270000457763672,8.069999694824219,8.100000381469727,8.100000381469727,6982400.0,8.692477322740313,-6.815973390239538,0.4380000114440918
NG,2026-09-10,7.730000019073486,7.849999904632568,7.599999904632568,7.610000133514404,7.610000133514404,6170700.0,8.58938425709975,-11.402262307403632,0.443636417388916
NG,2026-09-11,7.769999980926514,8.09000015258789,7.400000095367432,7.5,7.5,7232800.0,8.485633375471203,-11.615318879086868,0.46416672070821124
NG,2026-09-14,7.230000019073486,7.420000076293945,7.050000190734863,7.230000019073486,7.230000019073486,5549400.0,8.366049246290467,-13.579279702670998,0.46307695828951323
NG,2026-09-15,7.21999979019165,7.320000171661377,6.900000095367432,7.25,7.25,7734600.0,8.259758841881851,-12.225040236789697,0.46000003814697266
NG,2026-09-16,7.409999847412109,7.429999828338623,6.809999942779541,6.989999771118164,6.989999771118164,5754100.0,8.138829406571023,-14.115416088280853,0.4621428762163435
NG,2026-09-17,7.269999980926514,7.550000190734863,7.130000114440918,7.429999828338623,7.429999828338623,9456900.0,8.071321827691747,-7.945687373694166,0.48000008719308035
NG,2026-09-18,7.480000019073486,7.480000019073486,7.179999828338623,7.269999980926514,7.269999980926514,12903800.0,7.995005461333154,-9.06822995822878,0.45428582600184847
NG,2026-09-21,7.340000152587891,7.389999866485596,7.139999866485596,7.360000133514404,7.360000133514404,4242300.0,7.934528763445654,-7.240866434035764,0.4514286858694894
NG,2026-09-22,7.420000076293945,7.840000152587891,7.329999923706055,7.769999980926514,7.769999980926514,5105800.0,7.9188593555866875,-1.8798082902578006,0.44428580147879465
NG,2026-09-23,7.5,7.550000190734863,7.099999904632568,7.260000228881836,7.260000228881836,5653500.0,7.8561108673290825,-7.587859292137411,0.455714362008231
NG,2026-09-24,7.159999847412109,7.179999828338623,6.929999828338623,7.139999866485596,7.139999866485596,5100300.0,7.787909819629703,-8.319433174624425,0.44714297567095074
NG,2026-09-25,7.190000057220459,7.260000228881836,6.949999809265137,7.130000114440918,7.130000114440918,3587500.0,7.725251752468866,-7.705271712830786,0.44428586959838867
NG,2026-09-28,6.71999979019165,6.820000171661377,6.610000133514404,6.650000095367432,6.650000095367432,4624000.0,7.62284683274492,-12.762249573197515,0.4642858845846994
NG,2026-09-29,6.699999809265137,6.699999809265137,6.460000038146973,6.570000171661377,6.570000171661377,4906900.0,7.522575722165535,-12.66289081939529,0.45500012806483675
NG,2026-09-30,6.679999828338623,6.730000019073486,6.429999828338623,6.5,6.5,3824800.0,7.425187558149769,-12.460123746427087,0.4407143933432443
NG,2026-10-01,6.480000019073486,6.519999980926514,6.329999923706055,6.420000076293945,6.420000076293945,4714900.0,7.329455417020643,-12.408225290718578,0.40500010762895855
NG,2026-10-02,6.579999923706055,6.710000038146973,6.46999979019165,6.550000190734863,6.550000190734863,5065200.0,7.255221585945807,-9.7201909942632,0.3935715470995222
NG,2026-10-05,6.590000152587891,6.639999866485596,6.380000114440918,6.610000133514404,6.610000133514404,4296700.0,7.193771923809482,-8.114961059064818,0.3821429525102888
NG,2026-10-06,6.659999847412109,6.730000019073486,6.559999942779541,6.619999885559082,6.619999885559082,3151300.0,7.139126967785635,-7.271576546670833,0.3500001089913504
NG,2026-10-07,6.659999847412109,6.400000095367432,6.210000038146973,6.2195000648498535,6.2195000648498535,206492.0,7.051543453220322,-11.799450629358155,0.3392857824053083
NNE,2026-08-26,19.1200008392334,19.871999740600586,18.190000534057617,18.5,18.5,1725000.0,18.5,0.0,
NNE,2026-08-27,18.850000381469727,19.549999237060547,18.399999618530273,19.239999771118164,19.239999771118164,1722600.0,18.57047616867792,3.605311982088555,
NNE,2026-08-28,19.19499969482422,19.299999237060547,17.809999465942383,17.969999313354492,17.969999313354492,1947700.0,18.51328789674236,-2.9345872349528235,1.4406661987304688
NNE,2026-08-31,17.84000015258789,18.3799991607666,17.799999237060547,18.290000915527344,18.290000915527344,1188400.0,18.492022469959977,-1.0924794989883635,1.2254996299743652
NNE,2026-09-01,17.40999984741211,17.799999237060547,17.020000457763672,17.469999313354492,17.469999313354492,1628000.0,18.394686931235647,-5.0269277283048535,1.2343997955322266
NNE,2026-09-02,17.43000030517578,17.760000228881836,17.170000076293945,17.59000015258789,17.59000015258789,1355700.0,18.31805009517396,-3.9744947677475717,1.126999855041504
NNE,2026-09-03,17.709999084472656,18.243999481201172,17.59000015258789,17.649999618530273,17.649999618530273,1278600.0,18.254426240255516,-3.311123635276647,1.0594283512660436
NNE,2026-09-04,17.75,18.014999389648438,17.200000762939453,17.719999313354492,17.719999313354492,1287200.0,18.203528437693514,-2.6562384649439275,1.0288746356964111
NNE,2026-09-08,18.0,19.600000381469727,18.0,19.350000381469727,19.350000381469727,2367600.0,18.312716241862677,5.664283364123923,1.1234442392985027
NNE,2026-09-09,19.030000686645508,19.350000381469727,18.1299991607666,18.170000076293945,18.170000076293945,1510700.0,18.29912422609423,-0.7056302159868078,1.1330999374389648
NNE,2026-09-10,17.844999313354492,17.88599967956543,17.229999542236328,17.360000610351562,17.360000610351562,1672500.0,18.20968388173778,-4.666106654593571,1.1155454462224788
NNE,2026-09-11,17.360000610351562,17.55299949645996,16.399999618530273,16.40999984741211,16.40999984741211,2259100.0,18.038285402278195,-9.026831090389765,1.118666648864746
NNE,2026-09-14,15.729999542236328,16.243000030517578,15.699999809265137,15.890000343322754,15.890000343322754,1490900.0,17.83368682523482,-10.898960495155352,1.0872307557326097
NNE,2026-09-15,15.800000190734863,15.96500015258789,15.4399995803833,15.779999732971191,15.779999732971191,1155600.0,17.638097578352568,-10.534570619803352,1.0470714569091797
NNE,2026-09-16,16.06999969482422,16.149999618530273,15.029999732971191,15.640000343322754,15.640000343322754,1969500.0,17.447802603587824,-10.361203077190527,1.0069286482674735
NNE,2026-09-17,16.219999313354492,17.139999389648438,16.058000564575195,16.969999313354492,16.969999313354492,2343900.0,17.40229752832751,-2.484144488791329,1.031928607395717
NNE,2026-09-18,16.920000076293945,17.170000076293945,15.399999618530273,15.729999542236328,15.729999542236328,4843300.0,17.24303105346168,-8.77474213515146,1.0519286564418249
NNE,2026-09-21,16.549999237060547,17.270000457763672,16.350000381469727,17.100000381469727,17.100000381469727,3187400.0,17.229409084700542,-0.7510919416599648,1.120500155857631
NNE,2026-09-22,17.079999923706055,17.420000076293945,16.68000030517578,17.31999969482422,17.31999969482422,1679500.0,17.238036761855177,0.47547719094329643,1.0826429639543806
NNE,2026-09-23,17.200000762939453,17.440000534057617,16.75,17.010000228881836,17.010000228881836,1593800.0,17.2163189968101,-1.1983907127097848,1.0897858483450753
NNE,2026-09-24,16.670000076293945,17.110000610351562,16.360000610351562,17.020000457763672,17.020000457763672,1887100.0,17.197621993091392,-1.0328261395620486,1.0966430391584123
NNE,2026-09-25,17.059999465942383,17.420000076293945,16.770000457763672,16.989999771118164,16.989999771118164,1327500.0,17.17784844814156,-1.0935518356125606,1.084857395717076
NNE,2026-09-28,16.719999313354492,16.850000381469727,16.09000015258789,16.15999984741211,16.15999984741211,1435200.0,17.080910486167326,-5.391461067025672,1.014857292175293
NNE,2026-09-29,16.545000076293945,16.600000381469727,15.760000228881836,15.789999961853027,15.789999961853027,1733900.0,16.95796662670882,-6.887421650047621,0.9877143587384906
NNE,2026-09-30,16.09000015258789,16.549999237060547,15.819999694824219,15.850000381469727,15.850000381469727,1461100.0,16.852446031924146,-5.94836885135519,0.9748571259634835
NNE,2026-10-01,15.850000381469727,16.149999618530273,15.520000457763672,15.729999542236328,15.729999542236328,1849900.0,16.74554636623959,-6.064578615665173,0.9374999318804059
NNE,2026-10-02,16.31999969482422,16.399999618530273,15.595000267028809,15.619999885559082,15.619999885559082,1715000.0,16.638351463317637,-6.120507671710751,0.9442855971200126
NNE,2026-10-05,15.699999809265137,15.960000038146973,15.260000228881836,15.510000228881836,15.510000228881836,2200400.0,16.530889440990418,-6.175645997469193,0.9567855426243373
NNE,2026-10-06,16.100000381469727,16.940000534057617,16.0,16.489999771118164,16.489999771118164,2929800.0,16.52699518671687,-0.22384840789716476,0.9789284297398159
NNE,2026-10-07,15.979999542236328,16.0,15.470000267028809,15.475000381469727,15.475000381469727,367512.0,16.426805205264763,-5.794217511570565,0.9446427481515067
NXPI,2026-08-26,224.75,226.19000244140625,222.25999450683594,223.14999389648438,222.15032958984375,1815700.0,223.14999389648438,0.0,
NXPI,2026-08-27,225.57000732421875,228.0800018310547,223.0,225.86000061035156,224.84820556640625,2564200.0,223.40808977399553,1.0975031561464288,
NXPI,2026-08-28,225.66000366210938,225.83999633789062,220.5500030517578,223.5800018310547,222.5784149169922,3328900.0,223.4244623508583,0.0696161371766646,4.773335774739583
NXPI,2026-08-31,226.22000122070312,227.24000549316406,223.24000549316406,224.63999938964844,223.6336669921875,2990600.0,223.54022778312404,0.49197928150603865,4.5800018310546875
NXPI,2026-09-01,221.6999969482422,223.16000366210938,217.3000030517578,222.39999389648438,221.4036865234375,3181500.0,223.43163407963453,-0.4617252106666636,5.132000732421875
NXPI,2026-09-02,223.10000610351562,229.99000549316406,222.22000122070312,228.5,227.47637939453125,2745500.0,223.91433559585982,2.0479548091180577,5.571667989095052
NXPI,2026-09-03,225.22000122070312,227.1199951171875,222.80999755859375,224.99000549316406,223.9821014404297,2332300.0,224.01678034798402,0.43444296613326383,5.588572910853794
NXPI,2026-09-04,228.08999633789062,228.6199951171875,225.00999450683594,227.83999633789062,226.81932067871094,2905900.0,224.38089615654656,1.5416197370611728,5.34375
NXPI,2026-09-08,230.22000122070312,231.3000030517578,222.32000732421875,223.8699951171875,222.8671112060547,5537500.0,224.33223891470283,-0.20605321809812338,5.7477773030598955
NXPI,2026-09-09,221.97000122070312,227.22000122070312,221.97000122070312,223.32000732421875,222.319580078125,3831700.0,224.2358359060853,-0.4084220428754781,5.697999572753906
NXPI,2026-09-10,219.75,226.92999267578125,218.4499969482422,226.47000122070312,225.45547485351562,3078600.0,224.44861355509653,0.9006015379597665,5.950908314098012
NXPI,2026-09-11,229.83999633789062,238.60000610351562,228.0,236.6199951171875,235.55999755859375,3124500.0,225.60779275148616,4.881126769336208,6.465833028157552
NXPI,2026-09-14,226.75999450683594,230.8699951171875,223.9600067138672,224.22999572753906,223.22549438476562,4657900.0,225.4765739873007,-0.5528637577364659,6.9423065185546875
NXPI,2026-09-15,226.0399932861328,228.97999572753906,224.3000030517578,226.35000610351562,225.3360137939453,2373300.0,225.55975799836878,0.3503497752256779,6.785713195800781
NXPI,2026-09-16,227.99000549316406,228.17999267578125,216.66000366210938,218.97999572753906,218.97999572753906,3342500.0,224.93311397257546,-2.6466170942541667,7.327854701450893
NXPI,2026-09-17,222.16000366210938,228.27999877929688,220.6699981689453,227.9499969482422,227.9499969482422,5053500.0,225.2204361607342,1.2119507599035018,7.629283360072544
NXPI,2026-09-18,231.36000061035156,231.36000061035156,224.86000061035156,227.99000549316406,227.99000549316406,5216500.0,225.48420466858465,1.111297719617399,7.714283534458706
NXPI,2026-09-21,229.13999938964844,233.05999755859375,226.14999389648438,232.41000366210938,232.41000366210938,4856200.0,226.14380457272986,2.770891336695569,7.922140938895089
NXPI,2026-09-22,231.8699951171875,238.94000244140625,231.0800018310547,237.57000732421875,237.57000732421875,4153700.0,227.23201435858593,4.549531893564462,7.959284101213727
NXPI,2026-09-23,236.5,236.89999389648438,231.72999572753906,235.44000244140625,235.44000244140625,4018700.0,228.01372750933072,3.2569420329184418,7.821427481515067
NXPI,2026-09-24,232.33999633789062,233.25,229.36000061035156,230.16000366210938,230.16000366210938,2943500.0,228.21813476197633,0.8508828197015816,7.849284580775669
NXPI,2026-09-25,231.1999969482422,239.24000549316406,230.22000122070312,238.0800018310547,238.0800018310547,2929000.0,229.15736019712665,3.8936744716611127,8.238571166992188
NXPI,2026-09-28,238.69000244140625,239.38999938964844,233.24000549316406,236.32000732421875,236.32000732421875,3629300.0,229.8395170663735,2.819571821486999,8.03642817905971
NXPI,2026-09-29,237.5800018310547,239.8300018310547,235.11000061035156,236.47000122070312,236.47000122070312,2438800.0,230.47099174773825,2.6029347240068557,7.998571123395648
NXPI,2026-09-30,236.47999572753906,238.1999969482422,232.83999633789062,237.52999877929688,237.52999877929688,2685800.0,231.1432781316962,2.7631003156240563,7.7757143293108255
NXPI,2026-10-01,238.64999389648438,242.33999633789062,235.00999450683594,239.19000244140625,239.19000244140625,2380800.0,231.90963282785907,3.13931315606506,7.432856968470982
NXPI,2026-10-02,245.3699951171875,248.86000061035156,242.72999572753906,243.66000366210938,243.66000366210938,2681800.0,233.02871576445435,4.5622222406277,7.219286237444196
NXPI,2026-10-05,242.50999450683594,243.22999572753906,239.25999450683594,241.97000122070312,241.97000122070312,1893100.0,233.88026676028758,3.458921341451604,7.1942868913922995
NXPI,2026-10-06,242.97999572753906,245.35000610351562,240.4499969482422,244.3800048828125,244.3800048828125,1732300.0,234.88024181957567,4.044513488935397,6.721431187220982
NXPI,2026-10-07,238.44000244140625,239.6999969482422,237.00999450683594,237.7449951171875,237.7449951171875,73497.0,235.15307546696727,1.1022265581996704,6.583574567522321
OKLO,2026-08-26,44.9900016784668,46.20000076293945,41.08000183105469,41.599998474121094,41.599998474121094,18430400.0,41.599998474121094,0.0,
OKLO,2026-08-27,42.0,43.88999938964844,41.099998474121094,42.529998779296875,42.529998779296875,9621400.0,41.68856993175688,2.0183682215950016,
OKLO,2026-08-28,42.0,42.66999816894531,39.5099983215332,40.13999938964844,40.13999938964844,11362400.0,41.541087022984655,-3.3727755669007764,3.6899998982747397
OKLO,2026-08-31,39.599998474121094,40.95000076293945,39.5,40.56999969482422,40.56999969482422,6232200.0,41.448602515540806,-2.1197405157077687,3.130000114440918
OKLO,2026-09-01,39.349998474121094,39.349998474121094,38.04999923706055,38.529998779296875,38.529998779296875,7848500.0,41.17064025494615,-6.4138946086271575,3.0080001831054686
OKLO,2026-09-02,38.040000915527344,39.720001220703125,37.7599983215332,39.52000045776367,39.52000045776367,6834200.0,41.0134364647383,-3.6413335133685387,2.833333969116211
OKLO,2026-09-03,39.95000076293945,40.88999938964844,39.459999084472656,39.84000015258789,39.84000015258789,6970300.0,40.90168062548588,-2.59568911756759,2.6328577314104353
OKLO,2026-09-04,39.5099983215332,41.31999969482422,39.5,41.27000045776367,41.27000045776367,8127400.0,40.93675870475043,0.8140403968391663,2.531250476837158
OKLO,2026-09-08,42.060001373291016,44.779998779296875,41.79999923706055,43.310001373291016,43.310001373291016,14079200.0,41.16278181604001,5.216410219423739,2.640000237358941
OKLO,2026-09-09,42.849998474121094,44.2599983215332,42.5,42.56999969482422,42.56999969482422,7690000.0,41.29680256640041,3.08304045180412,2.552000045776367
OKLO,2026-09-10,41.439998626708984,41.77000045776367,39.77000045776367,39.880001068115234,39.880001068115234,10686300.0,41.16186909037325,-3.114212378071568,2.5745454268022017
OKLO,2026-09-11,38.790000915527344,39.20000076293945,36.20000076293945,36.220001220703125,36.220001220703125,22594900.0,40.69121500754753,-10.988155025636537,2.6666666666666665
OKLO,2026-09-14,34.95000076293945,36.9900016784668,34.380001068115234,36.209999084472656,36.209999084472656,11644700.0,40.26443253868325,-10.069515943917452,2.6623077392578125
OKLO,2026-09-15,36.0,36.470001220703125,35.27000045776367,35.97999954223633,35.97999954223633,7398800.0,39.856391300926404,-9.725897483849655,2.557857240949358
OKLO,2026-09-16,36.70000076293945,36.720001220703125,34.72999954223633,35.619998931884766,35.619998931884766,7864400.0,39.45292536101768,-9.715189416397795,2.3342860085623607
OKLO,2026-09-17,36.97999954223633,40.650001525878906,36.619998931884766,39.650001525878906,39.650001525878906,17426500.0,39.47169451957589,0.4517338525068526,2.494286128452846
OKLO,2026-09-18,39.900001525878906,40.29999923706055,37.5099983215332,38.0,38.0,13843900.0,39.33153313675914,-3.3854086799242844,2.46785763331822
OKLO,2026-09-21,39.14500045776367,40.861000061035156,39.08000183105469,40.18000030517578,40.18000030517578,11447600.0,39.4123395337512,1.9477675786467419,2.5686432974679128
OKLO,2026-09-22,40.099998474121094,41.290000915527344,39.334999084472656,40.45000076293945,40.45000076293945,8240500.0,39.511164412721506,2.3761292894614483,2.5282862527029857
OKLO,2026-09-23,40.209999084472656,40.36800003051758,38.7599983215332,38.81999969482422,38.81999969482422,7280000.0,39.44533920149319,-1.585331801748835,2.509000505719866
OKLO,2026-09-24,38.349998474121094,38.630001068115234,37.560001373291016,38.290000915527344,38.290000915527344,7352300.0,39.33530698378216,-2.657424457589197,2.4968575068882535
OKLO,2026-09-25,38.599998474121094,39.119998931884766,37.540000915527344,38.040000915527344,38.040000915527344,6778000.0,39.211944501091224,-2.9887413146044484,2.4797145298549106
OKLO,2026-09-28,37.20000076293945,38.08000183105469,36.90999984741211,37.11000061035156,37.11000061035156,6620000.0,39.01175936863983,-4.874834637212033,2.3125719342912947
OKLO,2026-09-29,37.95500183105469,38.20000076293945,36.83000183105469,37.11000061035156,37.11000061035156,7553700.0,38.83063948689809,-4.431137110495165,2.284714835030692
OKLO,2026-09-30,37.290000915527344,38.54999923706055,36.77000045776367,37.02000045776367,37.02000045776367,8160500.0,38.65819767459958,-4.237645093093112,2.211857659476144
OKLO,2026-10-01,36.75,37.5260009765625,36.029998779296875,36.13999938964844,36.13999938964844,8486700.0,38.41836926650899,-5.930417975462355,2.0558577946254184
OKLO,2026-10-02,37.29999923706055,37.459999084472656,35.650001525878906,35.869998931884766,35.869998931884766,9500200.0,38.17566732987811,-6.039628274392516,1.9987147194998605
OKLO,2026-10-05,36.279998779296875,36.70600128173828,35.63999938964844,35.970001220703125,35.970001220703125,7660200.0,37.965603890909065,-5.256343810413588,1.9891433715820312
OKLO,2026-10-06,37.369998931884766,39.29999923706055,37.0,38.54999923706055,38.54999923706055,16707800.0,38.02126059054254,1.390639443052888,2.084857395717076
OKLO,2026-10-07,37.369998931884766,37.34429931640625,36.150001525878906,36.244998931884766,36.244998931884766,1475134.0,37.85209281352751,-4.24572001754262,1.8969999040876115
ONDS,2026-08-26,8.100000381469727,8.265000343322754,7.960000038146973,8.220000267028809,8.220000267028809,55499100.0,8.220000267028809,0.0,
ONDS,2026-08-27,8.350000381469727,8.84000015258789,8.300000190734863,8.75,8.75,85768400.0,8.270476432073684,5.7980162553475045,
ONDS,2026-08-28,8.5600004196167,8.710000038146973,7.869999885559082,7.900000095367432,7.900000095367432,69966700.0,8.235192971434993,-4.0702492003554465,0.6016667683919271
ONDS,2026-08-31,7.889999866485596,7.929999828338623,7.650000095367432,7.65500020980835,7.65500020980835,29699800.0,8.179936517946741,-6.417364083287003,0.5212500095367432
ONDS,2026-09-01,7.434999942779541,7.445000171661377,7.0,7.039999961853027,7.039999961853027,68793600.0,8.071371131652102,-12.778140826092411,0.5480000495910644
ONDS,2026-09-02,7.059999942779541,7.630000114440918,7.039999961853027,7.610000133514404,7.610000133514404,79858600.0,8.027431036591368,-5.200055922924685,0.5550000667572021
ONDS,2026-09-03,7.690000057220459,7.949999809265137,7.53000020980835,7.630000114440918,7.630000114440918,73062000.0,7.989580472577039,-4.50061626352376,0.5357142857142857
ONDS,2026-09-04,7.610000133514404,7.685999870300293,7.460000038146973,7.619999885559082,7.619999885559082,43240300.0,7.9543823214324725,-4.203751119334842,0.49699997901916504
ONDS,2026-09-08,7.610000133514404,7.880000114440918,7.579999923706055,7.619999885559082,7.619999885559082,43007500.0,7.922536375158817,-3.818682241060334,0.47511111365424263
ONDS,2026-09-09,7.579999923706055,7.64900016784668,7.260000228881836,7.289999961853027,7.289999961853027,63851200.0,7.862294811986836,-7.278979786681228,0.46649999618530275
ONDS,2026-09-10,7.170000076293945,7.539999961853027,7.144999980926514,7.25,7.25,52336300.0,7.803981020369043,-7.098697689334532,0.4599999947981401
ONDS,2026-09-11,7.25,7.320000171661377,7.179999828338623,7.230000019073486,7.230000019073486,42170100.0,7.749316163102799,-6.701444786856914,0.4333333571751912
ONDS,2026-09-14,6.994999885559082,7.46999979019165,6.989999771118164,7.230000019073486,7.230000019073486,84277100.0,7.699857482719055,-6.102157925650953,0.43692310039813703
ONDS,2026-09-15,7.140999794006348,7.429999828338623,7.130000114440918,7.239999771118164,7.239999771118164,67788600.0,7.656061510185636,-5.434409565727016,0.427142858505249
ONDS,2026-09-16,7.264999866485596,7.28000020980835,6.980000019073486,7.199999809265137,7.199999809265137,65246400.0,7.612627062478921,-5.420300374985398,0.4267857074737549
ONDS,2026-09-17,7.46999979019165,7.53000020980835,7.300000190734863,7.389999866485596,7.389999866485596,67049500.0,7.591424472384319,-2.65331765640896,0.40607145854404997
ONDS,2026-09-18,7.510000228881836,7.519999980926514,7.210000038146973,7.389999866485596,7.389999866485596,63908700.0,7.572241176584441,-2.4067023995800407,0.3653571605682373
ONDS,2026-09-21,7.505000114440918,7.670000076293945,7.340000152587891,7.380000114440918,7.380000114440918,51627500.0,7.553932503999344,-2.3025409542160924,0.3689286027635847
ONDS,2026-09-22,7.46999979019165,7.744999885559082,7.389999866485596,7.71999979019165,7.71999979019165,70109500.0,7.569748436017659,1.9848923044665456,0.3482142857142857
ONDS,2026-09-23,7.739999771118164,7.980000019073486,7.380000114440918,7.400000095367432,7.400000095367432,67796400.0,7.553581927384304,-2.033231829525617,0.348928553717477
ONDS,2026-09-24,7.260000228881836,7.730000019073486,7.179999828338623,7.599999904632568,7.599999904632568,114567800.0,7.558002687122234,0.5556655541005817,0.3582143102373396
ONDS,2026-09-25,7.724999904632568,7.880000114440918,7.590000152587891,7.639999866485596,7.639999866485596,70949500.0,7.565811942299697,0.9805679119662125,0.36278574807303293
ONDS,2026-09-28,7.53000020980835,7.800000190734863,7.440000057220459,7.679999828338623,7.679999828338623,53018000.0,7.576686979065308,1.3635623268952735,0.36707145827157156
ONDS,2026-09-29,7.914999961853027,7.914999961853027,7.46999979019165,7.480000019073486,7.480000019073486,48881300.0,7.5674786971613255,-1.1559818215365891,0.3710714748927525
ONDS,2026-09-30,7.5,7.699999809265137,7.320000171661377,7.329999923706055,7.329999923706055,61550600.0,7.544861671117967,-2.847789088491992,0.3700000217982701
ONDS,2026-10-01,7.3520002365112305,7.425000190734863,7.119999885559082,7.119999885559082,7.119999885559082,41413700.0,7.504398643921882,-5.122312614271108,0.38178573335920063
ONDS,2026-10-02,7.275000095367432,7.440000057220459,7.119999885559082,7.239999771118164,7.239999771118164,42797700.0,7.4792177988929565,-3.1984364435837187,0.3703571728297642
ONDS,2026-10-05,7.625,7.689000129699707,7.375,7.420000076293945,7.420000076293945,36169700.0,7.473578015788289,-0.7168981093280569,0.38100007602146696
ONDS,2026-10-06,7.440000057220459,7.614999771118164,7.329999923706055,7.409999847412109,7.409999847412109,48786400.0,7.4675229521334145,-0.7703103839121317,0.37992862292698454
ONDS,2026-10-07,7.260000228881836,7.300000190734863,7.119999885559082,7.135000228881836,7.135000228881836,4210480.0,7.43585412134755,-4.045989708189602,0.3770714487348284
ONTO,2026-08-26,291.6199951171875,294.8999938964844,285.5249938964844,291.8800048828125,291.8800048828125,690800.0,291.8800048828125,0.0,
ONTO,2026-08-27,301.5199890136719,305.7349853515625,289.2300109863281,292.6199951171875,292.6199951171875,803600.0,291.9504801432292,0.22932484085309568,
ONTO,2026-08-28,289.510009765625,290.7699890136719,270.3299865722656,270.7900085449219,270.7900085449219,1083400.0,289.9351971338666,-6.603264721980329,16.056660970052082
ONTO,2026-08-31,276.6600036621094,276.6600036621094,265.45001220703125,267.2099914550781,267.2099914550781,835100.0,287.77089183112486,-7.144885379203902,14.844993591308594
ONTO,2026-09-01,263.69000244140625,263.9800109863281,253.39999389648438,256.3699951171875,256.3699951171875,749400.0,284.7803302393213,-9.976228027497037,14.637994384765625
ONTO,2026-09-02,256.6700134277344,259.010009765625,251.05499267578125,254.5500030517578,254.5500030517578,766400.0,281.90125145955335,-9.70242177577556,13.524164835611979
ONTO,2026-09-03,249.77000427246094,256.2699890136719,244.46299743652344,252.4600067138672,252.4600067138672,856300.0,279.09732338853564,-9.544096070597652,13.278854370117188
ONTO,2026-09-04,259.010009765625,270.0,257.7049865722656,268.010009765625,268.010009765625,721600.0,278.0413887577823,-3.60787256781262,13.81149673461914
ONTO,2026-09-08,271.6300048828125,284.2349853515625,271.6300048828125,281.1099853515625,281.1099853515625,1324200.0,278.333636052428,0.9974896812728451,14.079661051432291
ONTO,2026-09-09,278.9700012207031,288.625,277.5369873046875,278.3999938964844,278.3999938964844,692600.0,278.33995584710004,0.021570043439012032,13.780496215820312
ONTO,2026-09-10,270.1099853515625,274.4599914550781,266.6000061035156,268.9200134277344,268.9200134277344,736300.0,277.4428184738271,-3.0719140949387214,13.60044999556108
ONTO,2026-09-11,274.0,282.0799865722656,272.0,281.260009765625,281.260009765625,796700.0,277.8063605016174,1.2431858139502427,13.563743591308594
ONTO,2026-09-14,256.4100036621094,263.510009765625,249.25999450683594,250.1300048828125,250.1300048828125,837400.0,275.17051710935027,-9.099998244574614,14.981918334960938
ONTO,2026-09-15,255.0,255.0,240.00999450683594,244.16000366210938,244.16000366210938,1837200.0,272.2171348762797,-10.306893879741285,14.982495989118304
ONTO,2026-09-16,252.3699951171875,254.97999572753906,240.1999969482422,243.63999938964844,243.63999938964844,566400.0,269.495502925172,-9.594038956079565,15.368567330496651
ONTO,2026-09-17,254.25999450683594,256.54998779296875,249.08999633789062,250.02999877929688,250.02999877929688,628400.0,267.64164538746957,-6.580308749288999,15.111782618931361
ONTO,2026-09-18,256.94000244140625,266.45001220703125,253.30299377441406,263.42999267578125,263.42999267578125,2070400.0,267.24053560540403,-1.425885081763667,14.692497253417969
ONTO,2026-09-21,272.0,277.1400146484375,268.2699890136719,275.9800109863281,275.9800109863281,817800.0,268.07286659406344,2.949625037672421,14.871070861816406
ONTO,2026-09-22,273.7099914550781,284.760009765625,273.5,283.80999755859375,283.80999755859375,773500.0,269.57164097163775,5.281845128677332,14.688928876604352
ONTO,2026-09-23,281.7300109863281,286.0,273.05999755859375,282.30999755859375,282.30999755859375,642800.0,270.7848177894431,4.256213425566724,15.044999258858818
ONTO,2026-09-24,276.1600036621094,281.0400085449219,272.260009765625,279.7300109863281,279.7300109863281,458400.0,271.6367409510512,2.979446008275932,14.919498988560267
ONTO,2026-09-25,281.93499755859375,290.0,281.0,287.6400146484375,287.6400146484375,417400.0,273.1608622555642,5.3005955074657995,14.400212969098773
ONTO,2026-09-28,286.92999267578125,292.3599853515625,279.6600036621094,288.739990234375,288.739990234375,395800.0,274.64458872973665,5.13223346938354,14.14842769077846
ONTO,2026-09-29,297.0,304.7799987792969,295.8949890136719,304.69000244140625,304.69000244140625,652300.0,277.5060567022766,9.795802679829091,14.502141680036273
ONTO,2026-09-30,304.8800048828125,311.0,297.8999938964844,307.82000732421875,307.82000732421875,754500.0,280.39309961865206,9.78159153804734,14.59500013078962
ONTO,2026-10-01,315.94000244140625,315.94000244140625,306.3699951171875,314.8800048828125,314.8800048828125,664000.0,283.67756678666734,10.999261749735112,14.338574000767299
ONTO,2026-10-02,328.8900146484375,339.0350036621094,325.8919982910156,327.7699890136719,327.7699890136719,1019500.0,287.8768450940011,13.857711934644957,13.778215680803571
ONTO,2026-10-05,327.739990234375,330.0,319.7200012207031,325.4100036621094,325.4100036621094,796200.0,291.4514316242972,11.651537221332763,13.441786629813057
ONTO,2026-10-06,329.2900085449219,329.2900085449219,311.0,313.7099914550781,313.7099914550781,1057400.0,293.57129446532394,6.859899918495915,13.692501613071986
ONTO,2026-10-07,329.2900085449219,303.05999755859375,298.0199890136719,298.0199890136719,298.0199890136719,69473.0,293.99497966040474,1.3690741787211635,13.891074044363839
OPRX,2026-08-26,7.78000020980835,7.849999904632568,7.619999885559082,7.75,7.75,112900.0,7.75,0.0,
OPRX,2026-08-27,7.75,8.0,7.650000095367432,7.829999923706055,7.829999923706055,333700.0,7.7576190403529575,0.933029618708936,
OPRX,2026-08-28,7.829999923706055,8.09000015258789,7.599999904632568,7.949999809265137,7.949999809265137,271600.0,7.775941018344594,2.238427355736272,0.35666672388712567
OPRX,2026-08-31,7.889999866485596,8.039999961853027,7.710000038146973,7.980000019073486,7.980000019073486,170900.0,7.795375208890203,2.368389015742678,0.3500000238418579
OPRX,2026-09-01,8.0,8.029999732971191,7.699999809265137,7.860000133514404,7.860000133514404,115500.0,7.801529963616317,0.7494705547600677,0.34600000381469725
OPRX,2026-09-02,7.929999828338623,8.350000381469727,7.480000019073486,8.039999961853027,8.039999961853027,171300.0,7.824241392019814,2.757565353917535,0.4333333969116211
OPRX,2026-09-03,8.09000015258789,8.34000015258789,7.900000095367432,7.949999809265137,7.949999809265137,157700.0,7.836218384138416,1.451994055666317,0.4342857769557408
OPRX,2026-09-04,7.840000152587891,7.900000095367432,7.659999847412109,7.869999885559082,7.869999885559082,82200.0,7.839435669988004,0.38987775214596176,0.4162500500679016
OPRX,2026-09-08,7.840000152587891,7.840000152587891,7.559999942779541,7.599999904632568,7.599999904632568,99700.0,7.816632263763676,-2.771428305964596,0.4044444825914171
OPRX,2026-09-09,7.599999904632568,7.599999904632568,7.159999847412109,7.170000076293945,7.170000076293945,78500.0,7.755048245909417,-7.544094518355438,0.4080000400543213
OPRX,2026-09-10,7.070000171661377,7.260000228881836,6.860000133514404,7.179999828338623,7.179999828338623,108200.0,7.7002817299502935,-6.75666059837825,0.4072727723555131
OPRX,2026-09-11,7.239999771118164,7.320000171661377,7.059999942779541,7.289999961853027,7.289999961853027,115200.0,7.661207275845792,-4.845284830800811,0.39500006039937335
OPRX,2026-09-14,7.269999980926514,7.809999942779541,7.269999980926514,7.809999942779541,7.809999942779541,96400.0,7.675378006029958,1.753945364564724,0.40615389897273135
OPRX,2026-09-15,7.769999980926514,7.769999980926514,7.420000076293945,7.559999942779541,7.559999942779541,74500.0,7.664389619053728,-1.3620089982726569,0.40500003950936453
OPRX,2026-09-16,7.619999885559082,7.679999828338623,7.5,7.53000020980835,7.53000020980835,58300.0,7.651590627697026,-1.5890868161261285,0.40142859731401714
OPRX,2026-09-17,7.690000057220459,7.71999979019165,7.539999961853027,7.590000152587891,7.590000152587891,72200.0,7.645724868162823,-0.7288349572579178,0.39000000272478375
OPRX,2026-09-18,7.53000020980835,7.53000020980835,7.25,7.289999961853027,7.289999961853027,233700.0,7.611846305657128,-4.228229668338212,0.37928571019853863
OPRX,2026-09-21,7.309999942779541,7.630000114440918,7.130000114440918,7.559999942779541,7.559999942779541,286300.0,7.606908556811644,-0.6166580507938169,0.3914285727909633
OPRX,2026-09-22,7.599999904632568,7.670000076293945,7.289999961853027,7.619999885559082,7.619999885559082,118300.0,7.608155350025685,0.1556820936017944,0.3950000149863107
OPRX,2026-09-23,7.619999885559082,7.829999923706055,7.550000190734863,7.599999904632568,7.599999904632568,143100.0,7.607378640940626,-0.09699446624553687,0.3528571128845215
OPRX,2026-09-24,7.510000228881836,7.909999847412109,7.349999904632568,7.889999866485596,7.889999866485596,185000.0,7.634294948135385,3.3494241457446616,0.3614285332815988
OPRX,2026-09-25,7.949999809265137,8.59000015258789,7.880000114440918,8.039999961853027,8.039999961853027,488000.0,7.672933520870399,4.7839126975909085,0.3914285387311663
OPRX,2026-09-28,7.880000114440918,8.029999732971191,7.690000057220459,7.809999942779541,7.809999942779541,142200.0,7.685987465814127,1.6134878897083649,0.3942856788635254
OPRX,2026-09-29,7.920000076293945,8.369999885559082,7.820000171661377,8.359999656677246,8.359999656677246,211700.0,7.750179103039185,7.868470464107391,0.4028570992606027
OPRX,2026-09-30,8.399999618530273,8.460000038146973,8.220000267028809,8.350000381469727,8.350000381469727,204600.0,7.80730493908019,6.951123936161685,0.3914285046713693
OPRX,2026-10-01,8.420000076293945,8.859999656677246,8.300000190734863,8.390000343322754,8.390000343322754,196500.0,7.8627997394842435,6.704998490437086,0.41285702160426546
OPRX,2026-10-02,8.550000190734863,8.760000228881836,8.3100004196167,8.569999694824219,8.569999694824219,224900.0,7.930152116183289,8.068541047720569,0.40642843927655903
OPRX,2026-10-05,8.600000381469727,8.789999961853027,8.449999809265137,8.720000267028809,8.720000267028809,166700.0,8.005375749597148,8.926807932377478,0.4028570311410086
OPRX,2026-10-06,8.819999694824219,9.180000305175781,8.789999961853027,8.8100004196167,8.8100004196167,171500.0,8.08200667055139,9.00758659007197,0.42285704612731934
OPRX,2026-10-07,8.739999771118164,8.990099906921387,8.680999755859375,8.800000190734863,8.800000190734863,3236.0,8.150387005806959,7.970335451127286,0.43136422974722727
ORCL,2026-08-26,147.0,151.6300048828125,146.8300018310547,148.8699951171875,148.8699951171875,18426100.0,148.8699951171875,0.0,
ORCL,2026-08-27,152.11000061035156,153.8300018310547,147.52000427246094,151.94000244140625,151.94000244140625,30251400.0,149.1623767671131,1.862148977841671,
ORCL,2026-08-28,153.60000610351562,153.99000549316406,149.7100067138672,150.85000610351562,150.85000610351562,17800000.0,149.32310337058001,1.0225495576168475,5.1299997965494795
ORCL,2026-08-31,149.30999755859375,151.25999450683594,147.75,149.1199951171875,149.1199951171875,16118900.0,149.30375972739978,-0.12308103328931841,4.724998474121094
ORCL,2026-09-01,146.75,146.7899932861328,139.9499969482422,141.32000732421875,141.32000732421875,25443300.0,148.54340235566826,-4.862817814118737,5.6139984130859375
ORCL,2026-09-02,140.25999450683594,146.69000244140625,139.72000122070312,145.75,145.75,21906700.0,148.2773640360808,-1.7044840610100143,5.839998881022136
ORCL,2026-09-03,147.27000427246094,156.77000427246094,146.9199981689453,154.0399932861328,154.0399932861328,25101700.0,148.82618586941908,3.5032863244162993,6.579999651227679
ORCL,2026-09-04,159.4600067138672,159.6999969482422,156.7100067138672,158.77999877929688,158.77999877929688,26511300.0,149.77416805131222,6.012939911573589,6.465000152587891
ORCL,2026-09-08,167.60000610351562,170.6999969482422,161.16000366210938,162.52000427246094,162.52000427246094,37662800.0,150.98805721523112,7.637655103271657,7.0711110432942705
ORCL,2026-09-09,163.5399932861328,165.14999389648438,160.36000061035156,161.6300048828125,161.6300048828125,27464600.0,152.00157604071507,6.334426979571828,6.842999267578125
ORCL,2026-09-10,158.3800048828125,159.24000549316406,152.52000427246094,152.94000244140625,152.94000244140625,56824700.0,152.09094998363804,0.558253109642326,7.049090298739347
ORCL,2026-09-11,164.42999267578125,166.0,149.83999633789062,150.27999877929688,150.27999877929688,80438600.0,151.91847844036747,-1.0785255868092092,7.808333079020183
ORCL,2026-09-14,141.4199981689453,145.3300018310547,141.00999450683594,144.7899932861328,144.7899932861328,42159700.0,151.23957509234512,-4.264480247497571,7.920769324669471
ORCL,2026-09-15,143.4600067138672,144.8800048828125,140.02000427246094,140.35000610351562,140.35000610351562,31552700.0,150.20247328388518,-6.5594573544393135,7.702142987932477
ORCL,2026-09-16,140.02999877929688,146.52000427246094,139.0,143.16000366210938,143.16000366210938,34366400.0,149.5317618913351,-4.261140341445369,7.896428789411273
ORCL,2026-09-17,146.75,152.0,146.14999389648438,150.58999633789062,150.58999633789062,27742400.0,149.63254612434037,0.6398676212824972,8.077142987932477
ORCL,2026-09-18,150.47000122070312,150.89999389648438,144.39999389648438,147.61000061035156,147.61000061035156,39324900.0,149.43992274205573,-1.224520260802564,8.235714503696986
ORCL,2026-09-21,148.92999267578125,149.97999572753906,146.16000366210938,148.55999755859375,148.55999755859375,22418300.0,149.35612034363078,-0.5330365995081743,8.257857186453682
ORCL,2026-09-22,151.25,153.60000610351562,148.60000610351562,149.1999969482422,149.1999969482422,31260000.0,149.34125144883188,-0.09458505216697333,7.962857927594866
ORCL,2026-09-23,148.3000030517578,148.66000366210938,144.22999572753906,144.55999755859375,144.55999755859375,22682300.0,148.88589393547585,-2.9055112358440494,7.820000784737723
ORCL,2026-09-24,137.32000732421875,140.33999633789062,133.47999572753906,139.5399932861328,139.5399932861328,56629400.0,147.99580815934794,-5.71355025414687,7.824286324637277
ORCL,2026-09-25,138.57000732421875,140.8800048828125,136.9199981689453,137.10000610351562,137.10000610351562,23671000.0,146.95811272545913,-6.7081064387101925,7.702857971191406
ORCL,2026-09-28,132.72999572753906,135.69000244140625,131.5800018310547,132.60000610351562,132.60000610351562,36060100.0,145.59067399955975,-8.922733537234272,7.2457155500139505
ORCL,2026-09-29,132.7899932861328,143.6699981689453,132.52999877929688,137.7899932861328,137.7899932861328,45709700.0,144.84775202685245,-4.872535915787801,7.699287414550781
ORCL,2026-09-30,136.5399932861328,138.5,134.75,137.3000030517578,137.3000030517578,22321600.0,144.12891879112917,-4.738060756056717,7.316430228097098
ORCL,2026-10-01,139.60000610351562,140.25,135.3300018310547,138.07000732421875,138.07000732421875,25459100.0,143.55187960380437,-3.818739465282728,6.513572692871094
ORCL,2026-10-02,142.08999633789062,144.86000061035156,140.25999450683594,142.3000030517578,142.3000030517578,35409300.0,143.4326532655142,-0.7896738908257483,6.336429050990513
ORCL,2026-10-05,142.52999877929688,146.66000366210938,142.3699951171875,142.47999572753906,142.47999572753906,18069600.0,143.34192397618324,-0.6013092504516648,6.300714765276227
ORCL,2026-10-06,143.92999267578125,146.94000244140625,143.86000061035156,144.77000427246094,144.77000427246094,19996700.0,143.4779316234478,0.9005375491501599,6.08214351109096
ORCL,2026-10-07,143.92999267578125,144.65890502929688,141.3699951171875,144.38999938964844,144.38999938964844,1750510.0,143.56479522022883,0.5747956301917378,5.693572998046875
PENG,2026-08-26,50.20000076293945,51.98500061035156,49.599998474121094,51.86000061035156,51.86000061035156,1361500.0,51.86000061035156,0.0,
PENG,2026-08-27,53.970001220703125,54.189998626708984,51.790000915527344,52.45000076293945,52.45000076293945,1074300.0,51.91619110107422,1.028214224780033,
PENG,2026-08-28,51.709999084472656,53.0,48.76499938964844,49.5099983215332,49.5099983215332,1421300.0,51.68702988397508,-4.211949433598305,3.006666819254557
PENG,2026-08-31,50.209999084472656,50.38999938964844,48.2599983215332,49.08000183105469,49.08000183105469,1616300.0,51.43874149798266,-4.585531446216429,2.7875003814697266
PENG,2026-09-01,47.5,48.310001373291016,46.59000015258789,47.59000015258789,47.59000015258789,2597800.0,51.07219470318316,-6.818180755365566,2.7280006408691406
PENG,2026-09-02,47.95000076293945,48.2400016784668,46.7140007019043,47.59000015258789,47.59000015258789,1384900.0,50.74055712693599,-6.2091493525907815,2.5276673634847007
PENG,2026-09-03,46.869998931884766,49.13999938964844,45.619998931884766,48.630001068115234,48.630001068115234,1105100.0,50.53955178800068,-3.7783293526137296,2.669429234095982
PENG,2026-09-04,50.0099983215332,51.83000183105469,49.220001220703125,51.7599983215332,51.7599983215332,1129700.0,50.65578479119425,2.179836981877936,2.735750675201416
PENG,2026-09-08,52.91999816894531,53.0,51.099998474121094,51.29999923706055,51.29999923706055,1207200.0,50.71713854794342,1.1492381191145817,2.642889658610026
PENG,2026-09-09,50.7599983215332,53.237998962402344,50.577999114990234,51.060001373291016,51.060001373291016,924000.0,50.74979215035747,0.6112522037813983,2.644600677490234
PENG,2026-09-10,49.599998474121094,50.4900016784668,48.53099822998047,48.619998931884766,48.619998931884766,1041600.0,50.54695470097912,-3.812209420911028,2.6340918107466265
PENG,2026-09-11,49.935001373291016,51.41299819946289,49.43000030517578,51.15999984741211,51.15999984741211,1471000.0,50.60533995302036,1.0960501300982584,2.647334098815918
PENG,2026-09-14,47.209999084472656,48.83000183105469,46.45000076293945,46.59000015258789,46.59000015258789,1464200.0,50.22292663869346,-7.233601721861104,2.8060006361741285
PENG,2026-09-15,47.849998474121094,48.130001068115234,46.189998626708984,47.5,47.5,1018600.0,49.96360029215123,-4.930790170736021,2.744143622262137
PENG,2026-09-16,49.189998626708984,49.689998626708984,47.099998474121094,48.2400016784668,48.2400016784668,1098100.0,49.7994480432289,-3.131453110501159,2.7587863377162387
PENG,2026-09-17,50.86000061035156,53.13999938964844,50.220001220703125,52.54999923706055,52.54999923706055,1511000.0,50.06140529978429,4.971082857889697,2.9373577662876675
PENG,2026-09-18,53.220001220703125,53.5,51.68899917602539,53.29999923706055,53.29999923706055,2289100.0,50.369842817620125,5.8172832304638655,2.7642149244035994
PENG,2026-09-21,54.38999938964844,55.58000183105469,54.040000915527344,54.90999984741211,54.90999984741211,1342000.0,50.80223872521936,8.085787605563866,2.7749293191092357
PENG,2026-09-22,54.61000061035156,57.5,54.41999816894531,56.58000183105469,56.58000183105469,1663300.0,51.35250187815606,10.179640254533062,2.817072187151228
PENG,2026-09-23,55.86000061035156,56.150001525878906,53.43000030517578,53.880001068115234,53.880001068115234,1518600.0,51.59321608672361,4.432336564457895,2.9330722263881137
PENG,2026-09-24,52.459999084472656,54.27000045776367,51.310001373291016,53.08000183105469,53.08000183105469,1582300.0,51.73481472904085,2.6001583441618736,2.8930721282958984
PENG,2026-09-25,53.86000061035156,56.56999969482422,53.380001068115234,56.220001220703125,56.220001220703125,1667600.0,52.1619753472944,7.779662956378464,2.9137862069266185
PENG,2026-09-28,55.54499816894531,55.63999938964844,53.40999984741211,54.97999954223633,54.97999954223633,1337400.0,52.43035860395554,4.862909593161602,2.978786196027483
PENG,2026-09-29,56.5,56.900001525878906,55.130001068115234,55.790000915527344,55.790000915527344,1194900.0,52.75032453839095,5.762384219881267,2.925929205758231
PENG,2026-09-30,56.65999984741211,56.68000030517578,54.040000915527344,54.689998626708984,54.689998626708984,1446100.0,52.93505540394505,3.3152760668181847,2.9338575090680803
PENG,2026-10-01,54.4900016784668,55.66999816894531,53.439998626708984,54.97999954223633,54.97999954223633,1157400.0,53.12981198854422,3.482390553331993,2.893643242972238
PENG,2026-10-02,57.09000015258789,62.31999969482422,56.84000015258789,61.36000061035156,61.36000061035156,3559500.0,53.9136394763354,13.811646192582927,3.081500462123326
PENG,2026-10-05,61.099998474121094,61.939998626708984,59.279998779296875,60.709999084472656,60.709999084472656,2663500.0,54.56091181996752,11.270132883400175,3.1329288482666016
PENG,2026-10-06,61.599998474121094,64.58000183105469,56.599998474121094,64.20999908447266,64.20999908447266,15409400.0,55.47987251182515,15.735664444410435,3.5179290771484375
PENG,2026-10-07,67.27749633789062,74.94989776611328,65.69999694824219,71.47000122070312,71.47000122070312,3453812.0,57.00274191267067,25.379935811151988,3.9350648607526506
PPTA,2026-08-26,26.600000381469727,27.559999465942383,25.719999313354492,25.770000457763672,25.770000457763672,1133700.0,25.770000457763672,0.0,
PPTA,2026-08-27,25.739999771118164,26.41200065612793,25.549999237060547,26.18000030517578,26.18000030517578,942700.0,25.80904806227911,1.4372953314726544,
PPTA,2026-08-28,26.200000762939453,26.25,24.88800048828125,25.110000610351562,25.110000610351562,1064900.0,25.742472114476488,-2.4569182839640713,1.354667027791341
PPTA,2026-08-31,25.110000610351562,25.18000030517578,24.309999465942383,24.940000534057617,24.940000534057617,1458400.0,25.66604624967469,-2.8288179198082575,1.2335004806518555
PPTA,2026-09-01,24.110000610351562,24.8799991607666,23.459999084472656,23.5,23.5,1168500.0,25.45975613065805,-7.697466231022365,1.2828006744384766
PPTA,2026-09-02,24.149999618530273,24.889999389648438,24.0,24.469999313354492,24.469999313354492,943400.0,25.365493576629138,-3.530364037937439,1.30066712697347
PPTA,2026-09-03,25.399999618530273,25.600000381469727,24.610000610351562,25.049999237060547,25.049999237060547,855600.0,25.335446496670226,-1.126671517895672,1.2762862614222936
PPTA,2026-09-04,24.459999084472656,25.354999542236328,24.299999237060547,25.09000015258789,25.09000015258789,966100.0,25.31207065437667,-0.8773304437279639,1.2486255168914795
PPTA,2026-09-08,25.030000686645508,25.40999984741211,24.700000762939453,24.760000228881836,24.760000228881836,836300.0,25.259492518615254,-1.9774438831869356,1.1887781355116103
PPTA,2026-09-09,25.270000457763672,25.606000900268555,24.639999389648438,24.760000228881836,24.760000228881836,768100.0,25.21192182435493,-1.7924916578018868,1.1665004730224608
PPTA,2026-09-10,23.729999542236328,24.299999237060547,23.5,23.670000076293945,23.670000076293945,739800.0,25.065072134063406,-5.5658010888927745,1.1750004508278586
PPTA,2026-09-11,24.110000610351562,24.450000762939453,23.559999465942383,23.6299991607666,23.6299991607666,712600.0,24.92839851755895,-5.208514922760832,1.1512505213419597
PPTA,2026-09-14,22.6200008392334,22.84000015258789,22.200000762939453,22.549999237060547,22.549999237060547,959900.0,24.701884300368626,-8.711420704354788,1.172692665686974
PPTA,2026-09-15,22.540000915527344,22.729999542236328,22.1299991607666,22.690000534057617,22.690000534057617,776400.0,24.510276322624723,-7.426582077684952,1.1317860739571708
PPTA,2026-09-16,23.270000457763672,23.420000076293945,21.920000076293945,22.510000228881836,22.510000228881836,1033800.0,24.319773837506354,-7.4415725274280975,1.1075003487723214
PPTA,2026-09-17,23.540000915527344,23.829999923706055,23.1299991607666,23.3700008392334,23.3700008392334,784200.0,24.229319266242264,-3.546605736489339,1.140214511326381
PPTA,2026-09-18,23.899999618530273,24.040000915527344,23.190000534057617,23.239999771118164,23.239999771118164,1609800.0,24.13509836194473,-3.7087008198728677,1.1036431448800224
PPTA,2026-09-21,23.729999542236328,23.854999542236328,23.040000915527344,23.68000030517578,23.68000030517578,743900.0,24.091755689871498,-1.7091132335731896,1.0997144154139928
PPTA,2026-09-22,23.799999237060547,24.84000015258789,23.479999542236328,24.760000228881836,24.760000228881836,647600.0,24.155398026920103,2.502969320927484,1.0911429268973214
PPTA,2026-09-23,24.049999237060547,24.049999237060547,23.0,23.31999969482422,23.31999969482422,985200.0,24.075836281006207,-3.1393990944284633,1.1175715582711356
PPTA,2026-09-24,23.020000457763672,23.459999084472656,22.700000762939453,23.420000076293945,23.420000076293945,719000.0,24.01337569008123,-2.471021240184812,1.0911427906581335
PPTA,2026-09-25,23.420000076293945,23.68000030517578,23.030000686645508,23.489999771118164,23.489999771118164,674000.0,23.963530364465697,-1.976046876839599,1.0622141701834542
PPTA,2026-09-28,22.225000381469727,22.670000076293945,21.790000915527344,21.81999969482422,21.81999969482422,1062700.0,23.759384586404604,-8.162605746489426,1.1329284395490373
PPTA,2026-09-29,22.020000457763672,22.1200008392334,21.34000015258789,21.530000686645508,21.530000686645508,1229500.0,23.54706231023707,-8.566086066348266,1.119642666407994
PPTA,2026-09-30,21.940000534057617,22.360000610351562,21.549999237060547,21.56999969482422,21.56999969482422,794600.0,23.358770632578704,-7.65781284422421,1.0889283588954382
PPTA,2026-10-01,21.600000381469727,21.600000381469727,20.829999923706055,20.93000030517578,20.93000030517578,1314700.0,23.127459172826043,-9.501514417252544,1.0803568703787667
PPTA,2026-10-02,21.43000030517578,21.43000030517578,20.100000381469727,20.3799991607666,20.3799991607666,1144300.0,22.865796314534666,-10.871246815873914,1.07321412222726
PPTA,2026-10-05,20.3799991607666,20.709999084472656,19.68000030517578,20.329999923706055,20.329999923706055,1245600.0,22.624291896360514,-10.14083438794181,1.1039282935006278
PPTA,2026-10-06,20.520000457763672,20.81999969482422,20.1200008392334,20.6200008392334,20.6200008392334,652500.0,22.43340703377698,-8.083507742774943,1.0467853546142578
PPTA,2026-10-07,19.790000915527344,19.950000762939453,19.485000610351562,19.5,19.5,77624.0,22.15403493532203,-11.979916719777673,1.0335711070469447
QCOM,2026-08-26,160.10000610351562,163.8699951171875,159.88999938964844,163.72000122070312,162.83377075195312,10480300.0,163.72000122070312,0.0,
QCOM,2026-08-27,165.16000366210938,166.9499969482422,161.9199981689453,164.77999877929688,163.88803100585938,15065100.0,163.82095336914062,0.5854229208367645,
QCOM,2026-08-28,164.58999633789062,165.49000549316406,161.89999389648438,164.19000244140625,163.30123901367188,7752100.0,163.8561008998326,0.20377730199852007,4.200002034505208
QCOM,2026-08-31,164.7899932861328,171.3800048828125,164.19000244140625,170.47999572753906,169.5571746826172,12734600.0,164.48694802628086,3.6434791776309705,4.947502136230469
QCOM,2026-09-01,165.47000122070312,167.2899932861328,162.2100067138672,166.61000061035156,165.7081298828125,8900900.0,164.68914351047806,1.1663532027242018,5.61199951171875
QCOM,2026-09-02,166.0399932861328,170.60000610351562,165.0800018310547,169.9600067138672,169.04000854492188,7525300.0,165.19113048222943,2.8868839493478626,5.596666971842448
QCOM,2026-09-03,168.5,170.02999877929688,164.8800048828125,168.57000732421875,168.57000732421875,6992000.0,165.5129282767046,1.8470333884754497,5.532856532505581
QCOM,2026-09-04,169.97999572753906,170.6300048828125,167.0399932861328,168.74000549316406,168.74000549316406,8531400.0,165.82026896398645,1.7607838579804413,5.290000915527344
QCOM,2026-09-08,180.39999389648438,183.49000549316406,172.0399932861328,174.08999633789062,174.08999633789062,26129200.0,166.6078620472154,4.490865076075967,6.341111924913195
QCOM,2026-09-09,174.72000122070312,180.86000061035156,173.32000732421875,176.39999389648438,176.39999389648438,14802000.0,167.54044603286005,5.288005418038999,6.461000061035156
QCOM,2026-09-10,172.1300048828125,182.39999389648438,171.0,176.8800048828125,176.8800048828125,15597700.0,168.4299278280936,5.016968874642869,6.909999500621449
QCOM,2026-09-11,178.25,185.4600067138672,175.74000549316406,181.97000122070312,181.97000122070312,11546600.0,169.71945862738974,7.218113168867002,7.144166310628255
QCOM,2026-09-14,170.77999877929688,181.7100067138672,170.50999450683594,180.14999389648438,180.14999389648438,13784800.0,170.71284293873208,5.528084938014444,7.476154033954327
QCOM,2026-09-15,180.5399932861328,190.05999755859375,180.5399932861328,187.8000030517578,187.8000030517578,13852600.0,172.340191520925,8.970520105842938,7.650000435965402
QCOM,2026-09-16,189.1699981689453,191.27999877929688,183.3699951171875,184.83999633789062,184.83999633789062,9718600.0,173.53064912254078,6.517204466493753,7.93071528843471
QCOM,2026-09-17,190.35000610351562,191.91000366210938,187.75999450683594,188.7100067138672,188.7100067138672,12318000.0,174.97630222647663,7.848894000294182,8.076430184500557
QCOM,2026-09-18,191.33999633789062,192.1199951171875,175.97000122070312,177.72000122070312,177.72000122070312,54480300.0,175.23760689259345,1.4165876675268585,8.97357177734375
QCOM,2026-09-21,180.61000061035156,195.30999755859375,179.22999572753906,194.22999572753906,194.22999572753906,18444600.0,177.04640582925492,9.705698242107296,9.716428484235491
QCOM,2026-09-22,192.0,199.14999389648438,191.66000366210938,198.27000427246094,198.27000427246094,11533800.0,179.06770091908407,10.72348796283138,9.660714285714286
QCOM,2026-09-23,199.61000061035156,199.61000061035156,193.22000122070312,197.24000549316406,197.24000549316406,9739300.0,180.79839659280597,9.093890880784672,9.722856794084821
QCOM,2026-09-24,196.5800018310547,196.77000427246094,191.75,194.25999450683594,194.25999450683594,9089000.0,182.0804535369993,6.6890985458588625,9.747143336704799
QCOM,2026-09-25,195.02999877929688,205.85000610351562,194.52999877929688,201.97000122070312,201.97000122070312,17817800.0,183.97469617354253,9.781402237069447,10.31857190813337
QCOM,2026-09-28,199.16000366210938,199.16000366210938,186.7100067138672,187.47999572753906,187.47999572753906,16680100.0,184.3085342263041,1.7207350243157338,10.35500008719308
QCOM,2026-09-29,189.47999572753906,190.02999877929688,182.22999572753906,184.10000610351562,184.10000610351562,10027300.0,184.28867440508614,-0.10237650369973039,10.373572213309151
QCOM,2026-09-30,184.8800048828125,188.33999633789062,183.14999389648438,184.0399932861328,184.0399932861328,7417600.0,184.26499048899535,-0.12210523673837903,9.930001395089286
QCOM,2026-10-01,185.17999267578125,186.3699951171875,181.77000427246094,182.08999633789062,182.08999633789062,10908600.0,184.05784818889015,-1.069148569519296,9.564286368233818
QCOM,2026-10-02,186.72000122070312,188.9499969482422,183.36000061035156,184.8699951171875,184.8699951171875,10122300.0,184.13519551539466,0.39905440116221325,9.235714503696986
QCOM,2026-10-05,185.0800018310547,185.47999572753906,180.3000030517578,180.7899932861328,180.7899932861328,12302800.0,183.81660482689352,-1.6465387028614664,8.89785657610212
QCOM,2026-10-06,182.02999877929688,183.08999633789062,179.3300018310547,181.02999877929688,181.02999877929688,8217000.0,183.55121377474148,-1.3735757686346384,8.601427350725446
QCOM,2026-10-07,178.6697998046875,179.33999633789062,177.7100067138672,177.9600067138672,177.9600067138672,509733.0,183.01871786418204,-2.7640403174875927,8.333569117954799
QDEL,2026-08-26,15.09000015258789,15.09000015258789,14.550000190734863,14.90999984741211,14.90999984741211,1599000.0,14.90999984741211,0.0,
QDEL,2026-08-27,14.920000076293945,15.5,14.920000076293945,15.319999694824219,15.319999694824219,816100.0,14.949047451927548,2.4814440123329673,
QDEL,2026-08-28,15.09000015258789,15.109999656677246,14.619999885559082,14.739999771118164,14.739999771118164,1207900.0,14.92913814899332,-1.2669075467555357,0.6099999745686849
QDEL,2026-08-31,14.600000381469727,14.630000114440918,14.220000267028809,14.430000305175781,14.430000305175781,948500.0,14.881601211486888,-3.034625776442146,0.5874998569488525
QDEL,2026-09-01,14.430000305175781,14.569999694824219,13.600000381469727,13.75,13.75,892800.0,14.773829667535757,-6.930022144397241,0.6639997482299804
QDEL,2026-09-02,13.670000076293945,14.279999732971191,13.670000076293945,13.949999809265137,13.949999809265137,834500.0,14.695369681033794,-5.072141007317765,0.6549997329711914
QDEL,2026-09-03,14.100000381469727,14.430000305175781,13.59000015258789,13.930000305175781,13.930000305175781,836800.0,14.622477359523506,-4.735702694705967,0.6814283643450055
QDEL,2026-09-04,13.920000076293945,14.300000190734863,13.510000228881836,13.970000267028809,13.970000267028809,890300.0,14.56033668404782,-4.054414604751411,0.6949998140335083
QDEL,2026-09-08,13.949999809265137,14.0,13.170000076293945,13.380000114440918,13.380000114440918,961500.0,14.447923677418592,-7.391536575229751,0.7099998262193468
QDEL,2026-09-09,13.109999656677246,13.239999771118164,12.609999656677246,12.640000343322754,12.640000343322754,867100.0,14.275740502742797,-11.458180814548768,0.7159998893737793
QDEL,2026-09-10,12.390000343322754,12.6899995803833,11.949999809265137,12.149999618530273,12.149999618530273,1175700.0,14.073288989960652,-13.666239446957851,0.718181696805087
QDEL,2026-09-11,12.350000381469727,12.449999809265137,11.770000457763672,11.779999732971191,11.779999732971191,1068000.0,13.854880489294988,-14.975811288498363,0.7149998346964518
QDEL,2026-09-14,11.710000038146973,11.970000267028809,11.029999732971191,11.119999885559082,11.119999885559082,2812200.0,13.59441566989157,-18.20170755711653,0.7323075808011569
QDEL,2026-09-15,10.899999618530273,11.270000457763672,10.59000015258789,10.630000114440918,10.630000114440918,3117000.0,13.312090378896269,-20.147776856347697,0.7285713468279157
QDEL,2026-09-16,10.739999771118164,11.229999542236328,10.699999809265137,10.770000457763672,10.770000457763672,1667400.0,13.069986576883641,-17.597463513756484,0.7328570229666573
QDEL,2026-09-17,11.079999923706055,11.329999923706055,10.850000381469727,11.09000015258789,11.09000015258789,1388200.0,12.881416441236427,-13.90698217716022,0.7307141167776925
QDEL,2026-09-18,11.0,11.09000015258789,10.359999656677246,10.619999885559082,10.619999885559082,2978000.0,12.666043435933823,-16.153770202382802,0.7328570229666573
QDEL,2026-09-21,10.779999732971191,10.970000267028809,10.399999618530273,10.859999656677246,10.859999656677246,1069600.0,12.494039266480815,-13.078553500207047,0.7364285332815987
QDEL,2026-09-22,10.859999656677246,11.149999618530273,10.800000190734863,10.9399995803833,10.9399995803833,1154300.0,12.34603548685248,-11.38856200410645,0.6921428271702358
QDEL,2026-09-23,10.920000076293945,11.100000381469727,10.319999694824219,10.34000015258789,10.34000015258789,1114700.0,12.154984502636806,-14.932016981635698,0.7042857578822544
QDEL,2026-09-24,10.350000381469727,10.930000305175781,10.350000381469727,10.6899995803833,10.6899995803833,1440000.0,12.015462129088853,-11.03130728111299,0.6864286150251117
QDEL,2026-09-25,10.6899995803833,10.949999809265137,10.420000076293945,10.9399995803833,10.9399995803833,1379800.0,11.913037124450229,-8.167837755410613,0.6678571701049805
QDEL,2026-09-28,10.9399995803833,11.100000381469727,10.680000305175781,10.829999923706055,10.829999923706055,760000.0,11.809890724379356,-8.297204635860822,0.6385714667184013
QDEL,2026-09-29,10.890000343322754,10.949999809265137,10.5,10.600000381469727,10.600000381469727,895500.0,11.694663072673677,-9.360361084380386,0.6157142775399345
QDEL,2026-09-30,10.640000343322754,10.640000343322754,10.34000015258789,10.539999961853027,10.539999961853027,1376300.0,11.584695157357425,-9.017891116806066,0.5842857360839844
QDEL,2026-10-01,10.550000190734863,10.640000343322754,9.930000305175781,10.380000114440918,10.380000114440918,2768200.0,11.469962296127282,-9.5027529606996,0.5864286422729492
QDEL,2026-10-02,10.670000076293945,11.180000305175781,10.460000038146973,10.770000457763672,10.770000457763672,2417200.0,11.403299263902177,-5.553645409826702,0.5764286177498954
QDEL,2026-10-05,10.859999656677246,12.510000228881836,10.520000457763672,12.140000343322754,12.140000343322754,2693200.0,11.473461271466041,5.809398367991747,0.6700000081743512
QDEL,2026-10-06,12.260000228881836,13.09000015258789,12.149999618530273,12.569999694824219,12.569999694824219,3216800.0,11.577893502262059,8.568969755753276,0.6950000354221889
QDEL,2026-10-07,12.34000015258789,12.34000015258789,11.9399995803833,11.960000038146973,11.960000038146973,27196.0,11.614284600917765,2.976639966286765,0.7000000817435128
QXO,2026-08-26,13.829999923706055,14.34000015258789,13.800000190734863,14.020000457763672,14.020000457763672,10401700.0,14.020000457763672,0.0,
QXO,2026-08-27,14.130000114440918,14.15999984741211,13.829999923706055,13.859999656677246,13.859999656677246,8420100.0,14.004762286231632,-1.033667166894403,
QXO,2026-08-28,14.079999923706055,14.239999771118164,13.399999618530273,13.520000457763672,13.520000457763672,9239900.0,13.958594493044206,-3.142107434234098,0.5700000127156576
QXO,2026-08-31,13.40999984741211,13.539999961853027,13.210000038146973,13.279999732971191,13.279999732971191,13616600.0,13.8939664206563,-4.418944663435475,0.5099999904632568
QXO,2026-09-01,13.100000381469727,13.15999984741211,12.819999694824219,12.880000114440918,12.880000114440918,13777100.0,13.79739820101674,-6.649065810887578,0.5
QXO,2026-09-02,12.819999694824219,13.319999694824219,12.800000190734863,13.220000267028809,13.220000267028809,10468000.0,13.742407921589319,-3.801427359318943,0.5033332506815592
QXO,2026-09-03,13.380000114440918,13.6899995803833,13.300000190734863,13.460000038146973,13.460000038146973,13285200.0,13.715511932690047,-1.8629409955459142,0.4985712596348354
QXO,2026-09-04,13.300000190734863,13.630000114440918,13.260000228881836,13.350000381469727,13.350000381469727,12988900.0,13.680701308764302,-2.4172805167723244,0.4824998378753662
QXO,2026-09-08,13.4399995803833,13.5600004196167,13.0600004196167,13.25,13.25,14277100.0,13.639682136501037,-2.856973737373336,0.4844443003336589
QXO,2026-09-09,13.149999618530273,13.1899995803833,12.670000076293945,12.710000038146973,12.710000038146973,16864900.0,13.55114098427684,-6.20715958239848,0.49399986267089846
QXO,2026-09-10,12.5,12.5600004196167,12.239999771118164,12.289999961853027,12.289999961853027,17980400.0,13.431032315474573,-8.495492578831076,0.49181808124889026
QXO,2026-09-11,12.529999732971191,12.649999618530273,12.170000076293945,12.3100004196167,12.3100004196167,13095200.0,13.324267373011917,-7.612178028261418,0.49083320299784344
QXO,2026-09-14,12.010000228881836,12.319999694824219,11.970000267028809,12.109999656677246,12.109999656677246,12012600.0,13.208622828599092,-8.31746947564529,0.4799998356745793
QXO,2026-09-15,12.069999694824219,12.109999656677246,11.399999618530273,11.4399995803833,11.4399995803833,29805300.0,13.040182519245207,-12.271169797664205,0.4964284215654646
QXO,2026-09-16,11.600000381469727,11.6899995803833,11.140000343322754,11.270000457763672,11.270000457763672,18768500.0,12.871593751485062,-12.442851480894557,0.49714265550885883
QXO,2026-09-17,11.770000457763672,11.880000114440918,11.489999771118164,11.640000343322754,11.640000343322754,19013000.0,12.75429914118389,-8.736652524191179,0.5171426364353725
QXO,2026-09-18,11.5600004196167,11.710000038146973,11.380000114440918,11.380000114440918,11.380000114440918,27961000.0,12.623413519589322,-9.85005682669624,0.48071404865809847
QXO,2026-09-21,11.680000305175781,12.390000343322754,11.380000114440918,12.199999809265137,12.199999809265137,23183900.0,12.583088404320353,-3.0444719352339944,0.5292854990277972
QXO,2026-09-22,12.539999961853027,12.84000015258789,12.149999618530273,12.779999732971191,12.779999732971191,23761700.0,12.601841864191861,1.4137446787486407,0.5457141058785575
QXO,2026-09-23,12.699999809265137,12.770000457763672,12.229999542236328,12.279999732971191,12.279999732971191,20874100.0,12.571190232647036,-2.316331980400954,0.5478570120675224
QXO,2026-09-24,12.109999656677246,12.300000190734863,11.890000343322754,12.260000228881836,12.260000228881836,25514700.0,12.541553089431304,-2.244960082230407,0.5435713359287807
QXO,2026-09-25,12.239999771118164,12.5,12.020000457763672,12.430000305175781,12.430000305175781,16540200.0,12.530929014740302,-0.8054367672644003,0.5514284542628697
QXO,2026-09-28,12.119999885559082,12.210000038146973,11.819999694824219,12.119999885559082,12.119999885559082,23186300.0,12.491792907199233,-2.976298313638237,0.5592856407165527
QXO,2026-09-29,12.170000076293945,12.239999771118164,11.550000190734863,11.619999885559082,11.619999885559082,22363600.0,12.408765000376361,-6.356515856278655,0.5671427590506417
QXO,2026-09-30,11.84000015258789,11.979999542236328,11.640000343322754,11.6899995803833,11.6899995803833,25398400.0,12.340311150853212,-5.269815019412604,0.5592855725969587
QXO,2026-10-01,11.600000381469727,12.180000305175781,11.369999885559082,12.050000190734863,12.050000190734863,21869200.0,12.312662487984799,-2.133269692938078,0.5828570638384137
QXO,2026-10-02,12.449999809265137,12.489999771118164,11.949999809265137,12.0600004196167,12.0600004196167,16799400.0,12.288599433854504,-1.860252793398287,0.596428530556815
QXO,2026-10-05,11.989999771118164,12.149999618530273,11.770000457763672,11.880000114440918,11.880000114440918,15601100.0,12.24968521295797,-3.0179150899811824,0.5728570393153599
QXO,2026-10-06,12.149999618530273,12.59000015258789,12.069999694824219,12.109999656677246,12.109999656677246,23046400.0,12.236381826645522,-1.032839378165451,0.5842856679643903
QXO,2026-10-07,12.149999618530273,11.729999542236328,11.3100004196167,11.369999885559082,11.369999885559082,1441980.0,12.153869260827765,-6.449545889020825,0.5978570665631976
RCAT,2026-08-26,8.984999656677246,9.25,8.800000190734863,8.930000305175781,8.930000305175781,3939200.0,8.930000305175781,0.0,
RCAT,2026-08-27,9.104999542236328,9.430000305175781,8.949999809265137,9.279999732971191,9.279999732971191,5182900.0,8.96333358401344,3.532905988487811,
RCAT,2026-08-28,9.149999618530273,9.210000038146973,8.449999809265137,8.489999771118164,8.489999771118164,7173800.0,8.91825417326151,-4.80199816940996,0.5933332443237305
RCAT,2026-08-31,8.699999809265137,8.979999542236328,8.484999656677246,8.59000015258789,8.59000015258789,6147700.0,8.886991885578308,-3.3418701942596662,0.5687499046325684
RCAT,2026-09-01,8.399999618530273,8.5,8.199999809265137,8.25,8.25,4819200.0,8.826325991713707,-6.529625035997666,0.5329999923706055
RCAT,2026-09-02,8.100000381469727,8.329999923706055,8.050000190734863,8.319999694824219,8.319999694824219,5555300.0,8.778104439628994,-5.218720601416504,0.4908332824707031
RCAT,2026-09-03,8.710000038146973,8.75,8.380000114440918,8.539999961853027,8.539999961853027,6479400.0,8.755427822697948,-2.460506387665451,0.48214285714285715
RCAT,2026-09-04,8.5,8.649999618530273,8.239999771118164,8.369999885559082,8.369999885559082,5116200.0,8.718720400113295,-3.9996753944498753,0.47312498092651367
RCAT,2026-09-08,8.454999923706055,8.904999732971191,8.420000076293945,8.694999694824219,8.694999694824219,5497900.0,8.71646128532386,-0.2462190767229866,0.47999996609157985
RCAT,2026-09-09,8.579999923706055,8.664999961853027,8.109999656677246,8.130000114440918,8.130000114440918,5685100.0,8.660607840477866,-6.126679972241655,0.49049997329711914
RCAT,2026-09-10,8.100000381469727,8.569999694824219,8.074999809265137,8.079999923706055,8.079999923706055,5832400.0,8.60531184840436,-6.104507703526307,0.49090905623002484
RCAT,2026-09-11,8.114999771118164,8.199999809265137,7.929999828338623,7.960000038146973,7.960000038146973,5304300.0,8.5438535807608,-6.83360894583398,0.4724999666213989
RCAT,2026-09-14,7.659999847412109,8.0,7.639999866485596,7.800000190734863,7.800000190734863,6044000.0,8.47301040075833,-7.942988125722506,0.46384613330547625
RCAT,2026-09-15,7.78000020980835,8.149999618530273,7.619999885559082,7.965000152587891,7.965000152587891,6261400.0,8.424628472361144,-5.455769607896254,0.4685713904244559
RCAT,2026-09-16,7.940000057220459,7.949999809265137,6.96999979019165,7.09499979019165,7.09499979019165,19215100.0,8.297997169297382,-14.497442630576273,0.5075000013623919
RCAT,2026-09-17,7.394999980926514,7.409999847412109,7.019999980926514,7.09499979019165,7.09499979019165,11807100.0,8.183425990334932,-13.300373235229014,0.49964284896850586
RCAT,2026-09-18,7.179999828338623,7.230000019073486,6.699999809265137,6.75,6.75,25644400.0,8.046909229350653,-16.1168616718112,0.47821429797581266
RCAT,2026-09-21,6.900000095367432,7.139999866485596,6.820000171661377,6.949999809265137,6.949999809265137,11438400.0,7.942441665532985,-12.49542518611938,0.47071429661342074
RCAT,2026-09-22,7.019999980926514,7.019999980926514,6.809999942779541,6.940000057220459,6.940000057220459,10088300.0,7.8469710361698874,-11.558230236467415,0.4578571319580078
RCAT,2026-09-23,6.940000057220459,6.940000057220459,6.570000171661377,6.590000152587891,6.590000152587891,11791900.0,7.727259523447792,-14.717499359365016,0.4642857142857143
RCAT,2026-09-24,6.489999771118164,6.829999923706055,6.369999885559082,6.800000190734863,6.800000190734863,8490400.0,7.638949110808466,-10.982517462860963,0.4664285523550851
RCAT,2026-09-25,6.840000152587891,6.864999771118164,6.659999847412109,6.659999847412109,6.659999847412109,5977800.0,7.545715847627861,-11.737998330459176,0.45178570066179546
RCAT,2026-09-28,6.590000152587891,6.670000076293945,6.460000038146973,6.5,6.5,6283100.0,7.446123862139492,-12.706260057667684,0.42857142857142855
RCAT,2026-09-29,6.599999904632568,6.644999980926514,6.420000076293945,6.449999809265137,6.449999809265137,5376800.0,7.351254904722887,-12.259880892971486,0.4028571333203997
RCAT,2026-09-30,6.505000114440918,6.699999809265137,6.409999847412109,6.460000038146973,6.460000038146973,7710600.0,7.266373488858514,-11.097330077348067,0.3882142816271101
RCAT,2026-10-01,6.480000019073486,6.539999961853027,6.304999828338623,6.329999923706055,6.329999923706055,5687200.0,7.177195054082089,-11.803986431916535,0.3857142925262451
RCAT,2026-10-02,6.550000190734863,6.590000152587891,6.269999980926514,6.400000095367432,6.400000095367432,6068400.0,7.103176486585455,-9.899463888388404,0.382857152393886
RCAT,2026-10-05,6.510000228881836,6.550000190734863,6.300000190734863,6.34499979019165,6.34499979019165,5213800.0,7.030969182166997,-9.756398786602638,0.36285717146737234
RCAT,2026-10-06,6.385000228881836,6.480000019073486,6.300000190734863,6.340000152587891,6.340000152587891,4799700.0,6.965162607921368,-8.975561527055953,0.304642847606114
RCAT,2026-10-07,6.170000076293945,6.21999979019165,6.010000228881836,6.014999866485596,6.014999866485596,847713.0,6.874670918260818,-12.504904772848457,0.30035713740757536
RDW,2026-08-26,11.649999618530273,11.880000114440918,11.220000267028809,11.270000457763672,11.270000457763672,7870400.0,11.270000457763672,0.0,
RDW,2026-08-27,11.369999885559082,11.440999984741211,11.138999938964844,11.270000457763672,11.270000457763672,7847000.0,11.270000457763672,0.0,
RDW,2026-08-28,11.164999961853027,11.182000160217285,10.680000305175781,10.869999885559082,10.869999885559082,9783300.0,11.231905165172758,-3.2221183698723843,0.5173333485921224
RDW,2026-08-31,10.729999542236328,11.010000228881836,10.529999732971191,10.699999809265137,10.699999809265137,10851400.0,11.181247512229175,-4.3040609058845,0.5080001354217529
RDW,2026-09-01,10.420000076293945,10.619999885559082,10.1899995803833,10.260000228881836,10.260000228881836,8161700.0,11.093509675719904,-7.513487356146175,0.5084001541137695
RDW,2026-09-02,10.260000228881836,10.479999542236328,10.140000343322754,10.329999923706055,10.329999923706055,10330100.0,11.020794461242396,-6.2681010880450305,0.4803333282470703
RDW,2026-09-03,10.550000190734863,10.6850004196167,10.1850004196167,10.369999885559082,10.369999885559082,11882900.0,10.958814025463033,-5.372973193411523,0.4831428527832031
RDW,2026-09-04,10.579999923706055,10.720000267028809,10.350000381469727,10.529999732971191,10.529999732971191,8951300.0,10.91797456903524,-3.5535422216900314,0.468999981880188
RDW,2026-09-08,10.720000267028809,11.359999656677246,10.619999885559082,11.229999542236328,11.229999542236328,15297900.0,10.94769123314963,2.5787017835492865,0.5091110865275065
RDW,2026-09-09,11.390000343322754,11.49899959564209,10.6899995803833,10.699999809265137,10.699999809265137,12467200.0,10.92410157373206,-2.0514434340833554,0.5390999794006348
RDW,2026-09-10,10.5,11.345000267028809,10.430000305175781,10.869999885559082,10.869999885559082,13945300.0,10.9189490320013,-0.4482954018629304,0.573272705078125
RDW,2026-09-11,10.854999542236328,11.210000038146973,10.59000015258789,10.619999885559082,10.619999885559082,11989900.0,10.89047768472109,-2.483617404050853,0.5771666367848715
RDW,2026-09-14,10.270000457763672,10.9350004196167,10.210000038146973,10.489999771118164,10.489999771118164,9661400.0,10.85233693104462,-3.3387938674290574,0.5885384632990911
RDW,2026-09-15,10.329999923706055,10.9399995803833,10.281000137329102,10.75,10.75,10308900.0,10.842590556659419,-0.8539523481549405,0.593571390424456
RDW,2026-09-16,10.739999771118164,10.859999656677246,10.300000190734863,10.789999961853027,10.789999961853027,9584900.0,10.837581928582619,-0.4390459702463767,0.5864285060337612
RDW,2026-09-17,11.164999961853027,11.725000381469727,11.130000114440918,11.550000190734863,11.550000190734863,12976800.0,10.905431286882832,5.9105310637950215,0.6316428184509277
RDW,2026-09-18,11.720000267028809,11.75,10.635000228881836,10.739999771118164,10.739999771118164,31733200.0,10.889675904429055,-1.3744773914714403,0.6691427912030902
RDW,2026-09-21,11.039999961853027,11.699000358581543,11.0,11.600000381469727,11.600000381469727,14002000.0,10.957325854623404,5.865249745905365,0.7033570834568569
RDW,2026-09-22,11.6850004196167,11.899999618530273,11.4399995803833,11.760000228881836,11.760000228881836,12579000.0,11.033771033124207,6.5818766184057464,0.6997856412615094
RDW,2026-09-23,11.6899995803833,11.744999885559082,11.100000381469727,11.270000457763672,11.270000457763672,12628300.0,11.056269073566062,1.9331239387851973,0.7226428304399762
RDW,2026-09-24,11.170000076293945,11.854999542236328,11.010000228881836,11.600000381469727,11.600000381469727,14416400.0,11.108053007652124,4.428745284873137,0.7472856385367257
RDW,2026-09-25,11.800000190734863,12.069999694824219,11.545000076293945,11.619999885559082,11.619999885559082,13335800.0,11.156809853167072,4.15163508644476,0.758357048034668
RDW,2026-09-28,11.3100004196167,11.720000267028809,11.170000076293945,11.199999809265137,11.199999809265137,11867400.0,11.16092318231927,0.35012002419092525,0.7383570671081543
RDW,2026-09-29,11.449999809265137,11.619999885559082,10.649999618530273,10.729999542236328,10.729999542236328,13794300.0,11.119882835644702,-3.5061816672978474,0.7498570850917271
RDW,2026-09-30,10.859999656677246,11.350000381469727,10.4350004196167,10.4399995803833,10.4399995803833,11942000.0,11.05513204942933,-5.564225432094982,0.7498570850917271
RDW,2026-10-01,10.670000076293945,10.949999809265137,10.375,10.569999694824219,10.569999694824219,12586800.0,11.008928968038367,-3.98702975092734,0.7466427939278739
RDW,2026-10-02,10.829999923706055,11.359999656677246,10.585000038146973,10.880000114440918,10.880000114440918,15364000.0,10.996650029600515,-1.0607768260843198,0.7512856210981097
RDW,2026-10-05,10.899999618530273,10.979999542236328,10.239999771118164,10.430000305175781,10.430000305175781,18016600.0,10.942683389179113,-4.685167849325767,0.7570713588169643
RDW,2026-10-06,10.550000190734863,11.149999618530273,10.539999961853027,10.619999885559082,10.619999885559082,18880100.0,10.911951626929586,-2.6755226869774273,0.7684999193464007
RDW,2026-10-07,10.550000190734863,10.395000457763672,10.020000457763672,10.04010009765625,10.04010009765625,1576893.0,10.828918147951173,-7.284366171372037,0.7445712770734515
REZI,2026-08-26,20.010000228881836,20.09000015258789,19.59000015258789,19.8700008392334,19.8700008392334,1967700.0,19.8700008392334,0.0,
REZI,2026-08-27,19.889999389648438,20.040000915527344,19.549999237060547,19.979999542236328,19.979999542236328,1600900.0,19.88047690618606,0.5006048724077505,
REZI,2026-08-28,20.020000457763672,20.399999618530273,19.469999313354492,19.6299991607666,19.6299991607666,1782800.0,19.856621882812778,-1.1412954498687067,0.6400006612141927
REZI,2026-08-31,19.489999771118164,19.610000610351562,19.25,19.360000610351562,19.360000610351562,1971200.0,19.809324618768855,-2.2682449657651094,0.5750002861022949
REZI,2026-09-01,19.520000457763672,19.559999465942383,18.860000610351562,19.239999771118164,19.239999771118164,2405700.0,19.755103204706884,-2.607444913099677,0.6
REZI,2026-09-02,19.40999984741211,19.579999923706055,19.1299991607666,19.389999389648438,19.389999389648438,2226500.0,19.720331412796558,-1.675083527925736,0.5750001271565756
REZI,2026-09-03,19.5,19.649999618530273,19.040000915527344,19.530000686645508,19.530000686645508,1699500.0,19.70220467697265,-0.8740341152196462,0.5799999237060547
REZI,2026-09-04,19.530000686645508,20.040000915527344,19.43000030517578,19.8799991607666,19.8799991607666,1391600.0,19.719137484953027,0.8157642591432923,0.5837500095367432
REZI,2026-09-08,19.799999237060547,19.8700008392334,19.34000015258789,19.639999389648438,19.639999389648438,2171400.0,19.71160052349545,-0.36324363291385664,0.5788887871636285
REZI,2026-09-09,19.479999542236328,19.719999313354492,18.81999969482422,18.8799991607666,18.8799991607666,2210900.0,19.632400393711748,-3.832446455127003,0.610999870300293
REZI,2026-09-10,18.579999923706055,19.420000076293945,18.5,18.829999923706055,18.829999923706055,1992500.0,19.555981301330256,-3.7123239506003047,0.6390907981178977
REZI,2026-09-11,19.110000610351562,19.209999084472656,18.770000457763672,19.110000610351562,19.110000610351562,2019200.0,19.513506949808477,-2.067830967005524,0.6224997838338217
REZI,2026-09-14,19.100000381469727,19.56999969482422,18.899999618530273,19.43000030517578,19.43000030517578,2096200.0,19.505553936033934,-0.38734419491966987,0.6261536524846003
REZI,2026-09-15,19.15999984741211,19.299999237060547,18.559999465942383,18.709999084472656,18.709999084472656,2845700.0,19.429786807313814,-3.7045580066283224,0.643571308680943
REZI,2026-09-16,18.81999969482422,19.079999923706055,18.5,18.670000076293945,18.670000076293945,2493900.0,19.357426166264304,-3.5512267181904034,0.6492855889456612
REZI,2026-09-17,19.100000381469727,19.229999542236328,18.459999084472656,18.520000457763672,18.520000457763672,1655700.0,19.27767133688329,-3.9303029182264027,0.669285501752581
REZI,2026-09-18,18.360000610351562,18.639999389648438,18.18000030517578,18.3700008392334,18.3700008392334,7035900.0,19.1912265275833,-4.2791725019219795,0.6357139859880719
REZI,2026-09-21,18.670000076293945,19.219999313354492,18.479999542236328,18.809999465942383,18.809999465942383,2222900.0,19.154919188379402,-1.8006848217155147,0.6692853655133929
REZI,2026-09-22,19.15999984741211,19.15999984741211,18.700000762939453,18.8799991607666,18.8799991607666,1066500.0,19.128736328606756,-1.3003324608963918,0.6521425247192383
REZI,2026-09-23,18.75,18.93000030517578,18.450000762939453,18.68000030517578,18.68000030517578,1503900.0,19.085999564470473,-2.127209832124688,0.6542852946690151
REZI,2026-09-24,18.450000762939453,18.649999618530273,18.139999389648438,18.299999237060547,18.299999237060547,1453800.0,19.01114239043143,-3.7406650203662295,0.6492854527064732
REZI,2026-09-25,18.5,18.780000686645508,18.25,18.270000457763672,18.270000457763672,1334700.0,18.940557444463074,-3.540323396846101,0.643571172441755
REZI,2026-09-28,18.079999923706055,18.479999542236328,17.959999084472656,18.219999313354492,18.219999313354492,1275200.0,18.87193286054797,-3.4545139176303197,0.6421427045549665
REZI,2026-09-29,18.280000686645508,18.40999984741211,18.020000457763672,18.1200008392334,18.1200008392334,1482500.0,18.80032028708944,-3.6186588178672263,0.6057141167776925
REZI,2026-09-30,18.18000030517578,18.350000381469727,17.729999542236328,18.149999618530273,18.149999618530273,2010200.0,18.738384985321904,-3.140000417605482,0.5842855998447963
REZI,2026-10-01,18.15999984741211,18.40999984741211,17.510000228881836,18.170000076293945,18.170000076293945,2203200.0,18.684253089224004,-2.752333799345985,0.617142813546317
REZI,2026-10-02,18.610000610351562,18.84000015258789,18.34000015258789,18.350000381469727,18.350000381469727,1365000.0,18.652419498009312,-1.6213398833961556,0.617142813546317
REZI,2026-10-05,18.399999618530273,18.709999084472656,18.010000228881836,18.559999465942383,18.559999465942383,1788300.0,18.643617590193415,-0.4485080422107268,0.6049998147147042
REZI,2026-10-06,18.690000534057617,19.0,18.459999084472656,18.920000076293945,18.920000076293945,1157400.0,18.6699397317268,1.3393741391794833,0.6021427427019391
REZI,2026-10-07,18.690000534057617,18.31999969482422,17.559999465942383,17.829999923706055,17.829999923706055,66608.0,18.58994546429625,-4.087938515202971,0.6442856107439313
SECZ,2026-08-26,6.590000152587891,6.920000076293945,6.550000190734863,6.800000190734863,6.800000190734863,961300.0,6.800000190734863,0.0,
SECZ,2026-08-27,6.889999866485596,7.159999847412109,6.659999847412109,6.670000076293945,6.670000076293945,1590800.0,6.787619227454775,-1.7328483997022137,
SECZ,2026-08-28,6.670000076293945,6.75,6.139999866485596,6.289999961853027,6.289999961853027,1546500.0,6.740226916445085,-6.679700255989529,0.4933333396911621
SECZ,2026-08-31,6.420000076293945,6.579999923706055,6.179999828338623,6.460000038146973,6.460000038146973,1355100.0,6.713538642321455,-3.776527069885338,0.4700000286102295
SECZ,2026-09-01,6.329999923706055,6.519999980926514,6.21999979019165,6.25,6.25,644800.0,6.669392104957507,-6.288310813901066,0.43600006103515626
SECZ,2026-09-02,6.300000190734863,6.650000095367432,6.199999809265137,6.510000228881836,6.510000228881836,867700.0,6.654211926283633,-2.1672242934159036,0.4383334318796794
SECZ,2026-09-03,6.53000020980835,7.21999979019165,6.53000020980835,7.099999904632568,7.099999904632568,1642300.0,6.696667924221627,6.02287562971584,0.4771428789411272
SECZ,2026-09-04,6.900000095367432,7.570000171661377,6.900000095367432,7.420000076293945,7.420000076293945,1472100.0,6.7655567006094675,9.673163712093679,0.5012500286102295
SECZ,2026-09-08,7.5,8.3100004196167,7.400000095367432,8.25,8.25,3192200.0,6.906932252932375,19.445213850149145,0.5466667281256782
SECZ,2026-09-09,8.229999542236328,8.770000457763672,7.980000019073486,8.430000305175781,8.430000305175781,2533200.0,7.051986353146033,19.54079153053081,0.5710000991821289
SECZ,2026-09-10,8.359999656677246,8.420000076293945,7.849999904632568,8.039999961853027,8.039999961853027,1308200.0,7.146082887308604,12.509189840661005,0.571818308396773
SECZ,2026-09-11,8.149999618530273,8.40999984741211,8.020000457763672,8.270000457763672,8.270000457763672,855300.0,7.253122655923372,14.01986220389988,0.5566667318344116
SECZ,2026-09-14,8.020000457763672,8.5600004196167,7.840000152587891,8.210000038146973,8.210000038146973,1355300.0,7.344253835182762,11.788075717329383,0.5692308499262884
SECZ,2026-09-15,8.100000381469727,8.279999732971191,7.710000038146973,7.96999979019165,7.96999979019165,1167300.0,7.4038486880407515,7.646713567571806,0.5692857674189976
SECZ,2026-09-16,8.0,8.390000343322754,7.429999828338623,7.769999980926514,7.769999980926514,2605200.0,7.438720239744157,4.453450734877351,0.6114286695207868
SECZ,2026-09-17,8.34000015258789,9.640000343322754,8.210000038146973,8.930000305175781,8.930000305175781,5796900.0,7.580746912642407,17.79842287417912,0.7092858382633754
SECZ,2026-09-18,9.319999694824219,11.069999694824219,9.25,10.859999656677246,10.859999656677246,21287700.0,7.893056697788582,37.589277164573254,0.8185714994158063
SECZ,2026-09-21,11.670000076293945,13.930000305175781,11.140000343322754,13.5,13.5,7061400.0,8.427051297999192,60.198384020817116,1.0092858246394567
SECZ,2026-09-22,12.960000038146973,13.520000457763672,12.170000076293945,13.0,13.0,6307900.0,8.86257022199927,46.68431024366411,1.0842858382633753
SECZ,2026-09-23,12.800000190734863,14.869999885559082,12.729999542236328,14.359999656677246,14.359999656677246,9187600.0,9.38613493006384,52.991617568612746,1.2050001280648368
SECZ,2026-09-24,14.670000076293945,16.559999465942383,14.470000267028809,16.530000686645508,16.530000686645508,10522700.0,10.066503097357332,64.20797298502774,1.3114287172045027
SECZ,2026-09-25,16.209999084472656,16.219999313354492,14.829999923706055,15.960000038146973,15.960000038146973,6876400.0,10.627788520289679,50.172352485914494,1.385000194822039
SECZ,2026-09-28,16.0,17.010000228881836,15.569999694824219,16.6299991607666,16.6299991607666,4356800.0,11.199427628906529,48.48972386627488,1.4228573526654924
SECZ,2026-09-29,16.59000015258789,16.760000228881836,15.0,15.84000015258789,15.84000015258789,3634600.0,11.641386916876183,36.06626311530887,1.4921430519648962
SECZ,2026-09-30,15.760000228881836,15.850000381469727,14.279999732971191,14.59000015258789,14.59000015258789,3356100.0,11.922207225039203,22.37666966520886,1.5628573553902763
SECZ,2026-10-01,14.550000190734863,14.960000038146973,13.399999618530273,13.739999771118164,13.739999771118164,3152000.0,12.09533032466577,13.597557092743905,1.6464288575308663
SECZ,2026-10-02,14.0600004196167,14.630000114440918,12.510000228881836,12.989999771118164,12.989999771118164,4243200.0,12.180536938613617,6.645543103592266,1.7464288302830286
SECZ,2026-10-05,13.40999984741211,13.40999984741211,11.649999618530273,11.699999809265137,11.699999809265137,2952400.0,12.134771497723287,-3.582858470303474,1.8314288684300013
SECZ,2026-10-06,11.899999618530273,13.3100004196167,11.899999618530273,12.699999809265137,12.699999809265137,4429100.0,12.188602765489177,4.195698667150993,1.8778574466705322
SECZ,2026-10-07,11.899999618530273,12.25,11.800000190734863,11.843899726867676,11.843899726867676,263361.0,12.155773904668083,-2.565646418288847,1.8085716792515345
SEDG,2026-08-26,32.18000030517578,33.689998626708984,31.3799991607666,33.08000183105469,33.08000183105469,6561000.0,33.08000183105469,0.0,
SEDG,2026-08-27,33.78499984741211,34.172000885009766,32.52000045776367,33.5099983215332,33.5099983215332,2610100.0,33.12095387776693,1.1746172685788148,
SEDG,2026-08-28,32.900001525878906,33.11000061035156,30.940000534057617,31.40999984741211,31.40999984741211,3209300.0,32.958005874875994,-4.6969043981023635,2.177332560221354
SEDG,2026-08-31,31.149999618530273,32.43000030517578,31.1200008392334,32.20000076293945,32.20000076293945,2062200.0,32.88581491183442,-2.0854406397822656,1.9604992866516113
SEDG,2026-09-01,31.8700008392334,33.06999969482422,31.600000381469727,32.4900016784668,32.4900016784668,2535000.0,32.84811841341846,-1.0902199341968233,1.8623992919921875
SEDG,2026-09-02,32.41999816894531,34.470001220703125,32.41999816894531,33.97999954223633,33.97999954223633,2269500.0,32.955916616163016,3.1074326895555338,1.8936665852864583
SEDG,2026-09-03,33.685001373291016,34.40999984741211,33.04999923706055,33.79999923706055,33.79999923706055,1836400.0,33.03630543720088,2.3116804066101837,1.8174285888671875
SEDG,2026-09-04,33.86000061035156,34.65999984741211,33.5099983215332,34.20000076293945,34.20000076293945,1573000.0,33.1471335634617,3.1763446376501525,1.7340002059936523
SEDG,2026-09-08,35.040000915527344,37.400001525878906,34.95000076293945,36.43000030517578,36.43000030517578,4215300.0,33.45978753886304,8.876962422020407,1.896889156765408
SEDG,2026-09-09,37.0,37.709999084472656,34.83000183105469,35.209999084472656,35.209999084472656,2448100.0,33.626474352730625,4.7091607497455,1.995199966430664
SEDG,2026-09-10,35.56999969482422,37.540000915527344,29.90999984741211,36.75,36.75,9984800.0,33.9239529858039,8.330535699594655,2.507454612038352
SEDG,2026-09-11,36.779998779296875,37.540000915527344,34.54999923706055,34.68000030517578,34.68000030517578,4918500.0,33.995957492410746,2.012129862551282,2.547666867574056
SEDG,2026-09-14,33.63999938964844,37.22999954223633,33.25,35.33000183105469,35.33000183105469,3688000.0,34.123009334186364,3.537180689567987,2.6578463040865383
SEDG,2026-09-15,35.2400016784668,35.79999923706055,34.2400016784668,35.2599983215332,35.2599983215332,3779600.0,34.23129399964797,3.0051575669205244,2.5794285365513394
SEDG,2026-09-16,35.93000030517578,35.933998107910156,34.060001373291016,34.68000030517578,34.68000030517578,3097000.0,34.27402793350776,1.1844898196839093,2.548285484313965
SEDG,2026-09-17,35.29999923706055,36.77000045776367,34.7599983215332,36.0,36.0,1507800.0,34.438406225554644,4.534454249182396,2.579571178981236
SEDG,2026-09-18,36.540000915527344,36.75,33.52000045776367,34.68000030517578,34.68000030517578,3199000.0,34.46141518551856,0.6342894465607207,2.6267141614641463
SEDG,2026-09-21,34.720001220703125,36.130001068115234,33.5,35.61000061035156,35.61000061035156,2434900.0,34.57080427359789,3.005994099903875,2.7209999901907787
SEDG,2026-09-22,36.349998474121094,37.16999816894531,35.619998931884766,36.08000183105469,36.08000183105469,1934100.0,34.714537374308065,3.933408191569887,2.727428436279297
SEDG,2026-09-23,35.97999954223633,36.29499816894531,32.900001525878906,33.349998474121094,33.349998474121094,3294100.0,34.584581288575976,-3.5697492016845356,2.8234994070870534
SEDG,2026-09-24,32.220001220703125,32.790000915527344,31.450000762939453,31.90999984741211,31.90999984741211,3533400.0,34.32985924656037,-7.048847423954152,2.8620706285749162
SEDG,2026-09-25,31.90999984741211,33.249000549316406,31.90999984741211,32.68000030517578,32.68000030517578,1882000.0,34.17272982357136,-4.368189272856792,2.8755705697195872
SEDG,2026-09-28,32.58000183105469,32.58000183105469,31.3700008392334,31.530000686645508,31.530000686645508,1311700.0,33.92104133434033,-7.048842115805643,2.7405704770769392
SEDG,2026-09-29,32.0,32.029998779296875,30.7450008392334,31.520000457763672,31.520000457763672,2875400.0,33.692370774666365,-6.447662384554198,2.6266419546944753
SEDG,2026-09-30,32.0,33.33000183105469,31.600000381469727,31.8700008392334,31.8700008392334,2755000.0,33.51881173319656,-4.919061293363813,2.2109276907784596
SEDG,2026-10-01,31.760000228881836,31.760000228881836,29.600000381469727,30.8700008392334,30.8700008392334,3385200.0,33.26654402900959,-7.204064202420069,2.159499032156808
SEDG,2026-10-02,31.719999313354492,33.34000015258789,31.56999969482422,33.09000015258789,33.09000015258789,2524500.0,33.249730326493236,-0.48039539670513554,2.0516418729509627
SEDG,2026-10-05,33.20000076293945,34.65999984741211,31.84000015258789,34.380001068115234,34.380001068115234,3071600.0,33.35737515902866,3.0656666005981714,2.1416420255388533
SEDG,2026-10-06,34.040000915527344,35.08000183105469,33.70000076293945,34.040000915527344,34.040000915527344,2191400.0,33.42238713583806,1.8479044515256504,2.106356620788574
SEDG,2026-10-07,32.52000045776367,33.0,32.099998474121094,32.380001068115234,32.380001068115234,169399.0,33.32311227224541,-2.8302014422454946,2.0956424985613142
SHAZ,2026-08-26,59.189998626708984,61.86000061035156,58.61000061035156,59.59000015258789,59.59000015258789,753600.0,59.59000015258789,0.0,
SHAZ,2026-08-27,60.970001220703125,61.189998626708984,58.529998779296875,59.209999084472656,59.209999084472656,1043800.0,59.55380957467215,-0.5773106584699761,
SHAZ,2026-08-28,56.2400016784668,57.58000183105469,50.72999954223633,52.369998931884766,52.369998931884766,2590200.0,58.86963713250192,-11.040730871141557,4.7966664632161455
SHAZ,2026-08-31,50.959999084472656,55.060001373291016,50.959999084472656,54.86000061035156,54.86000061035156,2160700.0,58.487766987535224,-6.202607081848077,4.622500419616699
SHAZ,2026-09-01,52.540000915527344,53.33000183105469,49.630001068115234,52.63999938964844,52.63999938964844,1625700.0,57.930836740117435,-9.133024220251018,4.744000244140625
SHAZ,2026-09-02,52.5,55.400001525878906,50.5,54.290000915527344,54.290000915527344,876900.0,57.58409047110886,-5.7204855171485764,4.770000457763672
SHAZ,2026-09-03,54.27000045776367,55.83000183105469,51.0099983215332,54.970001220703125,54.970001220703125,1304100.0,57.33512959011784,-4.125094660677908,4.7771437508719305
SHAZ,2026-09-04,55.400001525878906,57.70000076293945,54.18000030517578,55.939998626708984,55.939998626708984,1246400.0,57.20225997455509,-2.206663422752164,4.620000839233398
SHAZ,2026-09-08,56.77000045776367,60.040000915527344,55.189998626708984,57.630001068115234,57.630001068115234,2782500.0,57.24299722156082,0.6760719482533428,4.6455565558539496
SHAZ,2026-09-09,56.290000915527344,59.459999084472656,56.27000045776367,56.75,56.75,1669900.0,57.19604510522169,-0.7798530552263094,4.500000762939453
SHAZ,2026-09-10,54.470001220703125,60.63999938964844,54.20000076293945,56.56999969482422,56.56999969482422,1440500.0,57.13642173280289,-0.9913502120022955,4.676364205100319
SHAZ,2026-09-11,57.279998779296875,60.7400016784668,57.279998779296875,59.40999984741211,59.40999984741211,1061300.0,57.35295298181329,3.5866450786781856,4.634167353312175
SHAZ,2026-09-14,54.90999984741211,55.380001068115234,51.599998474121094,51.90999984741211,51.90999984741211,1838000.0,56.8345764928227,-8.664754713237787,4.878462277925932
SHAZ,2026-09-15,52.0099983215332,52.34000015258789,48.810001373291016,49.9900016784668,49.9900016784668,1636000.0,56.1827122247888,-11.022448545283424,4.782143456595285
SHAZ,2026-09-16,50.650001525878906,55.060001373291016,50.650001525878906,52.209999084472656,52.209999084472656,1193300.0,55.80435859237774,-6.4410013815588085,4.912143434797015
SHAZ,2026-09-17,55.16999816894531,56.97999954223633,53.0,56.72999954223633,56.72999954223633,1419800.0,55.89251487331665,1.4983843021160848,5.06285776410784
SHAZ,2026-09-18,57.88999938964844,59.29999923706055,57.29999923706055,57.560001373291016,57.560001373291016,2163600.0,56.051323111409445,2.691601514709774,4.640714917864118
SHAZ,2026-09-21,57.04999923706055,60.709999084472656,54.529998779296875,59.93000030517578,59.93000030517578,1057900.0,56.420720939387195,6.219841411737015,4.789286204746792
SHAZ,2026-09-22,59.040000915527344,64.0,58.66999816894531,63.209999084472656,63.209999084472656,1268200.0,57.06731885796676,10.763919436611769,4.7964292253766745
SHAZ,2026-09-23,62.47999954223633,62.47999954223633,56.540000915527344,57.72999954223633,57.72999954223633,1608700.0,57.13043130408767,1.0494726268690968,4.922857557024274
SHAZ,2026-09-24,57.0,58.65999984741211,55.91999816894531,56.400001525878906,56.400001525878906,885700.0,57.060866563305886,-1.158175606558287,4.774285997663226
SHAZ,2026-09-25,56.779998779296875,57.0,53.20000076293945,54.68000030517578,54.68000030517578,1229600.0,56.83411739586492,-3.790183061496555,4.794285910470145
SHAZ,2026-09-28,54.0,55.0,51.91999816894531,52.90999984741211,52.90999984741211,1482900.0,56.460391915059894,-6.288288032058054,4.667857306344168
SHAZ,2026-09-29,54.52000045776367,55.58000183105469,52.54999923706055,54.16999816894531,54.16999816894531,1050300.0,56.242259177334695,-3.6845266152190637,4.6564290182931085
SHAZ,2026-09-30,54.45000076293945,55.130001068115234,52.900001525878906,54.599998474121094,54.599998474121094,1251200.0,56.08585339607625,-2.649250803874026,4.355714797973633
SHAZ,2026-10-01,54.79999923706055,55.0,48.630001068115234,49.849998474121094,49.849998474121094,2229600.0,55.491962451128146,-10.167173276627107,4.512857437133789
SHAZ,2026-10-02,51.86000061035156,53.599998474121094,50.41999816894531,50.810001373291016,50.810001373291016,1200000.0,55.04606139609604,-7.695482502051377,4.222857339041574
SHAZ,2026-10-05,50.43000030517578,50.5,46.5,47.70000076293945,47.70000076293945,1550800.0,54.34643657389065,-12.229754570779539,4.278571810041155
SHAZ,2026-10-06,48.45000076293945,49.77000045776367,47.66999816894531,48.119998931884766,48.119998931884766,1104100.0,53.75344251274723,-10.480154046927382,4.066429138183594
SHAZ,2026-10-07,46.02000045776367,46.25,44.77000045776367,45.037498474121094,45.037498474121094,98975.0,52.92335260430664,-14.900518848731892,3.965000425066267
SKYD,2026-08-26,10.630000114440918,10.770000457763672,10.4399995803833,10.739999771118164,10.690597534179688,7899700.0,10.739999771118164,0.0,
SKYD,2026-08-27,10.680000305175781,10.979999542236328,10.510000228881836,10.800000190734863,10.750322341918945,8432400.0,10.745714096795945,0.5051883332267693,
SKYD,2026-08-28,10.779999732971191,10.979999542236328,10.680000305175781,10.880000114440918,10.829954147338867,10029400.0,10.75850324133356,1.1293101873183664,0.3666664759318034
SKYD,2026-08-31,10.800000190734863,11.210000038146973,10.739999771118164,10.90999984741211,10.85981559753418,11109800.0,10.772931489531517,1.2723403839872915,0.3924999237060547
SKYD,2026-09-01,10.8100004196167,10.859999656677246,10.369999885559082,10.550000190734863,10.501472473144531,10431800.0,10.75169993726517,-1.875980056244131,0.4219999313354492
SKYD,2026-09-02,10.550000190734863,11.199999809265137,10.550000190734863,10.970000267028809,10.919540405273438,11984000.0,10.772490444861708,1.8334648164975542,0.45999987920125324
SKYD,2026-09-03,11.140000343322754,11.1899995803833,10.779999732971191,11.039999961853027,10.989217758178711,9272700.0,10.797967541718023,2.2414627493545503,0.45285701751708984
SKYD,2026-09-04,10.960000038146973,11.130000114440918,10.760000228881836,10.859999656677246,10.810046195983887,8468100.0,10.803875362190329,0.5194829874040519,0.44249987602233887
SKYD,2026-09-08,10.75,11.029999732971191,10.619999885559082,10.800000190734863,10.750322341918945,14293500.0,10.80350629824219,-0.03245342216255942,0.4388887617323134
SKYD,2026-09-09,10.779999732971191,10.8100004196167,10.1899995803833,10.220000267028809,10.172989845275879,13151100.0,10.747934295269488,-4.911958091082114,0.4569999694824219
SKYD,2026-09-10,10.1899995803833,10.550000190734863,10.170000076293945,10.380000114440918,10.332254409790039,13039800.0,10.712892944714385,-3.1074036863003696,0.449999982660467
SKYD,2026-09-11,10.449999809265137,10.630000114440918,10.40999984741211,10.600000381469727,10.55124282836914,8178000.0,10.702141272024416,-0.9543967693800504,0.4333333174387614
SKYD,2026-09-14,10.84000015258789,11.100000381469727,10.699999809265137,10.869999885559082,10.819999694824219,11123400.0,10.718127806646766,1.4169646196804386,0.4384615237896259
SKYD,2026-09-15,10.800000190734863,11.0600004196167,10.75,11.010000228881836,11.010000228881836,12310500.0,10.745925180192963,2.4574435822019236,0.42928573063441683
SKYD,2026-09-16,10.899999618530273,11.279999732971191,10.899999618530273,11.140000343322754,11.140000343322754,17221900.0,10.783456148110087,3.3064000104934266,0.4328571047101702
SKYD,2026-09-17,11.09000015258789,11.180000305175781,10.510000228881836,10.619999885559082,10.619999885559082,28630800.0,10.767888885009992,-1.3734261286517002,0.44714287349155973
SKYD,2026-09-18,10.59000015258789,10.619999885559082,10.119999885559082,10.210000038146973,10.210000038146973,78995500.0,10.714756613880182,-4.710854328499947,0.4614286422729492
SKYD,2026-09-21,10.649999618530273,11.489999771118164,9.84000015258789,9.90999984741211,9.90999984741211,66174600.0,10.638113112311794,-6.84438355949627,0.5457143102373395
SKYD,2026-09-22,10.260000228881836,10.729999542236328,9.880000114440918,10.109999656677246,10.109999656677246,46405300.0,10.58781659272755,-4.512893965111775,0.5678571292332241
SKYD,2026-09-23,10.100000381469727,10.260000228881836,9.770000457763672,9.960000038146973,9.960000038146973,33609800.0,10.528024539910353,-5.395356931493412,0.5564285687037877
SKYD,2026-09-24,9.979999542236328,10.300000190734863,9.960000038146973,10.180000305175781,10.180000305175781,15319100.0,10.494879374697538,-3.0003114688569865,0.5514285905020577
SKYD,2026-09-25,10.210000038146973,10.260000228881836,9.930000305175781,9.960000038146973,9.960000038146973,16846700.0,10.443938485502247,-4.633677688039373,0.5485714503696987
SKYD,2026-09-28,9.899999618530273,10.399999618530273,9.789999961853027,10.279999732971191,10.279999732971191,24192600.0,10.428325270975481,-1.4223332524649468,0.5628571510314941
SKYD,2026-09-29,10.199999809265137,10.3100004196167,9.890000343322754,9.989999771118164,9.989999771118164,19006400.0,10.386579985274786,-3.818198239640569,0.5485713822501046
SKYD,2026-09-30,10.119999885559082,10.420000076293945,10.0600004196167,10.329999923706055,10.329999923706055,31994500.0,10.381191407982527,-0.4931176226758427,0.552142824445452
SKYD,2026-10-01,10.109999656677246,10.260000228881836,9.329999923706055,9.34000015258789,9.34000015258789,44268000.0,10.282030336040181,-9.161908228867233,0.6057142530168805
SKYD,2026-10-02,9.350000381469727,9.670000076293945,8.970000267028809,9.5,9.5,37388700.0,10.207551256417307,-6.9316453931346445,0.6199999536786761
SKYD,2026-10-05,9.260000228881836,9.869999885559082,9.15999984741211,9.779999732971191,9.779999732971191,31682600.0,10.166832063708155,-3.804846271807838,0.648571355002267
SKYD,2026-10-06,9.84000015258789,9.84000015258789,9.130000114440918,9.529999732971191,9.529999732971191,25309100.0,10.10618136554273,-5.701279362905987,0.672142778124128
SKYD,2026-10-07,9.84000015258789,9.495200157165527,9.229999542236328,9.255000114440918,9.255000114440918,870062.0,10.025116484485414,-7.681869544721065,0.6457142148699079
SMCI,2026-08-26,38.029998779296875,38.27000045776367,37.22999954223633,37.38999938964844,37.38999938964844,33723200.0,37.38999938964844,0.0,
SMCI,2026-08-27,38.689998626708984,39.470001220703125,37.47999954223633,38.459999084472656,38.459999084472656,41662100.0,37.49190412248884,2.582144024536537,
SMCI,2026-08-28,38.02000045776367,38.970001220703125,36.869998931884766,37.08000183105469,37.08000183105469,29132900.0,37.45267533282844,-0.9950517512085311,1.7400016784667969
SMCI,2026-08-31,36.540000915527344,37.59000015258789,36.119998931884766,37.279998779296875,37.279998779296875,22915000.0,37.436229946777814,-0.4173261241931958,1.672501564025879
SMCI,2026-09-01,36.43000030517578,37.150001525878906,35.720001220703125,36.709999084472656,36.709999084472656,26862900.0,37.367065102748754,-1.758409488327095,1.650000762939453
SMCI,2026-09-02,37.650001525878906,37.880001068115234,35.630001068115234,37.0,37.0,33258800.0,37.33210652153459,-0.8896002730063413,1.7500006357828777
SMCI,2026-09-03,36.5,38.220001220703125,35.75,37.869998931884766,37.869998931884766,34436400.0,37.38333437013937,1.301822242304107,1.8528578622000558
SMCI,2026-09-04,38.15999984741211,40.90999984741211,37.91999816894531,39.59000015258789,39.59000015258789,53633200.0,37.59349301608685,5.310778478729561,2.001250743865967
SMCI,2026-09-08,39.66999816894531,41.529998779296875,39.66999816894531,40.2599983215332,40.2599983215332,42400700.0,37.84744590231983,6.374412755460179,1.9944449530707464
SMCI,2026-09-09,40.0099983215332,40.18000030517578,38.84000015258789,38.93000030517578,38.93000030517578,31197000.0,37.95054632163945,2.5808692587327764,1.9370002746582031
SMCI,2026-09-10,37.90999984741211,39.2599983215332,37.369998931884766,37.380001068115234,37.380001068115234,26771400.0,37.89620867844667,-1.3621616207349696,1.9327274669300427
SMCI,2026-09-11,37.7599983215332,40.45000076293945,37.560001373291016,40.099998474121094,40.099998474121094,46492700.0,38.10609342089185,5.232509749047298,2.0275001525878906
SMCI,2026-09-14,37.43000030517578,38.099998474121094,36.380001068115234,36.7400016784668,36.7400016784668,39892500.0,37.9759894454228,-3.2546558628374966,2.1576922490046573
SMCI,2026-09-15,36.7400016784668,37.54999923706055,35.56999969482422,35.63999938964844,35.63999938964844,26725900.0,37.753514202015715,-5.598193590821898,2.1449999128069197
SMCI,2026-09-16,35.95000076293945,37.119998931884766,35.36000061035156,36.849998474121094,36.849998474121094,31390500.0,37.66746508507337,-2.1702193367830636,2.1964282989501953
SMCI,2026-09-17,38.040000915527344,41.0099983215332,37.81999969482422,40.349998474121094,40.349998474121094,62517100.0,37.92294445545887,6.399961958420297,2.3449995858328685
SMCI,2026-09-18,40.20000076293945,40.40999984741211,38.31999969482422,39.09000015258789,39.09000015258789,48079300.0,38.0340926170902,2.7762132940256645,2.344285147530692
SMCI,2026-09-21,40.630001068115234,41.720001220703125,40.0,41.20000076293945,41.20000076293945,48218400.0,38.33560767859966,7.471886472635214,2.4271422794886996
SMCI,2026-09-22,41.2599983215332,41.7400016784668,40.45000076293945,41.540000915527344,41.540000915527344,30249800.0,38.640787986878486,7.502986040640169,2.4078568049839566
SMCI,2026-09-23,42.27000045776367,42.70000076293945,40.790000915527344,41.439998626708984,41.439998626708984,40871500.0,38.90737947638615,6.509354226387698,2.383571079799107
SMCI,2026-09-24,40.439998626708984,42.279998779296875,39.849998474121094,41.5099983215332,41.5099983215332,34885600.0,39.15524793782872,6.0138819384910835,2.380713871547154
SMCI,2026-09-25,42.0,43.7599983215332,41.900001525878906,43.2599983215332,43.2599983215332,49323200.0,39.54617654580058,9.39110199801856,2.324285234723772
SMCI,2026-09-28,42.75,43.060001373291016,40.959999084472656,41.779998779296875,41.779998779296875,29494500.0,39.75892152041927,5.08333018499918,2.349999564034598
SMCI,2026-09-29,42.599998474121094,42.689998626708984,40.86000061035156,41.02000045776367,41.02000045776367,25272900.0,39.87902427635684,2.8610935250070524,2.3792852674211775
SMCI,2026-09-30,42.16999816894531,42.68000030517578,40.470001220703125,41.06999969482422,41.06999969482422,31947800.0,39.992450506687064,2.6943815007209437,2.4021423884800504
SMCI,2026-10-01,40.88999938964844,42.02000045776367,40.130001068115234,41.91999816894531,41.91999816894531,26504300.0,40.17602647452118,4.340826725435698,2.317856652396066
SMCI,2026-10-02,42.779998779296875,44.59000015258789,42.279998779296875,43.689998626708984,43.689998626708984,44497400.0,40.51069048901525,7.848071951663771,2.242856979370117
SMCI,2026-10-05,43.56999969482422,44.04999923706055,42.79999923706055,43.189998626708984,43.189998626708984,22119800.0,40.76586269260513,5.94648505879305,2.1907141549246654
SMCI,2026-10-06,43.869998931884766,44.7400016784668,43.02000045776367,43.459999084472656,43.459999084472656,27759700.0,41.022447110878225,5.941995529925492,2.187857219151088
SMCI,2026-10-07,42.52000045776367,44.189998626708984,42.459999084472656,44.0,44.0,3480293.0,41.30602357650887,6.521994106988349,2.0142857687813893
SMR,2026-08-26,9.850000381469727,10.255000114440918,9.0600004196167,9.270000457763672,9.270000457763672,51877000.0,9.270000457763672,0.0,
SMR,2026-08-27,9.5,9.800000190734863,9.239999771118164,9.739999771118164,9.739999771118164,37931500.0,9.314762297130766,4.565199415967758,
SMR,2026-08-28,9.619999885559082,9.835000038146973,9.15999984741211,9.289999961853027,9.289999961853027,37801200.0,9.312403979485268,-0.2405825357404523,0.8100001017252604
SMR,2026-08-31,9.170000076293945,9.449999809265137,9.130000114440918,9.270000457763672,9.270000457763672,23206700.0,9.308365548845115,-0.41215711695168356,0.6875
SMR,2026-09-01,8.899999618530273,9.3100004196167,8.779999732971191,9.210000038146973,9.210000038146973,17599100.0,9.298997404969102,-0.9570641107456535,0.6560001373291016
SMR,2026-09-02,9.135000228881836,9.649999618530273,9.125,9.5600004196167,9.5600004196167,27545000.0,9.32385483493554,2.5327033599487736,0.6341667175292969
SMR,2026-09-03,9.699999809265137,10.074999809265137,9.600000381469727,9.75,9.75,28750500.0,9.364440088751204,4.117276714834661,0.617142813546317
SMR,2026-09-04,9.6899995803833,9.779999732971191,9.430000305175781,9.699999809265137,9.699999809265137,18799100.0,9.396398157371578,3.231042861411515,0.5837498903274536
SMR,2026-09-08,9.970000267028809,11.369999885559082,9.895000457763672,11.180000305175781,11.180000305175781,53956300.0,9.566265028591026,16.869021209027025,0.7044443554348416
SMR,2026-09-09,11.010000228881836,11.260000228881836,10.75,10.8100004196167,10.8100004196167,22753400.0,9.68471601821252,11.619178087287585,0.684999942779541
SMR,2026-09-10,10.489999771118164,10.6850004196167,10.100000381469727,10.210000038146973,10.210000038146973,23109000.0,9.734743067730086,4.8820699951735325,0.6872726787220348
SMR,2026-09-11,9.65999984741211,9.770000457763672,8.569999694824219,8.609999656677246,8.609999656677246,92557900.0,9.627624647629816,-10.56984488072138,0.7666666507720947
SMR,2026-09-14,8.3100004196167,8.800000190734863,8.234999656677246,8.510000228881836,8.510000228881836,37099600.0,9.521184226796676,-10.620359545915903,0.7511538725632888
SMR,2026-09-15,8.364999771118164,8.675000190734863,8.239999771118164,8.430000305175781,8.430000305175781,34847100.0,9.417261948547067,-10.483531718299544,0.7285714830671038
SMR,2026-09-16,8.5649995803833,8.604999542236328,8.045000076293945,8.300000190734863,8.300000190734863,42278900.0,9.310856066850667,-10.856744738163682,0.6832143238612584
SMR,2026-09-17,8.545000076293945,9.255000114440918,8.545000076293945,9.039999961853027,9.039999961853027,49346300.0,9.285060247327081,-2.6392966652488914,0.7114285741533551
SMR,2026-09-18,9.069999694824219,9.210000038146973,8.229999542236328,8.270000457763672,8.270000457763672,64383600.0,9.18838788641628,-9.995087712941597,0.7332143102373395
SMR,2026-09-21,8.505000114440918,8.9399995803833,8.470000267028809,8.789999961853027,8.789999961853027,35547100.0,9.150446179315018,-3.9391108411390374,0.7582142693655831
SMR,2026-09-22,8.829999923706055,9.020000457763672,8.630000114440918,8.890000343322754,8.890000343322754,32939900.0,9.125641813982421,-2.582190660810446,0.7482142448425293
SMR,2026-09-23,8.819999694824219,8.899999618530273,8.479999542236328,8.680000305175781,8.680000305175781,38534400.0,9.083199765524645,-4.438958415064375,0.7407142775399345
SMR,2026-09-24,8.520000457763672,8.609999656677246,8.3100004196167,8.470000267028809,8.470000267028809,33525900.0,9.024799813286947,-6.147499753305585,0.7303571701049805
SMR,2026-09-25,8.53499984741211,8.680000305175781,8.270000457763672,8.420000076293945,8.420000076293945,29275200.0,8.967199838335233,-6.102236728370669,0.7346429143633161
SMR,2026-09-28,8.210000038146973,8.279999732971191,7.894999980926514,7.909999847412109,7.909999847412109,32945500.0,8.866514124913984,-10.787940604686664,0.6528572014399937
SMR,2026-09-29,8.119999885559082,8.15999984741211,7.75,7.760000228881836,7.760000228881836,29745600.0,8.761131849101398,-11.426966714606001,0.6457143170492989
SMR,2026-09-30,7.860000133514404,8.180000305175781,7.75,7.900000095367432,7.900000095367432,29505700.0,8.679119301126734,-8.976938543270819,0.6257143361227853
SMR,2026-10-01,7.920000076293945,8.079999923706055,7.78000020980835,7.789999961853027,7.789999961853027,30539500.0,8.594441268814952,-9.360018665562952,0.5300000054495675
SMR,2026-10-02,8.03499984741211,8.045000076293945,7.605000019073486,7.75,7.75,25993200.0,8.514018290832576,-8.973651039195307,0.5210713999611991
SMR,2026-10-05,7.75,7.869999885559082,7.630000114440918,7.679999828338623,7.679999828338623,17955900.0,8.434587961071248,-8.946354418441416,0.5071427822113037
SMR,2026-10-06,7.989999771118164,8.369999885559082,7.914999961853027,8.020000457763672,8.020000457763672,44380500.0,8.395103436946718,-4.468116229899244,0.5164285387311663
SMR,2026-10-07,7.989999771118164,7.820000171661377,7.539999961853027,7.565000057220459,7.565000057220459,2853688.0,8.316045972210883,-9.031286232665604,0.4825000081743513
SSRM,2026-08-26,38.40999984741211,38.810001373291016,38.0099983215332,38.09000015258789,38.09000015258789,1939400.0,38.09000015258789,0.0,
SSRM,2026-08-27,37.86000061035156,39.040000915527344,37.77000045776367,39.0099983215332,39.0099983215332,1682700.0,38.17761902582078,2.180280795272904,
SSRM,2026-08-28,39.2599983215332,39.38999938964844,36.86000061035156,37.290000915527344,37.290000915527344,2129300.0,38.0930839676976,-2.1082122225946853,1.5333340962727864
SSRM,2026-08-31,37.16999816894531,37.68000030517578,36.540000915527344,37.61000061035156,37.61000061035156,2876100.0,38.04707602890274,-1.1487753177646165,1.4350004196166992
SSRM,2026-09-01,36.11000061035156,37.849998474121094,35.689998626708984,35.83000183105469,35.83000183105469,3989600.0,37.835926105298164,-5.301639158140192,1.5800003051757812
SSRM,2026-09-02,36.970001220703125,37.90999984741211,36.86000061035156,37.75,37.75,2170400.0,37.82774266669834,-0.20551759427818173,1.663333257039388
SSRM,2026-09-03,39.439998626708984,39.439998626708984,38.290000915527344,38.88999938964844,38.88999938964844,2314300.0,37.92890997364597,2.5339231121333405,1.667142595563616
SSRM,2026-09-04,37.65999984741211,38.33000183105469,37.150001525878906,37.150001525878906,37.150001525878906,2533900.0,37.85472821671577,-1.8616609444462306,1.6762495040893555
SSRM,2026-09-08,37.040000915527344,37.40999984741211,36.77000045776367,36.939998626708984,36.939998626708984,1837900.0,37.767611112905605,-2.1913286591584757,1.561110602484809
SSRM,2026-09-09,37.689998626708984,38.25,36.869998931884766,37.599998474121094,37.599998474121094,1783000.0,37.75164800444994,-0.40170307349488565,1.5429996490478515
SSRM,2026-09-10,36.040000915527344,36.72999954223633,35.75,36.209999084472656,36.209999084472656,1745900.0,37.604824297785434,-3.7091656173352194,1.570908633145419
SSRM,2026-09-11,36.79999923706055,37.41999816894531,35.959999084472656,36.2400016784668,36.2400016784668,1614500.0,37.474841191183664,-3.295116065781689,1.5616661707560222
SSRM,2026-09-14,34.90999984741211,35.310001373291016,34.36000061035156,34.810001373291016,34.810001373291016,2579200.0,37.22104692281294,-6.477640337526836,1.5861534705528846
SSRM,2026-09-15,35.11000061035156,35.29999923706055,34.150001525878906,35.2400016784668,35.2400016784668,1584700.0,37.03237594716093,-4.840019639170745,1.554999487740653
SSRM,2026-09-16,35.83000183105469,36.18000030517578,34.5099983215332,35.220001220703125,35.220001220703125,3147700.0,36.85976883035543,-4.448664931131885,1.6171422685895647
SSRM,2026-09-17,36.81999969482422,36.939998626708984,35.88999938964844,36.150001525878906,36.150001525878906,1623900.0,36.79217194421481,-1.7453995901888453,1.649284907749721
SSRM,2026-09-18,36.41999816894531,36.45000076293945,35.75,36.33000183105469,36.33000183105469,4773100.0,36.748155742961465,-1.1378908776581764,1.5185707637241908
SSRM,2026-09-21,36.65999984741211,36.65999984741211,35.81999969482422,36.61000061035156,36.61000061035156,2474800.0,36.73499811128433,-0.3402681566883392,1.4971422467912947
SSRM,2026-09-22,36.52000045776367,38.66999816894531,36.2400016784668,38.29999923706055,38.29999923706055,3119800.0,36.88404583754873,3.8389318941533856,1.516427721296038
SSRM,2026-09-23,37.099998474121094,37.31999969482422,36.15999984741211,36.29999923706055,36.29999923706055,3196500.0,36.82842235178796,-1.434824195508222,1.5207135336739677
SSRM,2026-09-24,35.70000076293945,35.93000030517578,34.84000015258789,35.81999969482422,35.81999969482422,1915600.0,36.73238209874379,-2.4838639690366704,1.5042849949428014
SSRM,2026-09-25,35.790000915527344,35.880001068115234,34.75,35.68000030517578,35.68000030517578,1745700.0,36.632155261261126,-2.5992326940486032,1.4607137952532088
SSRM,2026-09-28,33.63999938964844,34.599998474121094,33.45000076293945,33.84000015258789,33.84000015258789,2093500.0,36.36623572710177,-6.946651265946702,1.5742852347237724
SSRM,2026-09-29,33.9900016784668,34.369998931884766,33.47999954223633,33.939998626708984,33.939998626708984,1696300.0,36.13516552706436,-6.074877113019584,1.539285114833287
SSRM,2026-09-30,34.43000030517578,34.439998626708984,33.150001525878906,33.31999969482422,33.31999969482422,2232800.0,35.86705449542244,-7.101377117330021,1.4992850167410714
SSRM,2026-10-01,33.29999923706055,34.02000045776367,32.849998474121094,33.41999816894531,33.41999816894531,2369200.0,35.63400151194842,-6.213176317738922,1.4785709381103516
SSRM,2026-10-02,34.0,34.209999084472656,33.09000015258789,33.27000045776367,33.27000045776367,2079400.0,35.40885855440702,-6.040460449627072,1.4242850712367467
SSRM,2026-10-05,33.470001220703125,34.13999938964844,32.88999938964844,33.90999984741211,33.90999984741211,2085500.0,35.266110106121786,-3.845363876619534,1.4314280918666296
SSRM,2026-10-06,34.18000030517578,34.7400016784668,33.31999969482422,34.279998779296875,34.279998779296875,2381600.0,35.17219474166227,-2.5366513773693145,1.4135709490094865
SSRM,2026-10-07,32.849998474121094,32.94499969482422,32.424800872802734,32.4547004699707,32.4547004699707,77746.0,34.91338576340593,-7.042242508637663,1.4232281276157923
SVM,2026-08-26,12.680000305175781,13.21500015258789,12.479999542236328,13.069999694824219,13.069999694824219,2911800.0,13.069999694824219,0.0,
SVM,2026-08-27,13.0,13.470000267028809,12.960000038146973,13.460000038146973,13.460000038146973,1854400.0,13.10714258466448,2.6921005185015723,
SVM,2026-08-28,13.600000381469727,13.664999961853027,12.51200008392334,12.770000457763672,12.770000457763672,3227900.0,13.075033810673927,-2.3329450411152197,0.7993335723876953
SVM,2026-08-31,12.670000076293945,12.680999755859375,12.289999961853027,12.4399995803833,12.4399995803833,1768600.0,13.014554360170058,-4.414709592709021,0.7195003032684326
SVM,2026-09-01,11.960000038146973,12.539999961853027,11.819999694824219,11.899999618530273,11.899999618530273,3186600.0,12.908406289537698,-7.812015274300288,0.7196002960205078
SVM,2026-09-02,12.210000038146973,12.819999694824219,12.194999694824219,12.779999732971191,12.779999732971191,1956500.0,12.89617709367422,-0.9008666666032061,0.7530002593994141
SVM,2026-09-03,13.239999771118164,13.300000190734863,12.704999923706055,13.109999656677246,13.109999656677246,1726700.0,12.916541147293556,1.4977578531093494,0.730428831917899
SVM,2026-09-04,12.6899995803833,12.930000305175781,12.430000305175781,12.479999542236328,12.479999542236328,1962000.0,12.874965756335724,-3.0677069094730225,0.7241251468658447
SVM,2026-09-08,12.449999809265137,12.640000343322754,12.369999885559082,12.430000305175781,12.430000305175781,1299500.0,12.832588094320492,-3.1372298883565852,0.6736668480767144
SVM,2026-09-09,12.760000228881836,12.875,12.4399995803833,12.550000190734863,12.550000190734863,1659700.0,12.805674960645671,-1.9965739462898036,0.6508001327514649
SVM,2026-09-10,12.100000381469727,12.395000457763672,11.920000076293945,12.119999885559082,12.119999885559082,2185300.0,12.740372572542187,-4.8693449383114595,0.6489092219959606
SVM,2026-09-11,12.270000457763672,12.489999771118164,11.779999732971191,11.90999984741211,11.90999984741211,1485700.0,12.66128945586313,-5.933752727713825,0.6540001233418783
SVM,2026-09-14,11.420000076293945,11.550000190734863,11.145000457763672,11.4399995803833,11.4399995803833,1762600.0,12.544976134388861,-8.808120016877098,0.6625385284423828
SVM,2026-09-15,11.430000305175781,11.529999732971191,11.154999732971191,11.399999618530273,11.399999618530273,1563900.0,12.435930751926138,-8.330145560157732,0.6420000621250698
SVM,2026-09-16,11.680000305175781,11.680000305175781,10.960000038146973,11.180000305175781,11.180000305175781,1918500.0,12.316318328426105,-9.226117683461442,0.6409286090305873
SVM,2026-09-17,11.75,12.270000457763672,11.710000038146973,12.149999618530273,12.149999618530273,2009700.0,12.300478451293168,-1.223357557665361,0.6823571750095913
SVM,2026-09-18,12.300000190734863,12.329999923706055,11.760000228881836,11.9399995803833,11.9399995803833,2263500.0,12.266147130254133,-2.6589241626361892,0.640714304787772
SVM,2026-09-21,11.960000038146973,12.029999732971191,11.664999961853027,11.829999923706055,11.829999923706055,1345800.0,12.224609301059079,-3.2279917307364348,0.6324999673025948
SVM,2026-09-22,11.850000381469727,12.40999984741211,11.78499984741211,12.34000015258789,12.34000015258789,1597600.0,12.235598905966585,0.8532581643420523,0.6257142339433942
SVM,2026-09-23,11.8100004196167,11.880000114440918,11.41100025177002,11.510000228881836,11.510000228881836,1867300.0,12.16649427005375,-5.3959178922049045,0.6263570785522461
SVM,2026-09-24,11.300000190734863,11.399999618530273,11.140000343322754,11.34000015258789,11.34000015258789,2601000.0,12.087780544580811,-6.186250562996576,0.6102856227329799
SVM,2026-09-25,11.350000381469727,11.399999618530273,11.0600004196167,11.34000015258789,11.34000015258789,1852600.0,12.01656336439101,-5.630255433995346,0.5859998975481305
SVM,2026-09-28,10.84000015258789,10.979999542236328,10.630000114440918,10.760000228881836,10.760000228881836,1689600.0,11.896890684818707,-9.556198220663036,0.6174284390040806
SVM,2026-09-29,10.65999984741211,10.84000015258789,10.545000076293945,10.829999923706055,10.829999923706055,1708300.0,11.795282040903217,-8.183628961561029,0.6067141805376325
SVM,2026-09-30,10.930000305175781,10.989999771118164,10.630999565124512,10.670000076293945,10.670000076293945,1485400.0,11.688112329988048,-8.71066451921363,0.5873570442199707
SVM,2026-10-01,10.640000343322754,10.8100004196167,10.559000015258789,10.630000114440918,10.630000114440918,1738300.0,11.587339738031178,-8.261944891873195,0.5545713560921806
SVM,2026-10-02,10.8100004196167,10.84000015258789,10.430000305175781,10.579999923706055,10.579999923706055,1462300.0,11.491402612857357,-7.93117010913501,0.5292142459324428
SVM,2026-10-05,10.640000343322754,10.670000076293945,10.359999656677246,10.550000190734863,10.550000190734863,1340400.0,11.401745239321881,-7.470304157029872,0.524571418762207
SVM,2026-10-06,10.609999656677246,10.619999885559082,10.34000015258789,10.510000228881836,10.510000228881836,2598700.0,11.316817143089496,-7.129362470085809,0.4931428091866629
SVM,2026-10-07,10.609999656677246,10.100000381469727,9.880000114440918,9.90999984741211,9.90999984741211,310906.0,11.182834543501174,-11.382039957201762,0.46028566360473633
TSLA,2026-08-26,345.2699890136719,351.92999267578125,342.5299987792969,345.82000732421875,345.82000732421875,28573000.0,345.82000732421875,0.0,
TSLA,2026-08-27,346.1600036621094,355.739990234375,345.45001220703125,354.80999755859375,354.80999755859375,30136200.0,346.6761968703497,2.346224160087318,
TSLA,2026-08-28,357.1000061035156,358.79998779296875,345.20001220703125,348.75,348.75,32972200.0,346.87370193031643,0.5409167830372263,11.096649169921875
TSLA,2026-08-31,347.2099914550781,368.9200134277344,347.1499938964844,367.95001220703125,367.95001220703125,61732300.0,348.8809695757178,5.465773227615056,13.764991760253906
TSLA,2026-09-01,360.8999938964844,362.70001220703125,352.9599914550781,356.0899963378906,356.0899963378906,36193900.0,349.5675435530676,1.8658633803721125,14.00999755859375
TSLA,2026-09-02,360.4100036621094,360.6199951171875,349.9200134277344,357.010009765625,357.010009765625,33951900.0,350.27634985902546,1.922384970983515,13.458328247070312
TSLA,2026-09-03,365.82000732421875,384.0400085449219,365.82000732421875,376.3699951171875,376.3699951171875,63601000.0,352.76145893123135,6.6924930681156125,15.397138323102679
TSLA,2026-09-04,362.07000732421875,364.69000244140625,351.32000732421875,354.0799865722656,354.0799865722656,65018200.0,352.88703299228223,0.33805537422779697,16.603744506835938
TSLA,2026-09-08,357.1000061035156,370.0,355.75,368.1600036621094,368.1600036621094,51078800.0,354.34160162750385,3.8997402425052785,16.527774386935764
TSLA,2026-09-09,368.25,375.44000244140625,366.0,367.80999755859375,367.80999755859375,32564300.0,355.6243060018934,3.426563187904108,15.818997192382813
TSLA,2026-09-10,360.6000061035156,369.2099914550781,357.67999267578125,363.55999755859375,363.55999755859375,29667200.0,356.3800861501506,2.0146780607202874,15.429088245738637
TSLA,2026-09-11,364.20001220703125,368.6600036621094,361.6000061035156,365.44000244140625,365.44000244140625,30153000.0,357.24293532074637,2.294535821485244,14.731664021809896
TSLA,2026-09-14,359.7799987792969,367.7300109863281,357.0400085449219,358.9700012207031,358.9700012207031,32477200.0,357.4074177874089,0.4371994971362536,14.420766977163462
TSLA,2026-09-15,358.75,362.3900146484375,354.04998779296875,356.5799865722656,356.5799865722656,30317700.0,357.3286148145381,-0.20950693877708204,13.986428397042411
TSLA,2026-09-16,357.92999267578125,365.1000061035156,354.8900146484375,358.0799865722656,358.0799865722656,32177400.0,357.40017402955976,0.19021046773459727,14.044285365513392
TSLA,2026-09-17,367.4800109863281,374.1199951171875,363.2200012207031,366.20001220703125,366.20001220703125,38924100.0,358.2382538559856,2.2224757588971356,14.455001831054688
TSLA,2026-09-18,369.0,370.8999938964844,360.75,364.2699890136719,364.2699890136719,51922300.0,358.8127048233843,1.5209283609324054,14.208574567522321
TSLA,2026-09-21,371.6400146484375,378.3599853515625,371.07000732421875,375.29998779296875,375.29998779296875,36599600.0,360.38292224905905,4.139226534602702,13.660001482282366
TSLA,2026-09-22,379.07000732421875,380.4200134277344,372.8800048828125,378.8999938964844,378.8999938964844,28229900.0,362.1464528821472,4.626178409592008,13.127857753208705
TSLA,2026-09-23,380.1000061035156,386.70001220703125,377.5799865722656,380.1199951171875,380.1199951171875,33522500.0,363.8582188092939,4.4692617803465895,13.015003749302455
TSLA,2026-09-24,377.3500061035156,383.3299865722656,375.70001220703125,377.94000244140625,377.94000244140625,26165700.0,365.19934105997123,3.488686848244571,11.629287719726562
TSLA,2026-09-25,384.6199951171875,386.8299865722656,367.6700134277344,372.1099853515625,372.1099853515625,45999500.0,365.8574976591704,1.7089953690704096,11.208572387695312
TSLA,2026-09-28,368.05999755859375,369.42999267578125,356.79998779296875,357.45001220703125,357.45001220703125,39452900.0,365.05678475896667,-2.0837230999439904,11.164999825613839
TSLA,2026-09-29,358.3999938964844,358.739990234375,351.6700134277344,352.8399963378906,352.8399963378906,32492400.0,363.8932810998166,-3.037507240727,10.995712280273438
TSLA,2026-09-30,352.1099853515625,355.2200012207031,345.8800048828125,354.80999755859375,354.80999755859375,39235800.0,363.028206476843,-2.263793493625821,10.839283534458705
TSLA,2026-10-01,356.80999755859375,359.7900085449219,353.79998779296875,354.1099853515625,354.1099853515625,31080800.0,362.1788520839592,-2.227867995596333,10.762856619698661
TSLA,2026-10-02,360.0799865722656,374.6000061035156,359.4100036621094,370.5899963378906,370.5899963378906,55330100.0,362.97991344147647,2.096557582005465,11.462857927594866
TSLA,2026-10-05,369.0,381.5899963378906,364.9100036621094,378.7300109863281,378.7300109863281,42232700.0,364.47992273146235,3.9097045862152457,12.058569771902901
TSLA,2026-10-06,381.9800109863281,383.3299865722656,378.5199890136719,380.67999267578125,380.67999267578125,27671400.0,366.0227865356832,4.004451820834687,11.672855922154017
TSLA,2026-10-07,378.3500061035156,382.34991455078125,377.80999755859375,379.3800048828125,379.3800048828125,2295431.0,367.2949025687431,3.290299492192794,10.85142081124442
TWST,2026-08-26,148.0,154.0,147.0,150.05999755859375,150.05999755859375,1210500.0,150.05999755859375,0.0,
TWST,2026-08-27,149.22999572753906,155.44000244140625,148.44000244140625,153.10000610351562,153.10000610351562,1252200.0,150.34952218191967,1.8293931910657646,
TWST,2026-08-28,150.0500030517578,153.11000061035156,140.99000549316406,141.3800048828125,141.3800048828125,1377800.0,149.49528243914756,-5.428450599863178,8.7066650390625
TWST,2026-08-31,139.99000549316406,140.60000610351562,135.0,139.0,139.0,1892100.0,148.49573173065733,-6.394615939453907,8.125
TWST,2026-09-01,134.94000244140625,138.14999389648438,131.0,132.05999755859375,132.05999755859375,1275200.0,146.93042371427032,-10.120726381756363,8.1
TWST,2026-09-02,131.42999267578125,140.8000030517578,126.41999816894531,131.0,131.0,1900100.0,145.41324050338744,-9.911917548561666,9.14666748046875
TWST,2026-09-03,132.85000610351562,133.9499969482422,127.41999816894531,128.7100067138672,128.7100067138672,1065600.0,143.82245633295693,-10.50771208086141,8.772857666015625
TWST,2026-09-04,125.19000244140625,128.1300048828125,123.75,124.72000122070312,124.72000122070312,900800.0,142.00317489369465,-12.17097694183945,8.29625129699707
TWST,2026-09-08,121.37999725341797,131.60000610351562,120.70999908447266,128.05999755859375,128.05999755859375,1805500.0,140.67525324273268,-8.967643841643936,8.584446377224392
TWST,2026-09-09,126.51000213623047,130.99000549316406,122.5199966430664,125.5199966430664,125.5199966430664,1835000.0,139.2318954713359,-9.848245462615568,8.57300262451172
TWST,2026-09-10,121.66000366210938,129.27999877929688,120.19000244140625,126.8499984741211,126.8499984741211,1285000.0,138.05266718588686,-8.11477890295409,8.62000205300071
TWST,2026-09-11,127.91999816894531,130.0,125.87999725341797,127.22000122070312,127.22000122070312,1108600.0,137.0209847130122,-7.152906916292457,8.245002110799154
TWST,2026-09-14,126.04000091552734,136.86000061035156,121.91999816894531,134.75,134.75,1806100.0,136.8047004546301,-1.501922410415668,8.760002136230469
TWST,2026-09-15,134.0399932861328,138.92999267578125,131.5399932861328,138.10000610351562,138.10000610351562,1287900.0,136.92806289738112,0.855882411053166,8.662144797188896
TWST,2026-09-16,142.27999877929688,148.5,137.0800018310547,143.07000732421875,143.07000732421875,2406600.0,137.51300998565137,4.041070251569079,8.97785895211356
TWST,2026-09-17,151.42999267578125,163.6999969482422,150.0,155.55999755859375,155.55999755859375,3369400.0,139.23177070688396,11.727371395774732,9.951429639543806
TWST,2026-09-18,158.0399932861328,167.0500030517578,156.16000366210938,166.99000549316406,166.99000549316406,3071500.0,141.8754121151011,17.701864617448937,9.90643038068499
TWST,2026-09-21,168.39999389648438,170.22999572753906,160.6199951171875,165.8300018310547,165.8300018310547,2239300.0,144.1568016118586,15.034462458144038,10.137144361223493
TWST,2026-09-22,165.8300018310547,170.66000366210938,162.86000061035156,164.60000610351562,164.60000610351562,2313700.0,146.1037734682069,12.659654296563128,10.12285886492048
TWST,2026-09-23,164.35000610351562,166.35000610351562,157.41000366210938,158.5,158.5,2133700.0,147.28436647123482,7.614951808857207,9.73428726196289
TWST,2026-09-24,157.72000122070312,185.22000122070312,156.8300018310547,184.02999877929688,184.02999877929688,3529400.0,150.78395050057406,22.048797745616987,11.295715876988002
TWST,2026-09-25,184.02999877929688,186.1999969482422,177.38999938964844,182.8300018310547,182.8300018310547,2706200.0,153.83595538919127,18.847379579442958,11.5707152230399
TWST,2026-09-28,181.82000732421875,187.8699951171875,175.02000427246094,179.60000610351562,179.60000610351562,2196800.0,156.2896745048412,14.91482509802806,11.710714067731585
TWST,2026-09-29,179.89999389648438,190.75999450683594,179.72999572753906,186.1300048828125,186.1300048828125,3680200.0,159.13161073131465,16.966078598351665,11.902855464390345
TWST,2026-09-30,188.75,197.19000244140625,187.0500030517578,193.24000549316406,193.24000549316406,3251000.0,162.38002928006222,19.004785471418174,12.043569837297712
TWST,2026-10-01,193.10000610351562,200.30999755859375,187.60000610351562,188.0500030517578,188.0500030517578,3115500.0,164.82478868689037,14.090850381120301,12.657140459333148
TWST,2026-10-02,188.75999450683594,198.10000610351562,183.38999938964844,188.6699981689453,188.6699981689453,2081400.0,167.09576101851465,12.911301291503241,12.640712193080358
TWST,2026-10-05,193.4600067138672,207.89999389648438,189.25,205.0,205.0,3205000.0,170.70568854056086,20.089729728772674,13.486426217215401
TWST,2026-10-06,209.5500030517578,219.7100067138672,164.49000549316406,166.97000122070312,166.97000122070312,8535700.0,170.34990879581252,-1.98409708522983,16.61499786376953
TWST,2026-10-07,158.25999450683594,161.0,154.6199951171875,157.31500244140625,157.31500244140625,565902.0,169.10848914301195,-6.973917608377523,16.023570469447545
TXG,2026-08-26,63.689998626708984,65.26000213623047,62.41999816894531,64.26000213623047,64.26000213623047,3077700.0,64.26000213623047,0.0,
TXG,2026-08-27,64.0999984741211,65.73999786376953,63.0,64.8499984741211,64.8499984741211,2332300.0,64.31619226364862,0.8299717251361249,
TXG,2026-08-28,63.880001068115234,65.0,60.81999969482422,61.540000915527344,61.540000915527344,2361100.0,64.05179308763707,-3.921501727005572,3.2533340454101562
TXG,2026-08-31,60.529998779296875,62.63999938964844,58.70000076293945,62.45000076293945,62.45000076293945,2655500.0,63.899241437665864,-2.2680092002972496,3.4250001907348633
TXG,2026-09-01,61.790000915527344,62.33000183105469,59.755001068115234,59.97999954223633,59.97999954223633,1960500.0,63.52598030476781,-5.581937886703258,3.279000091552734
TXG,2026-09-02,60.2400016784668,63.4900016784668,59.40999984741211,61.650001525878906,61.650001525878906,1604500.0,63.34731565915935,-2.679378148259437,3.4125003814697266
TXG,2026-09-03,62.349998474121094,63.88999938964844,60.349998474121094,63.220001220703125,63.220001220703125,2172700.0,63.33519047454447,-0.1818724361263957,3.4307147434779575
TXG,2026-09-04,62.540000915527344,63.47999954223633,60.9900016784668,62.650001525878906,62.650001525878906,1469800.0,63.269934384195366,-0.9798221925631068,3.3131251335144043
TXG,2026-09-08,61.36000061035156,66.02999877929688,61.36000061035156,65.5999984741211,65.5999984741211,3378900.0,63.49184524990258,3.3203527412392297,3.4638888041178384
TXG,2026-09-09,64.01000213623047,67.62000274658203,63.5,67.29000091552734,67.29000091552734,2764600.0,63.853574360914465,5.381729353457088,3.529500198364258
TXG,2026-09-10,65.16999816894531,67.69999694824219,64.0250015258789,66.37999725341797,66.37999725341797,2435200.0,64.09418606496241,3.5663315642058047,3.5427270369096235
TXG,2026-09-11,67.4000015258789,69.66999816894531,67.0,68.58999633789062,68.58999633789062,1827400.0,64.52235847190796,6.3042299790601275,3.5216665267944336
TXG,2026-09-14,67.04000091552734,70.45999908447266,64.7300033569336,70.11000061035156,70.11000061035156,3361600.0,65.05451486604545,7.771152785807289,3.69153800377479
TXG,2026-09-15,70.12999725341797,75.61000061035156,70.11000061035156,74.38999938964844,74.38999938964844,2904700.0,65.94360863019811,12.808505532077286,3.820713860648019
TXG,2026-09-16,74.5,77.87000274658203,71.44000244140625,72.68000030517578,72.68000030517578,4078600.0,66.58516974210075,9.153435497246122,4.077142170497349
TXG,2026-09-17,75.37999725341797,79.94000244140625,75.0,76.97000122070312,76.97000122070312,3142400.0,67.57420131149145,13.904418738004164,4.399999618530273
TXG,2026-09-18,77.63999938964844,78.08300018310547,75.20999908447266,76.5999984741211,76.5999984741211,2885000.0,68.4338010412657,11.932988243530662,4.306642532348633
TXG,2026-09-21,79.1500015258789,80.11000061035156,76.7300033569336,79.0999984741211,79.0999984741211,2446100.0,69.44962936820431,13.895494034608834,4.275928497314453
TXG,2026-09-22,79.41500091552734,82.68000030517578,77.5,80.69999694824219,80.69999694824219,3886400.0,70.52109294725554,14.433843231272236,4.453428540910993
TXG,2026-09-23,80.37000274658203,81.93000030517578,74.75,75.62000274658203,75.62000274658203,3474100.0,71.00670340433425,6.496991299509047,4.674857003348214
TXG,2026-09-24,75.5,85.93000030517578,74.5999984741211,84.11000061035156,84.11000061035156,4089200.0,72.254636471574,16.407755567965012,5.231285640171596
TXG,2026-09-25,83.76000213623047,86.16000366210938,80.72000122070312,85.70999908447266,85.70999908447266,3391300.0,73.53609957756436,16.554997581925758,5.442000252859933
TXG,2026-09-28,86.0,89.94999694824219,84.27400207519531,88.5,88.5,3368900.0,74.96123295112966,18.06102503369551,5.513857160295759
TXG,2026-09-29,89.23999786376953,91.98999786376953,87.29000091552734,90.04000091552734,90.04000091552734,3452600.0,76.3973060905961,17.857560067305233,5.555285317557199
TXG,2026-09-30,92.30000305175781,95.16000366210938,90.2300033569336,90.36000061035156,90.36000061035156,3747300.0,77.727086521049,16.252910863809976,5.658500126429966
TXG,2026-10-01,89.30000305175781,92.91999816894531,86.75,88.76000213623047,88.76000213623047,3248900.0,78.77784038916153,12.671281286408952,5.864214215959821
TXG,2026-10-02,90.04000091552734,94.55999755859375,88.13999938964844,93.5,93.5,3142600.0,80.17995082828901,16.61269311605942,5.913500104631696
TXG,2026-10-05,93.5,98.31999969482422,92.26000213623047,97.73999786376953,97.73999786376953,3097400.0,81.85233626023953,19.410150436045125,5.953499930245536
TXG,2026-10-06,100.33000183105469,102.80999755859375,79.9000015258789,80.66000366210938,80.66000366210938,9046800.0,81.73878077470332,-1.319786155811864,7.130642482212612
TXG,2026-10-07,76.62000274658203,77.0,73.37999725341797,74.41999816894531,74.41999816894531,759536.0,81.04175385986922,-8.170795146380595,7.132071358816964
UEC,2026-08-26,13.430000305175781,13.800000190734863,12.949999809265137,13.130000114440918,13.130000114440918,8578800.0,13.130000114440918,0.0,
UEC,2026-08-27,13.300000190734863,13.699999809265137,13.0600004196167,13.619999885559082,13.619999885559082,8711100.0,13.176666759309313,3.3645316706256923,
UEC,2026-08-28,13.609999656677246,13.670000076293945,12.399999618530273,12.399999618530273,12.399999618530273,10143700.0,13.102698460187499,-5.363008572565208,0.9200000762939453
UEC,2026-08-31,12.3100004196167,12.399999618530273,12.0600004196167,12.239999771118164,12.239999771118164,9647000.0,13.020536680276134,-5.994660038401866,0.7749998569488525
UEC,2026-09-01,11.600000381469727,12.050000190734863,11.40999984741211,11.59000015258789,11.59000015258789,9341200.0,12.884295106210587,-10.04552397281564,0.785999870300293
UEC,2026-09-02,11.630000114440918,11.930000305175781,11.420000076293945,11.619999885559082,11.619999885559082,8737100.0,12.76388603757711,-8.961895684828324,0.7399999300638834
UEC,2026-09-03,11.75,11.920000076293945,11.34000015258789,11.510000228881836,11.510000228881836,7857700.0,12.644468341510894,-8.97205071805731,0.7171427862984794
UEC,2026-09-04,11.399999618530273,11.720000267028809,11.399999618530273,11.539999961853027,11.539999961853027,4992900.0,12.539280876781575,-7.969204332753021,0.6675000190734863
UEC,2026-09-08,11.600000381469727,12.260000228881836,11.479999542236328,11.890000343322754,11.890000343322754,7918800.0,12.477444635499783,-4.708049679544812,0.6800000932481554
UEC,2026-09-09,11.819999694824219,11.949999809265137,11.550000190734863,11.600000381469727,11.600000381469727,6537600.0,12.393878516068348,-6.4054051648915085,0.6520000457763672
UEC,2026-09-10,11.380000114440918,11.430000305175781,10.949999809265137,11.020000457763672,11.020000457763672,9344300.0,12.263032986705998,-10.136420005473868,0.6518182754516602
UEC,2026-09-11,11.25,11.380000114440918,10.40999984741211,10.449999809265137,10.449999809265137,8171900.0,12.090363160283058,-13.5675275363649,0.6783334414164225
UEC,2026-09-14,10.100000381469727,10.3100004196167,9.760000228881836,10.260000228881836,10.260000228881836,9646500.0,11.916042881101989,-13.897588895442137,0.679230836721567
UEC,2026-09-15,10.229999542236328,10.40999984741211,10.029999732971191,10.180000305175781,10.180000305175781,7475500.0,11.750705492918541,-13.366901150652888,0.6578572137015206
UEC,2026-09-16,10.300000190734863,10.390000343322754,9.850000381469727,10.079999923706055,10.079999923706055,9079600.0,11.591590676803065,-13.040408303253715,0.6357143265860421
UEC,2026-09-17,10.40999984741211,10.40999984741211,10.109999656677246,10.119999885559082,10.119999885559082,6546400.0,11.451439172875068,-11.62682932001905,0.6135715075901577
UEC,2026-09-18,10.319999694824219,10.369999885559082,9.600000381469727,9.8100004196167,9.8100004196167,17692700.0,11.295111672564747,-13.148265338140108,0.5778571537562779
UEC,2026-09-21,10.119999885559082,10.350000381469727,9.989999771118164,10.079999923706055,10.079999923706055,8191300.0,11.179386744102015,-9.834053025994216,0.5921429225376674
UEC,2026-09-22,10.239999771118164,10.430000305175781,9.899999618530273,10.329999923706055,10.329999923706055,8137900.0,11.098492761207162,-6.924299128141431,0.5707144056047712
UEC,2026-09-23,10.170000076293945,10.1899995803833,9.869999885559082,9.949999809265137,9.949999809265137,6061600.0,10.989112480069826,-9.455837973168935,0.5671429634094238
UEC,2026-09-24,9.850000381469727,9.869999885559082,9.329999923706055,9.470000267028809,9.470000267028809,12807500.0,10.844435126446873,-12.674102831471235,0.5700001035417829
UEC,2026-09-25,9.510000228881836,9.680000305175781,9.390000343322754,9.40999984741211,9.40999984741211,6726400.0,10.707822242729277,-12.12032069544675,0.567857197352818
UEC,2026-09-28,9.300000190734863,9.319999694824219,9.010000228881836,9.210000038146973,9.210000038146973,9323200.0,10.565172508959533,-12.826789810231109,0.5407142639160156
UEC,2026-09-29,9.90999984741211,9.9399995803833,8.979999542236328,9.289999961853027,9.289999961853027,16818800.0,10.443727504473198,-11.047085842923543,0.580714293888637
UEC,2026-09-30,9.470000267028809,9.880000114440918,9.1899995803833,9.449999809265137,9.449999809265137,15241300.0,10.34908677159624,-8.687597100825428,0.5835714340209961
UEC,2026-10-01,9.390000343322754,9.520000457763672,9.109999656677246,9.359999656677246,9.359999656677246,9645800.0,10.254887998746812,-8.726456516920756,0.5435714721679688
UEC,2026-10-02,9.670000076293945,9.739999771118164,9.229999542236328,9.300000190734863,9.300000190734863,8793000.0,10.163946302745673,-8.500105040671302,0.5307143756321498
UEC,2026-10-05,9.380000114440918,9.649999618530273,9.289999961853027,9.350000381469727,9.350000381469727,10615700.0,10.086427643576535,-7.301170326401896,0.5292857715061733
UEC,2026-10-06,9.670000076293945,10.390000343322754,9.59000015258789,10.109999656677246,10.109999656677246,16220100.0,10.088672597205173,0.21139609068077103,0.565000057220459
UEC,2026-10-07,9.670000076293945,9.795000076293945,9.449999809265137,9.45989990234375,9.45989990234375,756423.0,10.028789483408847,-5.672564789661216,0.58857148034232
UMAC,2026-08-26,24.0,24.579999923706055,23.25,23.889999389648438,23.889999389648438,2230100.0,23.889999389648438,0.0,
UMAC,2026-08-27,24.399999618530273,26.829999923706055,23.989999771118164,26.299999237060547,26.299999237060547,3061900.0,24.119523184640066,9.04029501631718,
UMAC,2026-08-28,25.81999969482422,26.020000457763672,22.920000076293945,23.979999542236328,23.979999542236328,5969800.0,24.106235218696852,-0.5236640035878204,2.5499998728434243
UMAC,2026-08-31,23.700000762939453,24.329999923706055,23.299999237060547,23.670000076293945,23.670000076293945,2192000.0,24.064689014658484,-1.6401165131372464,2.1700000762939453
UMAC,2026-09-01,22.950000762939453,23.399999618530273,22.520999908447266,22.649999618530273,22.649999618530273,2204900.0,23.9299566912177,-5.348764685216379,1.9658000946044922
UMAC,2026-09-02,22.600000381469727,23.899999618530273,22.290000915527344,23.549999237060547,23.549999237060547,2611600.0,23.893770267012258,-1.4387475317209408,1.9064998626708984
UMAC,2026-09-03,24.100000381469727,24.738000869750977,23.610000610351562,24.510000228881836,24.510000228881836,2609300.0,23.95245883480936,2.3277000408084225,1.8038572583879744
UMAC,2026-09-04,25.170000076293945,25.520000457763672,23.700000762939453,23.760000228881836,23.760000228881836,2770500.0,23.93412944376864,-0.7275351931888996,1.8058750629425049
UMAC,2026-09-08,24.0,26.1200008392334,23.760000228881836,25.979999542236328,25.979999542236328,3314300.0,24.128974215051276,7.671380103802394,1.867444568210178
UMAC,2026-09-09,25.850000381469727,26.200000762939453,24.229999542236328,24.31999969482422,24.31999969482422,2252900.0,24.14716711788679,0.7157468041433468,1.8777002334594726
UMAC,2026-09-10,23.850000381469727,25.469999313354492,23.399999618530273,23.530000686645508,23.530000686645508,2835100.0,24.088389362530478,-2.318082240706154,1.8951820026744495
UMAC,2026-09-11,23.56999969482422,23.989999771118164,22.8700008392334,22.950000762939453,22.950000762939453,2744500.0,23.979971400664667,-4.295128716027852,1.8305834134419758
UMAC,2026-09-14,22.3700008392334,23.15999984741211,22.049999237060547,22.65999984741211,22.65999984741211,1886700.0,23.854259824164423,-5.0064851542470645,1.7751539670504057
UMAC,2026-09-15,22.899999618530273,23.399999618530273,22.100000381469727,23.030000686645508,23.030000686645508,2000500.0,23.775758953924527,-3.1366328567018043,1.7412143434797014
UMAC,2026-09-16,23.049999237060547,23.142000198364258,21.329999923706055,22.010000228881836,22.010000228881836,2935000.0,23.607591456301414,-6.767277510612557,1.7756429399762834
UMAC,2026-09-17,22.68000030517578,24.440000534057617,22.54400062561035,23.8799991607666,23.8799991607666,2795900.0,23.63353504720286,1.0428575880480295,1.7392143521990096
UMAC,2026-09-18,24.25,24.357999801635742,22.770000457763672,23.18000030517578,23.18000030517578,2530900.0,23.5903412622479,-1.7394447689860093,1.6112143652779716
UMAC,2026-09-21,24.270000457763672,24.790000915527344,23.760000228881836,24.25,24.25,2243200.0,23.65316590393858,2.523273622166755,1.6526429312569755
UMAC,2026-09-22,24.030000686645508,24.170000076293945,23.180999755859375,24.030000686645508,24.030000686645508,1976200.0,23.689054930863048,1.4392543593550577,1.6469286509922572
UMAC,2026-09-23,23.81999969482422,24.68000030517578,22.6200008392334,22.690000534057617,22.690000534057617,2067200.0,23.593906893072056,-3.831100813913335,1.6790715626307897
UMAC,2026-09-24,22.450000762939453,24.25,22.1200008392334,23.93000030517578,23.93000030517578,2212100.0,23.625915789462887,1.2870803334045444,1.7463571003505163
UMAC,2026-09-25,24.1200008392334,25.040000915527344,23.700000762939453,24.049999237060547,24.049999237060547,2326900.0,23.666304689234096,1.6212693653056665,1.712071418762207
UMAC,2026-09-28,23.600000381469727,24.6299991607666,23.34000015258789,23.959999084472656,23.959999084472656,1967200.0,23.694275584018722,1.1214670797243365,1.6356427328927177
UMAC,2026-09-29,24.1200008392334,25.020000457763672,23.700000762939453,24.940000534057617,24.940000534057617,2559600.0,23.812916055450998,4.733080467684347,1.5892140524727958
UMAC,2026-09-30,24.940000534057617,25.780000686645508,24.47100067138672,24.479999542236328,24.479999542236328,2296000.0,23.87644781609722,2.5278120547404193,1.5348569325038366
UMAC,2026-10-01,24.700000762939453,24.799999237060547,21.549999237060547,21.780000686645508,21.780000686645508,5464700.0,23.676786184720868,-8.011161157080505,1.6869998659406389
UMAC,2026-10-02,22.229999542236328,23.360000610351562,21.780000686645508,22.3700008392334,22.3700008392334,3203400.0,23.552330437531587,-5.020011083124487,1.7205712454659599
UMAC,2026-10-05,22.309999465942383,22.700000762939453,21.610000610351562,21.829999923706055,21.829999923706055,2166200.0,23.388298960024393,-6.66272925184429,1.7055713108607702
UMAC,2026-10-06,22.18000030517578,22.93000030517578,22.0,22.360000610351562,22.360000610351562,2158400.0,23.290365783865077,-3.994635301769478,1.6547141756330217
UMAC,2026-10-07,22.18000030517578,21.780000686645508,20.770299911499023,20.80500030517578,20.80500030517578,414155.0,23.053664309704192,-9.754041588876007,1.5946927751813615
UUUU,2026-08-26,16.110000610351562,16.5,15.470000267028809,15.699999809265137,15.699999809265137,6655900.0,15.699999809265137,0.0,
UUUU,2026-08-27,15.75,15.920000076293945,15.479999542236328,15.739999771118164,15.739999771118164,4547100.0,15.703809329441617,0.23045645115351565,
UUUU,2026-08-28,15.850000381469727,15.880000114440918,14.529999732971191,14.670000076293945,14.670000076293945,7027700.0,15.605351305332315,-5.99378514932094,0.9400002161661783
UUUU,2026-08-31,14.5600004196167,14.8100004196167,14.350000381469727,14.75,14.75,4719800.0,15.523889276253048,-4.985150708571906,0.820000171661377
UUUU,2026-09-01,14.25,14.600000381469727,14.0,14.220000267028809,14.220000267028809,5995600.0,15.399709370612644,-7.6605932955792095,0.8060001373291016
UUUU,2026-09-02,14.199999809265137,14.710000038146973,14.039999961853027,14.289999961853027,14.289999961853027,4127900.0,15.294022760254586,-6.564805180039146,0.7833334604899088
UUUU,2026-09-03,14.670000076293945,14.720000267028809,14.020000457763672,14.350000381469727,14.350000381469727,5652200.0,15.20411586703698,-5.617659672135256,0.7714286531720843
UUUU,2026-09-04,14.529999732971191,14.930000305175781,14.350000381469727,14.470000267028809,14.470000267028809,4864700.0,15.134200095607632,-4.388734286469442,0.7475000619888306
UUUU,2026-09-08,14.59000015258789,15.140000343322754,14.34000015258789,14.619999885559082,14.619999885559082,6453600.0,15.085228647031581,-3.0840020549774416,0.7533334096272787
UUUU,2026-09-09,14.569999694824219,14.9399995803833,14.289999961853027,14.550000190734863,14.550000190734863,4901000.0,15.034254508336655,-3.2210065177044056,0.7430000305175781
UUUU,2026-09-10,14.050000190734863,14.15999984741211,13.609999656677246,13.630000114440918,13.630000114440918,6359400.0,14.9005159946323,-8.52665693355229,0.7609091672030363
UUUU,2026-09-11,13.6899995803833,13.789999961853027,12.930000305175781,12.949999809265137,12.949999809265137,6842000.0,14.714752548406857,-11.993084717777247,0.7691667079925537
UUUU,2026-09-14,12.539999961853027,12.600000381469727,12.210000038146973,12.34000015258789,12.34000015258789,8837200.0,14.488585653566954,-14.829504772607683,0.7669230974637545
UUUU,2026-09-15,12.239999771118164,12.4399995803833,11.710000038146973,11.859999656677246,11.859999656677246,8427100.0,14.23824413005365,-16.703214607456253,0.7642857006617955
UUUU,2026-09-16,12.0,12.109999656677246,11.479999542236328,11.729999542236328,11.729999542236328,7174800.0,13.999363693118667,-16.210480709189923,0.7357142993382045
UUUU,2026-09-17,12.09000015258789,12.34000015258789,11.869999885559082,11.979999542236328,11.979999542236328,7287300.0,13.80704329779654,-13.232693750238244,0.7478571619306292
UUUU,2026-09-18,12.210000038146973,12.289999961853027,11.600000381469727,11.699999809265137,11.699999809265137,11096700.0,13.606372489364977,-14.010881163145438,0.700714247567313
UUUU,2026-09-21,12.300000190734863,12.489999771118164,12.010000228881836,12.300000190734863,12.300000190734863,8437900.0,13.481956079971633,-8.766946593103398,0.7242856706891742
UUUU,2026-09-22,12.3100004196167,12.329999923706055,11.90999984741211,12.140000343322754,12.140000343322754,8358200.0,13.35415077171936,-9.091932906492728,0.700714247567313
UUUU,2026-09-23,11.970000267028809,12.010000228881836,11.579999923706055,11.600000381469727,11.600000381469727,6915000.0,13.187088829790822,-12.035169162853588,0.6928571292332241
UUUU,2026-09-24,11.470000267028809,11.520000457763672,11.180000305175781,11.319999694824219,11.319999694824219,6874600.0,13.009270816936858,-12.985133032309282,0.6728571483067104
UUUU,2026-09-25,11.350000381469727,11.600000381469727,11.220000267028809,11.350000381469727,11.350000381469727,5036400.0,12.851245061178084,-11.681706111444557,0.6585714476449149
UUUU,2026-09-28,11.1899995803833,11.220000267028809,10.970000267028809,11.029999732971191,11.029999732971191,6020300.0,12.677793125158379,-12.99747815664568,0.6285714421953473
UUUU,2026-09-29,11.229999542236328,11.289999961853027,10.850000381469727,10.989999771118164,10.989999771118164,5498000.0,12.517050900964074,-12.199767676332574,0.6135714394705636
UUUU,2026-09-30,11.130000114440918,11.470000267028809,10.899999618530273,11.029999732971191,11.029999732971191,9296000.0,12.375426980202848,-10.871764258186456,0.5871428762163434
UUUU,2026-10-01,10.949999809265137,11.029999732971191,10.640000343322754,10.710000038146973,10.710000038146973,6571800.0,12.21681489048324,-12.333941914025882,0.5535714285714286
UUUU,2026-10-02,11.050000190734863,11.079999923706055,10.65999984741211,10.729999542236328,10.729999542236328,6909000.0,12.075213428745439,-11.140290765435134,0.5307143075125558
UUUU,2026-10-05,10.800000190734863,11.0,10.609999656677246,10.819999694824219,10.819999694824219,7854100.0,11.955669263610083,-9.499004562149816,0.5064286504473005
UUUU,2026-10-06,11.180000305175781,11.5600004196167,11.039999961853027,11.260000228881836,11.260000228881836,9129900.0,11.889415069826441,-5.293909223019444,0.5142858369009835
UUUU,2026-10-07,11.180000305175781,10.90999984741211,10.539999961853027,10.619999885559082,10.619999885559082,1508181.0,11.768518385610502,-9.759244642517839,0.5221429552350726
VSTM,2026-08-26,7.079999923706055,7.449999809265137,6.909999847412109,7.389999866485596,7.389999866485596,1682100.0,7.389999866485596,0.0,
VSTM,2026-08-27,7.380000114440918,7.570000171661377,7.309999942779541,7.380000114440918,7.380000114440918,1300200.0,7.389047509148007,-0.12244331486416238,
VSTM,2026-08-28,7.320000171661377,7.380000114440918,7.179999828338623,7.21999979019165,7.21999979019165,1084400.0,7.372947726390259,-2.0744475869692747,0.33333349227905273
VSTM,2026-08-31,7.199999809265137,7.320000171661377,7.0,7.21999979019165,7.21999979019165,1324300.0,7.358381256276106,-1.8805965777653477,0.3300001621246338
VSTM,2026-09-01,7.190000057220459,7.639999866485596,7.130000114440918,7.610000133514404,7.610000133514404,2078000.0,7.382344958870229,3.0837786084574326,0.3660000801086426
VSTM,2026-09-02,7.699999809265137,8.100000381469727,7.679999828338623,8.020000457763672,8.020000457763672,5258900.0,7.443074054002937,7.751184518316845,0.38666677474975586
VSTM,2026-09-03,8.029999732971191,8.140000343322754,7.909999847412109,7.980000019073486,7.980000019073486,2627100.0,7.494209860200133,6.482206502559573,0.36428587777273996
VSTM,2026-09-04,7.909999847412109,8.210000038146973,7.71999979019165,8.199999809265137,8.199999809265137,2301000.0,7.561427950587277,8.445122572757757,0.38000017404556274
VSTM,2026-09-08,8.199999809265137,8.539999961853027,7.889999866485596,8.079999923706055,8.079999923706055,4366300.0,7.610815757550969,6.164702721775783,0.41000016530354816
VSTM,2026-09-09,8.010000228881836,8.380000114440918,7.800000190734863,7.940000057220459,7.940000057220459,2399500.0,7.642166643233778,3.897237889340932,0.4270001411437988
VSTM,2026-09-10,7.909999847412109,7.909999847412109,7.449999809265137,7.619999885559082,7.619999885559082,2670000.0,7.640055523455235,-0.26250644166893045,0.43272742358121
VSTM,2026-09-11,7.699999809265137,7.789999961853027,7.320000171661377,7.320000171661377,7.320000171661377,1912900.0,7.60957406137963,-3.8053889400710084,0.4358334541320801
VSTM,2026-09-14,7.360000133514404,7.619999885559082,7.25,7.510000228881836,7.510000228881836,1514400.0,7.600090839236982,-1.1853885994366653,0.4307693334726187
VSTM,2026-09-15,7.480000019073486,7.519999980926514,7.25,7.340000152587891,7.340000152587891,2839800.0,7.575320297651354,-3.1064052187525504,0.41928580829075407
VSTM,2026-09-16,7.349999904632568,7.409999847412109,7.199999809265137,7.320000171661377,7.320000171661377,1449300.0,7.5510040951761175,-3.0592477583519684,0.395714385168893
VSTM,2026-09-17,7.579999923706055,7.909999847412109,7.539999961853027,7.550000190734863,7.550000190734863,1734200.0,7.550908485229331,-0.012028943222452959,0.41928577423095703
VSTM,2026-09-18,7.579999923706055,7.840000152587891,7.400000095367432,7.440000057220459,7.440000057220459,4496800.0,7.5403457777999146,-1.3307840719306352,0.4364286150251116
VSTM,2026-09-21,7.539999961853027,8.039999961853027,7.5,7.989999771118164,7.989999771118164,2800200.0,7.583169967639748,5.364904191973974,0.45642859595162527
VSTM,2026-09-22,8.039999961853027,8.649999618530273,8.0,8.369999885559082,8.369999885559082,3056000.0,7.658106150298732,9.29595021652423,0.4671428884778704
VSTM,2026-09-23,8.369999885559082,8.399999618530273,7.849999904632568,8.180000305175781,8.180000305175781,1935600.0,7.707810355525118,6.126123086463697,0.47142856461661203
VSTM,2026-09-24,8.100000381469727,8.199999809265137,7.710000038146973,7.800000190734863,7.800000190734863,1844600.0,7.716590339830808,1.0809158868200885,0.48999994141714914
VSTM,2026-09-25,7.860000133514404,7.889999866485596,7.670000076293945,7.739999771118164,7.739999771118164,1060000.0,7.718819809477223,0.27439378251759017,0.47071419443402973
VSTM,2026-09-28,7.590000152587891,7.78000020980835,7.389999866485596,7.769999980926514,7.769999980926514,1260500.0,7.723694111520012,0.5995300789739533,0.4521427835736956
VSTM,2026-09-29,7.78000020980835,8.119999885559082,7.559999942779541,7.920000076293945,7.920000076293945,2677100.0,7.742389917688958,2.2939965629889425,0.45071421350751606
VSTM,2026-09-30,7.980000019073486,8.399999618530273,7.920000076293945,8.050000190734863,8.050000190734863,1568500.0,7.77168613416952,3.581128364688957,0.44999987738473074
VSTM,2026-10-01,8.0,8.180000305175781,7.739999771118164,7.900000095367432,7.900000095367432,1762300.0,7.783906511426464,1.4914565555296244,0.44785707337515696
VSTM,2026-10-02,7.949999809265137,8.020000457763672,7.519999980926514,7.699999809265137,7.699999809265137,4071700.0,7.775915396934909,-0.9762913277026719,0.45714282989501953
VSTM,2026-10-05,7.739999771118164,8.100000381469727,7.519999980926514,8.0,8.0,2216400.0,7.797256787703013,2.600186422188022,0.47928571701049805
VSTM,2026-10-06,8.079999923706055,8.180000305175781,7.699999809265137,7.75,7.75,2512300.0,7.792756141255107,-0.5486652024019434,0.49857146399361746
VSTM,2026-10-07,7.769999980926514,8.11400032043457,7.652500152587891,8.100000381469727,8.100000381469727,79185.0,7.822017497466023,3.5538514723823855,0.48939292771475656
WDC,2026-08-26,449.8800048828125,470.0,448.010009765625,468.8800048828125,468.7295227050781,5158500.0,468.8800048828125,0.0,
WDC,2026-08-27,477.7900085449219,479.8500061035156,443.0199890136719,462.0,461.85174560546875,7618200.0,468.22476632254467,-1.3294397841092875,
WDC,2026-08-28,462.25,475.010009765625,455.07000732421875,459.45001220703125,459.3025817871094,4317400.0,467.38907545440054,-1.6985983764491785,26.253336588541668
WDC,2026-08-31,456.8999938964844,459.45001220703125,444.5199890136719,450.54998779296875,450.4053955078125,5854800.0,465.78535281997847,-3.270898265643407,23.422508239746094
WDC,2026-09-01,443.07000732421875,457.67999267578125,439.2799987792969,450.44000244140625,450.2954406738281,5497900.0,464.3238908791621,-2.990130103249211,22.41800537109375
WDC,2026-09-02,444.92999267578125,456.9800109863281,437.3999938964844,448.8999938964844,448.7559509277344,4042700.0,462.85494830938325,-3.014973581652425,21.94500732421875
WDC,2026-09-03,442.9100036621094,449.4700012207031,420.8800048828125,441.57000732421875,441.4283142089844,5514300.0,460.8278110727009,-4.1789586665037515,22.894291469029017
WDC,2026-09-04,452.2200012207031,468.19000244140625,442.1499938964844,467.4599914550781,467.3099670410156,5805000.0,461.459447299594,1.300340515423093,23.360004425048828
WDC,2026-09-08,480.010009765625,489.20001220703125,464.5400085449219,477.29998779296875,477.29998779296875,6407800.0,462.96807020372495,3.095660049069293,23.50444878472222
WDC,2026-09-09,474.6400146484375,495.489990234375,471.7200012207031,482.2799987792969,482.2799987792969,4027100.0,464.80730149663657,3.759127110611171,23.531002807617188
WDC,2026-09-10,466.6099853515625,471.2300109863281,456.75,460.92999267578125,460.92999267578125,4518300.0,464.4380339898884,-0.7553303255485644,23.712729714133523
WDC,2026-09-11,464.1600036621094,472.42999267578125,442.7799987792969,447.17999267578125,447.17999267578125,5122100.0,462.7944110075925,-3.3739427184990456,24.207501729329426
WDC,2026-09-14,417.32000732421875,436.2799987792969,416.0,426.94000244140625,426.94000244140625,7296100.0,459.37970542986045,-7.061631718819406,24.7438471867488
WDC,2026-09-15,430.25,430.25,407.1199951171875,411.9599914550781,411.9599914550781,7860800.0,454.86354219416694,-9.432180590277916,24.628572736467635
WDC,2026-09-16,421.45001220703125,428.1400146484375,414.6000061035156,416.9700012207031,416.9700012207031,7624200.0,451.25463353002755,-7.597624436812134,24.213575090680802
WDC,2026-09-17,427.2799987792969,433.20001220703125,416.30999755859375,423.8699951171875,423.8699951171875,7143000.0,448.6465727288047,-5.522515743499056,22.789289202008927
WDC,2026-09-18,427.5,448.8500061035156,424.54998779296875,441.3599853515625,441.3599853515625,13518900.0,447.9526120262102,-1.4717241283240812,23.14928981236049
WDC,2026-09-21,455.6400146484375,460.489990234375,437.20001220703125,448.1700134277344,448.1700134277344,7636000.0,447.97331692159344,0.04390808530574386,23.746429443359375
WDC,2026-09-22,440.04998779296875,474.5400085449219,438.0,464.6000061035156,464.6000061035156,8419900.0,449.55681112939556,3.3462277962885034,25.042144775390625
WDC,2026-09-23,462.94000244140625,475.6600036621094,445.0199890136719,473.69000244140625,473.69000244140625,5037700.0,451.855210301968,4.832254147262449,25.832144601004465
WDC,2026-09-24,465.739990234375,468.0,449.2099914550781,450.30999755859375,450.30999755859375,7212500.0,451.7080471835514,-0.30950292643104893,25.53857421875
WDC,2026-09-25,455.239990234375,461.9800109863281,447.69000244140625,456.80999755859375,456.80999755859375,5935300.0,452.1939472192697,1.0208120581246316,24.657860892159597
WDC,2026-09-28,449.010009765625,459.989990234375,432.0400085449219,453.2300109863281,453.2300109863281,7429800.0,452.2926199589895,0.20725322191275097,24.892859322684153
WDC,2026-09-29,463.1499938964844,465.8999938964844,447.0299987792969,453.4800109863281,453.4800109863281,6118500.0,452.405704818736,0.23746521234133677,24.542859758649552
WDC,2026-09-30,453.2200012207031,463.8900146484375,446.239990234375,454.4599914550781,454.4599914550781,6960200.0,452.6013511650543,0.41065725615696547,23.980004446847097
WDC,2026-10-01,451.79998779296875,463.54998779296875,440.04998779296875,462.55999755859375,462.55999755859375,6158700.0,453.54979367872477,1.9865964014199156,23.540719168526785
WDC,2026-10-02,423.20001220703125,427.7099914550781,396.57000732421875,415.2900085449219,415.2900085449219,24768500.0,449.9060046183626,-7.694050694612109,26.027147565569198
WDC,2026-10-05,430.5,447.7099914550781,429.44000244140625,441.6400146484375,441.6400146484375,11300400.0,449.11876747836976,-1.665206037129685,26.690717424665177
WDC,2026-10-06,426.6000061035156,430.3299865722656,406.80999755859375,411.0400085449219,411.0400085449219,14002200.0,445.49221900851757,-7.733515647090794,28.022859845842635
WDC,2026-10-07,401.0799865722656,403.7900085449219,398.1400146484375,398.85418701171875,398.85418701171875,923822.0,441.05050167548916,-9.567229717112324,27.737858363560267
WTTR,2026-08-26,18.8700008392334,19.239999771118164,18.389999389648438,19.229999542236328,19.229999542236328,889500.0,19.229999542236328,0.0,
WTTR,2026-08-27,19.399999618530273,19.84000015258789,18.959999084472656,19.540000915527344,19.540000915527344,1519600.0,19.25952348254976,1.456305153300974,
WTTR,2026-08-28,19.540000915527344,19.756999969482422,19.045000076293945,19.280000686645508,19.280000686645508,1354500.0,19.26147369246364,0.09618679483034409,0.8140004475911459
WTTR,2026-08-31,19.65999984741211,19.829999923706055,19.110000610351562,19.5,19.5,1507700.0,19.28419048365758,1.1191007293010813,0.7905001640319824
WTTR,2026-09-01,19.729999542236328,20.31999969482422,19.3700008392334,20.06999969482422,20.06999969482422,1657400.0,19.359029456149642,3.67255104541786,0.82239990234375
WTTR,2026-09-02,19.760000228881836,20.049999237060547,19.469999313354492,19.770000457763672,19.770000457763672,1472500.0,19.398169551541457,1.9168350149443292,0.7853333155314127
WTTR,2026-09-03,19.670000076293945,20.31999969482422,19.420000076293945,20.170000076293945,20.170000076293945,1002900.0,19.471677220565503,3.5863518474458456,0.8017142159598214
WTTR,2026-09-04,20.1200008392334,20.219999313354492,19.854000091552734,20.059999465942383,20.059999465942383,1097800.0,19.527707910601396,2.7258271056584737,0.7472498416900635
WTTR,2026-09-08,20.440000534057617,20.969999313354492,20.437999725341797,20.799999237060547,20.799999237060547,1037600.0,19.648878513121318,5.8584550928467705,0.7653331756591797
WTTR,2026-09-09,20.8799991607666,21.18000030517578,20.270000457763672,20.5,20.5,1373600.0,19.729937702347858,3.9030143392723593,0.7797998428344727
WTTR,2026-09-10,20.709999084472656,20.709999084472656,20.149999618530273,20.360000610351562,20.360000610351562,1564000.0,19.789943693586306,2.880538346099515,0.7598179903897372
WTTR,2026-09-11,20.520000457763672,20.899999618530273,20.43000030517578,20.639999389648438,20.639999389648438,1590900.0,19.870901378925556,3.870473694457366,0.7414997418721517
WTTR,2026-09-14,20.399999618530273,20.700000762939453,19.889999389648438,20.049999237060547,20.049999237060547,1757400.0,19.887958317795555,0.8147690007978436,0.7467690981351413
WTTR,2026-09-15,20.329999923706055,20.860000610351562,20.315000534057617,20.670000076293945,20.670000076293945,1247000.0,19.96243848527159,3.544464728316621,0.7512856892177037
WTTR,2026-09-16,20.6299991607666,20.799999237060547,19.739999771118164,20.309999465942383,20.309999465942383,2057000.0,19.99553953104976,1.5726504123798168,0.7662856238228934
WTTR,2026-09-17,20.399999618530273,20.739999771118164,20.139999389648438,20.360000610351562,20.360000610351562,1474500.0,20.030250110030888,1.646262520484143,0.7462855747767857
WTTR,2026-09-18,20.360000610351562,20.8700008392334,20.15999984741211,20.780000686645508,20.780000686645508,3040700.0,20.101654926851328,3.374576681684349,0.7461427961077008
WTTR,2026-09-21,20.770000457763672,20.92799949645996,20.260000228881836,20.600000381469727,20.600000381469727,1575200.0,20.149116398719748,2.237735758867454,0.7424285071236747
WTTR,2026-09-22,20.34000015258789,21.020000457763672,20.0,20.270000457763672,20.270000457763672,2172100.0,20.16062916624774,0.5424993962938274,0.7474286215645927
WTTR,2026-09-23,20.31999969482422,20.420000076293945,19.184999465942383,19.290000915527344,19.290000915527344,1238400.0,20.077712189988656,-3.923311914263261,0.792785780770438
WTTR,2026-09-24,19.459999084472656,19.8799991607666,19.030000686645508,19.530000686645508,19.530000686645508,2085300.0,20.02554918967026,-2.474581337726167,0.7892142704554966
WTTR,2026-09-25,20.450000762939453,21.059999465942383,19.649999618530273,19.84000015258789,19.84000015258789,4765700.0,20.007877852805272,-0.8390580023150407,0.8723570959908622
WTTR,2026-09-28,20.020000457763672,20.440000534057617,19.635000228881836,20.18000030517578,20.18000030517578,1920200.0,20.02427046731675,0.7777054255894589,0.8648571286882673
WTTR,2026-09-29,19.81999969482422,20.049999237060547,19.2810001373291,19.34000015258789,19.34000015258789,2187800.0,19.959101865914,-3.1018515636888844,0.8640714372907367
WTTR,2026-09-30,19.770000457763672,20.219999313354492,19.43000030517578,19.790000915527344,19.790000915527344,1332000.0,19.942997013496225,-0.7671670304385203,0.8869285583496094
WTTR,2026-10-01,19.559999465942383,20.06999969482422,19.274999618530273,20.030000686645508,20.030000686645508,1906400.0,19.95128307760568,0.3945491061082995,0.9051429203578404
WTTR,2026-10-02,20.030000686645508,20.469999313354492,19.860000610351562,19.950000762939453,19.950000762939453,2241500.0,19.951160952399373,-0.005815147613152938,0.8908570153372628
WTTR,2026-10-05,19.84000015258789,20.530000686645508,19.649999618530273,20.059999465942383,20.059999465942383,2207600.0,19.961526525117755,0.4933136786944514,0.8958569935389927
WTTR,2026-10-06,20.059999465942383,20.1200008392334,19.672000885009766,19.989999771118164,19.989999771118164,1726300.0,19.96423826283208,0.12903827307073623,0.8521427427019391
WTTR,2026-10-07,20.059999465942383,19.969999313354492,19.75,19.924999237060547,19.924999237060547,12584.0,19.960501212758597,-0.1778611434634647,0.8264284133911133
XE,2026-08-26,19.100000381469727,20.3700008392334,18.049999237060547,18.260000228881836,18.260000228881836,4739300.0,18.260000228881836,0.0,
XE,2026-08-27,18.579999923706055,18.8799991607666,18.049999237060547,18.469999313354492,18.469999313354492,3826900.0,18.280000141688756,1.0393827691085766,
XE,2026-08-28,18.25,18.43000030517578,17.170000076293945,17.219999313354492,17.219999313354492,5644200.0,18.179047681847397,-5.275569904855681,1.4833335876464844
XE,2026-08-31,17.31999969482422,19.139999389648438,17.290000915527344,18.450000762939453,18.450000762939453,8310700.0,18.204852737189498,1.3466081230591787,1.5925002098083496
XE,2026-09-01,17.790000915527344,19.219999313354492,17.6299991607666,18.40999984741211,18.40999984741211,9775500.0,18.2243905572107,1.018466376797278,1.5920001983642578
XE,2026-09-02,18.399999618530273,18.489999771118164,17.670000076293945,18.100000381469727,18.100000381469727,5253300.0,18.212543873806798,-0.6179449346388699,1.4633334477742512
XE,2026-09-03,18.270000457763672,18.799999237060547,17.75,17.8799991607666,17.8799991607666,4624300.0,18.18087294875535,-1.6548918681561275,1.4042857033865792
XE,2026-09-04,17.670000076293945,18.149999618530273,17.079999923706055,17.709999084472656,17.709999084472656,6367300.0,18.136027818823663,-2.3490741115252622,1.3624999523162842
XE,2026-09-08,18.049999237060547,19.690000534057617,18.0,19.149999618530273,19.149999618530273,9807100.0,18.232596561652866,5.0316643258969895,1.4311112297905817
XE,2026-09-09,18.329999923706055,18.90999984741211,17.100000381469727,17.260000228881836,17.260000228881836,9803600.0,18.1399683394842,-4.850990333246552,1.4930000305175781
XE,2026-09-10,16.979999542236328,17.3799991607666,15.819999694824219,15.84000015258789,15.84000015258789,9223000.0,17.92092375025598,-11.61169829562143,1.4990908882834695
XE,2026-09-11,15.869999885559082,16.100000381469727,14.850000381469727,14.930000305175781,14.930000305175781,8602300.0,17.636073898343582,-15.343968327451618,1.478333314259847
XE,2026-09-14,14.930000305175781,16.389999389648438,14.899999618530273,15.640000343322754,15.640000343322754,9030400.0,17.445971655008265,-10.351795517030238,1.4792307340181792
XE,2026-09-15,15.4399995803833,15.960000038146973,14.710000038146973,15.029999732971191,15.029999732971191,4738900.0,17.215879091004734,-12.696879122342697,1.4628571101597376
XE,2026-09-16,15.119999885559082,15.319999694824219,14.329999923706055,14.569999694824219,14.569999694824219,6709400.0,16.96389057708278,-14.111685473216662,1.3678569793701172
XE,2026-09-17,15.119999885559082,16.59000015258789,15.119999885559082,16.329999923706055,16.329999923706055,8618600.0,16.90352003866595,-3.3929034523459967,1.4528570175170898
XE,2026-09-18,16.280000686645508,16.6299991607666,15.4399995803833,15.770000457763672,15.770000457763672,16481100.0,16.79556579286573,-6.1061672333639905,1.4449998991830009
XE,2026-09-21,16.31999969482422,16.780000686645508,16.149999618530273,16.3700008392334,16.3700008392334,4123200.0,16.7550357972817,-2.2980252785301025,1.3799999100821358
XE,2026-09-22,16.5,16.610000610351562,15.970000267028809,16.360000610351562,16.360000610351562,4319100.0,16.71741339852645,-2.137967038647204,1.312142780848912
XE,2026-09-23,16.170000076293945,16.479999542236328,15.739999771118164,16.3799991607666,16.3799991607666,6498100.0,16.68527870921599,-1.8296340970365033,1.3064285005841936
XE,2026-09-24,16.25,16.25,15.65999984741211,15.720000267028809,15.720000267028809,5567200.0,16.593347429007686,-5.263236762295076,1.2828570774623327
XE,2026-09-25,15.850000381469727,16.030000686645508,14.989999771118164,15.079999923706055,15.079999923706055,5152100.0,16.449219095169436,-8.323915947265082,1.2807143075125558
XE,2026-09-28,15.0,15.260000228881836,14.300000190734863,14.430000305175781,14.430000305175781,6023100.0,16.256912543741468,-11.237756453755454,1.2078570638384138
XE,2026-09-29,14.770000457763672,14.859999656677246,14.109999656677246,14.289999961853027,14.289999961853027,7068000.0,16.069587535942567,-11.074257942894716,1.1149999754769462
XE,2026-09-30,14.470000267028809,14.859999656677246,14.170000076293945,14.180000305175781,14.180000305175781,3916800.0,15.88962684729811,-10.759387608986149,1.0528571265084403
XE,2026-10-01,14.170000076293945,14.25,13.720000267028809,13.949999809265137,13.949999809265137,5060100.0,15.704900462723542,-11.174223342731526,1.0014285360063826
XE,2026-10-02,14.15999984741211,14.779999732971191,13.800000190734863,14.380000114440918,14.380000114440918,4445200.0,15.578719477172816,-7.694594953637601,0.9649999482291085
XE,2026-10-05,14.420000076293945,14.600000381469727,13.9399995803833,14.40999984741211,14.40999984741211,4221200.0,15.467412845767035,-6.8363921549059015,0.9228571483067104
XE,2026-10-06,14.800000190734863,16.420000076293945,14.800000190734863,15.449999809265137,15.449999809265137,11168100.0,15.465754461338282,-0.10186798266149655,0.9957143238612584
XE,2026-10-07,14.789999961853027,14.930000305175781,14.274999618530273,14.3149995803833,14.3149995803833,861634.0,15.356158758390189,-6.780075632117488,0.9353571619306292
YSS,2026-08-26,9.199999809265137,9.550000190734863,9.09000015258789,9.130000114440918,9.130000114440918,1967800.0,9.130000114440918,0.0,
YSS,2026-08-27,9.270000457763672,9.399999618530273,9.020000457763672,9.1899995803833,9.1899995803833,2048900.0,9.135714349292574,0.5942089366545389,
YSS,2026-08-28,9.180000305175781,9.390000343322754,8.949999809265137,8.970000267028809,8.970000267028809,2163800.0,9.119932055743645,-1.6440011592017356,0.4266665776570638
YSS,2026-08-31,8.949999809265137,9.289999961853027,8.930000305175781,9.09000015258789,9.09000015258789,1909300.0,9.11708139830024,-0.2970385425910327,0.4099998474121094
YSS,2026-09-01,8.850000381469727,8.989999771118164,8.609999656677246,8.819999694824219,8.819999694824219,2508400.0,9.088787902731095,-2.9573603299303364,0.4239999771118164
YSS,2026-09-02,8.779999732971191,8.8100004196167,8.380000114440918,8.670000076293945,8.670000076293945,2997800.0,9.048903347832319,-4.187283883733162,0.4266665776570638
YSS,2026-09-03,8.84000015258789,9.0,8.380000114440918,8.510000228881836,8.510000228881836,2679500.0,8.997579241265607,-5.419002148351037,0.4542856216430664
YSS,2026-09-04,8.460000038146973,8.970000267028809,8.460000038146973,8.960000038146973,8.960000038146973,2655300.0,8.994000269540022,-0.3780323590627188,0.4612499475479126
YSS,2026-09-08,8.9399995803833,9.229999542236328,8.710000038146973,8.930000305175781,8.930000305175781,2830700.0,8.987905034838665,-0.6442516853308433,0.46777767605251735
YSS,2026-09-09,8.800000190734863,9.079999923706055,8.050000190734863,8.069999694824219,8.069999694824219,2978800.0,8.900485478646813,-9.330791964269991,0.5239998817443847
YSS,2026-09-10,7.980000019073486,8.25,7.449999809265137,7.449999809265137,7.449999809265137,3660500.0,8.76234398632475,-14.977090366547664,0.5490908189253374
YSS,2026-09-11,7.659999847412109,8.140000343322754,7.650000095367432,7.880000114440918,7.880000114440918,3163400.0,8.678311236621527,-9.198922467908533,0.5608332951863607
YSS,2026-09-14,7.789999961853027,8.180000305175781,7.659999847412109,7.710000038146973,7.710000038146973,2582200.0,8.586091122481093,-10.203608042782564,0.5576923076923077
YSS,2026-09-15,7.699999809265137,7.989999771118164,7.510000228881836,7.769999980926514,7.769999980926514,2618900.0,8.508368156618753,-8.678140885545183,0.552142824445452
YSS,2026-09-16,7.860000133514404,8.420000076293945,7.800000190734863,8.229999542236328,8.229999542236328,4238300.0,8.481856860010902,-2.969365339823127,0.5657142571040562
YSS,2026-09-17,8.449999809265137,9.100000381469727,8.239999771118164,8.760000228881836,8.760000228881836,4251700.0,8.508346704665277,2.957725313174797,0.6007143769945417
YSS,2026-09-18,8.760000228881836,8.970000267028809,8.229999542236328,8.550000190734863,8.550000190734863,21829400.0,8.51231370333857,0.4427290711984888,0.6221429620470319
YSS,2026-09-21,8.6899995803833,9.979999542236328,8.6899995803833,9.760000228881836,9.760000228881836,4607000.0,8.631140991485548,13.078910870647187,0.6985715116773333
YSS,2026-09-22,9.789999961853027,10.029999732971191,9.300000190734863,9.90999984741211,9.90999984741211,3610000.0,8.752937073002364,13.219137356517718,0.7164285864148822
YSS,2026-09-23,9.789999961853027,10.039999961853027,9.529999732971191,9.609999656677246,9.609999656677246,2919200.0,8.8345620809714,8.777317637238035,0.721428632736206
YSS,2026-09-24,9.470000267028809,9.9399995803833,9.369999885559082,9.8100004196167,9.8100004196167,2204000.0,8.927460970366191,9.88567132558753,0.7178571905408587
YSS,2026-09-25,9.850000381469727,10.039999961853027,9.369999885559082,9.569999694824219,9.569999694824219,2023000.0,8.98865513460029,6.467536594947809,0.729285751070295
YSS,2026-09-28,9.3100004196167,9.619999885559082,9.130000114440918,9.140000343322754,9.140000343322754,1484000.0,9.003068964002429,1.5209411353820146,0.7271429130009243
YSS,2026-09-29,9.15999984741211,9.399999618530273,8.8100004196167,8.829999923706055,8.829999923706055,1629500.0,8.986586198259916,-1.7424444733438516,0.6957143034253802
YSS,2026-09-30,8.920000076293945,9.15999984741211,8.609999656677246,8.649999618530273,8.649999618530273,1583700.0,8.954530333523758,-3.400856367121674,0.6778571605682373
YSS,2026-10-01,8.699999809265137,8.930000305175781,8.479999542236328,8.609999656677246,8.609999656677246,1568500.0,8.921717888109804,-3.493926117614543,0.6607143197740827
YSS,2026-10-02,8.880000114440918,9.0600004196167,8.609999656677246,8.979999542236328,8.979999542236328,1788400.0,8.927268521836139,0.5906736228579845,0.6557143415723529
YSS,2026-10-05,8.770000457763672,8.8100004196167,8.069999694824219,8.3100004196167,8.3100004196167,2504100.0,8.868481083529524,-6.297365452467741,0.6864286490849086
YSS,2026-10-06,8.369999885559082,8.520000457763672,7.960000038146973,8.029999732971191,8.029999732971191,1955300.0,8.788625716809682,-8.631906833710012,0.6800001008169991
YSS,2026-10-07,8.364999771118164,7.849999904632568,7.630099773406982,7.639999866485596,7.639999866485596,185395.0,8.679232778683577,-11.973787760945465,0.6464214665549142
