ticker,date,open,high,low,close,adj_close,volume,ema20,dist_ema20_pct,atr14
AAOI,2026-08-25,111.7750015258789,115.08000183105469,110.23999786376953,113.1500015258789,113.1500015258789,6735500.0,113.1500015258789,0.0,
AAOI,2026-08-26,110.58999633789062,114.20999908447266,110.01000213623047,113.76000213623047,113.76000213623047,4878800.0,113.20809682210287,0.48751399380457805,
AAOI,2026-08-27,117.02999877929688,118.9000015258789,111.30000305175781,113.27999877929688,113.27999877929688,6254100.0,113.21494462754993,0.05746074598276252,5.5466664632161455
AAOI,2026-08-28,110.45999908447266,110.9000015258789,105.1500015258789,106.2300033569336,106.2300033569336,5716900.0,112.54971212558647,-5.6150377013858055,6.192499160766602
AAOI,2026-08-31,107.5199966430664,108.66999816894531,104.05599975585938,107.69000244140625,107.69000244140625,4609500.0,112.08688263185502,-3.9227428644707296,5.876799011230469
AAOI,2026-09-01,104.44999694824219,105.73999786376953,101.2300033569336,103.38999938964844,103.38999938964844,4893800.0,111.25860803735915,-7.072359421455765,5.9739990234375
AAOI,2026-09-02,102.08999633789062,104.73999786376953,100.80000305175781,103.12999725341797,103.12999725341797,4092300.0,110.48445462936475,-6.656553992702696,5.683426993233817
AAOI,2026-09-03,101.9000015258789,103.13999938964844,96.95999908447266,100.37999725341797,100.37999725341797,5918000.0,109.52212535546505,-8.347288798838948,5.7454986572265625
AAOI,2026-09-04,101.91000366210938,106.55999755859375,100.54000091552734,105.52999877929688,105.52999877929688,6840200.0,109.14192282440142,-3.309382821590723,5.793776618109809
AAOI,2026-09-08,108.38999938964844,116.9000015258789,107.80000305175781,111.55000305175781,111.55000305175781,12081100.0,109.37126379843536,1.9920582222929584,6.351399230957031
AAOI,2026-09-09,110.77999877929688,113.63999938964844,107.62000274658203,107.93000030517578,107.93000030517578,5977400.0,109.23400060860112,-1.1937677794093937,6.321271722966975
AAOI,2026-09-10,104.5,109.77999877929688,102.98999786376953,103.29000091552734,103.29000091552734,5703900.0,108.66790539973695,-4.948935441818714,6.360332489013672
AAOI,2026-09-11,104.51000213623047,108.66999816894531,104.08000183105469,105.36000061035156,105.36000061035156,5001400.0,108.35286684836692,-2.762147717054575,6.284922086275541
AAOI,2026-09-14,96.7699966430664,101.12999725341797,95.66999816894531,95.76000213623047,95.76000213623047,8519400.0,107.15354639959202,-10.632913838309443,6.52814211164202
AAOI,2026-09-15,96.98999786376953,99.79000091552734,95.08000183105469,95.29000091552734,95.29000091552734,4598500.0,106.0236849249192,-10.123854888643912,6.518856048583984
AAOI,2026-09-16,98.19999694824219,99.5999984741211,94.0,96.73999786376953,96.73999786376953,7101200.0,105.13952425242876,-7.988933227900919,6.618856157575335
AAOI,2026-09-17,100.7249984741211,102.34700012207031,96.36000061035156,98.05999755859375,98.05999755859375,7819200.0,104.46528361492066,-6.131497311526046,6.5036419459751675
AAOI,2026-09-18,101.06999969482422,105.43499755859375,98.51499938964844,105.16999816894531,105.16999816894531,9920300.0,104.53239928673254,0.6099533604541518,6.449713570731027
AAOI,2026-09-21,108.19999694824219,109.7300033569336,104.91999816894531,108.66999816894531,108.66999816894531,8161300.0,104.92645632313375,3.56777687629406,6.463714054652622
AAOI,2026-09-22,106.93000030517578,110.73999786376953,103.9000015258789,107.0,107.0,7480500.0,105.12393667331149,1.7846205022921335,6.4908567156110495
AAOI,2026-09-23,106.5999984741211,107.31999969482422,100.41999816894531,101.05999755859375,101.05999755859375,6601700.0,104.73689485286218,-3.5106036888279513,6.7022857666015625
AAOI,2026-09-24,98.93000030517578,103.58000183105469,97.58999633789062,101.02999877929688,101.02999877929688,5551400.0,104.38385713157024,-3.213004811698039,6.688714708600726
AAOI,2026-09-25,101.70999908447266,105.02999877929688,99.97000122070312,101.4000015258789,101.4000015258789,5511000.0,104.09968040721867,-2.593359432785114,6.608714512416294
AAOI,2026-09-28,100.08999633789062,102.43000030517578,93.62000274658203,96.81999969482422,96.81999969482422,8195600.0,103.40637748222872,-6.369411585408669,6.42585699898856
AAOI,2026-09-29,98.7699966430664,103.83000183105469,97.43000030517578,100.66999816894531,100.66999816894531,7288100.0,103.14576992858268,-2.400264946736619,6.4965716770717075
AAOI,2026-09-30,101.9000015258789,104.25,96.41000366210938,99.26000213623047,99.26000213623047,5827300.0,102.77569680550152,-3.4207451552718315,6.571571350097656
AAOI,2026-10-01,99.66999816894531,108.27999877929688,97.7699966430664,107.31999969482422,107.31999969482422,11307700.0,103.20848755686559,3.983695755345007,6.9380002702985495
AAOI,2026-10-02,110.25,117.69999694824219,106.31999969482422,115.58999633789062,115.58999633789062,11066100.0,104.38767886934417,10.731455656340172,7.058714185442243
AAOI,2026-10-05,118.5,121.91500091552734,112.80000305175781,121.56999969482422,121.56999969482422,9307400.0,106.02409037653274,14.662619847132774,7.37335695539202
AAOI,2026-10-06,126.13999938964844,129.63999938964844,124.30000305175781,128.8000030517578,128.8000030517578,2116502.0,108.19322491703036,19.04627406247488,7.549785614013672
AKAM,2026-08-25,106.0,107.2699966430664,104.06999969482422,105.73999786376953,105.73999786376953,2978100.0,105.73999786376953,0.0,
AKAM,2026-08-26,105.55999755859375,109.52999877929688,105.41999816894531,108.05999755859375,108.05999755859375,3374800.0,105.96095021565755,1.9809631176995968,
AKAM,2026-08-27,109.75,111.8499984741211,108.81999969482422,111.23999786376953,111.23999786376953,3042400.0,106.46371665833487,4.486299516259407,3.6999994913736978
AKAM,2026-08-28,110.91000366210938,112.4000015258789,106.87999725341797,107.47000122070312,107.47000122070312,2583100.0,106.55955328332232,0.8544029224297756,4.155000686645508
AKAM,2026-08-31,107.05999755859375,109.69000244140625,107.02999877929688,108.62000274658203,108.62000274658203,2403400.0,106.75578656553752,1.746243684786175,3.856001281738281
AKAM,2026-09-01,108.91999816894531,109.98999786376953,105.77999877929688,106.45999908447266,106.45999908447266,2700900.0,106.72761632924563,-0.2507478888569947,3.9150009155273438
AKAM,2026-09-02,106.0,106.33999633789062,104.01000213623047,105.08999633789062,105.08999633789062,2172400.0,106.57165252054516,-1.3902910836152138,3.705714634486607
AKAM,2026-09-03,105.41999816894531,106.55999755859375,102.55000305175781,106.5,106.5,3350700.0,106.56482847096943,-0.06083477250384828,3.7437496185302734
AKAM,2026-09-04,105.0,106.5,104.0,105.22000122070312,105.22000122070312,1758400.0,106.43674968522978,-1.1431657469107237,3.605555216471354
AKAM,2026-09-08,102.69000244140625,108.11000061035156,100.7699966430664,105.61000061035156,105.61000061035156,3766700.0,106.35801167809852,-0.7032954602525621,3.9790000915527344
AKAM,2026-09-09,108.76000213623047,112.76000213623047,107.93000030517578,110.75,110.75,4566500.0,106.77629628018438,3.7215223399287956,4.26727294921875
AKAM,2026-09-10,109.08000183105469,111.18000030517578,106.62999725341797,107.12999725341797,107.12999725341797,2929400.0,106.809982087159,0.29961166550691587,4.290833791097005
AKAM,2026-09-11,107.62999725341797,110.73999786376953,106.30999755859375,106.79000091552734,106.79000091552734,3688400.0,106.80807911843218,-0.016925875883211372,4.301538907564604
AKAM,2026-09-14,105.43000030517578,107.86000061035156,102.5,105.56999969482422,105.56999969482422,4585200.0,106.69016679237428,-1.0499253410391485,4.377143314906529
AKAM,2026-09-15,105.62999725341797,107.41999816894531,103.93000030517578,105.4000015258789,105.4000015258789,2826400.0,106.56729390985092,-1.0953570660802048,4.397857666015625
AKAM,2026-09-16,105.38999938964844,107.26000213623047,103.75,104.4800033569336,104.4800033569336,2502600.0,106.36850433338259,-1.775432481902739,4.3550006321498325
AKAM,2026-09-17,105.05999755859375,109.8499984741211,104.30999755859375,107.08000183105469,107.08000183105469,2859700.0,106.43626599982754,0.6048087324185047,4.4800006321498325
AKAM,2026-09-18,107.25,107.25,102.61000061035156,104.5199966430664,104.5199966430664,4817000.0,106.25376415632648,-1.631723381309358,4.417143140520368
AKAM,2026-09-21,106.04000091552734,117.58000183105469,105.4000015258789,117.41000366210938,117.41000366210938,4703100.0,107.31626315687723,9.405601917462313,5.160000392368862
AKAM,2026-09-22,117.87000274658203,122.79000091552734,116.0999984741211,118.33999633789062,118.33999633789062,4670700.0,108.36614250744994,9.20384688396101,5.33714348929269
AKAM,2026-09-23,117.33000183105469,119.4800033569336,113.76000213623047,118.44000244140625,118.44000244140625,3919400.0,109.3255577392553,8.336975260523417,5.570715223039899
AKAM,2026-09-24,116.73999786376953,118.0,110.30999755859375,110.41000366210938,110.41000366210938,7058400.0,109.42883830333665,0.8966241202825742,5.865001678466797
AKAM,2026-09-25,125.2300033569336,128.4600067138672,113.83999633789062,113.94000244140625,113.94000244140625,31946800.0,109.8584729831528,3.715261415366089,6.975716182163784
AKAM,2026-09-28,112.8499984741211,115.0999984741211,108.80000305175781,108.98999786376953,108.98999786376953,8243100.0,109.77576106702107,-0.7157893469504684,6.901429857526507
AKAM,2026-09-29,110.77999877929688,111.43000030517578,105.75,108.44999694824219,108.44999694824219,6052000.0,109.64949781761355,-1.093941051482572,6.796429770333426
AKAM,2026-09-30,108.83999633789062,113.43000030517578,106.33000183105469,106.3499984741211,106.3499984741211,6279000.0,109.33525978489999,-2.73037382144784,6.978572300502232
AKAM,2026-10-01,107.16000366210938,108.0999984741211,104.0,106.93000030517578,106.93000030517578,5590400.0,109.10618745349768,-1.9945588780191037,6.955000741141183
AKAM,2026-10-02,108.75,113.12999725341797,108.5,108.91999816894531,108.91999816894531,5039400.0,109.08845514068318,-0.15442236442034796,7.015000479561942
AKAM,2026-10-05,108.87000274658203,109.54000091552734,106.2699966430664,107.98999786376953,107.98999786376953,3619700.0,108.98384016192949,-0.9119171215505872,6.999286651611328
AKAM,2026-10-06,109.5,110.7249984741211,108.8550033569336,110.54000091552734,110.54000091552734,205226.0,109.13204594798643,1.290138891203374,6.943929399762835
ALAB,2026-08-25,285.94000244140625,289.6000061035156,279.7900085449219,282.6499938964844,282.6499938964844,1798400.0,282.6499938964844,0.0,
ALAB,2026-08-26,282.6199951171875,290.6300048828125,280.0,290.29998779296875,290.29998779296875,1933700.0,283.3785647437686,2.4424652780137057,
ALAB,2026-08-27,297.1600036621094,310.1400146484375,296.79998779296875,304.0899963378906,304.0899963378906,2745100.0,285.35108203844686,6.566968019038022,13.426676432291666
ALAB,2026-08-28,297.1700134277344,301.0400085449219,287.010009765625,289.4700012207031,289.4700012207031,2640000.0,285.7433600558046,1.3041916929130926,14.340003967285156
ALAB,2026-08-31,292.4599914550781,297.95001220703125,290.3800048828125,296.9800109863281,296.9800109863281,2353300.0,286.81351728728305,3.5446354813402747,13.16800537109375
ALAB,2026-09-01,287.3500061035156,288.989990234375,276.67999267578125,279.9100036621094,279.9100036621094,3442700.0,286.15603979917125,-2.182737831235515,14.356674194335938
ALAB,2026-09-02,274.8399963378906,278.6300048828125,267.010009765625,274.1300048828125,274.1300048828125,2851000.0,285.0107031404704,-3.8176454911222235,14.148577008928571
ALAB,2026-09-03,270.010009765625,283.1650085449219,262.45001220703125,282.82000732421875,282.82000732421875,2788000.0,284.80206544368457,-0.6959423262531628,14.969379425048828
ALAB,2026-09-04,286.0,321.6499938964844,285.8399963378906,310.3999938964844,310.3999938964844,6536300.0,287.23996339157026,8.062955527306626,17.620557996961807
ALAB,2026-09-08,303.989990234375,312.239990234375,286.9700012207031,288.8500061035156,288.8500061035156,5720400.0,287.3933007927079,0.506868220932688,18.385501098632812
ALAB,2026-09-09,286.1199951171875,309.6700134277344,286.1099853515625,300.5400085449219,300.5400085449219,3146300.0,288.6453681976807,4.120849200356846,18.855912642045453
ALAB,2026-09-10,287.7250061035156,294.8699951171875,280.5299987792969,284.5299987792969,284.5299987792969,3222900.0,288.2534282530727,-1.291720794559581,18.95208740234375
ALAB,2026-09-11,292.2699890136719,297.6099853515625,286.8999938964844,291.2200012207031,291.2200012207031,2312000.0,288.53595901189465,0.9302279750503573,18.500387338491585
ALAB,2026-09-14,269.25,272.2749938964844,256.510009765625,257.0400085449219,257.0400085449219,6454400.0,285.53634468170674,-9.979933086469362,19.658216203962052
ALAB,2026-09-15,259.45001220703125,263.5580139160156,251.625,252.5399932861328,252.5399932861328,3019200.0,282.39383502498544,-10.571704490719934,19.809860229492188
ALAB,2026-09-16,255.22999572753906,271.989990234375,255.10000610351562,269.17999267578125,269.17999267578125,3609000.0,281.13537384887076,-4.2525353566913004,20.439859662737167
ALAB,2026-09-17,279.0899963378906,293.9200134277344,278.25,293.55999755859375,293.55999755859375,4180700.0,282.31867134503483,3.9817863126099695,20.789859226771764
ALAB,2026-09-18,300.0199890136719,303.95001220703125,293.4800109863281,303.25,303.25,7065900.0,284.3121312169363,6.660942922837765,20.31771741594587
ALAB,2026-09-21,309.20001220703125,343.0,308.3399963378906,340.739990234375,340.739990234375,6146000.0,289.6862130281209,17.62382015788171,22.551288059779576
ALAB,2026-09-22,335.0,369.1499938964844,335.0,363.4599914550781,363.4599914550781,5460000.0,296.7122871640216,22.495766834946963,23.540572030203684
ALAB,2026-09-23,364.30999755859375,367.8699951171875,351.3789978027344,360.4599914550781,360.4599914550781,3303500.0,302.78349709650314,19.048757581458386,23.79707227434431
ALAB,2026-09-24,350.4049987792969,367.7200012207031,348.3500061035156,360.510009765625,360.510009765625,3403700.0,308.2812602078481,16.941915159735444,23.7010007585798
ALAB,2026-09-25,366.0,377.8699951171875,356.1969909667969,364.6199951171875,364.6199951171875,3065400.0,313.6468540087376,16.251762278804783,22.475502014160156
ALAB,2026-09-28,356.32000732421875,367.67999267578125,342.0,351.30999755859375,351.30999755859375,4080500.0,317.23382006110484,10.74165972938359,22.50478799002511
ALAB,2026-09-29,352.17999267578125,366.70001220703125,349.0,357.8399963378906,357.8399963378906,2692400.0,321.1010749446083,11.44154419278105,22.08621542794364
ALAB,2026-09-30,359.7099914550781,363.0,343.3800048828125,355.9700012207031,355.9700012207031,3258300.0,324.4219250661411,9.724397063524659,22.05835723876953
ALAB,2026-10-01,360.5899963378906,364.8500061035156,352.0,356.4200134277344,356.4200134277344,4080100.0,327.4693620529595,8.840720607655772,22.041930062430247
ALAB,2026-10-02,348.0,363.7799987792969,342.20001220703125,350.3299865722656,350.3299865722656,4097100.0,329.64656438813154,6.274423706652388,21.10407257080078
ALAB,2026-10-05,354.20001220703125,365.2349853515625,346.32000732421875,362.3399963378906,362.3399963378906,3245900.0,332.7602245738229,8.889214990148409,21.602784293038503
ALAB,2026-10-06,376.1000061035156,391.0400085449219,371.82501220703125,380.8965148925781,380.8965148925781,643875.0,337.3446331756091,12.910204412322024,22.263499668666295
AMAT,2026-08-25,490.05999755859375,492.29998779296875,475.8800048828125,480.0400085449219,480.0400085449219,5185200.0,480.0400085449219,0.0,
AMAT,2026-08-26,479.739990234375,480.6700134277344,472.3999938964844,479.760009765625,479.760009765625,5193000.0,480.01334199451264,-0.052776080730387864,
AMAT,2026-08-27,481.5,484.9800109863281,471.0,482.3599853515625,482.3599853515625,6285600.0,480.2368318380412,0.4421055139388619,12.890004475911459
AMAT,2026-08-28,476.260009765625,477.9700012207031,460.510009765625,461.6700134277344,461.6700134277344,6524800.0,478.46856341801197,-3.5108994142216243,15.129997253417969
AMAT,2026-08-31,462.4100036621094,465.8999938964844,453.9100036621094,458.3900146484375,458.3900146484375,6174000.0,476.5563206780525,-3.811995611298924,14.501995849609376
AMAT,2026-09-01,450.7200012207031,451.45001220703125,438.8299865722656,441.8500061035156,441.8500061035156,7142500.0,473.2509573852394,-6.635158533057661,15.345001220703125
AMAT,2026-09-02,443.5,443.5,433.57000732421875,438.4599914550781,438.4599914550781,6518400.0,469.9375320585574,-6.698239331000478,14.571428571428571
AMAT,2026-09-03,432.4200134277344,437.1400146484375,426.1300048828125,435.9100036621094,435.9100036621094,5999200.0,466.6968150684195,-6.596747698352445,14.291248321533203
AMAT,2026-09-04,452.5,460.20001220703125,443.3599853515625,454.7099914550781,454.7099914550781,6009400.0,465.55521281952986,-2.3295242037502106,15.4022216796875
AMAT,2026-09-08,464.0199890136719,472.8900146484375,458.1499938964844,472.7900085449219,472.7900085449219,6304600.0,466.24424098385293,1.4039353166606983,15.680001831054687
AMAT,2026-09-09,466.6600036621094,474.0400085449219,463.7799987792969,468.8500061035156,468.8500061035156,3936600.0,466.4924090904875,0.5053880764372298,15.187275279651988
AMAT,2026-09-10,455.3999938964844,460.8599853515625,450.55999755859375,454.010009765625,454.010009765625,4837400.0,465.3036091547863,-2.4271463119909686,15.445836385091146
AMAT,2026-09-11,461.19000244140625,464.57000732421875,452.70001220703125,456.489990234375,456.489990234375,4313100.0,464.46421687665185,-1.7168656599426568,15.17077167217548
AMAT,2026-09-14,422.20001220703125,432.510009765625,419.6000061035156,424.2099914550781,424.2099914550781,8056600.0,460.6304811222162,-7.906660796395471,16.722143990652903
AMAT,2026-09-15,429.8500061035156,429.989990234375,416.760009765625,421.1700134277344,421.1700134277344,5630600.0,456.8723413417894,-7.814508492503791,16.494286673409597
AMAT,2026-09-16,429.7300109863281,430.739990234375,411.510009765625,415.3800048828125,415.3800048828125,5511000.0,452.9206902504583,-8.288578149716752,17.27714102608817
AMAT,2026-09-17,427.5799865722656,428.5400085449219,413.55999755859375,417.3999938964844,417.3999938964844,6929300.0,449.5377667881751,-7.149070726872697,17.34856959751674
AMAT,2026-09-18,421.69000244140625,445.0,420.0,444.57000732421875,444.57000732421875,14302900.0,449.06464683922684,-1.000889191933485,17.759286063058035
AMAT,2026-09-21,455.95001220703125,468.510009765625,452.6600036621094,464.239990234375,464.239990234375,9491100.0,450.50991763876476,3.0476737709955293,18.612858363560267
AMAT,2026-09-22,457.8999938964844,472.489990234375,453.3399963378906,472.4599914550781,472.4599914550781,5807700.0,452.600400859366,4.387886214418746,18.583570207868302
AMAT,2026-09-23,471.2300109863281,474.8999938964844,461.0,474.3800048828125,474.3800048828125,4585600.0,454.67464886159905,4.333946497908148,18.867141723632812
AMAT,2026-09-24,463.7900085449219,474.79998779296875,460.54998779296875,474.25,474.25,4159900.0,456.5389680176373,3.879412979633856,19.004285539899552
AMAT,2026-09-25,478.8900146484375,487.67999267578125,476.3599853515625,485.0,485.0,5201600.0,459.249542492148,5.607073088873515,18.228570120675222
AMAT,2026-09-28,482.20001220703125,487.45001220703125,471.3800048828125,486.760009765625,486.760009765625,6092100.0,461.8695869943839,5.389058615704823,18.077854701450892
AMAT,2026-09-29,504.7099914550781,513.280029296875,499.1700134277344,512.010009765625,512.010009765625,7161200.0,466.64486535354973,9.721556536940511,19.239283970424108
AMAT,2026-09-30,513.8200073242188,515.4199829101562,506.7799987792969,511.3800048828125,511.3800048828125,6265900.0,470.90535483252717,8.59507109760511,18.549996512276785
AMAT,2026-10-01,516.6500244140625,533.8800048828125,515.510009765625,529.2999877929688,529.2999877929688,6079500.0,476.46674844780733,11.088547000871941,19.309282575334823
AMAT,2026-10-02,543.2100219726562,547.25,535.0999755859375,540.0399780273438,540.0399780273438,6074600.0,482.52134174109653,11.920433628635152,17.956427437918528
AMAT,2026-10-05,540.989990234375,545.8099975585938,533.5900268554688,542.280029296875,542.280029296875,4644000.0,488.2126453178373,11.074556240516586,17.884283883231028
AMAT,2026-10-06,546.0,546.0,534.010009765625,537.0750122070312,537.0750122070312,343666.0,492.86620406918917,8.96973819118585,17.367141723632812
ASTS,2026-08-25,63.279998779296875,64.2300033569336,60.900001525878906,62.0099983215332,62.0099983215332,8912000.0,62.0099983215332,0.0,
ASTS,2026-08-26,60.935001373291016,62.0099983215332,59.43000030517578,59.880001068115234,59.880001068115234,7385200.0,61.8071414402553,-3.117989810292232,
ASTS,2026-08-27,60.54999923706055,61.630001068115234,59.95000076293945,61.439998626708984,61.439998626708984,6600800.0,61.77217545801279,-0.537745075093865,2.553333282470703
ASTS,2026-08-28,61.04999923706055,61.189998626708984,57.55400085449219,58.04999923706055,58.04999923706055,9448000.0,61.41768248458877,-5.483247024785176,2.8864994049072266
ASTS,2026-08-31,57.439998626708984,59.400001525878906,56.5,59.099998474121094,59.099998474121094,8462700.0,61.196950674068034,-3.426563214097389,2.8891998291015626
ASTS,2026-09-01,57.36000061035156,58.5,55.70000076293945,55.79999923706055,55.79999923706055,8625700.0,60.68295529911494,-8.04666819205756,2.974332809448242
ASTS,2026-09-02,58.439998626708984,63.22999954223633,58.0,62.400001525878906,62.400001525878906,19809700.0,60.84648351118769,2.553176330075946,3.610856737409319
ASTS,2026-09-03,62.90999984741211,63.95000076293945,61.06999969482422,62.130001068115234,62.130001068115234,7743600.0,60.968723278514126,1.904710689604272,3.5194997787475586
ASTS,2026-09-04,63.400001525878906,65.76000213623047,61.66999816894531,62.310001373291016,62.310001373291016,10248800.0,61.09646404944526,1.9862644143589847,3.582889133029514
ASTS,2026-09-08,63.15999984741211,67.19999694824219,63.150001525878906,66.12000274658203,66.12000274658203,12118800.0,61.57489630631543,7.381427680618646,3.7135997772216798
ASTS,2026-09-09,66.56999969482422,66.72000122070312,62.41999816894531,62.41999816894531,62.41999816894531,8297800.0,61.65538219799447,1.2401447265308008,3.7669091658158735
ASTS,2026-09-10,60.70000076293945,64.52899932861328,59.8650016784668,59.90999984741211,59.90999984741211,8354200.0,61.489155307462816,-2.568185320085292,3.8416665395100913
ASTS,2026-09-11,60.4900016784668,61.34000015258789,59.20000076293945,59.86000061035156,59.86000061035156,6662700.0,61.333997717261745,-2.4032301199491846,3.71076906644381
ASTS,2026-09-14,57.43000030517578,61.09000015258789,57.27000045776367,60.0,60.0,6886500.0,61.20695031561777,-1.9719170933922503,3.718571254185268
ASTS,2026-09-15,59.709999084472656,60.7599983215332,57.81100082397461,58.77000045776367,58.77000045776367,7195900.0,60.974859852965,-3.6160138793563945,3.691356658935547
ASTS,2026-09-16,58.88999938964844,60.369998931884766,57.470001220703125,59.27000045776367,59.27000045776367,7232800.0,60.81249229151725,-2.5364719905892508,3.7142137799944197
ASTS,2026-09-17,61.849998474121094,63.70000076293945,61.150001525878906,62.709999084472656,62.709999084472656,9213000.0,60.99320722417967,2.8147263251511623,3.9056423732212613
ASTS,2026-09-18,62.8650016784668,63.09000015258789,57.83000183105469,58.52000045776367,58.52000045776367,19793600.0,60.75766372261624,-3.68293171223375,4.003785269601004
ASTS,2026-09-21,59.54499816894531,62.36000061035156,59.290000915527344,61.88999938964844,61.88999938964844,12426100.0,60.86550521471455,1.6832098432762344,4.070928028651646
ASTS,2026-09-22,61.90999984741211,65.41000366210938,60.99100112915039,63.689998626708984,63.689998626708984,10476900.0,61.13450458728545,4.180117360360547,4.143714087350028
ASTS,2026-09-23,63.5,63.78900146484375,59.91999816894531,59.97999954223633,59.97999954223633,8544400.0,61.0245517258522,-1.7116916946943506,3.889357158115932
ASTS,2026-09-24,59.209999084472656,63.20000076293945,58.31999969482422,61.060001373291016,61.060001373291016,8772000.0,61.027927882751136,0.05255543101758686,4.032214300973075
ASTS,2026-09-25,61.97999954223633,63.21500015258789,61.02000045776367,61.810001373291016,61.810001373291016,6451200.0,61.10241107232636,1.1580399014485376,3.8968568529401506
ASTS,2026-09-28,61.125,62.279998779296875,60.27000045776367,61.0,61.0,7548300.0,61.09265763686671,-0.15166738598517693,3.6911427634102956
ASTS,2026-09-29,65.0999984741211,65.47000122070312,58.58000183105469,59.400001525878906,59.400001525878906,16287700.0,60.93145229296311,-2.5133994176289587,3.8761425018310547
ASTS,2026-09-30,59.904998779296875,62.97999954223633,58.73500061035156,58.86000061035156,58.86000061035156,11902200.0,60.73417118033343,-3.0858584772928466,3.8462140219552174
ASTS,2026-10-01,59.314998626708984,60.09000015258789,56.91999816894531,57.040000915527344,57.040000915527344,12488700.0,60.38234544082809,-5.5353009243009454,3.919785635811942
ASTS,2026-10-02,56.7599983215332,59.540000915527344,55.41999816894531,58.45000076293945,58.45000076293945,15068800.0,60.19831261436251,-2.9042539159244263,3.9412144252232144
ASTS,2026-10-05,58.689998626708984,59.2599983215332,57.29499816894531,58.439998626708984,58.439998626708984,8102600.0,60.03085413934789,-2.65006309746334,3.8709289005824496
ASTS,2026-10-06,60.06399917602539,62.779998779296875,60.06399917602539,62.58000183105469,62.58000183105469,2024412.0,60.27363010998663,3.8265020986116394,3.9737862178257535
BB,2026-08-25,7.809999942779541,7.889999866485596,7.730000019073486,7.789999961853027,7.789999961853027,7728500.0,7.789999961853027,0.0,
BB,2026-08-26,7.699999809265137,7.849999904632568,7.659999847412109,7.789999961853027,7.789999961853027,6253500.0,7.789999961853027,0.0,
BB,2026-08-27,8.079999923706055,8.649999618530273,8.079999923706055,8.649999618530273,8.649999618530273,14446100.0,7.871904691060385,9.884455643289503,0.4033331871032715
BB,2026-08-28,8.600000381469727,8.829999923706055,8.079999923706055,8.15999984741211,8.15999984741211,14709000.0,7.899342324998644,3.2997370121380376,0.4899998903274536
BB,2026-08-31,8.119999885559082,8.329999923706055,8.029999732971191,8.149999618530273,8.149999618530273,7954200.0,7.923214448192133,2.8622874190902037,0.45199995040893554
BB,2026-09-01,8.029999732971191,8.09000015258789,7.75,7.829999923706055,7.829999923706055,9510300.0,7.914336874431554,-1.0656224528167724,0.4433332284291585
BB,2026-09-02,7.840000152587891,7.849999904632568,7.590000152587891,7.610000133514404,7.610000133514404,8480700.0,7.885352422915635,-3.4919465184717557,0.41714273180280415
BB,2026-09-03,7.75,7.75,7.579999923706055,7.699999809265137,7.699999809265137,8279800.0,7.867699793044159,-2.1314995257862512,0.3862498998641968
BB,2026-09-04,7.670000076293945,7.78000020980835,7.639999866485596,7.699999809265137,7.699999809265137,7886900.0,7.851728366017586,-1.9324223875234026,0.3588888380262587
BB,2026-09-08,7.710000038146973,8.010000228881836,7.53000020980835,7.869999885559082,7.869999885559082,13643100.0,7.853468510735824,0.21049775396260184,0.37099995613098147
BB,2026-09-09,7.880000114440918,7.889999866485596,7.679999828338623,7.75,7.75,5912500.0,7.8436143668562215,-1.1935105740511154,0.356363599950617
BB,2026-09-10,7.619999885559082,7.760000228881836,7.46999979019165,7.539999961853027,7.539999961853027,8852500.0,7.814698709236869,-3.5151546797210664,0.35083333651224774
BB,2026-09-11,7.619999885559082,7.730000019073486,7.599999904632568,7.670000076293945,7.670000076293945,6896800.0,7.800917887051829,-1.678235980091325,0.33846154579749477
BB,2026-09-14,7.550000190734863,7.909999847412109,7.460000038146973,7.75,7.75,9481800.0,7.796068564475465,-0.5909204632368992,0.34642856461661203
BB,2026-09-15,7.690000057220459,7.889999866485596,7.619999885559082,7.800000190734863,7.800000190734863,7920800.0,7.796443005071597,0.045625750883471206,0.35428571701049805
BB,2026-09-16,7.789999961853027,7.929999828338623,7.570000171661377,7.639999866485596,7.639999866485596,10791300.0,7.781543658539597,-1.8189680385416684,0.3664285455431257
BB,2026-09-17,7.840000152587891,8.1899995803833,7.730000019073486,7.940000057220459,7.940000057220459,12779900.0,7.796634744128251,1.8388101764056364,0.3442856924874442
BB,2026-09-18,8.0600004196167,8.109999656677246,7.800000190734863,7.989999771118164,7.989999771118164,13748100.0,7.815050460984432,2.2386203519368486,0.3128570829119001
BB,2026-09-21,8.199999809265137,8.539999961853027,8.130000114440918,8.529999732971191,8.529999732971191,14476400.0,7.883140867840314,8.205598199694375,0.33071422576904297
BB,2026-09-22,9.140000343322754,9.220000267028809,8.460000038146973,8.619999885559082,8.619999885559082,30094700.0,7.9533179171468635,8.382438315145091,0.35642855507986887
BB,2026-09-23,8.600000381469727,8.680000305175781,8.319999694824219,8.380000114440918,8.380000114440918,25093200.0,7.993954316889154,4.829221962604291,0.3635714735303606
BB,2026-09-24,8.420000076293945,8.800000190734863,7.929999828338623,8.729999542236328,8.729999542236328,45867700.0,8.064053862160314,8.258199801974175,0.4135714939662388
BB,2026-09-25,8.75,8.8100004196167,8.039999961853027,8.210000038146973,8.210000038146973,32315100.0,8.077953497968567,1.6346533835780663,0.4585715021405901
BB,2026-09-28,7.940000057220459,8.979999542236328,7.849999904632568,8.800000190734863,8.800000190734863,30562300.0,8.146719849660595,8.018937107570778,0.5050000463213239
BB,2026-09-29,8.859999656677246,8.920000076293945,8.329999923706055,8.720000267028809,8.720000267028809,20609900.0,8.201317984648044,6.324377171470252,0.5321429116385323
BB,2026-09-30,8.720000267028809,9.289999961853027,8.680000305175781,9.039999961853027,9.039999961853027,27971000.0,8.281192458667567,9.163022197259153,0.5549999986376081
BB,2026-10-01,8.970000267028809,9.300000190734863,8.920000076293945,9.180000305175781,9.180000305175781,20572800.0,8.366793205954064,9.719459764381577,0.5685714312962123
BB,2026-10-02,9.350000381469727,9.369999885559082,9.119999885559082,9.300000190734863,9.300000190734863,17171800.0,8.455670061647472,9.985372216887134,0.5542857306344169
BB,2026-10-05,9.300000190734863,9.329999923706055,9.0,9.079999923706055,9.079999923706055,15185300.0,8.515130048510194,6.633719884227607,0.5585714408329555
BB,2026-10-06,9.300000190734863,9.550000190734863,9.220000267028809,9.529999732971191,9.529999732971191,1530515.0,8.611784304173145,10.662313364642584,0.5664286272866386
BFLY,2026-08-25,9.079999923706055,9.65999984741211,8.831999778747559,9.039999961853027,9.039999961853027,4035800.0,9.039999961853027,0.0,
BFLY,2026-08-26,8.899999618530273,9.029999732971191,8.432000160217285,8.640000343322754,8.640000343322754,3898300.0,9.00190476008824,-4.020309327977579,
BFLY,2026-08-27,8.699999809265137,9.180000305175781,8.600000381469727,8.720000267028809,8.720000267028809,4293300.0,8.975056713130199,-2.8418365950629743,0.6719999313354492
BFLY,2026-08-28,8.75,8.84000015258789,8.399999618530273,8.430000305175781,8.430000305175781,3860000.0,8.923146579039301,-5.5265961339459935,0.6140000820159912
BFLY,2026-08-31,8.34000015258789,8.34000015258789,7.789999961853027,7.889999866485596,7.889999866485596,5703400.0,8.824751654034186,-10.592386326489688,0.6192001342773438
BFLY,2026-09-01,8.0,8.1899995803833,7.800000190734863,8.180000305175781,8.180000305175781,5611200.0,8.76334676366672,-6.656662964765037,0.581000010172526
BFLY,2026-09-02,8.279999732971191,8.498000144958496,7.46999979019165,7.599999904632568,7.599999904632568,5349100.0,8.652551824711086,-12.164641615580996,0.6448572022574288
BFLY,2026-09-03,7.690000057220459,7.760000228881836,7.230000019073486,7.289999961853027,7.289999961853027,3931400.0,8.522784980629366,-14.464579613098527,0.630500078201294
BFLY,2026-09-04,7.28000020980835,7.440000057220459,7.239999771118164,7.360000133514404,7.360000133514404,3049700.0,8.412043566618417,-12.50639544092288,0.5826667679680718
BFLY,2026-09-08,7.300000190734863,7.605000019073486,7.21999979019165,7.519999980926514,7.519999980926514,3505000.0,8.327087034647759,-9.692309571919655,0.5629001140594483
BFLY,2026-09-09,7.510000228881836,7.795000076293945,7.409999847412109,7.460000038146973,7.460000038146973,4120600.0,8.244507320695304,-9.515514415022308,0.5467273972251199
BFLY,2026-09-10,7.199999809265137,7.485000133514404,7.059999942779541,7.119999885559082,7.119999885559082,3164700.0,8.137411374491855,-12.502888721123618,0.5365834633509318
BFLY,2026-09-11,7.21999979019165,7.389999866485596,7.159999847412109,7.329999923706055,7.329999923706055,3417900.0,8.060515045845587,-9.062883922238218,0.5160770416259766
BFLY,2026-09-14,7.260000228881836,7.539999961853027,7.260000228881836,7.409999847412109,7.409999847412109,3074800.0,7.998561217423352,-7.358340506654781,0.4992143767220633
BFLY,2026-09-15,7.389999866485596,8.140000343322754,7.300000190734863,7.800000190734863,7.800000190734863,7106100.0,7.979650643453019,-2.2513573682019783,0.5000715255737305
BFLY,2026-09-16,7.610000133514404,7.631999969482422,7.019999980926514,7.260000228881836,7.260000228881836,5162500.0,7.911112508731954,-8.23035039801857,0.512357269014631
BFLY,2026-09-17,7.46999979019165,8.149999618530273,7.360000133514404,7.960000038146973,7.960000038146973,5929900.0,7.915768463914336,0.5587780192697123,0.5345000880105155
BFLY,2026-09-18,8.079999923706055,8.14900016784668,7.670000076293945,7.880000114440918,7.880000114440918,5549300.0,7.912361954440677,-0.40900353378799936,0.5372857706887382
BFLY,2026-09-21,8.0,8.164999961853027,7.828999996185303,8.140000343322754,8.140000343322754,4188200.0,7.934041801000875,2.5958842603513554,0.5155714579990932
BFLY,2026-09-22,8.850000381469727,10.0,8.35099983215332,9.930000305175781,9.930000305175781,19819000.0,8.12413308711277,22.22842977458899,0.6205714770725795
BFLY,2026-09-23,9.899999618530273,10.050000190734863,9.149999618530273,9.199999809265137,9.199999809265137,7786000.0,8.226596584460616,11.83239283476234,0.6114286354609898
BFLY,2026-09-24,9.119999885559082,9.5,8.84000015258789,9.40999984741211,9.40999984741211,5298800.0,8.339301657122663,12.839182875402466,0.6207143238612584
BFLY,2026-09-25,9.300000190734863,9.630000114440918,9.119999885559082,9.390000343322754,9.390000343322754,3747300.0,8.439368198665528,11.264257255745092,0.6428571769169399
BFLY,2026-09-28,9.279999732971191,9.489999771118164,8.989999771118164,9.149999618530273,9.149999618530273,3870900.0,8.50704738150979,7.557877700528048,0.651071446282523
BFLY,2026-09-29,9.6899995803833,9.949999809265137,9.039999961853027,9.100000381469727,9.100000381469727,6691500.0,8.563519095791687,6.264729250638079,0.6885714190346854
BFLY,2026-09-30,9.010000228881836,9.260000228881836,8.850000381469727,8.960000038146973,8.960000038146973,4562300.0,8.60127918553981,4.170552366329794,0.687499965940203
BFLY,2026-10-01,8.960000038146973,8.960000038146973,8.479999542236328,8.529999732971191,8.529999732971191,5536100.0,8.59449066624756,-0.7503752785448792,0.7025000027247837
BFLY,2026-10-02,8.779999732971191,8.949999809265137,8.645000457763672,8.949999809265137,8.949999809265137,4489300.0,8.628348679868283,3.727841112255148,0.7125000272478376
BFLY,2026-10-05,8.859999656677246,9.53499984741211,8.65999984741211,9.380000114440918,9.380000114440918,5226900.0,8.699934530779963,7.81690461295903,0.7150000163487026
BFLY,2026-10-06,8.859999656677246,9.880000114440918,9.529999732971191,9.869999885559082,9.869999885559082,292914.0,8.811369326473212,12.014370523606143,0.6950000013623919
BKSY,2026-08-25,26.06999969482422,26.479999542236328,25.0,25.209999084472656,25.209999084472656,615400.0,25.209999084472656,0.0,
BKSY,2026-08-26,24.940000534057617,25.700000762939453,24.420000076293945,24.68000030517578,24.68000030517578,580400.0,25.159523010253906,-1.9059292375403603,
BKSY,2026-08-27,25.290000915527344,25.540000915527344,24.56999969482422,24.760000228881836,24.760000228881836,711000.0,25.121473221551803,-1.4389004557258889,1.2433338165283203
BKSY,2026-08-28,24.440000534057617,24.440000534057617,23.440000534057617,23.700000762939453,23.700000762939453,725800.0,24.986094892160153,-5.147239433658902,1.262500286102295
BKSY,2026-08-31,23.5,24.0,23.030000686645508,23.100000381469727,23.100000381469727,776300.0,24.80646684352297,-6.879119355519203,1.2040000915527345
BKSY,2026-09-01,23.024999618530273,23.100000381469727,21.309999465942383,21.450000762939453,21.450000762939453,858100.0,24.48680340727692,-12.401792891574404,1.3016668955485027
BKSY,2026-09-02,21.610000610351562,22.0,21.219999313354492,21.760000228881836,21.760000228881836,558300.0,24.227107866477386,-10.183252789365104,1.2271431514195033
BKSY,2026-09-03,22.0,22.11400032043457,20.149999618530273,20.6299991607666,20.6299991607666,1423800.0,23.88452608498112,-13.626089597235103,1.3192503452301025
BKSY,2026-09-04,21.1200008392334,21.260000228881836,20.381000518798828,20.5,20.5,897200.0,23.56219026736387,-12.996203802009564,1.2703336079915364
BKSY,2026-09-08,20.700000762939453,22.350000381469727,20.40999984741211,22.079999923706055,22.079999923706055,1212100.0,23.421029282253603,-5.72574903684383,1.3373003005981445
BKSY,2026-09-09,22.0,22.479999542236328,21.18000030517578,21.610000610351562,21.610000610351562,1211900.0,23.248550361120074,-7.0479652508087405,1.3339092948219993
BKSY,2026-09-10,20.989999771118164,22.049999237060547,20.739999771118164,20.75,20.75,647700.0,23.01059318387054,-9.824141280526055,1.3319168090820312
BKSY,2026-09-11,21.0,21.360000610351562,20.450000762939453,20.610000610351562,20.610000610351562,929700.0,22.781965319725874,-9.533702114337373,1.299461658184345
BKSY,2026-09-14,20.0,21.360000610351562,20.0,20.799999237060547,20.799999237060547,944200.0,22.59320664518632,-7.9369318233002195,1.3037858690534319
BKSY,2026-09-15,20.600000381469727,21.700000762939453,20.219999313354492,21.3799991607666,21.3799991607666,1065200.0,22.477663075241587,-4.883354247283944,1.30378600529262
BKSY,2026-09-16,21.399999618530273,21.604999542236328,20.780000686645508,21.520000457763672,21.520000457763672,896400.0,22.38645711167226,-3.870450110021295,1.2712858745029993
BKSY,2026-09-17,22.350000381469727,23.32900047302246,22.13800048828125,22.760000228881836,22.760000228881836,1036800.0,22.4220326466446,1.5073012672997432,1.331214359828404
BKSY,2026-09-18,23.030000686645508,23.190000534057617,21.05900001525879,21.670000076293945,21.670000076293945,1935100.0,22.350410497087392,-3.044286013816677,1.3891429901123047
BKSY,2026-09-21,22.309999465942383,23.360000610351562,22.274999618530273,23.170000076293945,23.170000076293945,921300.0,22.428466647488015,3.306215446917249,1.4405716487339564
BKSY,2026-09-22,23.170000076293945,23.520000457763672,22.31999969482422,23.190000534057617,23.190000534057617,744500.0,22.50099368430417,3.0621174309918286,1.3984287806919642
BKSY,2026-09-23,23.139999389648438,23.200000762939453,22.1299991607666,22.25,22.25,533700.0,22.47708952389425,-1.01031551995574,1.4191431318010603
BKSY,2026-09-24,22.030000686645508,23.690000534057617,22.030000686645508,23.170000076293945,23.170000076293945,923100.0,22.543081005075173,2.7809822050394617,1.3974287850516183
BKSY,2026-09-25,23.3700008392334,23.719999313354492,22.90999984741211,23.25,23.25,780400.0,22.610406623639445,2.8287566296656186,1.3925001961844308
BKSY,2026-09-28,22.760000228881836,23.690000534057617,22.700000762939453,22.950000762939453,22.950000762939453,594400.0,22.6427489226204,1.3569546761705409,1.3246429988316126
BKSY,2026-09-29,23.440000534057617,23.670000076293945,21.809999465942383,21.889999389648438,21.889999389648438,807300.0,22.571058490908783,-3.0173999218276126,1.3646430969238281
BKSY,2026-09-30,22.100000381469727,22.989999771118164,21.299999237060547,21.309999465942383,21.309999465942383,1127800.0,22.45095763138817,-5.082002220923709,1.3917860303606306
BKSY,2026-10-01,21.489999771118164,21.940000534057617,20.809999465942383,21.149999618530273,21.149999618530273,998700.0,22.327056868258847,-5.271887184566326,1.4075004032679967
BKSY,2026-10-02,21.56999969482422,22.920000076293945,21.149999618530273,21.920000076293945,21.920000076293945,1406400.0,22.28828955473838,-1.652390047876684,1.436786106654576
BKSY,2026-10-05,21.799999237060547,21.844999313354492,21.040000915527344,21.3700008392334,21.3700008392334,933800.0,22.20083348659505,-3.742348898131742,1.3939288003104073
BKSY,2026-10-06,21.799999237060547,22.790000915527344,21.729999542236328,22.790000915527344,22.790000915527344,74231.0,22.25694467030289,2.395010874676351,1.4364288875034876
BRUN,2026-08-25,18.209999084472656,18.8799991607666,17.899999618530273,18.690000534057617,18.690000534057617,1397700.0,18.690000534057617,0.0,
BRUN,2026-08-26,18.1200008392334,18.770000457763672,17.889999389648438,18.190000534057617,18.190000534057617,1417500.0,18.64238148643857,-2.426626408809618,
BRUN,2026-08-27,18.899999618530273,20.81999969482422,18.833999633789062,20.610000610351562,20.610000610351562,2850000.0,18.829773783954092,9.454318712604515,1.4966665903727214
BRUN,2026-08-28,20.200000762939453,20.90999984741211,16.70599937438965,17.049999237060547,17.049999237060547,3643600.0,18.660271446154706,-8.629414709966532,2.1735000610351562
BRUN,2026-08-31,16.774999618530273,17.655000686645508,16.280000686645508,17.43000030517578,17.43000030517578,2425400.0,18.543102766061477,-6.002784296288066,2.013800048828125
BRUN,2026-09-01,16.799999237060547,17.43000030517578,16.4689998626709,16.81999969482422,16.81999969482422,1737300.0,18.37899771165793,-8.482497475065397,1.8383334477742512
BRUN,2026-09-02,16.549999237060547,16.860000610351562,15.579999923706055,16.549999237060547,16.549999237060547,2651300.0,18.204807380743894,-9.089951401703477,1.7585716247558594
BRUN,2026-09-03,16.56999969482422,17.260000228881836,15.5600004196167,16.940000534057617,16.940000534057617,2256600.0,18.084349585821393,-6.3278419073527274,1.751250147819519
BRUN,2026-09-04,17.049999237060547,17.719999313354492,16.851999282836914,17.639999389648438,17.639999389648438,1440400.0,18.04203051951921,-2.2283031249494045,1.6531112458970811
BRUN,2026-09-08,18.350000381469727,19.3700008392334,17.75,18.81999969482422,18.81999969482422,2062500.0,18.11612282192921,3.885361563363765,1.6608002662658692
BRUN,2026-09-09,18.670000076293945,19.2549991607666,17.184999465942383,17.360000610351562,17.360000610351562,1867200.0,18.04411118273134,-3.791323193765772,1.6980002143166282
BRUN,2026-09-10,16.899999618530273,17.43000030517578,16.329999923706055,16.459999084472656,16.459999084472656,1142200.0,17.89324336384956,-8.009974772223494,1.6481668949127197
BRUN,2026-09-11,16.559999465942383,17.25,16.510000228881836,16.6299991607666,16.6299991607666,824400.0,17.77293439212737,-6.430762676235613,1.582154127267691
BRUN,2026-09-14,15.739999771118164,15.878000259399414,14.460000038146973,14.569999694824219,14.569999694824219,2810300.0,17.467892992384215,-16.589827398321265,1.624143055507115
BRUN,2026-09-15,14.569999694824219,14.699999809265137,13.479999542236328,13.569999694824219,13.569999694824219,3002500.0,17.09666505928326,-20.627797013219894,1.6412859644208635
BRUN,2026-09-16,13.739999771118164,15.1899995803833,13.630000114440918,15.15999984741211,15.15999984741211,4212600.0,16.91222075339077,-10.360679011521023,1.6941430228097099
BRUN,2026-09-17,15.869999885559082,17.15999984741211,15.329999923706055,16.68000030517578,16.68000030517578,2763000.0,16.890104520227435,-1.2439485782934967,1.6491430827549525
BRUN,2026-09-18,17.440000534057617,17.770000457763672,16.649999618530273,17.270000457763672,17.270000457763672,5619100.0,16.926285085707075,2.030660421446151,1.4288573946271623
BRUN,2026-09-21,17.600000381469727,17.954999923706055,17.010000228881836,17.170000076293945,17.170000076293945,1321000.0,16.94949603719154,1.3009474654500863,1.3981430871146066
BRUN,2026-09-22,17.270000457763672,17.989999771118164,16.90999984741211,17.09000015258789,17.09000015258789,1798200.0,16.962877381515003,0.7494174968889267,1.4066430500575475
BRUN,2026-09-23,17.100000381469727,17.18000030517578,16.059999465942383,16.510000228881836,16.510000228881836,1241900.0,16.91974622412137,-2.4217029606235174,1.3952144895281111
BRUN,2026-09-24,16.06999969482422,17.100000381469727,15.800999641418457,16.719999313354492,16.719999313354492,1350700.0,16.90072270881024,-1.0693234755075665,1.3665716988699776
BRUN,2026-09-25,16.81999969482422,17.059999465942383,16.190000534057617,16.770000457763672,16.770000457763672,1360100.0,16.888272970615326,-0.700323313446205,1.3667144775390625
BRUN,2026-09-28,16.360000610351562,16.829999923706055,16.0,16.239999771118164,16.239999771118164,1499700.0,16.82653266590131,-3.485762078433108,1.3024286542619978
BRUN,2026-09-29,16.389999389648438,17.200000762939453,16.200000762939453,16.649999618530273,16.649999618530273,1412600.0,16.809719994723118,-0.950166785901152,1.2260001046316964
BRUN,2026-09-30,16.84000015258789,17.100000381469727,15.920000076293945,16.5,16.5,1698500.0,16.780222852368535,-1.6699590633206696,1.2317143848964147
BRUN,2026-10-01,16.350000381469727,16.510000228881836,14.920000076293945,15.890000343322754,15.890000343322754,2211200.0,16.695439756268936,-4.824307863132205,1.2888571875435966
BRUN,2026-10-02,16.420000076293945,17.459999084472656,16.100000381469727,16.510000228881836,16.510000228881836,1410000.0,16.677778848898736,-1.006000988123057,1.246000017438616
BRUN,2026-10-05,16.40999984741211,16.43000030517578,14.149999618530273,14.329999923706055,14.329999923706055,3630000.0,16.454180856023243,-12.909672933001747,1.3274286133902413
BRUN,2026-10-06,15.604999542236328,16.245800018310547,15.180000305175781,15.885000228881836,15.885000228881836,980078.0,16.39997317724787,-3.140084089164663,1.3485571997506278
BTSG,2026-08-25,59.54999923706055,60.18000030517578,56.43000030517578,57.22999954223633,57.22999954223633,2601700.0,57.22999954223633,0.0,
BTSG,2026-08-26,57.20000076293945,61.369998931884766,56.75,61.349998474121094,61.349998474121094,2551300.0,57.62238039289202,6.469045630903669,
BTSG,2026-08-27,61.41999816894531,63.13999938964844,60.529998779296875,60.900001525878906,60.900001525878906,3221600.0,57.93453478650982,5.118651164278609,3.6599998474121094
BTSG,2026-08-28,60.540000915527344,61.310001373291016,59.040000915527344,59.130001068115234,59.130001068115234,1506300.0,58.048388718091296,1.8632943547782554,3.3125
BTSG,2026-08-31,58.7599983215332,59.06999969482422,57.79999923706055,58.400001525878906,58.400001525878906,1924400.0,58.0818756521663,0.547719697651905,2.9160003662109375
BTSG,2026-09-01,58.54999923706055,59.90999984741211,58.494998931884766,59.15999984741211,59.15999984741211,1485900.0,58.18455414695162,1.6764684627416537,2.681666692097982
BTSG,2026-09-02,59.15999984741211,60.58000183105469,58.970001220703125,60.25,60.25,1767100.0,58.381263275813374,3.2009186155463443,2.528571537562779
BTSG,2026-09-03,60.720001220703125,61.474998474121094,58.97999954223633,61.43000030517578,61.43000030517578,2108600.0,58.6716191833717,4.701389121686006,2.5243749618530273
BTSG,2026-09-04,60.5099983215332,61.75,60.5099983215332,60.72999954223633,60.72999954223633,1728700.0,58.86765540802548,3.1636118702240035,2.381666819254557
BTSG,2026-09-08,60.72999954223633,63.029998779296875,60.689998626708984,62.560001373291016,62.560001373291016,3210400.0,59.21930740471743,5.641224315141957,2.3775001525878907
BTSG,2026-09-09,62.57500076293945,62.82500076293945,60.92499923706055,61.9900016784668,61.9900016784668,1297900.0,59.48318304983642,4.214331681830319,2.3340911865234375
BTSG,2026-09-10,61.33000183105469,62.6150016784668,57.68000030517578,57.880001068115234,57.880001068115234,3316700.0,59.33049905157726,-2.444776306703711,2.5508337020874023
BTSG,2026-09-11,59.04499816894531,59.900001525878906,58.07500076293945,58.72999954223633,58.72999954223633,2489900.0,59.27330862211622,-0.9166167580481055,2.5100003756009617
BTSG,2026-09-14,57.90999984741211,60.77000045776367,57.90999984741211,60.29999923706055,60.29999923706055,3449700.0,59.37108868068235,1.564584003797198,2.5350003923688615
BTSG,2026-09-15,60.29999923706055,60.529998779296875,58.275001525878906,58.84000015258789,58.84000015258789,1428900.0,59.32050882086382,-0.810021150909157,2.4282144818987166
BTSG,2026-09-16,59.349998474121094,60.0,58.790000915527344,58.959999084472656,58.959999084472656,1646700.0,59.286174560255134,-0.5501712299736394,2.184643064226423
BTSG,2026-09-17,59.5,60.0,56.560001373291016,56.599998474121094,56.599998474121094,2452300.0,59.030348266337604,-4.117119182917694,2.2439286368233815
BTSG,2026-09-18,56.23500061035156,57.5099983215332,55.63999938964844,56.779998779296875,56.779998779296875,9364200.0,58.81602926757182,-3.4616932044365445,2.215357099260603
BTSG,2026-09-21,56.790000915527344,56.959999084472656,55.349998474121094,55.86000061035156,55.86000061035156,2658700.0,58.53450272878894,-4.5691036803187535,2.235357012067522
BTSG,2026-09-22,56.099998474121094,57.04999923706055,55.814998626708984,56.54999923706055,56.54999923706055,2074800.0,58.345502396243376,-3.0773634392398885,2.215714318411691
BTSG,2026-09-23,56.040000915527344,56.78499984741211,55.52000045776367,55.779998779296875,55.779998779296875,1725800.0,58.10116871843894,-3.995048620089847,2.1910713740757535
BTSG,2026-09-24,55.540000915527344,56.41999816894531,54.869998931884766,56.02000045776367,56.02000045776367,2430500.0,57.90296221742225,-3.2519264775922263,2.1235713958740234
BTSG,2026-09-25,56.36000061035156,57.0099983215332,55.4900016784668,56.59000015258789,56.59000015258789,2080100.0,57.77791821124755,-2.0560070273151765,2.143571036202567
BTSG,2026-09-28,56.08000183105469,57.689998626708984,55.974998474121094,56.540000915527344,56.540000915527344,2030900.0,57.66002132594086,-1.9424557685857602,2.0989281790597096
BTSG,2026-09-29,56.540000915527344,56.79999923706055,55.2599983215332,55.689998626708984,55.689998626708984,1642900.0,57.472400116490206,-3.1013173039032504,2.073213849748884
BTSG,2026-09-30,55.869998931884766,56.86000061035156,55.119998931884766,56.75,56.75,2161300.0,57.4036001053959,-1.1386047289644874,1.8449995858328683
BTSG,2026-10-01,56.52000045776367,57.38999938964844,55.900001525878906,57.2599983215332,57.2599983215332,2880300.0,57.38992374502803,-0.22639065364864486,1.8071422576904297
BTSG,2026-10-02,58.22999954223633,60.43000030517578,57.95000076293945,60.25,60.25,3195600.0,57.66231195978727,4.487659187195514,1.8292852129255022
BTSG,2026-10-05,60.5,62.2599983215332,60.04999923706055,62.0,62.0,3401300.0,58.07542510647419,6.757720475279472,1.826071058000837
BTSG,2026-10-06,62.970001220703125,65.4800033569336,62.970001220703125,65.4800033569336,65.4800033569336,123358.0,58.78062303508938,11.397259804213022,1.9882142203194755
CAI,2026-08-25,26.190000534057617,28.31999969482422,25.770000457763672,28.010000228881836,28.010000228881836,6821400.0,28.010000228881836,0.0,
CAI,2026-08-26,27.700000762939453,28.09000015258789,26.260000228881836,26.81999969482422,26.81999969482422,4027900.0,27.896666844685875,-3.859483126984231,
CAI,2026-08-27,26.81999969482422,27.385000228881836,26.360000610351562,26.3799991607666,26.3799991607666,10903100.0,27.752222303360227,-4.944552286998216,1.801666259765625
CAI,2026-08-28,26.149999618530273,26.75,25.469999313354492,25.6299991607666,25.6299991607666,3834500.0,27.550105813589408,-6.969507361658445,1.6712498664855957
CAI,2026-08-31,25.350000381469727,25.559999465942383,24.479999542236328,25.489999771118164,25.489999771118164,5867500.0,27.353905238115956,-6.814037888822389,1.5669998168945312
CAI,2026-09-01,25.600000381469727,25.6200008392334,24.549999237060547,24.780000686645508,24.780000686645508,4027400.0,27.108771471309247,-8.590469646064225,1.4841667811075847
CAI,2026-09-02,25.1299991607666,25.614999771118164,24.5049991607666,24.799999237060547,24.799999237060547,5487800.0,26.8888884013808,-7.76859620650211,1.4307144709995814
CAI,2026-09-03,24.940000534057617,25.34000015258789,23.6200008392334,25.31999969482422,25.31999969482422,6431600.0,26.739470429327795,-5.308522239642799,1.4668750762939453
CAI,2026-09-04,24.8799991607666,25.139999389648438,24.472000122070312,25.06999969482422,25.06999969482422,4711200.0,26.58047321651793,-5.682643455553893,1.3981111314561632
CAI,2026-09-08,25.030000686645508,25.68000030517578,24.739999771118164,24.81999969482422,24.81999969482422,4584100.0,26.412809071594722,-6.030442928099866,1.3523000717163085
CAI,2026-09-09,24.0,24.959999084472656,23.950000762939453,24.030000686645508,24.030000686645508,3146800.0,26.185874939694795,-8.232966276720543,1.3211817307905718
CAI,2026-09-10,23.200000762939453,24.68000030517578,23.200000762939453,24.040000915527344,24.040000915527344,2629100.0,25.98150598501218,-7.472642542756458,1.3344165484110515
CAI,2026-09-11,24.15999984741211,24.670000076293945,24.09000015258789,24.34000015258789,24.34000015258789,1822900.0,25.82517209620987,-5.750869493101829,1.2802305955153246
CAI,2026-09-14,24.239999771118164,26.18000030517578,24.049999237060547,26.049999237060547,26.049999237060547,3641900.0,25.846584204862314,0.7870093416830093,1.3409284864153181
CAI,2026-09-15,25.799999237060547,28.674999237060547,25.799999237060547,28.5,28.5,8839000.0,26.099290471065903,9.198370858378556,1.364142826625279
CAI,2026-09-16,28.15999984741211,29.084999084472656,27.90999984741211,28.209999084472656,28.209999084472656,4302500.0,26.3003103390094,7.261088256554715,1.317357063293457
CAI,2026-09-17,28.594999313354492,31.360000610351562,28.530000686645508,30.920000076293945,30.920000076293945,7659600.0,26.74028079017936,15.630798041767878,1.4691429138183594
CAI,2026-09-18,30.290000915527344,30.989999771118164,29.690000534057617,29.979999542236328,29.979999542236328,14722900.0,27.048825433232402,10.836604037536745,1.4705713817051478
CAI,2026-09-21,30.229999542236328,30.709999084472656,29.969999313354492,30.649999618530273,30.649999618530273,6141700.0,27.39179440326077,11.894822103664882,1.4412856783185686
CAI,2026-09-22,31.549999237060547,32.36000061035156,31.329999923706055,31.469999313354492,31.469999313354492,5958800.0,27.780194870888746,13.282140242768214,1.4869999204363142
CAI,2026-09-23,31.1200008392334,32.88999938964844,31.100000381469727,31.649999618530273,31.649999618530273,4359700.0,28.148747703997465,12.438393179514652,1.5355712345668249
CAI,2026-09-24,31.34000015258789,32.404998779296875,30.90999984741211,32.27000045776367,32.27000045776367,5982300.0,28.541247966260915,13.064433958566134,1.5194997787475586
CAI,2026-09-25,32.650001525878906,32.77000045776367,31.584999084472656,31.979999542236328,31.979999542236328,2919200.0,28.868748116353814,10.77723014985892,1.5435713359287806
CAI,2026-09-28,31.729999542236328,32.09000015258789,30.8799991607666,31.75,31.75,3938600.0,29.14315305765345,8.944972210760671,1.5628570829119002
CAI,2026-09-29,31.639999389648438,32.32500076293945,30.81999969482422,31.549999237060547,31.549999237060547,3713800.0,29.37237650331127,7.413845908940275,1.5982144219534737
CAI,2026-09-30,31.399999618530273,32.040000915527344,30.600000381469727,30.6299991607666,30.6299991607666,2928800.0,29.492150089735585,3.8581421414474404,1.5953573499407088
CAI,2026-10-01,30.600000381469727,30.959999084472656,28.290000915527344,28.350000381469727,28.350000381469727,4406600.0,29.3833739270436,-3.516864837032163,1.7410715648106165
CAI,2026-10-02,28.719999313354492,28.969999313354492,28.06999969482422,28.299999237060547,28.299999237060547,3204200.0,29.280195385140452,-3.34764210138212,1.6532143184116908
CAI,2026-10-05,28.299999237060547,30.459999084472656,28.299999237060547,30.389999389648438,30.389999389648438,4958900.0,29.385891004617406,3.4169744414870973,1.6021428789411272
CAI,2026-10-06,30.690000534057617,32.29999923706055,30.665000915527344,31.9950008392334,31.9950008392334,208808.0,29.634377655533214,7.965826754115812,1.6546429225376673
CAT,2026-08-25,833.5700073242188,834.4500122070312,804.75,811.2899780273438,811.2899780273438,1655500.0,811.2899780273438,0.0,
CAT,2026-08-26,816.2000122070312,824.6199951171875,812.260009765625,821.9299926757812,821.9299926757812,1848200.0,812.3033127557663,1.1851090311765455,
CAT,2026-08-27,827.4199829101562,832.989990234375,807.3099975585938,817.0,817.0,1835400.0,812.7506163028363,0.5228398000476364,22.903340657552082
CAT,2026-08-28,819.010009765625,821.22998046875,799.1699829101562,800.25,800.25,1787500.0,811.5600814168519,-1.3936221945646143,22.6925048828125
CAT,2026-08-31,800.0,802.9000244140625,789.0499877929688,797.469970703125,797.469970703125,3071400.0,810.2181661107827,-1.5734274965533923,20.92401123046875
CAT,2026-09-01,788.8800048828125,790.219970703125,774.5499877929688,779.1599731445312,779.1599731445312,2946600.0,807.2602429711397,-3.480943112370405,21.256673177083332
CAT,2026-09-02,778.510009765625,793.9400024414062,771.3900146484375,792.280029296875,792.280029296875,2507600.0,805.833555954543,-1.6819263180984478,21.441432407924108
CAT,2026-09-03,796.9000244140625,803.9199829101562,781.489990234375,800.1400146484375,800.1400146484375,2351900.0,805.2913139253902,-0.6396814653125582,21.56500244140625
CAT,2026-09-04,802.3800048828125,821.0,801.0,813.9400024414062,813.9400024414062,2149500.0,806.1149985459632,0.9707056573264872,21.48666720920139
CAT,2026-09-08,823.3400268554688,830.5,817.0900268554688,822.47998046875,822.47998046875,2443200.0,807.6735682528953,1.8332173786351547,20.994000244140626
CAT,2026-09-09,815.6799926757812,827.9600219726562,813.5,815.5599975585938,815.5599975585938,1929000.0,808.4246567581998,0.8826228567800909,20.400002219460227
CAT,2026-09-10,809.75,811.9500122070312,797.5,805.0,805.0,1781900.0,808.0984989717045,-0.38343085349711314,20.205001831054688
CAT,2026-09-11,817.75,826.0,813.510009765625,818.5700073242188,818.5700073242188,1824600.0,809.0957854814678,1.170964181591061,20.266155536358173
CAT,2026-09-14,783.0499877929688,794.5599975585938,772.8599853515625,784.0,784.0,2428000.0,806.705710673709,-2.814621289186936,22.083574567522323
CAT,2026-09-15,789.489990234375,791.2000122070312,776.5,783.5399780273438,783.5399780273438,2261600.0,804.4994504216742,-2.6052811326775505,21.01214599609375
CAT,2026-09-16,797.0,798.3900146484375,774.47998046875,782.719970703125,782.719970703125,2645300.0,802.4252142580028,-2.455710912960174,21.76786150251116
CAT,2026-09-17,813.9500122070312,813.9500122070312,795.0,798.5700073242188,798.5700073242188,2429600.0,802.0580516928806,-0.4348867717616778,22.164293561662948
CAT,2026-09-18,800.7899780273438,809.489990234375,799.5700073242188,808.989990234375,808.989990234375,4786800.0,802.71823631588,0.7813144930255422,21.368578229631698
CAT,2026-09-21,827.0,827.8099975585938,805.239990234375,816.5,816.5,1867300.0,804.030785238177,1.5508379766987712,21.99143327985491
CAT,2026-09-22,806.0599975585938,812.4600219726562,802.6099853515625,808.010009765625,808.010009765625,2062600.0,804.409759002696,0.44756428208834187,21.346435546875
CAT,2026-09-23,803.969970703125,816.760009765625,798.530029296875,812.02001953125,812.02001953125,2788700.0,805.1345457197011,0.8551954264232942,21.03786359514509
CAT,2026-09-24,798.8699951171875,809.1400146484375,794.2000122070312,805.25,805.25,2197800.0,805.1455413654438,0.012973882259714742,20.70857892717634
CAT,2026-09-25,816.3400268554688,823.0,809.0499877929688,821.5800170898438,821.5800170898438,1978200.0,806.7107295296724,1.8431994289750397,20.486437116350448
CAT,2026-09-28,821.0499877929688,827.5700073242188,808.2000122070312,819.9500122070312,819.9500122070312,2174700.0,807.9716135941828,1.4825271595326983,20.687151227678573
CAT,2026-09-29,826.530029296875,829.739990234375,815.5,826.6400146484375,826.6400146484375,2313400.0,809.749556551731,2.0858866744717375,20.671434674944198
CAT,2026-09-30,828.5,831.9500122070312,810.0700073242188,810.7899780273438,810.7899780273438,1959800.0,809.8486443113131,0.11623575869921243,20.944292340959823
CAT,2026-10-01,810.5800170898438,833.6199951171875,802.4400024414062,826.3499755859375,826.3499755859375,2153800.0,811.4201996708011,1.8399561560327848,21.671434674944198
CAT,2026-10-02,840.7999877929688,858.8699951171875,836.4600219726562,845.4199829101562,845.4199829101562,2385400.0,814.6582742650255,3.7760260488219455,20.729291643415177
CAT,2026-10-05,843.1699829101562,857.8499755859375,821.77001953125,848.1400146484375,848.1400146484375,2300100.0,817.8470114443982,3.703993874176903,22.25643048967634
CAT,2026-10-06,843.1699829101562,857.9996948242188,851.7899780273438,857.3800048828125,857.3800048828125,84726.0,821.6120584385329,4.353386257774283,21.252833775111608
CCJ,2026-08-25,103.5,107.7699966430664,102.75,106.95999908447266,106.95999908447266,3717600.0,106.95999908447266,0.0,
CCJ,2026-08-26,107.05999755859375,111.54000091552734,106.91000366210938,107.36000061035156,107.36000061035156,3872800.0,106.9980944678897,0.33823606323237776,
CCJ,2026-08-27,108.12999725341797,108.97000122070312,105.13999938964844,106.33000183105469,106.33000183105469,2313900.0,106.93446659771493,-0.565266546785359,4.4933319091796875
CCJ,2026-08-28,105.73999786376953,106.47000122070312,99.52999877929688,100.01000213623047,100.01000213623047,4190900.0,106.27499379185927,-5.895076002449695,5.104999542236328
CCJ,2026-08-31,99.5999984741211,99.9000015258789,97.52999877929688,98.76000213623047,98.76000213623047,3128400.0,105.559280300847,-6.441194128302508,4.580000305175782
CCJ,2026-09-01,96.0,97.41999816894531,94.69000244140625,96.26000213623047,96.26000213623047,2210500.0,104.67363476135972,-8.037967387213673,4.4950002034505205
CCJ,2026-09-02,96.0,98.37000274658203,95.12999725341797,96.37999725341797,96.37999725341797,2526400.0,103.88376452250813,-7.22323387449475,4.315715244838169
CCJ,2026-09-03,98.98999786376953,101.52999877929688,98.69000244140625,100.62000274658203,100.62000274658203,3228900.0,103.57293006765802,-2.851060908624503,4.420001029968262
CCJ,2026-09-04,99.54000091552734,101.54000091552734,99.5199966430664,100.73999786376953,100.73999786376953,1554900.0,103.30312700062102,-2.4811728466226146,4.153334723578559
CCJ,2026-09-08,102.5,104.12000274658203,101.5,101.97000122070312,101.97000122070312,2216100.0,103.17616264062883,-1.1690310911512292,4.076001739501953
CCJ,2026-09-09,101.7699966430664,102.30000305175781,99.33999633789062,100.41000366210938,100.41000366210938,1705400.0,102.91271892838888,-2.4318813965269026,3.974547646262429
CCJ,2026-09-10,98.33000183105469,99.5999984741211,97.26000213623047,97.41999816894531,97.41999816894531,2129800.0,102.38960266558473,-4.853622210910102,3.9058354695638022
CCJ,2026-09-11,98.05000305175781,98.2699966430664,96.37000274658203,96.68000030517578,96.68000030517578,2137700.0,101.84583101221244,-5.072206349238995,3.7515399639423075
CCJ,2026-09-14,93.0999984741211,94.43000030517578,91.97000122070312,93.26000213623047,93.26000213623047,3466900.0,101.02813302402367,-7.689076948443663,3.8200013296944753
CCJ,2026-09-15,93.75,94.4000015258789,91.01000213623047,91.20999908447266,91.20999908447266,2264700.0,100.09307264882834,-8.874813540315142,3.7035729544503346
CCJ,2026-09-16,92.55000305175781,92.93000030517578,89.73999786376953,90.9000015258789,90.9000015258789,2114600.0,99.21754206569031,-8.383135045115807,3.6007161821637834
CCJ,2026-09-17,92.62000274658203,93.0999984741211,91.5999984741211,92.80000305175781,92.80000305175781,2120600.0,98.60634787388722,-5.888408755950925,3.4842872619628906
CCJ,2026-09-18,94.18000030517578,96.08999633789062,90.68000030517578,91.62000274658203,91.62000274658203,8497500.0,97.94098167128672,-6.453865191916696,3.3750010899135043
CCJ,2026-09-21,93.30000305175781,94.66000366210938,91.6500015258789,93.2300033569336,93.2300033569336,3057100.0,97.49231706991975,-4.371948314582886,3.4150009155273438
CCJ,2026-09-22,93.97000122070312,95.36000061035156,92.25,94.58999633789062,94.58999633789062,3217600.0,97.21590557163127,-2.701110706422216,3.3464295523507253
CCJ,2026-09-23,93.5999984741211,93.69000244140625,90.76000213623047,90.80000305175781,90.80000305175781,2589200.0,96.60486723640523,-6.0088734146718785,3.3885716029575894
CCJ,2026-09-24,89.5999984741211,90.4800033569336,88.04000091552734,88.12000274658203,88.12000274658203,3459600.0,95.79678490404112,-8.01361148513372,3.2178573608398438
CCJ,2026-09-25,88.69999694824219,89.31999969482422,87.79000091552734,88.06999969482422,88.06999969482422,1978300.0,95.06090059840142,-7.354128626564638,3.182856968470982
CCJ,2026-09-28,86.80000305175781,87.77999877929688,85.68000030517578,87.04000091552734,87.04000091552734,2919400.0,94.29700539050864,-7.695901311953801,3.1121422903878346
CCJ,2026-09-29,87.91000366210938,88.61000061035156,86.02999877929688,86.87999725341797,86.87999725341797,2104100.0,93.59062366316667,-7.170190930557629,3.0849990844726562
CCJ,2026-09-30,87.79000091552734,89.91999816894531,86.5999984741211,86.66999816894531,86.66999816894531,3073300.0,92.93151647324083,-6.737776958690322,3.097141810825893
CCJ,2026-10-01,86.7699966430664,87.2300033569336,83.80000305175781,85.69000244140625,85.69000244140625,4370800.0,92.24184847020896,-7.10289975478835,3.206427982875279
CCJ,2026-10-02,86.94000244140625,87.19999694824219,84.80999755859375,85.18000030517578,85.18000030517578,2889800.0,91.56929150211057,-6.977547922588789,3.0407137189592635
CCJ,2026-10-05,85.91999816894531,88.62999725341797,85.31999969482422,87.47000122070312,87.47000122070312,3026800.0,91.17888290388129,-4.067698095279349,3.044999258858817
CCJ,2026-10-06,85.91999816894531,91.68000030517578,89.4000015258789,91.41500091552734,91.41500091552734,561844.0,91.20137033356187,0.23424053957099567,3.1178561619349887
CEG,2026-08-25,274.4100036621094,279.9200134277344,272.6499938964844,278.4200134277344,278.4200134277344,2513500.0,278.4200134277344,0.0,
CEG,2026-08-26,278.20001220703125,285.260009765625,278.1099853515625,279.5199890136719,279.5199890136719,1942500.0,278.52477300734745,0.3573168718813191,
CEG,2026-08-27,280.1499938964844,283.80999755859375,279.0899963378906,282.4100036621094,282.4100036621094,1771000.0,278.89479497446763,1.2604067020912213,6.380015055338542
CEG,2026-08-28,281.5299987792969,284.19000244140625,275.989990234375,276.75,276.75,1771800.0,278.6905287864231,-0.6963023805915736,6.835014343261719
CEG,2026-08-31,274.6700134277344,279.44000244140625,274.05999755859375,274.7699890136719,274.7699890136719,2574100.0,278.31714404616105,-1.2745010892684538,6.544012451171875
CEG,2026-09-01,269.5799865722656,284.25,268.00201416015625,280.30999755859375,280.30999755859375,2411800.0,278.5069396187737,0.6474014408000439,8.161341349283854
CEG,2026-09-02,280.0,290.80999755859375,277.8800048828125,290.0400085449219,290.0400085449219,2929000.0,279.6053271355497,3.7319322619034034,8.842577253069196
CEG,2026-09-03,292.3999938964844,296.6199951171875,282.25,285.04998779296875,285.04998779296875,3137200.0,280.1238662457801,1.7585511770948026,9.533504486083984
CEG,2026-09-04,284.0400085449219,299.7300109863281,284.0400085449219,298.9599914550781,298.9599914550781,2896300.0,281.9177829323799,6.045098803428761,10.217559814453125
CEG,2026-09-08,303.99798583984375,305.79998779296875,296.6300048828125,299.04998779296875,299.04998779296875,3830600.0,283.54942149053124,5.4666189128356635,10.112802124023437
CEG,2026-09-09,296.70001220703125,298.0849914550781,292.75,293.9049987792969,293.9049987792969,2244400.0,284.5356669466042,3.292849692003963,9.766182639382102
CEG,2026-09-10,290.1600036621094,294.8399963378906,285.82000732421875,285.9700012207031,285.9700012207031,2351200.0,284.6722702108041,0.45586843036662383,9.703999837239584
CEG,2026-09-11,290.5799865722656,291.29998779296875,284.0799865722656,284.75,284.75,1719500.0,284.6796730478703,0.0247038895951901,9.512923020582933
CEG,2026-09-14,276.5150146484375,276.5150146484375,264.32000732421875,264.57000732421875,264.57000732421875,3706900.0,282.7644667884749,-6.434492873486375,10.292713710239955
CEG,2026-09-15,265.79998779296875,266.8800048828125,259.6099853515625,259.8900146484375,259.8900146484375,2957000.0,280.5859475370428,-7.375969135401206,10.292713710239955
CEG,2026-09-16,262.6000061035156,263.260009765625,254.7100067138672,259.5299987792969,259.5299987792969,2740800.0,278.58061908392415,-6.838458600340802,10.392712184361049
CEG,2026-09-17,264.8699951171875,269.3999938964844,259.32000732421875,262.79998779296875,262.79998779296875,3418600.0,277.0777018181189,-5.152963927253307,10.775568280901227
CEG,2026-09-18,260.25,262.4200134277344,254.55999755859375,254.7100067138672,254.7100067138672,6538500.0,274.94744514152353,-7.360475169078051,10.778423854282924
CEG,2026-09-21,256.3800048828125,265.8500061035156,250.5500030517578,262.1099853515625,262.1099853515625,3398800.0,273.72482992343197,-4.243255745238184,11.486995152064733
CEG,2026-09-22,263.6600036621094,266.2749938964844,259.6099853515625,263.4599914550781,263.4599914550781,2482300.0,272.7472262597792,-3.4050703033934537,10.802496773856026
CEG,2026-09-23,261.9200134277344,264.2300109863281,258.1099853515625,263.8800048828125,263.8800048828125,2983100.0,271.9027289857824,-2.950586091171381,10.316070556640625
CEG,2026-09-24,261.70001220703125,263.8299865722656,258.5,261.6199951171875,261.6199951171875,1685900.0,270.92342099829716,-3.433968848772262,9.673928397042411
CEG,2026-09-25,262.0,266.3800048828125,260.42999267578125,263.2699890136719,263.2699890136719,1928800.0,270.19452271404714,-2.562795733540335,8.978214808872767
CEG,2026-09-28,261.75,262.6600036621094,257.3800048828125,260.42999267578125,260.42999267578125,2124900.0,269.26456747230753,-3.281001610965717,8.743929181780134
CEG,2026-09-29,261.7250061035156,270.114990234375,261.2200012207031,264.5799865722656,264.5799865722656,1879900.0,268.8184169103988,-1.5766889734887157,8.985715593610491
CEG,2026-09-30,261.7349853515625,263.7099914550781,247.1999969482422,254.02000427246094,254.02000427246094,4445800.0,267.40904427821425,-5.0069510707436145,9.582858494349889
CEG,2026-10-01,261.510009765625,271.0,256.239990234375,258.9200134277344,258.9200134277344,4212100.0,266.6005651495971,-2.8809210203860514,10.280000959123884
CEG,2026-10-02,263.7900085449219,265.69000244140625,249.0500030517578,257.489990234375,257.489990234375,3670500.0,265.7328913481474,-3.101949883566746,10.00928715297154
CEG,2026-10-05,259.510009765625,271.19000244140625,257.70001220703125,267.6199951171875,267.6199951171875,3520100.0,265.9126155166274,0.6420829629474101,10.468572344098773
CEG,2026-10-06,291.1099853515625,307.4200134277344,291.1099853515625,300.5050048828125,300.5050048828125,2172246.0,269.2071287895974,11.625946249616748,12.700716291155134
CRDO,2026-08-25,229.05999755859375,232.0,223.00999450683594,226.50999450683594,226.50999450683594,2639100.0,226.50999450683594,0.0,
CRDO,2026-08-26,223.0,226.72000122070312,219.73899841308594,226.49000549316406,226.49000549316406,2283300.0,226.50809079124812,-0.007984393855819949,
CRDO,2026-08-27,239.14999389648438,244.4600067138672,233.77999877929688,240.24000549316406,240.24000549316406,4227700.0,227.8158921914306,5.453576211133515,11.313669840494791
CRDO,2026-08-28,238.57000732421875,240.49000549316406,228.60000610351562,232.75,232.75,3518200.0,228.28580722081816,1.9555279557365024,11.457752227783203
CRDO,2026-08-31,232.0,238.39500427246094,222.91000366210938,226.19000244140625,226.19000244140625,4270300.0,228.08620676563606,-0.8313542283502562,12.263201904296874
CRDO,2026-09-01,220.0,221.74000549316406,206.11500549316406,206.6300048828125,206.6300048828125,9513700.0,226.0427589672719,-8.588089339004279,13.565167744954428
CRDO,2026-09-02,188.63499450683594,190.57000732421875,161.9499969482422,165.22000122070312,165.22000122070312,30111800.0,220.2501153723606,-24.985282781179087,18.010144914899552
CRDO,2026-09-03,168.5,171.1300048828125,164.11000061035156,164.1699981689453,164.1699981689453,13770300.0,214.90915182917817,-23.609582574018617,16.636377334594727
CRDO,2026-09-04,162.10000610351562,172.0500030517578,160.75,170.57000732421875,170.57000732421875,10756500.0,210.68637616203918,-19.04079873060557,16.043446858723957
CRDO,2026-09-08,170.5449981689453,178.0,167.22000122070312,167.75,167.75,10394700.0,206.5971974799402,-18.80335162034912,15.51710205078125
CRDO,2026-09-09,165.02000427246094,173.24000549316406,164.18800354003906,167.9199981689453,167.9199981689453,6972200.0,202.91365468841687,-17.245589791976247,14.929365678267045
CRDO,2026-09-10,162.35000610351562,165.67999267578125,159.1999969482422,160.30999755859375,160.30999755859375,6901300.0,198.8561635331956,-19.383943293347926,14.411918640136719
CRDO,2026-09-11,162.8800048828125,164.8000030517578,160.44000244140625,162.9499969482422,162.9499969482422,5889800.0,195.4365286203429,-16.622548456746998,13.648694551908052
CRDO,2026-09-14,153.6909942626953,154.11000061035156,149.13999938964844,150.08999633789062,150.08999633789062,10698800.0,191.11781126010933,-21.467290071871048,13.660216195242745
CRDO,2026-09-15,153.0,154.74000549316406,149.6999969482422,150.38999938964844,150.38999938964844,6494300.0,187.23897203435115,-19.680183160769726,13.378073556082589
CRDO,2026-09-16,153.10000610351562,164.5500030517578,152.72000122070312,161.49000549316406,161.49000549316406,8978500.0,184.78668950661904,-12.607338805439493,13.89085933140346
CRDO,2026-09-17,168.64999389648438,169.8000030517578,163.52000427246094,168.25,168.25,8903300.0,183.21176669646485,-8.166378702767862,13.200859069824219
CRDO,2026-09-18,171.11000061035156,175.97999572753906,170.1929931640625,175.88999938964844,175.88999938964844,13345500.0,182.5144555243871,-3.629551487144278,12.90371595110212
CRDO,2026-09-21,180.91000366210938,188.75999450683594,176.49000549316406,187.27000427246094,187.27000427246094,11146500.0,182.96736492896557,2.351588407673577,12.716929844447545
CRDO,2026-09-22,183.67999267578125,194.0,183.1699981689453,192.55999755859375,192.55999755859375,8199200.0,183.88094898893016,4.719928093358972,12.056573050362724
CRDO,2026-09-23,191.5,196.14999389648438,189.25999450683594,193.8699951171875,193.8699951171875,7813400.0,184.83228671543085,4.889680565209464,9.357286725725446
CRDO,2026-09-24,188.91000366210938,196.4250030517578,187.0,195.97000122070312,195.97000122070312,5788700.0,185.8930214302187,5.420848890912855,9.52907235281808
CRDO,2026-09-25,201.58999633789062,214.8699951171875,198.0,210.97000122070312,210.97000122070312,11753100.0,188.28130521978866,12.050424217332134,10.07192884172712
CRDO,2026-09-28,206.11500549316406,208.10499572753906,189.43899536132812,192.6699981689453,192.6699981689453,9095400.0,188.6992759768512,2.1042593680016264,10.839857918875557
CRDO,2026-09-29,194.4600067138672,199.3800048828125,189.00999450683594,192.35000610351562,192.35000610351562,6677400.0,189.04696456034304,1.747206865158768,10.93400137765067
CRDO,2026-09-30,192.55999755859375,195.55999755859375,186.80999755859375,194.7899932861328,194.7899932861328,6468300.0,189.59391967708493,2.7406330423980885,10.936144147600446
CRDO,2026-10-01,197.1300048828125,211.04800415039062,195.0,210.1699981689453,210.1699981689453,9414900.0,191.55354620011923,9.718667358617928,11.776715959821429
CRDO,2026-10-02,214.9949951171875,231.58999633789062,211.91000366210938,218.63999938964844,218.63999938964844,10666000.0,194.1332084086458,12.623698532513018,12.320287431989398
CRDO,2026-10-05,220.6999969482422,220.9600067138672,206.05999755859375,212.47999572753906,212.47999572753906,7736100.0,195.88052148663562,8.474285301530603,13.024573189871651
CRDO,2026-10-06,213.0,215.77000427246094,209.61000061035156,214.35000610351562,214.35000610351562,575635.0,197.63952002157657,8.455032718210775,12.45314461844308
CTVA,2026-08-25,82.5,83.95999908447266,81.73999786376953,83.05000305175781,82.87335968017578,3098100.0,83.05000305175781,0.0,
CTVA,2026-08-26,83.11000061035156,84.5999984741211,82.62999725341797,82.87999725341797,82.70372009277344,3924500.0,83.03381202334448,-0.18524353655263726,
CTVA,2026-08-27,82.05000305175781,83.4749984741211,81.33000183105469,82.4000015258789,82.22473907470703,3942700.0,82.97344911882395,-0.691121797436467,2.1116663614908853
CTVA,2026-08-28,83.18000030517578,84.12999725341797,82.05999755859375,83.9000015258789,83.72154998779297,3130200.0,83.06169220521014,1.0092610665788815,2.1012496948242188
CTVA,2026-08-31,84.04000091552734,85.27999877929688,83.71499633789062,84.62999725341797,84.44999694824219,5751000.0,83.21105459075373,1.7052333606908832,1.994000244140625
CTVA,2026-09-01,85.48999786376953,87.83999633789062,85.29000091552734,87.7300033569336,87.7300033569336,5567300.0,83.64143066372324,4.888214681128877,2.196666717529297
CTVA,2026-09-02,88.2699966430664,90.77999877929688,88.0,89.97000122070312,89.97000122070312,8787900.0,84.2441516691499,6.796732399941807,2.318570818219866
CTVA,2026-09-03,90.23999786376953,90.87000274658203,87.95999908447266,88.62000274658203,88.62000274658203,5552700.0,84.6608993908101,4.676424871765161,2.3924999237060547
CTVA,2026-09-04,87.63999938964844,88.20999908447266,86.63999938964844,87.86000061035156,87.86000061035156,4274300.0,84.9655756974331,3.4065854190474365,2.3466669718424478
CTVA,2026-09-08,88.25,89.12999725341797,84.9800033569336,85.9000015258789,85.9000015258789,4604000.0,85.05456863347555,0.9939888074049996,2.526999664306641
CTVA,2026-09-09,86.4000015258789,86.51000213623047,84.63999938964844,84.75,84.75,4213400.0,85.02556209695408,-0.3240932375605521,2.4672726717862217
CTVA,2026-09-10,85.04000091552734,86.125,84.20999908447266,84.48999786376953,84.48999786376953,3589500.0,84.97455597950793,-0.5702390676277869,2.421250025431315
CTVA,2026-09-11,84.30000305175781,84.48999786376953,82.48500061035156,83.9000015258789,83.9000015258789,5325900.0,84.87221746011468,-1.1455055179778517,2.3892305814302883
CTVA,2026-09-14,84.38999938964844,84.79000091552734,82.36000061035156,82.54000091552734,82.54000091552734,4137400.0,84.65010159872541,-2.4927326055682375,2.3921427045549666
CTVA,2026-09-15,82.18000030517578,85.19000244140625,81.19999694824219,83.38999938964844,83.38999938964844,4869200.0,84.5300918645276,-1.3487415543169456,2.518571581159319
CTVA,2026-09-16,82.58000183105469,83.33999633789062,80.69999694824219,81.01000213623047,81.01000213623047,6479700.0,84.1948452237374,-3.7827055552434485,2.570000239780971
CTVA,2026-09-17,81.4000015258789,82.80999755859375,80.56999969482422,81.52999877929688,81.52999877929688,4905300.0,83.94105032426687,-2.872315196981723,2.5767860412597656
CTVA,2026-09-18,80.44999694824219,80.97000122070312,80.0,80.52999877929688,80.52999877929688,7608000.0,83.61618827236497,-3.6908995217712737,2.538214547293527
CTVA,2026-09-21,80.66999816894531,81.05000305175781,78.8499984741211,79.11000061035156,79.11000061035156,2881600.0,83.1870275426494,-4.901036919737967,2.5835718427385603
CTVA,2026-09-22,79.06999969482422,81.48999786376953,78.58999633789062,80.33999633789062,80.33999633789062,4089900.0,82.91588171362476,-3.1066248377249805,2.5614291599818637
CTVA,2026-09-23,79.83000183105469,82.26000213623047,79.61000061035156,80.41999816894531,80.41999816894531,5550000.0,82.67817851889338,-2.7312894289658662,2.5328581673758372
CTVA,2026-09-24,81.5250015258789,81.5250015258789,79.05500030517578,79.44999694824219,79.44999694824219,3498100.0,82.37073265502184,-3.545841602516797,2.501429421561105
CTVA,2026-09-25,78.97000122070312,78.9800033569336,77.33000183105469,78.5199966430664,78.5199966430664,4163200.0,82.00399589197846,-4.248572537247364,2.5114288330078125
CTVA,2026-09-28,78.41000366210938,78.88999938964844,77.66000366210938,77.73999786376953,77.73999786376953,3248500.0,81.59790084167285,-4.7279439031022825,2.3028575352260043
CTVA,2026-09-29,77.0,78.47000122070312,76.5,77.87000274658203,77.87000274658203,3633700.0,81.24286292785467,-4.151577209025503,2.3100002833775113
CTVA,2026-09-30,77.91000366210938,78.79499816894531,77.27999877929688,77.6500015258789,77.6500015258789,4034800.0,80.90068565147602,-4.018116903979307,2.281428745814732
CTVA,2026-10-01,14.4399995803833,14.4399995803833,11.84000015258789,12.569999694824219,12.569999694824219,88375500.0,74.39300127465205,-83.1032496613264,6.8389290400913785
CTVA,2026-10-02,12.385000228881836,13.039999961853027,11.869999885559082,11.920000076293945,11.920000076293945,78829300.0,68.4431916367132,-82.58409669209522,6.748929023742676
CTVA,2026-10-05,11.8100004196167,12.630000114440918,11.739999771118164,12.390000343322754,12.390000343322754,183186600.0,63.10479246591411,-80.36599145775627,6.527500084468296
CTVA,2026-10-06,11.8100004196167,13.369999885559082,12.899999618530273,13.220000267028809,13.220000267028809,3585908.0,58.35385987554408,-77.34511428168736,6.4053570202418735
DNA,2026-08-25,6.940000057220459,7.630000114440918,6.860000133514404,7.539999961853027,7.539999961853027,1681600.0,7.539999961853027,0.0,
DNA,2026-08-26,7.329999923706055,7.46999979019165,7.190000057220459,7.230000019073486,7.230000019073486,628200.0,7.510476157778785,-3.7344654694736357,
DNA,2026-08-27,7.340000152587891,7.429999828338623,7.170000076293945,7.260000228881836,7.260000228881836,757200.0,7.486621307407647,-3.027014045729559,0.45999987920125324
DNA,2026-08-28,7.230000019073486,7.284999847412109,6.909999847412109,6.960000038146973,6.960000038146973,1263600.0,7.436466900811393,-6.407167126803626,0.43874990940093994
DNA,2026-08-31,6.900000095367432,6.960000038146973,6.670000076293945,6.809999942779541,6.809999942779541,1209100.0,7.376803380998835,-7.683591509016841,0.4089999198913574
DNA,2026-09-01,6.659999847412109,6.985000133514404,6.619999885559082,6.929999828338623,6.929999828338623,1810600.0,7.334250661697863,-5.511821888913415,0.40166664123535156
DNA,2026-09-02,6.920000076293945,7.298999786376953,6.769999980926514,7.03000020980835,7.03000020980835,1269300.0,7.3052744281845765,-3.7681571182895945,0.4198570932660784
DNA,2026-09-03,7.159999847412109,7.21999979019165,6.760000228881836,6.949999809265137,6.949999809265137,859900.0,7.271438750192249,-4.420568638065103,0.4248749017715454
DNA,2026-09-04,6.800000190734863,6.96999979019165,6.739999771118164,6.949999809265137,6.949999809265137,656200.0,7.240825517723,-4.016471709558855,0.40322213702731663
DNA,2026-09-08,7.0,7.059999942779541,6.75,6.940000057220459,6.940000057220459,1077100.0,7.212175473865615,-3.7738324258945743,0.39389991760253906
DNA,2026-09-09,6.829999923706055,6.929999828338623,6.71999979019165,6.789999961853027,6.789999961853027,893400.0,7.171968282245369,-5.325850664146503,0.37809085845947266
DNA,2026-09-10,6.71999979019165,6.849999904632568,6.590000152587891,6.78000020980835,6.78000020980835,679200.0,7.134637989632319,-4.970648550624579,0.36824993292490643
DNA,2026-09-11,6.800000190734863,6.829999923706055,6.519999980926514,6.75,6.75,932400.0,7.098005800143527,-4.9028672269680325,0.363769164452186
DNA,2026-09-14,6.659999847412109,7.139999866485596,6.659999847412109,7.010000228881836,7.010000228881836,1028000.0,7.089624317166223,-1.1231073005038006,0.37207136835370747
DNA,2026-09-15,6.949999809265137,7.179999828338623,6.909999847412109,6.989999771118164,6.989999771118164,733300.0,7.080136265161646,-1.2730898201353202,0.3363570826394217
DNA,2026-09-16,7.099999904632568,7.390999794006348,6.949999809265137,7.059999942779541,7.059999942779541,976100.0,7.078218520172873,-0.2573893041223463,0.3428570883614676
DNA,2026-09-17,7.289999961853027,8.140000343322754,7.209000110626221,7.840000152587891,7.840000152587891,2657700.0,7.1507691518314465,9.638557561041106,0.40142856325422016
DNA,2026-09-18,7.829999923706055,7.980000019073486,7.494999885559082,7.880000114440918,7.880000114440918,1761600.0,7.220219719699015,9.137954527087523,0.4092857156481062
DNA,2026-09-21,8.050000190734863,8.12600040435791,7.670000076293945,7.980000019073486,7.980000019073486,1652100.0,7.29257974821087,9.426297614794898,0.4211428846631731
DNA,2026-09-22,7.869999885559082,9.800000190734863,7.800000190734863,9.369999885559082,9.369999885559082,3327900.0,7.490429285101176,25.092962351256176,0.537928581237793
DNA,2026-09-23,9.130000114440918,9.279999732971191,8.539999961853027,8.579999923706055,8.579999923706055,1844100.0,7.59419791734926,12.980989132567755,0.5594285896846226
DNA,2026-09-24,8.5,10.4399995803833,8.4399995803833,10.25,10.25,4022300.0,7.847131449030283,30.62097999220663,0.6694286210196358
DNA,2026-09-25,10.199999809265137,10.670000076293945,9.539999961853027,10.65999984741211,10.65999984741211,2309600.0,8.115023677447601,31.361290750601654,0.7337143421173096
DNA,2026-09-28,10.375,10.789999961853027,10.095000267028809,10.460000038146973,10.460000038146973,2120900.0,8.33835475941897,25.4444112770736,0.7612143244062152
DNA,2026-09-29,10.539999961853027,12.270000457763672,10.529999732971191,11.960000038146973,11.960000038146973,4745900.0,8.683273357393066,37.73607654495932,0.8747857638767788
DNA,2026-09-30,11.899999618530273,13.414999961853027,11.864999771118164,12.829999923706055,12.829999923706055,4647900.0,9.078199697041923,41.327579827161486,0.9669286523546491
DNA,2026-10-01,12.600000381469727,13.15999984741211,12.109999656677246,12.5,12.5,2915100.0,9.404085440180786,32.92095312736436,1.0197858129228865
DNA,2026-10-02,13.0,13.399999618530273,11.9399995803833,12.350000381469727,12.350000381469727,2040100.0,9.684648767922589,27.52140709919488,1.0897858142852783
DNA,2026-10-05,12.5,15.479999542236328,12.479999542236328,14.979999542236328,14.979999542236328,7650300.0,10.188967889285802,47.02175632517724,1.2940714699881417
DNA,2026-10-06,12.5,16.718299865722656,15.3100004196167,16.645000457763672,16.645000457763672,683600.0,10.803828133902742,54.06576494429001,1.3867357798985072
EROC,2026-08-25,13.649999618530273,13.819999694824219,12.9399995803833,12.949999809265137,12.949999809265137,1734600.0,12.949999809265137,0.0,
EROC,2026-08-26,13.0,13.880000114440918,12.899999618530273,12.989999771118164,12.989999771118164,1667300.0,12.953809329441615,0.2793806883840233,
EROC,2026-08-27,13.399999618530273,13.5,12.449999809265137,13.229999542236328,13.229999542236328,1717600.0,12.980113159231587,1.925147954715789,0.9700002670288086
EROC,2026-08-28,13.100000381469727,13.369999885559082,12.140000343322754,12.3100004196167,12.3100004196167,2098900.0,12.916292898315882,-4.694013084654003,1.0350000858306885
EROC,2026-08-31,12.15999984741211,12.220000267028809,11.569999694824219,11.800000190734863,11.800000190734863,1673400.0,12.80997930711769,-7.884314971700579,0.9760002136230469
EROC,2026-09-01,11.479999542236328,11.550000190734863,11.130000114440918,11.40999984741211,11.40999984741211,1287700.0,12.676647930002872,-9.991979658856675,0.9250001907348633
EROC,2026-09-02,11.3100004196167,11.550000190734863,10.710000038146973,11.210000038146973,11.210000038146973,1737700.0,12.536967178397548,-10.584434986294555,0.9128573281424386
EROC,2026-09-03,11.369999885559082,11.84000015258789,10.850000381469727,11.710000038146973,11.710000038146973,1870800.0,12.458208403135588,-6.005746097491027,0.9225001335144043
EROC,2026-09-04,11.680000305175781,12.350000381469727,11.600000381469727,12.329999923706055,12.329999923706055,1554100.0,12.445998071761347,-0.9320116184051153,0.9033334520128038
EROC,2026-09-08,12.699999809265137,14.0,12.5,13.739999771118164,13.739999771118164,4352500.0,12.569236328842948,9.314515310597148,0.980000114440918
EROC,2026-09-09,13.720000267028809,14.149999618530273,12.5600004196167,12.670000076293945,12.670000076293945,2534900.0,12.578832876219234,0.7247667647056977,1.0354545766657048
EROC,2026-09-10,12.680000305175781,13.289999961853027,11.819999694824219,11.869999885559082,11.869999885559082,1952700.0,12.51132497234684,-5.125956588972369,1.0716667175292969
EROC,2026-09-11,12.15999984741211,13.350000381469727,12.149999618530273,12.699999809265137,12.699999809265137,3446300.0,12.529294004434297,1.3624535011344197,1.103077008174016
EROC,2026-09-14,11.800000190734863,11.930000305175781,11.109999656677246,11.260000228881836,11.260000228881836,3547400.0,12.408408882953111,-9.255083910467999,1.137857232775007
EROC,2026-09-15,11.319999694824219,11.6899995803833,11.020000457763672,11.039999961853027,11.039999961853027,1986100.0,12.278084223800722,-10.083692531996991,1.1228571619306291
EROC,2026-09-16,11.25,12.300000190734863,11.050000190734863,12.210000038146973,12.210000038146973,3330500.0,12.271600015643221,-0.5019718489660985,1.1428571428571428
EROC,2026-09-17,12.640000343322754,13.399999618530273,12.640000343322754,12.899999618530273,12.899999618530273,2857300.0,12.331447596870559,4.610586204039824,1.1528570992606026
EROC,2026-09-18,13.0,13.380000114440918,12.350000381469727,13.09000015258789,13.09000015258789,7794300.0,12.403690697415065,5.533106814053768,1.1385713985988073
EROC,2026-09-21,13.449999809265137,13.800000190734863,13.100000381469727,13.380000114440918,13.380000114440918,2170900.0,12.496672546655624,7.068502151172162,1.1364284924098425
EROC,2026-09-22,13.569999694824219,13.569999694824219,12.680000305175781,12.829999923706055,12.829999923706055,2784100.0,12.528418011136617,2.407182712943956,1.1521427290780204
EROC,2026-09-23,12.819999694824219,13.050000190734863,12.40999984741211,12.520000457763672,12.520000457763672,1481100.0,12.527616339386812,-0.06079274314296779,1.1378570284162248
EROC,2026-09-24,12.1899995803833,12.260000228881836,11.75,12.0600004196167,12.0600004196167,1636300.0,12.483081489884896,-3.3892358277963774,1.1221427917480469
EROC,2026-09-25,12.199999809265137,13.300000190734863,12.029999732971191,12.600000381469727,12.600000381469727,2274500.0,12.494216622416785,0.8466617976124136,1.1592856815883092
EROC,2026-09-28,12.520000457763672,12.65999984741211,11.75,11.880000114440918,11.880000114440918,1582800.0,12.435719812133367,-4.468737685375002,1.1049999509538924
EROC,2026-09-29,12.449999809265137,12.680000305175781,11.899999618530273,12.140000343322754,12.140000343322754,1955000.0,12.407556053199023,-2.156393319756844,1.0485714503696986
EROC,2026-09-30,12.449999809265137,13.0,11.859999656677246,12.260000228881836,12.260000228881836,2499100.0,12.393503117549768,-1.0772005897096704,1.0250000272478377
EROC,2026-10-01,12.350000381469727,12.619999885559082,11.720000267028809,12.149999618530273,12.149999618530273,2583500.0,12.37031230811934,-1.7809792032854599,0.9835713931492397
EROC,2026-10-02,12.539999961853027,13.069999694824219,12.180000305175781,12.649999618530273,12.649999618530273,2526400.0,12.396949194825144,2.041231433059032,0.9357142448425293
EROC,2026-10-05,12.550000190734863,12.819999694824219,11.6899995803833,12.390000343322754,12.390000343322754,2288000.0,12.396287399443963,-0.050717250404275216,0.9685714585440499
EROC,2026-10-06,12.550000190734863,13.1899995803833,12.597299575805664,13.180000305175781,13.180000305175781,151639.0,12.470926723799375,5.6858130681116,0.9357142448425293
FLY,2026-08-25,23.549999237060547,23.790000915527344,22.1299991607666,22.260000228881836,22.260000228881836,2897100.0,22.260000228881836,0.0,
FLY,2026-08-26,22.15999984741211,22.875,22.079999923706055,22.260000228881836,22.260000228881836,1978900.0,22.260000228881836,0.0,
FLY,2026-08-27,22.690000534057617,22.729999542236328,21.93000030517578,22.15999984741211,22.15999984741211,1849800.0,22.25047638302758,-0.4066274090404831,1.0850003560384114
FLY,2026-08-28,21.975000381469727,22.059999465942383,20.790000915527344,21.260000228881836,21.260000228881836,2901800.0,22.156145320727983,-4.044679608631052,1.15625
FLY,2026-08-31,21.040000915527344,21.649999618530273,20.889999389648438,21.1200008392334,21.1200008392334,2166300.0,22.057464893918976,-4.25009881776589,1.077000045776367
FLY,2026-09-01,20.459999084472656,21.25,20.35300064086914,20.670000076293945,20.670000076293945,2091800.0,21.925325387478495,-5.725458067324574,1.0469999313354492
FLY,2026-09-02,20.700000762939453,21.239999771118164,20.68000030517578,21.06999969482422,21.06999969482422,2099700.0,21.8438657977019,-3.5427158820903193,0.9788570404052734
FLY,2026-09-03,21.440000534057617,21.649999618530273,20.700000762939453,21.059999465942383,21.059999465942383,1818200.0,21.769211861343848,-3.2578689569411234,0.9752497673034668
FLY,2026-09-04,21.520000457763672,21.9689998626709,21.079999923706055,21.670000076293945,21.670000076293945,1798500.0,21.759763119910524,-0.4125184778985158,0.9678887261284722
FLY,2026-09-08,22.045000076293945,23.450000762939453,21.416000366210938,22.899999618530273,22.899999618530273,3125700.0,21.868357072160023,4.717512810706781,1.0744998931884766
FLY,2026-09-09,23.239999771118164,23.299999237060547,21.760000228881836,21.809999465942383,21.809999465942383,2218000.0,21.8627992049012,-0.24150493477057555,1.116817994551225
FLY,2026-09-10,21.440000534057617,22.594999313354492,20.739999771118164,20.899999618530273,20.899999618530273,2166500.0,21.771104006199206,-4.001195288125448,1.1783331235249836
FLY,2026-09-11,21.049999237060547,21.80500030517578,20.868000030517578,21.1299991607666,21.1299991607666,1901800.0,21.71004640187229,-2.6717918072052815,1.159769058227539
FLY,2026-09-14,20.524999618530273,22.360000610351562,20.389999389648438,21.360000610351562,21.360000610351562,2087900.0,21.676708707441744,-1.4610525120054452,1.2176427841186523
FLY,2026-09-15,21.209999084472656,21.665000915527344,20.420000076293945,20.489999771118164,20.489999771118164,2859100.0,21.56368880874426,-4.979152904445117,1.187999861580985
FLY,2026-09-16,20.68000030517578,20.71500015258789,19.559999465942383,20.280000686645508,20.280000686645508,3200300.0,21.441432797115805,-5.416765388115885,1.2137141908918108
FLY,2026-09-17,20.979999542236328,22.204999923706055,20.809999465942383,21.719999313354492,21.719999313354492,2425300.0,21.467962941519488,1.17401158424566,1.2940713337489538
FLY,2026-09-18,21.854999542236328,22.0,20.481000900268555,20.969999313354492,20.969999313354492,9214700.0,21.4205378340752,-2.1033016267406945,1.3047142028808594
FLY,2026-09-21,21.559999465942383,23.020000457763672,21.559999465942383,22.825000762939453,22.825000762939453,2816400.0,21.554296208252747,5.895365556868315,1.3968571254185267
FLY,2026-09-22,22.860000610351562,23.40999984741211,22.149999618530273,23.344999313354492,23.344999313354492,2687600.0,21.724839361119578,7.457638352596874,1.422785758972168
FLY,2026-09-23,23.299999237060547,23.34000015258789,21.729999542236328,21.899999618530273,21.899999618530273,2079500.0,21.74152129039679,0.7289201432444603,1.4974286215645927
FLY,2026-09-24,21.600000381469727,23.299999237060547,21.350000381469727,23.09000015258789,23.09000015258789,2649300.0,21.869947848700704,5.57867038516815,1.568857192993164
FLY,2026-09-25,23.309999465942383,25.579999923706055,23.299999237060547,24.360000610351562,24.360000610351562,5289900.0,22.10709573076269,10.190867706126983,1.681785719735282
FLY,2026-09-28,23.950000762939453,25.100000381469727,23.75,24.110000610351562,24.110000610351562,3498800.0,22.297848576437822,8.127026370735368,1.6329285757882255
FLY,2026-09-29,24.68000030517578,25.170000076293945,22.610000610351562,22.860000610351562,22.860000610351562,3044200.0,22.35138686538199,2.275535509419857,1.7057857513427734
FLY,2026-09-30,23.899999618530273,24.7450008392334,23.139999389648438,23.149999618530273,23.149999618530273,4314600.0,22.427445222824684,3.2217418815507326,1.7079286575317383
FLY,2026-10-01,23.350000381469727,24.367000579833984,22.760000228881836,22.850000381469727,22.850000381469727,3902200.0,22.467688571267068,1.7016072169149687,1.7557858058384486
FLY,2026-10-02,23.15999984741211,24.040000915527344,22.420000076293945,23.31999969482422,23.31999969482422,4702600.0,22.54886105922489,3.4198562560384893,1.7307857785906111
FLY,2026-10-05,23.260000228881836,23.260000228881836,22.03499984741211,22.59000015258789,22.59000015258789,3591000.0,22.552779068116603,0.16503990199552288,1.733642850603376
FLY,2026-10-06,23.190000534057617,24.010000228881836,23.190000534057617,23.915000915527344,23.915000915527344,299789.0,22.68251448215572,5.433641117439669,1.7525713784354073
FRSH,2026-08-25,13.0600004196167,13.229999542236328,12.774999618530273,12.859999656677246,12.859999656677246,3312600.0,12.859999656677246,0.0,
FRSH,2026-08-26,12.600000381469727,12.979999542236328,12.569999694824219,12.90999984741211,12.90999984741211,2826600.0,12.864761579604377,0.3516448208372047,
FRSH,2026-08-27,13.229999542236328,13.699999809265137,13.140000343322754,13.6899995803833,13.6899995803833,5956300.0,12.943355674916656,5.768549703950332,0.5516665776570638
FRSH,2026-08-28,13.569999694824219,13.989999771118164,13.569999694824219,13.859999656677246,13.859999656677246,4010100.0,13.030655101750998,6.364565315022452,0.5187499523162842
FRSH,2026-08-31,13.710000038146973,13.954999923706055,13.614999771118164,13.920000076293945,13.920000076293945,4367900.0,13.11535462313604,6.135140652151905,0.4829999923706055
FRSH,2026-09-01,13.779999732971191,13.9399995803833,13.404999732971191,13.460000038146973,13.460000038146973,3729900.0,13.148177995994224,2.371598880451331,0.49166663487752277
FRSH,2026-09-02,13.399999618530273,13.470000267028809,13.170000076293945,13.1899995803833,13.1899995803833,2921800.0,13.152161004031278,0.2876985488576844,0.4642857142857143
FRSH,2026-09-03,13.529999732971191,13.675000190734863,13.3100004196167,13.359999656677246,13.359999656677246,3522600.0,13.171955161426132,1.4276126280918344,0.4668750762939453
FRSH,2026-09-04,13.01200008392334,13.109999656677246,12.609999656677246,12.729999542236328,12.729999542236328,3601700.0,13.129864150074722,-3.045458835429904,0.4983334011501736
FRSH,2026-09-08,12.600000381469727,12.600000381469727,12.005000114440918,12.100000381469727,12.100000381469727,4682100.0,13.031781886398054,-7.150069829674455,0.5210000038146972
FRSH,2026-09-09,12.09000015258789,12.119999885559082,11.859999656677246,11.930000305175781,11.930000305175781,3131000.0,12.926850307234028,-7.711468597268412,0.4972727515480735
FRSH,2026-09-10,11.899999618530273,11.930000305175781,11.704000473022461,11.869999885559082,11.869999885559082,5047100.0,12.826197886122129,-7.455038578483553,0.47466667493184406
FRSH,2026-09-11,11.869999885559082,12.039999961853027,11.744999885559082,11.890000343322754,11.890000343322754,3016000.0,12.737036215379332,-6.650180291030539,0.4608461673443134
FRSH,2026-09-14,12.489999771118164,12.710000038146973,12.173999786376953,12.640000343322754,12.640000343322754,4723400.0,12.727794703754896,-0.689784542221139,0.4864999907357352
FRSH,2026-09-15,12.399999618530273,12.824999809265137,12.260000228881836,12.65999984741211,12.65999984741211,2995900.0,12.72133805076987,-0.4821678593318057,0.4943571090698242
FRSH,2026-09-16,12.420000076293945,12.75,12.369999885559082,12.729999542236328,12.729999542236328,3953300.0,12.722162954719057,0.06159791809901005,0.4922142710004534
FRSH,2026-09-17,12.579999923706055,12.835000038146973,12.350000381469727,12.720000267028809,12.720000267028809,4522000.0,12.721956984462842,-0.015380632369876857,0.470428534916469
FRSH,2026-09-18,12.75,12.75,12.234999656677246,12.25,12.25,5502800.0,12.677008700228285,-3.368371122286884,0.47721426827566965
FRSH,2026-09-21,12.270000457763672,12.46500015258789,12.149999618530273,12.449999809265137,12.449999809265137,3072200.0,12.655388805850842,-1.6229370723936154,0.47542858123779297
FRSH,2026-09-22,12.625,12.770000457763672,12.135000228881836,12.420000076293945,12.420000076293945,6760400.0,12.632970831607329,-1.6858327162486364,0.48257146562848774
FRSH,2026-09-23,12.460000038146973,12.904999732971191,12.350000381469727,12.869999885559082,12.869999885559082,6236700.0,12.65554502722178,1.6945525291563124,0.5007856913975307
FRSH,2026-09-24,12.864999771118164,13.045000076293945,12.729999542236328,12.8100004196167,12.8100004196167,5974400.0,12.670255064592725,1.1029403458064246,0.488642828805106
FRSH,2026-09-25,12.819999694824219,12.930000305175781,12.515000343322754,12.539999961853027,12.539999961853027,3895800.0,12.657849816712755,-0.9310416584665471,0.4647142546517508
FRSH,2026-09-28,12.229999542236328,12.539999961853027,11.960000038146973,12.529999732971191,12.529999732971191,2966500.0,12.645673618261178,-0.9147309094151068,0.4543571472167969
FRSH,2026-09-29,12.449999809265137,12.600000381469727,12.295000076293945,12.579999923706055,12.579999923706055,4726300.0,12.6394189806845,-0.470109085467052,0.4575714383806501
FRSH,2026-09-30,12.569999694824219,12.984999656677246,12.520000457763672,12.789999961853027,12.789999961853027,5307700.0,12.653760026510074,1.076675510342584,0.47464282172066824
FRSH,2026-10-01,13.0649995803833,13.300000190734863,12.8149995803833,13.149999618530273,13.149999618530273,4202200.0,12.701020940035807,3.534981011480798,0.4899999754769461
FRSH,2026-10-02,13.1899995803833,13.3100004196167,12.6899995803833,12.779999732971191,12.779999732971191,2858700.0,12.708542729839177,0.5622753501409505,0.4757143429347447
FRSH,2026-10-05,12.8100004196167,13.239999771118164,12.770000457763672,13.220000267028809,13.220000267028809,3571100.0,12.757252971476284,3.627327110210743,0.4689286095755441
FRSH,2026-10-06,13.720000267028809,14.369999885559082,13.710000038146973,14.289999961853027,14.289999961853027,1239737.0,12.903228875321687,10.747473364466442,0.5239285741533551
FRVO,2026-08-25,15.640000343322754,16.68000030517578,15.319999694824219,16.450000762939453,16.450000762939453,3603700.0,16.450000762939453,0.0,
FRVO,2026-08-26,16.3799991607666,16.450000762939453,15.220000267028809,15.4399995803833,15.4399995803833,3608400.0,16.353810174124582,-5.5877534593567475,
FRVO,2026-08-27,15.59000015258789,16.40999984741211,15.550000190734863,15.960000038146973,15.960000038146973,3918200.0,16.31630444688862,-2.1837322900014278,1.1866671244303386
FRVO,2026-08-28,15.699999809265137,15.899999618530273,14.75,14.770000457763672,14.770000457763672,4077800.0,16.169037400305292,-8.652567916722143,1.192500352859497
FRVO,2026-08-31,14.850000381469727,15.510000228881836,14.600000381469727,15.380000114440918,15.380000114440918,4505500.0,16.093890992127733,-4.435787952310677,1.1360002517700196
FRVO,2026-09-01,16.469999313354492,20.06999969482422,16.440000534057617,19.75,19.75,35232500.0,16.44209185002033,20.118535890404843,1.7283334732055664
FRVO,2026-09-02,18.399999618530273,18.790000915527344,17.030000686645508,17.979999542236328,17.979999542236328,19643000.0,16.588559249278994,8.387951431151631,1.8700000217982702
FRVO,2026-09-03,18.280000686645508,18.479999542236328,16.799999237060547,17.15999984741211,17.15999984741211,8563700.0,16.64298216338691,3.106520688116765,1.846250057220459
FRVO,2026-09-04,17.270000457763672,18.579999923706055,17.100000381469727,18.15999984741211,18.15999984741211,7786500.0,16.78746003805598,8.175982586077236,1.8055555555555556
FRVO,2026-09-08,18.6200008392334,19.270000457763672,17.84000015258789,18.899999618530273,18.899999618530273,5461900.0,16.988654283815436,11.250716524002247,1.768000030517578
FRVO,2026-09-09,18.600000381469727,18.969999313354492,17.0,17.239999771118164,17.239999771118164,5010900.0,17.01259194927284,1.3367029699142607,1.7863636016845703
FRVO,2026-09-10,17.219999313354492,17.3700008392334,15.720000267028809,15.729999542236328,15.729999542236328,6060600.0,16.89044029145984,-6.8703996414483886,1.775000015894572
FRVO,2026-09-11,15.880000114440918,15.9399995803833,14.9399995803833,15.59000015258789,15.59000015258789,6057400.0,16.76658884966251,-7.017460185995461,1.7153846300565279
FRVO,2026-09-14,15.3100004196167,15.890000343322754,14.869999885559082,14.960000038146973,14.960000038146973,4349100.0,16.594532772375317,-9.849826787225535,1.6657143320356096
FRVO,2026-09-15,15.100000381469727,15.369999885559082,14.850000381469727,15.15999984741211,15.15999984741211,3490800.0,16.45791058904549,-7.886242513051933,1.6057142530168806
FRVO,2026-09-16,15.25,15.489999771118164,14.800000190734863,15.399999618530273,15.399999618530273,4520400.0,16.357157163282135,-5.851613059636362,1.5671427590506417
FRVO,2026-09-17,15.869999885559082,16.739999771118164,15.800000190734863,16.65999984741211,16.65999984741211,4151600.0,16.385999323675467,1.6721624255211065,1.593571322304862
FRVO,2026-09-18,16.860000610351562,17.420000076293945,16.170000076293945,16.90999984741211,16.90999984741211,9222600.0,16.43590413545991,2.8845125162865415,1.596428462437221
FRVO,2026-09-21,17.260000228881836,17.93000030517578,16.520000457763672,16.829999923706055,16.829999923706055,4080900.0,16.473437067673828,2.164471534188328,1.6321427481515067
FRVO,2026-09-22,16.8799991607666,16.969999313354492,16.299999237060547,16.440000534057617,16.440000534057617,3584300.0,16.470252635900856,-0.18367721802455828,1.3449999264308385
FRVO,2026-09-23,16.350000381469727,16.670000076293945,15.979999542236328,16.350000381469727,16.350000381469727,2905300.0,16.45880004024075,-0.6610424727502284,1.2000000136239188
FRVO,2026-09-24,18.489999771118164,18.540000915527344,16.15999984741211,16.709999084472656,16.709999084472656,14295900.0,16.482723758739027,1.378869955356321,1.250000068119594
FRVO,2026-09-25,17.59000015258789,17.65999984741211,15.029999732971191,15.180000305175781,15.180000305175781,10460400.0,16.35865485839967,-7.205082345867131,1.3321429661342077
FRVO,2026-09-28,15.180000305175781,15.319999694824219,13.829999923706055,14.109999656677246,14.109999656677246,11690100.0,16.144497220140394,-12.601801937350487,1.3364286422729492
FRVO,2026-09-29,13.989999771118164,14.15999984741211,13.4399995803833,13.75,13.75,10201600.0,15.91644986584131,-13.611388746247876,1.247142996106829
FRVO,2026-09-30,13.800000190734863,13.970000267028809,13.579999923706055,13.59000015258789,13.59000015258789,5597300.0,15.69488322648384,-13.411269415143723,1.1571429797581263
FRVO,2026-10-01,13.75,14.609999656677246,13.529999732971191,14.460000038146973,14.460000038146973,8987900.0,15.57727530378509,-7.172469150408045,1.1628572600228446
FRVO,2026-10-02,14.59000015258789,14.989999771118164,14.0,14.449999809265137,14.449999809265137,7702000.0,15.469915732878427,-6.592899025594878,1.1607143538338798
FRVO,2026-10-05,14.630000114440918,14.6899995803833,13.100000381469727,13.460000038146973,13.460000038146973,11856900.0,15.27849519052305,-11.902318452828087,1.237142903464181
FRVO,2026-10-06,13.59000015258789,14.210000038146973,13.58549976348877,14.140000343322754,14.140000343322754,363366.0,15.170067109837307,-6.790126629344884,1.2414286477225167
FSLR,2026-08-25,211.60000610351562,211.99000549316406,205.39999389648438,206.82000732421875,206.82000732421875,1523300.0,206.82000732421875,0.0,
FSLR,2026-08-26,207.4199981689453,209.89999389648438,204.2100067138672,205.92999267578125,205.92999267578125,1465400.0,206.73524402436755,-0.38950850029779716,
FSLR,2026-08-27,212.92999267578125,213.1999969482422,207.00999450683594,210.10000610351562,210.10000610351562,1467200.0,207.05569755571497,1.470284847863934,6.5166676839192705
FSLR,2026-08-28,209.6199951171875,211.14999389648438,202.10000610351562,204.4600067138672,204.4600067138672,1447600.0,206.80848890411042,-1.1355830714145143,7.149997711181641
FSLR,2026-08-31,203.41000366210938,205.24000549316406,200.35000610351562,201.89999389648438,201.89999389648438,2790200.0,206.34101318909842,-2.152271729200117,6.697998046875
FSLR,2026-09-01,199.0,202.61000061035156,198.1999969482422,199.64999389648438,199.64999389648438,1690700.0,205.7037732564685,-2.9429598028988813,6.3166656494140625
FSLR,2026-09-02,199.35000610351562,204.35000610351562,197.80999755859375,202.60000610351562,202.60000610351562,1729600.0,205.4081763847587,-1.3671170888460482,6.34857177734375
FSLR,2026-09-03,202.1699981689453,207.6999969482422,201.75,207.4199981689453,207.4199981689453,1873700.0,205.59977845944312,0.885321824342955,6.298749923706055
FSLR,2026-09-04,208.24000549316406,209.67999267578125,203.47999572753906,204.4499969482422,204.4499969482422,1520700.0,205.49027545837637,-0.5062422091817731,6.287777370876736
FSLR,2026-09-08,206.4499969482422,215.5,205.9499969482422,213.25,213.25,2886500.0,206.2292968432929,3.404319010039547,6.763999938964844
FSLR,2026-09-09,214.82000732421875,220.97999572753906,202.49000549316406,203.10000610351562,203.10000610351562,3463700.0,205.9312691537903,-1.3748582533914644,7.829999056729403
FSLR,2026-09-10,197.55999755859375,208.75,197.10000610351562,207.1699981689453,207.1699981689453,2189100.0,206.04924334570984,0.5439257165118949,8.148331960042318
FSLR,2026-09-11,209.83999633789062,214.17999267578125,207.0800018310547,209.02999877929688,209.02999877929688,2068300.0,206.33312481557527,1.307048476163053,8.06769033578726
FSLR,2026-09-14,203.7100067138672,211.6699981689453,203.7100067138672,207.0399932861328,207.0399932861328,1351000.0,206.40044562229502,0.30985769527267504,8.05999755859375
FSLR,2026-09-15,209.47999572753906,210.3000030517578,202.19000244140625,202.33999633789062,202.33999633789062,1446100.0,206.01373616663747,-1.78324994105018,8.168568202427455
FSLR,2026-09-16,205.52000427246094,205.72999572753906,189.39999389648438,191.07000732421875,191.07000732421875,3090200.0,204.59052389593091,-6.608574197009065,8.92856924874442
FSLR,2026-09-17,193.14999389648438,203.52000427246094,192.72000122070312,201.16000366210938,201.16000366210938,2660000.0,204.26380768318603,-1.5195075702743477,9.298568725585938
FSLR,2026-09-18,202.11000061035156,202.41000366210938,192.4199981689453,195.9600067138672,195.9600067138672,2760900.0,203.47296949563184,-3.692364052280639,9.36571284702846
FSLR,2026-09-21,198.22000122070312,201.16000366210938,193.72999572753906,199.83999633789062,199.83999633789062,1835500.0,203.12697205203744,-1.6181877182242177,9.547142028808594
FSLR,2026-09-22,200.88999938964844,202.4600067138672,198.52999877929688,200.77999877929688,200.77999877929688,2043000.0,202.9034507879669,-1.0465332158835605,9.512856619698661
FSLR,2026-09-23,200.38999938964844,201.49000549316406,191.14999389648438,191.97000122070312,191.97000122070312,2116500.0,201.86216987679893,-4.90045691182911,9.784285409109932
FSLR,2026-09-24,190.0,190.0,170.8000030517578,172.16000366210938,172.16000366210938,6370100.0,199.0333921420666,-13.501949693333593,10.87142835344587
FSLR,2026-09-25,174.08999633789062,180.9199981689453,173.44000244140625,177.7100067138672,177.7100067138672,3153300.0,197.00259352985714,-9.793062350250747,11.054285321916852
FSLR,2026-09-28,178.1300048828125,178.22999572753906,172.1999969482422,172.97000122070312,172.97000122070312,2268100.0,194.7137752146996,-11.167044534995474,10.695713588169642
FSLR,2026-09-29,174.22000122070312,177.0500030517578,172.0,176.92999267578125,176.92999267578125,2402000.0,193.02008163956452,-8.335966303148211,9.735714503696986
FSLR,2026-09-30,178.5,178.67999267578125,174.8300018310547,175.16000366210938,175.16000366210938,1921200.0,191.31912183218785,-8.44615949275167,9.178571428571429
FSLR,2026-10-01,174.5,174.75,168.60000610351562,172.11000061035156,172.11000061035156,2546400.0,189.48968171582248,-9.171835082574686,9.140000479561943
FSLR,2026-10-02,174.97000122070312,178.27000427246094,173.10000610351562,174.61000061035156,174.61000061035156,1902900.0,188.07256922958715,-7.1581776515220135,9.011429922921318
FSLR,2026-10-05,174.8000030517578,176.5,171.86000061035156,176.16000366210938,176.16000366210938,1540100.0,186.93803917554163,-5.765565724860999,8.763572692871094
FSLR,2026-10-06,177.5,178.25,176.6999969482422,178.16250610351562,178.16250610351562,79070.0,186.10227412106298,-4.266346585524461,7.746429443359375
FTRE,2026-08-25,18.329999923706055,18.639999389648438,17.8700008392334,18.270000457763672,18.270000457763672,599200.0,18.270000457763672,0.0,
FTRE,2026-08-26,18.100000381469727,18.549999237060547,17.989999771118164,18.530000686645508,18.530000686645508,598300.0,18.294762384323846,1.2858232174867146,
FTRE,2026-08-27,18.700000762939453,19.34000015258789,18.549999237060547,18.860000610351562,18.860000610351562,1323500.0,18.34859459632649,2.7871672205753484,0.7133324940999349
FTRE,2026-08-28,18.764999389648438,19.139999389648438,18.459999084472656,18.809999465942383,18.809999465942383,1141000.0,18.392537917242286,2.269733250400119,0.7049994468688965
FTRE,2026-08-31,18.600000381469727,18.770000457763672,18.020000457763672,18.3700008392334,18.3700008392334,1510200.0,18.390391528860487,-0.11087686521022988,0.7219993591308593
FTRE,2026-09-01,18.3799991607666,18.510000228881836,17.6200008392334,17.719999313354492,17.719999313354492,1186200.0,18.32654465119325,-3.3096546533078364,0.7499993642171224
FTRE,2026-09-02,17.90999984741211,19.0,17.809999465942383,18.360000610351562,18.360000610351562,902400.0,18.32973093301785,0.16513977998000584,0.8257138388497489
FTRE,2026-09-03,18.670000076293945,18.989999771118164,18.18000030517578,18.6200008392334,18.6200008392334,776300.0,18.35737568599076,1.4306247131122163,0.8237495422363281
FTRE,2026-09-04,18.5,18.5,17.639999389648438,17.700000762939453,17.700000762939453,762100.0,18.294768550462067,-3.251026575614102,0.8411108652750651
FTRE,2026-09-08,17.280000686645508,17.610000610351562,16.860000610351562,17.059999465942383,17.059999465942383,1520300.0,18.177171494793527,-6.146016882610883,0.8409997940063476
FTRE,2026-09-09,16.860000610351562,17.09000015258789,16.700000762939453,16.790000915527344,16.790000915527344,1240900.0,18.04506001105389,-6.955139493898798,0.7999997572465376
FTRE,2026-09-10,16.360000610351562,17.030000686645508,16.07200050354004,17.020000457763672,17.020000457763672,741200.0,17.94743529169292,-5.167506213874007,0.8131664594014486
FTRE,2026-09-11,17.100000381469727,17.56999969482422,16.84000015258789,17.200000762939453,17.200000762939453,1427600.0,17.876251050859256,-3.782953629347796,0.8067690042349008
FTRE,2026-09-14,17.219999313354492,17.670000076293945,16.979999542236328,17.40999984741211,17.40999984741211,1995400.0,17.83184617434048,-2.365690701927403,0.7984283992222377
FTRE,2026-09-15,17.209999084472656,19.915000915527344,17.155000686645508,19.729999542236328,19.729999542236328,1946600.0,18.012622685568655,9.534296513320072,0.9405713762555804
FTRE,2026-09-16,19.75,20.610000610351562,19.6200008392334,19.969999313354492,19.969999313354492,2689500.0,18.199039507262544,9.731061935357776,0.9712856837681362
FTRE,2026-09-17,20.309999465942383,21.110000610351562,20.190000534057617,20.280000686645508,20.280000686645508,2286800.0,18.397226286251396,10.234012296740325,0.9948572431291852
FTRE,2026-09-18,20.100000381469727,20.219999313354492,19.280000686645508,19.93000030517578,19.93000030517578,3107500.0,18.543204764244194,7.478726350504772,1.017714364188058
FTRE,2026-09-21,20.290000915527344,20.440000534057617,19.665000915527344,20.020000457763672,20.020000457763672,1051200.0,18.683851973150812,7.151354477293759,1.0166429792131697
FTRE,2026-09-22,20.1299991607666,20.575000762939453,20.1299991607666,20.43000030517578,20.43000030517578,1509200.0,18.850151814296048,8.381091603100877,0.9927144731794085
FTRE,2026-09-23,20.25,20.709999084472656,19.5,19.520000457763672,19.520000457763672,1067800.0,18.913946923197727,3.2042679247588746,0.9877143587384906
FTRE,2026-09-24,19.399999618530273,20.489999771118164,19.25,20.020000457763672,20.020000457763672,1225800.0,19.01928535506115,5.261580990140757,1.0184286662510462
FTRE,2026-09-25,19.899999618530273,20.28499984741211,19.350000381469727,19.889999389648438,19.889999389648438,708900.0,19.102210501212323,4.12407186270991,1.015214238848005
FTRE,2026-09-28,19.540000915527344,20.969999313354492,19.350000381469727,20.059999465942383,20.059999465942383,1624700.0,19.193428497853283,4.514935766614192,1.0709284373692103
FTRE,2026-09-29,19.889999389648438,20.389999389648438,19.420000076293945,19.739999771118164,19.739999771118164,1170600.0,19.24548290483089,2.5695217352178945,1.1123570033482142
FTRE,2026-09-30,19.40999984741211,20.020000457763672,19.389999389648438,19.950000762939453,19.950000762939453,1481000.0,19.312579843698373,3.300547748668947,1.088928495134626
FTRE,2026-10-01,19.8799991607666,19.959999084472656,19.049999237060547,19.399999618530273,19.399999618530273,1942500.0,19.320905536539506,0.4093704709708712,1.101785659790039
FTRE,2026-10-02,19.579999923706055,20.049999237060547,19.09000015258789,20.0,20.0,1186200.0,19.38558119972622,3.169462880393059,1.1210712705339705
FTRE,2026-10-05,20.0,21.200000762939453,19.854999542236328,21.110000610351562,21.110000610351562,2266600.0,19.54981161978578,7.980583245041428,1.0199999128069197
FTRE,2026-10-06,22.0,23.190000534057617,21.959999084472656,23.09000015258789,23.09000015258789,179510.0,19.8869724324336,16.106160608592603,1.0978570665631975
HUT,2026-08-25,80.12000274658203,85.69000244140625,79.38400268554688,85.5,85.5,3474000.0,85.5,0.0,
HUT,2026-08-26,84.20500183105469,87.81999969482422,82.2300033569336,85.0,85.0,4046000.0,85.45238095238096,-0.5293953747562141,
HUT,2026-08-27,89.44999694824219,90.23999786376953,85.91999816894531,87.12999725341797,87.12999725341797,4715100.0,85.61215393343211,1.772929718794436,5.711997985839844
HUT,2026-08-28,85.19999694824219,86.30000305175781,78.55000305175781,79.41999816894531,79.41999816894531,4435200.0,85.0224248130048,-6.589351757940642,6.428997039794922
HUT,2026-08-31,79.43000030517578,79.98999786376953,75.70999908447266,78.63999938964844,78.63999938964844,4201500.0,84.41457477268514,-6.8407326561635955,5.999197387695313
HUT,2026-09-01,79.38999938964844,79.98999786376953,75.30999755859375,77.56999969482422,77.56999969482422,3673000.0,83.76271047955554,-7.3931594969611325,5.779331207275391
HUT,2026-09-02,76.71499633789062,81.5,75.9000015258789,80.68000030517578,80.68000030517578,3711900.0,83.4691190343765,-3.3414977436769577,5.753712245396206
HUT,2026-09-03,80.87000274658203,88.69000244140625,79.11000061035156,88.08999633789062,88.08999633789062,5470500.0,83.90920258709214,4.982521132243045,6.231998443603516
HUT,2026-09-04,87.01000213623047,94.79000091552734,86.75,93.54499816894531,93.54499816894531,5728200.0,84.82689740441148,10.277519314387229,6.432887607150608
HUT,2026-09-08,95.8499984741211,100.44999694824219,92.66999816894531,99.48999786376953,99.48999786376953,5635500.0,86.22338316244559,15.386330499615774,6.567598724365235
HUT,2026-09-09,99.48999786376953,101.83000183105469,94.1500015258789,95.91999816894531,95.91999816894531,2857300.0,87.14687030592175,10.067060162030185,6.668726140802557
HUT,2026-09-10,91.70999908447266,93.44999694824219,88.5,90.5999984741211,90.5999984741211,3471400.0,87.47573965527407,3.5715717651078505,6.731332143147786
HUT,2026-09-11,91.11499786376953,101.2699966430664,91.05000305175781,98.5999984741211,98.5999984741211,5682300.0,88.53519287611664,11.368141042046066,7.034306452824519
HUT,2026-09-14,91.67500305175781,93.80000305175781,88.5,91.12999725341797,91.12999725341797,6288000.0,88.78231710252629,2.644310519830828,7.253284454345703
HUT,2026-09-15,90.01000213623047,90.91300201416016,85.70999908447266,87.08999633789062,87.08999633789062,3816900.0,88.62114369637051,-1.727744976668133,7.189998626708984
HUT,2026-09-16,88.4000015258789,94.0999984741211,88.33999633789062,89.81999969482422,89.81999969482422,3993400.0,88.73532045812802,1.2223759728326344,7.2914276123046875
HUT,2026-09-17,96.5,98.56999969482422,89.16999816894531,90.98999786376953,90.98999786376953,5447300.0,88.95005163961768,2.2933614838322125,7.588570731026786
HUT,2026-09-18,93.33999633789062,99.0250015258789,90.31999969482422,98.73999786376953,98.73999786376953,7382900.0,89.88242747048929,9.854618575125173,7.597499847412109
HUT,2026-09-21,104.62000274658203,107.83999633789062,100.26000213623047,103.41999816894531,103.41999816894531,5715800.0,91.17171991796128,13.434295483298285,7.941785539899554
HUT,2026-09-22,102.0,110.69000244140625,101.9000015258789,106.61000061035156,106.61000061035156,5378900.0,92.6420323648556,15.077355158277816,8.235357012067523
HUT,2026-09-23,105.31999969482422,107.19999694824219,102.37000274658203,102.45999908447266,102.45999908447266,3194000.0,93.57707681434294,9.49262637018833,8.180356706891741
HUT,2026-09-24,99.81999969482422,105.38999938964844,98.52999877929688,101.54000091552734,101.54000091552734,2489600.0,94.33545053826526,7.637161147960714,7.986070905412946
HUT,2026-09-25,102.01000213623047,102.30799865722656,95.63500213623047,96.81999969482422,96.81999969482422,2631400.0,94.57207426746135,2.376944192854924,7.888427734375
HUT,2026-09-28,95.93000030517578,97.93000030517578,91.83000183105469,92.70999908447266,92.70999908447266,2140600.0,94.39473377384338,-1.7847761437699616,7.76842771257673
HUT,2026-09-29,94.3499984741211,96.75,92.08000183105469,92.86000061035156,92.86000061035156,2481000.0,94.24856871065369,-1.4733041777696076,7.553427559988839
HUT,2026-09-30,93.37000274658203,93.70999908447266,85.7300033569336,86.0999984741211,86.0999984741211,7183600.0,93.47251440241249,-7.887362371094097,7.593427385602679
HUT,2026-10-01,85.95999908447266,86.55500030517578,82.0999984741211,86.36000061035156,86.36000061035156,4722500.0,92.79513213650192,-6.934772738600403,7.149499075753348
HUT,2026-10-02,90.05000305175781,93.0,88.0999984741211,89.62999725341797,89.62999725341797,4616800.0,92.49369071906536,-3.0960960076135247,6.902356284005301
HUT,2026-10-05,89.95999908447266,90.53500366210938,84.75,89.2699966430664,89.2699966430664,3478500.0,92.18667223563689,-3.1638798991628803,6.928428104945591
HUT,2026-10-06,91.8499984741211,93.79000091552734,91.30000305175781,93.01499938964844,93.01499938964844,425211.0,92.26556053601894,0.8122628305465396,6.750571114676339
INOD,2026-08-25,57.810001373291016,58.47999954223633,56.400001525878906,57.16999816894531,57.16999816894531,1274200.0,57.16999816894531,0.0,
INOD,2026-08-26,56.7400016784668,58.25,55.66999816894531,55.84000015258789,55.84000015258789,902800.0,57.04333169119698,-2.1095043065214036,
INOD,2026-08-27,57.209999084472656,59.880001068115234,56.369998931884766,59.22999954223633,59.22999954223633,1064000.0,57.25158577224835,3.455648858108984,2.900000254313151
INOD,2026-08-28,58.0099983215332,59.18000030517578,55.40999984741211,56.59000015258789,56.59000015258789,956200.0,57.18857761799497,-1.0466731126020035,3.130000114440918
INOD,2026-08-31,56.20000076293945,57.04999923706055,55.5099983215332,56.41999816894531,56.41999816894531,745500.0,57.115379575228346,-1.2175029063181242,2.812000274658203
INOD,2026-09-01,55.0,55.90999984741211,54.13999938964844,54.63999938964844,54.63999938964844,668600.0,56.879629081363596,-3.9374899729241797,2.7233333587646484
INOD,2026-09-02,53.779998779296875,54.75,52.599998474121094,54.290000915527344,54.290000915527344,864400.0,56.63299782747443,-4.137158550364484,2.6414288112095425
INOD,2026-09-03,54.7400016784668,55.5099983215332,54.310001373291016,55.04999923706055,55.04999923706055,600400.0,56.482236056958826,-2.535729673403786,2.463749885559082
INOD,2026-09-04,55.0099983215332,55.720001220703125,54.04999923706055,55.65999984741211,55.65999984741211,701100.0,56.403927846525804,-1.3189294212592961,2.375555674235026
INOD,2026-09-08,55.900001525878906,56.630001068115234,54.5,56.119998931884766,56.119998931884766,1237400.0,56.37688699751237,-0.4556620262465727,2.351000213623047
INOD,2026-09-09,55.810001373291016,56.27000045776367,54.54999923706055,54.63999938964844,54.63999938964844,636700.0,56.21146913009676,-2.7956389768274637,2.293636668812145
INOD,2026-09-10,53.220001220703125,54.66999816894531,52.849998474121094,53.11000061035156,53.11000061035156,541900.0,55.91609117583531,-5.018395432290923,2.254166920979818
INOD,2026-09-11,53.810001373291016,54.75,53.11000061035156,53.209999084472656,53.209999084472656,619100.0,55.65836811951506,-4.398923500209396,2.2069232647235575
INOD,2026-09-14,52.0,55.58000183105469,51.970001220703125,55.2400016784668,55.2400016784668,986400.0,55.618523696558086,-0.6805682584392514,2.307143075125558
INOD,2026-09-15,54.83000183105469,56.93000030517578,54.31999969482422,54.369998931884766,54.369998931884766,1108900.0,55.499616576113006,-2.0353611680885453,2.3450004032679965
INOD,2026-09-16,54.47999954223633,55.459999084472656,53.369998931884766,55.40999984741211,55.40999984741211,764400.0,55.49108164957006,-0.14611681687877187,2.3100002833775113
INOD,2026-09-17,57.88999938964844,58.279998779296875,55.52000045776367,56.97999954223633,56.97999954223633,758700.0,55.63288335363352,2.421438738020809,2.226428713117327
INOD,2026-09-18,56.970001220703125,57.599998474121094,54.880001068115234,57.13999938964844,57.13999938964844,1840700.0,55.776418214206366,2.4447270353670003,2.147857121058873
INOD,2026-09-21,58.2400016784668,61.5,57.310001373291016,61.04999923706055,61.04999923706055,1761000.0,56.278664025906764,8.47805343950132,2.349285670689174
INOD,2026-09-22,61.779998779296875,74.93000030517578,61.400001525878906,69.97000122070312,69.97000122070312,5406500.0,57.58260090160166,21.51240153300702,3.1778572627476285
INOD,2026-09-23,70.83999633789062,73.77999877929688,66.12999725341797,71.98999786376953,71.98999786376953,4712900.0,58.95473394561765,22.110631404385895,3.5707144056047713
INOD,2026-09-24,70.48999786376953,72.7699966430664,69.19000244140625,71.87000274658203,71.87000274658203,1806700.0,60.1847595457095,19.415618321109605,3.7392856052943637
INOD,2026-09-25,73.0999984741211,74.75,68.69999694824219,69.20999908447266,69.20999908447266,1514600.0,61.04430616844885,13.376665947338262,4.052142824445452
INOD,2026-09-28,68.66000366210938,69.94999694824219,66.1500015258789,66.79000091552734,66.79000091552734,1282800.0,61.591515191980136,8.440262765648132,4.171428135463169
INOD,2026-09-29,67.56999969482422,68.80000305175781,65.69000244140625,66.94000244140625,66.94000244140625,955500.0,62.100894930020715,7.792331361469995,4.270713806152344
INOD,2026-09-30,66.91999816894531,68.04000091552734,64.75,65.76000213623047,65.76000213623047,1644700.0,62.44938133061212,5.30128679432651,4.3757138933454245
INOD,2026-10-01,66.5,75.19000244140625,65.19999694824219,71.8499984741211,71.8499984741211,2437000.0,63.3446782014225,13.427047881833886,4.972142900739398
INOD,2026-10-02,73.05000305175781,75.08000183105469,69.75,70.06999969482422,70.06999969482422,1364800.0,63.9851850103179,9.509724295592981,5.095000130789621
INOD,2026-10-05,70.9800033569336,71.51000213623047,65.3499984741211,66.97000122070312,66.97000122070312,1457800.0,64.26945322083078,4.201915318297833,5.34857177734375
INOD,2026-10-06,68.31999969482422,70.19999694824219,68.1260986328125,69.98999786376953,69.98999786376953,85284.0,64.81426699634876,7.985480832040159,5.430000032697405
INTC,2026-08-25,90.05999755859375,90.18000030517578,87.29000091552734,87.4800033569336,87.4800033569336,81853800.0,87.4800033569336,0.0,
INTC,2026-08-26,86.80999755859375,88.27999877929688,85.62999725341797,88.23999786376953,88.23999786376953,75752800.0,87.55238378615607,0.7853744785440986,
INTC,2026-08-27,89.91000366210938,92.94999694824219,88.45999908447266,92.08999633789062,92.08999633789062,100556800.0,87.98453736251174,4.666114181476755,3.4166666666666665
INTC,2026-08-28,90.2699966430664,93.69999694824219,89.05000305175781,89.47000122070312,89.47000122070312,86172600.0,88.12601011091093,1.525078813962777,3.7249984741210938
INTC,2026-08-31,90.0,91.8499984741211,88.97000122070312,89.51000213623047,89.51000213623047,65188200.0,88.25781887522707,1.4187788424430137,3.5559982299804687
INTC,2026-09-01,86.83999633789062,89.41000366210938,85.72000122070312,88.97000122070312,88.97000122070312,73962100.0,88.32564576527241,0.7295224958140833,3.5949986775716147
INTC,2026-09-02,88.8499984741211,90.43000030517578,87.5,90.05000305175781,90.05000305175781,61554500.0,88.48987026874721,1.7630637024016682,3.4999989100864957
INTC,2026-09-03,89.3499984741211,92.37000274658203,87.7300033569336,91.66999816894531,91.66999816894531,79927800.0,88.7927395925756,3.2404209956489405,3.6424989700317383
INTC,2026-09-04,92.44999694824219,95.94000244140625,91.87000274658203,95.80000305175781,95.80000305175781,97654300.0,89.46009801725963,7.086852323004411,3.7122217814127603
INTC,2026-09-08,100.80000305175781,106.08999633789062,100.3499984741211,104.47000122070312,104.47000122070312,140269300.0,90.88961260806377,14.941628886901537,4.369998931884766
INTC,2026-09-09,102.69999694824219,106.69000244140625,102.69999694824219,106.23999786376953,106.23999786376953,96891400.0,92.35155406098812,15.038668210834437,4.335454073819247
INTC,2026-09-10,102.44999694824219,103.2300033569336,99.33999633789062,100.31999969482422,100.31999969482422,96887100.0,93.11045364516299,7.7430038920616395,4.549166361490886
INTC,2026-09-11,102.47000122070312,104.9000015258789,101.06999969482422,102.94000244140625,102.94000244140625,86990400.0,94.04660114956712,9.456377139770833,4.551538320688101
INTC,2026-09-14,95.81999969482422,98.86000061035156,94.5199966430664,97.19000244140625,97.19000244140625,96459700.0,94.34597270117085,3.014468618860411,4.827857426234654
INTC,2026-09-15,98.83000183105469,100.4800033569336,96.5199966430664,97.13999938964844,97.13999938964844,84999300.0,94.61207048102587,2.6718883708707564,4.9042865208217075
INTC,2026-09-16,101.37000274658203,104.41999816894531,99.29000091552734,101.05000305175781,101.05000305175781,119923600.0,95.22520691633368,6.116863721327381,5.2350006103515625
INTC,2026-09-17,104.69999694824219,111.37000274658203,104.69999694824219,108.80000305175781,108.80000305175781,149726000.0,96.51804464351693,12.725038570355917,5.635714939662388
INTC,2026-09-18,109.80000305175781,110.48999786376953,106.4000015258789,108.5999984741211,108.5999984741211,174996700.0,97.66870691309828,11.192214893096764,5.5957151140485495
INTC,2026-09-21,116.52999877929688,124.7300033569336,114.93000030517578,121.77999877929688,121.77999877929688,191638400.0,99.96502042416482,21.822611812180103,6.542144230433872
INTC,2026-09-22,120.1500015258789,124.08999633789062,120.08000183105469,123.86000061035156,123.86000061035156,108379400.0,102.24073282284927,21.14545464473696,6.557858058384487
INTC,2026-09-23,123.87000274658203,124.25,119.44000244140625,122.5999984741211,122.5999984741211,85621100.0,104.17971050392278,17.681262388903175,6.69214357648577
INTC,2026-09-24,120.61000061035156,127.44000244140625,119.55000305175781,127.38999938964844,127.38999938964844,119296700.0,106.39021420732523,19.73845558897025,6.924286433628628
INTC,2026-09-25,126.83000183105469,126.93000030517578,122.83999633789062,123.0,123.0,97728400.0,107.97209856853235,13.918319297951864,6.944286346435547
INTC,2026-09-28,120.68000030517578,121.70999908447266,114.70999908447266,116.02999877929688,116.02999877929688,112436900.0,108.7395176362242,6.704536953586793,6.801429748535156
INTC,2026-09-29,116.69999694824219,118.75,113.97000122070312,115.93000030517578,115.93000030517578,88744500.0,109.42432550945769,5.945364310384349,6.857857840401786
INTC,2026-09-30,116.22000122070312,120.55000305175781,116.0,120.2300033569336,120.2300033569336,94917200.0,110.45343768540776,8.851300490412385,6.695000784737723
INTC,2026-10-01,118.7300033569336,122.1500015258789,117.3499984741211,120.0,120.0,103559800.0,111.36263409632132,7.756071840225998,6.710715157645089
INTC,2026-10-02,124.01000213623047,126.0,118.95999908447266,119.33000183105469,119.33000183105469,95401500.0,112.12143102343877,6.42925330315216,6.612143380301339
INTC,2026-10-05,115.33999633789062,118.05999755859375,115.30999755859375,116.19000244140625,116.19000244140625,81109000.0,112.50891401562616,3.2718193558146202,6.616428920200893
INTC,2026-10-06,117.05999755859375,118.19999694824219,116.62000274658203,116.69999694824219,116.69999694824219,7518575.0,112.9080647711134,3.3584245596767426,6.24000004359654
IONQ,2026-08-25,42.08000183105469,42.66999816894531,40.9900016784668,42.04999923706055,42.04999923706055,12364100.0,42.04999923706055,0.0,
IONQ,2026-08-26,41.060001373291016,41.90999984741211,39.959999084472656,40.029998779296875,40.029998779296875,13106100.0,41.85761824108305,-4.3662767701206135,
IONQ,2026-08-27,41.029998779296875,42.939998626708984,40.7599983215332,42.459999084472656,42.459999084472656,14880800.0,41.91498784521539,1.3002776984449849,2.226665496826172
IONQ,2026-08-28,41.72999954223633,41.92100143432617,38.63999938964844,39.20000076293945,39.20000076293945,20107800.0,41.65641764690339,-5.896851008134019,2.6249990463256836
IONQ,2026-08-31,38.79999923706055,40.54999923706055,38.43000030517578,39.310001373291016,39.310001373291016,38638700.0,41.432949430368886,-5.123815915267249,2.5239990234375
IONQ,2026-09-01,37.8650016784668,39.25,37.59000015258789,37.779998779296875,37.779998779296875,14156700.0,41.08504936836202,-8.044411872144996,2.3899993896484375
IONQ,2026-09-02,37.41999816894531,38.23500061035156,36.78499984741211,37.63999938964844,37.63999938964844,13313100.0,40.7569493703893,-7.647652802506821,2.255713871547154
IONQ,2026-09-03,38.130001068115234,39.779998779296875,37.84000015258789,39.02000045776367,39.02000045776367,14009200.0,40.59152566442495,-3.871559841463623,2.2412495613098145
IONQ,2026-09-04,39.06999969482422,39.72999954223633,38.83000183105469,39.52000045776367,39.52000045776367,13112200.0,40.489475644742924,-2.3943881009610646,2.0922215779622397
IONQ,2026-09-08,42.31999969482422,44.43000030517578,39.45000076293945,40.470001220703125,40.470001220703125,40223400.0,40.48762093769152,-0.043518775814233024,2.3809993743896483
IONQ,2026-09-09,39.5099983215332,39.915000915527344,38.099998474121094,38.13999938964844,38.13999938964844,25387600.0,40.264037933115986,-5.275274543988518,2.3799996809525923
IONQ,2026-09-10,37.290000915527344,38.34000015258789,36.790000915527344,36.84000015258789,36.84000015258789,17837200.0,39.93793909687521,-7.7568823388027734,2.310832977294922
IONQ,2026-09-11,37.22999954223633,37.939998626708984,36.332000732421875,36.75,36.75,15395500.0,39.63432584955376,-7.277343029631056,2.256768740140475
IONQ,2026-09-14,35.15999984741211,38.560001373291016,35.0,37.5,37.5,18228800.0,39.43105672102483,-4.897298935423111,2.3498567853655135
IONQ,2026-09-15,36.275001525878906,38.16999816894531,36.2599983215332,37.04999923706055,37.04999923706055,12906800.0,39.20428934159966,-5.4950367439850485,2.366285596575056
IONQ,2026-09-16,36.97999954223633,37.650001525878906,36.060001373291016,36.84000015258789,36.84000015258789,15823800.0,38.97911894264616,-5.487858238165333,2.33057131086077
IONQ,2026-09-17,38.31999969482422,40.779998779296875,38.09000015258789,40.34000015258789,40.34000015258789,22494900.0,39.108726676926324,3.1483343496018223,2.4041426522391185
IONQ,2026-09-18,40.75,40.944000244140625,37.77000045776367,39.130001068115234,39.130001068115234,23126600.0,39.11075280942051,0.04921474866137476,2.357999801635742
IONQ,2026-09-21,40.43000030517578,40.93000030517578,39.83000183105469,40.5099983215332,40.5099983215332,14289400.0,39.244014286764575,3.2259289926810375,2.3351426805768694
IONQ,2026-09-22,40.5099983215332,40.79999923706055,39.869998931884766,40.7400016784668,40.7400016784668,17857200.0,39.3864892764505,3.4364890775517187,2.278714043753488
IONQ,2026-09-23,45.84000015258789,46.04999923706055,41.630001068115234,42.540000915527344,42.540000915527344,72555700.0,39.68682371826734,7.189230404313562,2.5544281005859375
IONQ,2026-09-24,41.56999969482422,45.65999984741211,41.279998779296875,44.97999954223633,44.97999954223633,43226800.0,40.19093570150248,11.915780902196849,2.714428220476423
IONQ,2026-09-25,44.70000076293945,46.54999923706055,44.119998931884766,45.47999954223633,45.47999954223633,27579200.0,40.69465606728666,11.759144657807985,2.823714120047433
IONQ,2026-09-28,45.63999938964844,47.90999984741211,44.540000915527344,44.58000183105469,44.58000183105469,35027400.0,41.06468899716933,8.560427266666215,2.708714076450893
IONQ,2026-09-29,45.79999923706055,45.90399932861328,43.724998474121094,43.90999984741211,43.90999984741211,18797000.0,41.33567098290674,6.227862771527071,2.6950710841587613
IONQ,2026-09-30,44.2400016784668,47.33000183105469,43.814998626708984,43.86000061035156,43.86000061035156,25553100.0,41.57608332837768,5.493344007262468,2.8354285103934154
IONQ,2026-10-01,43.95000076293945,45.09000015258789,43.54999923706055,43.9900016784668,43.9900016784668,17214100.0,41.80598031410045,5.224184071171534,2.8305715833391463
IONQ,2026-10-02,45.15999984741211,45.334999084472656,43.150001525878906,43.77000045776367,43.77000045776367,19093800.0,41.99302985159219,4.231584652146991,2.7323570251464844
IONQ,2026-10-05,43.77000045776367,44.220001220703125,42.2400016784668,42.970001220703125,42.970001220703125,16412800.0,42.086074743888474,2.100282533340825,2.7373570033482144
IONQ,2026-10-06,43.77000045776367,45.18000030517578,43.439998626708984,44.97019958496094,44.97019958496094,2623361.0,42.36075330018109,6.160056376449496,2.781642641339983
LRCX,2026-08-25,316.20001220703125,318.6099853515625,307.8599853515625,314.6600036621094,314.3260803222656,5018300.0,314.6600036621094,0.0,
LRCX,2026-08-26,314.6099853515625,315.7200012207031,308.04998779296875,312.8800048828125,312.5479736328125,4113500.0,314.49047996884303,-0.5120902502963154,
LRCX,2026-08-27,318.8800048828125,321.4100036621094,310.44000244140625,318.5799865722656,318.2419128417969,6555900.0,314.8799567882166,1.1750604331216996,9.796671549479166
LRCX,2026-08-28,318.0299987792969,318.2900085449219,301.04998779296875,301.8999938964844,301.5796203613281,8057600.0,313.6437698461469,-3.7443039137755707,11.730003356933594
LRCX,2026-08-31,303.19000244140625,303.3999938964844,298.7699890136719,301.489990234375,301.1700439453125,6949300.0,312.4862670259781,-3.518963215970372,10.310003662109375
LRCX,2026-09-01,294.55999755859375,296.3399963378906,286.5899963378906,290.20001220703125,289.8920593261719,8249700.0,310.36376656703084,-6.4968132662627465,11.075002034505209
LRCX,2026-09-02,291.5,292.19000244140625,284.3999938964844,288.32000732421875,288.0140380859375,4840600.0,308.26436092485824,-6.46988628228129,10.605717250279017
LRCX,2026-09-03,283.7300109863281,292.7799987792969,278.0400085449219,292.6600036621094,292.34942626953125,7207100.0,306.7782316617393,-4.602095762517145,11.122501373291016
LRCX,2026-09-04,303.4700012207031,310.29998779296875,297.3800048828125,307.6499938964844,307.3235168457031,8355500.0,306.8612566364769,0.25703383628576937,11.846666124131945
LRCX,2026-09-08,314.489990234375,321.7699890136719,312.0299987792969,320.4200134277344,320.0799865722656,8937400.0,308.15256680707284,3.980965256194624,12.0739990234375
LRCX,2026-09-09,319.260009765625,322.2099914550781,312.760009765625,315.8399963378906,315.50482177734375,5580100.0,308.88470295286504,2.2517442005170807,11.835451993075283
LRCX,2026-09-10,302.1499938964844,307.0299987792969,297.010009765625,298.010009765625,297.6937561035156,10597400.0,307.8490178874136,-3.1960498653878844,12.418329874674479
LRCX,2026-09-11,303.45001220703125,303.69000244140625,294.5400085449219,298.2200012207031,297.9035339355469,9364200.0,306.93196868106025,-2.838403408349399,12.166919414813702
LRCX,2026-09-14,275.0,280.20001220703125,273.239990234375,273.489990234375,273.19976806640625,13682900.0,303.74701835280456,-9.96125930141174,13.082140241350446
LRCX,2026-09-15,278.6099853515625,278.6099853515625,265.3699951171875,270.8699951171875,270.5825500488281,8930500.0,300.6158732827458,-9.894979210755327,13.259996686662946
LRCX,2026-09-16,277.1300048828125,277.7799987792969,265.75,269.2300109863281,268.9443054199219,7603200.0,297.62674354022977,-9.541055422683575,13.571424211774554
LRCX,2026-09-17,280.4599914550781,281.3999938964844,266.8999938964844,269.30999755859375,269.0242004394531,11273200.0,294.92991058959774,-8.686780184412946,13.82356698172433
LRCX,2026-09-18,274.4100036621094,288.2699890136719,272.6400146484375,288.1099853515625,287.8042297363281,19636000.0,294.28039390026106,-2.0967786765943575,13.925709315708705
LRCX,2026-09-21,292.489990234375,305.69000244140625,290.0400085449219,302.2799987792969,301.959228515625,11336000.0,295.04226103159783,2.4531189946798593,14.850710187639509
LRCX,2026-09-22,296.82000732421875,311.3900146484375,296.0799865722656,310.9599914550781,310.6300048828125,9294800.0,296.5582353576436,4.85629949883748,14.879998343331474
LRCX,2026-09-23,307.5,309.75,298.55999755859375,307.2799987792969,307.2799987792969,9644600.0,297.57935568351536,3.2598508298735673,15.209283011300224
LRCX,2026-09-24,301.8599853515625,307.2200012207031,298.8599853515625,307.1600036621094,307.1600036621094,7900100.0,298.4917983481434,2.9040011691898737,14.757856096540179
LRCX,2026-09-25,309.17999267578125,317.1300048828125,307.5,315.2099914550781,315.2099914550781,8138100.0,300.08400721547054,5.040583261988574,14.210000174386161
LRCX,2026-09-28,313.8800048828125,316.30999755859375,305.5,314.4700012207031,314.4700012207031,9178800.0,301.45410188263554,4.31770516864125,13.97357177734375
LRCX,2026-09-29,323.6300048828125,328.32000732421875,319.1499938964844,323.8599853515625,323.8599853515625,7964600.0,303.5879955463429,6.677467522633007,14.287859235491071
LRCX,2026-09-30,324.6499938964844,330.5,322.05999755859375,328.510009765625,328.510009765625,7704400.0,305.9615207100841,7.369714009529615,13.545717511858259
LRCX,2026-10-01,332.0,341.6400146484375,331.04998779296875,340.1000061035156,340.1000061035156,8700100.0,309.21280503326807,9.988978647544823,13.830004010881696
LRCX,2026-10-02,350.0,352.55999755859375,344.7699890136719,347.489990234375,347.489990234375,7457400.0,312.8582512428973,11.069466396969109,12.935716901506696
LRCX,2026-10-05,346.8800048828125,351.3699951171875,341.70001220703125,345.79998779296875,345.79998779296875,6117500.0,315.9955594857613,9.431913649581025,12.680716378348214
LRCX,2026-10-06,345.79998779296875,346.8999938964844,339.0199890136719,340.7799987792969,340.7799987792969,380523.0,318.35598227562184,7.043692517849753,12.384288242885045
LUNR,2026-08-25,16.895000457763672,16.969999313354492,16.139999389648438,16.600000381469727,16.600000381469727,6270300.0,16.600000381469727,0.0,
LUNR,2026-08-26,16.399999618530273,16.719999313354492,15.800000190734863,16.110000610351562,16.110000610351562,5396500.0,16.55333373660133,-2.678210524261393,
LUNR,2026-08-27,16.309999465942383,16.395000457763672,15.989999771118164,16.18000030517578,16.18000030517578,4657800.0,16.51777817170366,-2.0449352389688924,0.7183332443237305
LUNR,2026-08-28,16.0,16.059999465942383,15.149999618530273,15.369999885559082,15.369999885559082,5836600.0,16.408465953975604,-6.328843118725014,0.7962501049041748
LUNR,2026-08-31,14.899999618530273,15.449999809265137,14.859999656677246,15.359999656677246,15.359999656677246,4422100.0,16.30861202089957,-5.816634567102785,0.755000114440918
LUNR,2026-09-01,14.9399995803833,15.199999809265137,14.569999694824219,14.720000267028809,14.720000267028809,4726400.0,16.15731566338807,-8.895756116321774,0.7608334223429362
LUNR,2026-09-02,14.84000015258789,15.149999618530273,14.710000038146973,14.859999656677246,14.859999656677246,4524100.0,16.033761757987037,-7.320565934722678,0.7150000163487026
LUNR,2026-09-03,15.180000305175781,15.180000305175781,14.329999923706055,14.699999809265137,14.699999809265137,6839300.0,15.906736810489713,-7.586326570945667,0.7318750619888306
LUNR,2026-09-04,14.875,14.970000267028809,14.555000305175781,14.8100004196167,14.8100004196167,4512600.0,15.802285725644664,-6.2793783333359166,0.6966667175292969
LUNR,2026-09-08,14.979999542236328,15.781999588012695,14.744999885559082,15.680000305175781,15.680000305175781,7889200.0,15.790639495123818,-0.7006631364246063,0.7307000160217285
LUNR,2026-09-09,15.899999618530273,16.030000686645508,14.885000228881836,14.9399995803833,14.9399995803833,6770500.0,15.709626169910436,-4.899076408331382,0.7683636925437234
LUNR,2026-09-10,14.555000305175781,15.380000114440918,14.380000114440918,14.619999885559082,14.619999885559082,6802200.0,15.60585223806745,-6.317196507240874,0.7876667181650797
LUNR,2026-09-11,14.600000381469727,14.9399995803833,14.270000457763672,14.350000381469727,14.350000381469727,5527000.0,15.486247299343859,-7.337135304059583,0.7786153646615835
LUNR,2026-09-14,13.779999732971191,14.380000114440918,13.6899995803833,13.880000114440918,13.880000114440918,5038100.0,15.333271376972151,-9.477894356671912,0.7722857339041573
LUNR,2026-09-15,13.869999885559082,14.279999732971191,13.5649995803833,13.869999885559082,13.869999885559082,6310800.0,15.193912187313764,-8.713439207974949,0.7640714645385742
LUNR,2026-09-16,13.979999542236328,13.987000465393066,13.479999542236328,13.869999885559082,13.869999885559082,6217300.0,15.067825301432364,-7.949557364189874,0.7345715931483677
LUNR,2026-09-17,14.350000381469727,15.180000305175781,14.210000038146973,14.789999961853027,14.789999961853027,8260100.0,15.04136574528195,-1.671163295179956,0.7992144312177386
LUNR,2026-09-18,14.899999618530273,14.9399995803833,13.789999961853027,13.920000076293945,13.920000076293945,14988200.0,14.93456901490214,-6.793426295702465,0.8077857834952218
LUNR,2026-09-21,14.210000038146973,15.760000228881836,14.210000038146973,15.720000267028809,15.720000267028809,11556100.0,15.009371991295156,4.7345636855811835,0.8970714977809361
LUNR,2026-09-22,15.680000305175781,16.260000228881836,15.302000045776367,16.239999771118164,16.239999771118164,8355000.0,15.126574636992586,7.360722178322221,0.909071513584682
LUNR,2026-09-23,16.149999618530273,16.209999084472656,15.109999656677246,15.239999771118164,15.239999771118164,7216200.0,15.137377030718831,0.677942685784183,0.9583572660173688
LUNR,2026-09-24,15.095000267028809,16.084999084472656,14.864999771118164,15.699999809265137,15.699999809265137,8067900.0,15.190960152485145,3.3509380030643854,0.984785761151995
LUNR,2026-09-25,15.800000190734863,16.190000534057617,15.593999862670898,15.609999656677246,15.609999656677246,6593400.0,15.230868676693916,2.4892275551129384,0.9977143832615444
LUNR,2026-09-28,15.3100004196167,15.979999542236328,15.125,15.199999809265137,15.199999809265137,7712100.0,15.227928784557841,-0.18340626416001315,0.9847143718174526
LUNR,2026-09-29,15.380000114440918,15.545000076293945,14.539999961853027,14.550000190734863,14.550000190734863,6633200.0,15.1633641565747,-4.045038815307267,0.9747143472943988
LUNR,2026-09-30,14.649999618530273,15.520999908447266,14.220000267028809,14.239999771118164,14.239999771118164,8940000.0,15.075424691293124,-5.541634396923245,0.9962143216814313
LUNR,2026-10-01,14.305000305175781,14.529999732971191,13.920000076293945,14.050000190734863,14.050000190734863,8267000.0,14.97776521504948,-6.194282064071944,0.9919286455426898
LUNR,2026-10-02,14.265000343322754,15.345000267028809,14.119999885559082,14.710000038146973,14.710000038146973,8760700.0,14.952263769630193,-1.6202478448466562,1.0351428985595703
LUNR,2026-10-05,14.65999984741211,14.710000038146973,14.020000457763672,14.289999961853027,14.289999961853027,7521600.0,14.889191026032368,-4.024335930217504,1.0333571434020996
LUNR,2026-10-06,14.600000381469727,15.300000190734863,14.579999923706055,15.260000228881836,15.260000228881836,818093.0,14.924506188208507,2.24794064502043,1.0692856652396066
LW,2026-08-25,54.540000915527344,55.38999938964844,53.58000183105469,55.36000061035156,55.36000061035156,1363200.0,55.36000061035156,0.0,
LW,2026-08-26,54.779998779296875,55.52000045776367,54.56999969482422,55.2599983215332,55.2599983215332,1345500.0,55.350476582845054,-0.16346428594238294,
LW,2026-08-27,54.40999984741211,55.70000076293945,54.40999984741211,54.79999923706055,54.79999923706055,1420500.0,55.29805016896081,-0.9006663532954429,1.3499997456868489
LW,2026-08-28,55.060001373291016,55.59700012207031,54.630001068115234,54.97999954223633,54.97999954223633,1280000.0,55.26775963308229,-0.5206653802440675,1.2542495727539062
LW,2026-08-31,54.61000061035156,55.0,53.900001525878906,54.529998779296875,54.529998779296875,2047100.0,55.19749669462654,-1.2092901948479895,1.2233993530273437
LW,2026-09-01,54.369998931884766,55.0,52.56999969482422,52.599998474121094,52.599998474121094,1640900.0,54.950115911721255,-4.276819800299759,1.42449951171875
LW,2026-09-02,52.65999984741211,52.89500045776367,52.209999084472656,52.40999984741211,52.40999984741211,1046500.0,54.70820009607276,-4.2008332290676575,1.318856920514788
LW,2026-09-03,51.970001220703125,52.154998779296875,50.099998474121094,50.439998626708984,50.439998626708984,1278400.0,54.30170471803812,-7.111574326038306,1.4427499771118164
LW,2026-09-04,50.29999923706055,50.97999954223633,49.83000183105469,49.869998931884766,49.869998931884766,1071800.0,53.87963750030923,-7.441843996076347,1.4102219475640192
LW,2026-09-08,49.59000015258789,49.76499938964844,48.86000061035156,49.400001525878906,49.400001525878906,1174300.0,53.45300550274443,-7.582368734452983,1.3701995849609374
LW,2026-09-09,49.400001525878906,49.75,47.84000015258789,48.130001068115234,48.130001068115234,1250700.0,52.94605269944641,-9.096148599915422,1.4192723360928623
LW,2026-09-10,47.900001525878906,48.22999954223633,47.20000076293945,47.31999969482422,47.31999969482422,1285400.0,52.410238127577635,-9.71229785364206,1.38683287302653
LW,2026-09-11,47.66999816894531,47.939998626708984,46.81999969482422,47.849998474121094,47.849998474121094,1387700.0,51.9759295891532,-7.938157427189418,1.3663071852463942
LW,2026-09-14,47.20000076293945,48.79999923706055,47.20000076293945,48.2599983215332,48.2599983215332,1296800.0,51.622031373189394,-6.512787200006054,1.3829994201660156
LW,2026-09-15,47.97999954223633,48.064998626708984,46.900001525878906,47.09000015258789,47.09000015258789,1683500.0,51.19040935217973,-8.01011215085593,1.3508565085274833
LW,2026-09-16,47.06999969482422,48.5099983215332,46.97999954223633,47.529998779296875,47.529998779296875,1424300.0,50.84179882142898,-6.513931683975427,1.392284938267299
LW,2026-09-17,47.90999984741211,47.98500061035156,46.209999084472656,46.459999084472656,46.459999084472656,1606600.0,50.42448456076647,-7.86222310615039,1.4269278390066964
LW,2026-09-18,46.20000076293945,46.79999923706055,45.77000045776367,46.66999816894531,46.66999816894531,1963600.0,50.06691442821208,-6.784752561768914,1.4314278193882533
LW,2026-09-21,46.220001220703125,47.44499969482422,46.220001220703125,47.290000915527344,47.290000915527344,1644600.0,49.80244647462305,-5.044823571821777,1.4403563908168249
LW,2026-09-22,47.93000030517578,47.95500183105469,46.06999969482422,46.36000061035156,46.36000061035156,1414900.0,49.47459448754958,-6.2953398799091005,1.401427950177874
LW,2026-09-23,46.38999938964844,46.709999084472656,44.76499938964844,45.040000915527344,45.040000915527344,1468000.0,49.05225224259509,-8.179545573615188,1.4914278302873885
LW,2026-09-24,45.40999984741211,45.66999816894531,44.209999084472656,44.369998931884766,44.369998931884766,1495200.0,48.60632335586077,-8.715582935497235,1.430713381086077
LW,2026-09-25,44.279998779296875,44.470001220703125,43.540000915527344,43.58000183105469,43.58000183105469,1733500.0,48.127626067784,-9.449093188856516,1.414999280657087
LW,2026-09-28,43.86000061035156,43.86000061035156,42.52000045776367,43.18000030517578,43.18000030517578,2240600.0,47.65642361420227,-9.39311633047607,1.438570840018136
LW,2026-09-29,43.47999954223633,43.64500045776367,42.5,43.27000045776367,43.27000045776367,1652600.0,47.23866902787478,-8.401313271060317,1.3839280264718192
LW,2026-09-30,43.58000183105469,43.63999938964844,41.630001068115234,41.689998626708984,41.689998626708984,1938500.0,46.710224227763746,-10.747594737665223,1.453927993774414
LW,2026-10-01,41.5099983215332,41.84000015258789,40.654998779296875,41.18000030517578,41.18000030517578,2093000.0,46.18353623513632,-10.834025148022041,1.4585710253034319
LW,2026-10-02,41.08000183105469,44.0,40.849998474121094,43.599998474121094,43.599998474121094,4091100.0,45.93748501980154,-5.088407745162504,1.5692855290004186
LW,2026-10-05,43.900001525878906,45.599998474121094,42.9900016784668,44.56999969482422,44.56999969482422,6777600.0,45.80724832218465,-2.7009887576268654,1.6585712432861328
LW,2026-10-06,43.900001525878906,48.79999923706055,46.849998474121094,47.83000183105469,47.83000183105469,828900.0,45.9998915135056,3.9785100732504297,1.851428440638951
LWLG,2026-08-25,5.989999771118164,6.019999980926514,5.849999904632568,5.940000057220459,5.940000057220459,1718200.0,5.940000057220459,0.0,
LWLG,2026-08-26,5.889999866485596,6.110000133514404,5.800000190734863,5.829999923706055,5.829999923706055,2288300.0,5.929523854028611,-1.678447254326132,
LWLG,2026-08-27,6.059999942779541,6.130000114440918,5.849999904632568,5.869999885559082,5.869999885559082,1919000.0,5.923854904650561,-0.9091211712359715,0.2600000699361165
LWLG,2026-08-28,5.829999923706055,5.849999904632568,5.46999979019165,5.489999771118164,5.489999771118164,2293900.0,5.882535368123666,-6.6728982052972725,0.2950000762939453
LWLG,2026-08-31,5.489999771118164,5.599999904632568,5.300000190734863,5.429999828338623,5.429999828338623,2867300.0,5.839436745286996,-7.011582363296065,0.29600000381469727
LWLG,2026-09-01,5.329999923706055,5.329999923706055,5.079999923706055,5.130000114440918,5.130000114440918,2628800.0,5.7718713518730835,-11.120678170068121,0.30499998728434247
LWLG,2026-09-02,5.179999828338623,5.239999771118164,5.010000228881836,5.050000190734863,5.050000190734863,2946300.0,5.703121717478967,-11.452000484969705,0.294285637991769
LWLG,2026-09-03,5.039999961853027,5.230000019073486,4.940000057220459,5.119999885559082,5.119999885559082,2620100.0,5.647586304915169,-9.341803575395058,0.29374992847442627
LWLG,2026-09-04,5.239999771118164,5.420000076293945,5.170000076293945,5.349999904632568,5.349999904632568,2667100.0,5.619244742983493,-4.79147733664953,0.29444440205891925
LWLG,2026-09-08,5.429999828338623,5.699999809265137,5.300000190734863,5.599999904632568,5.599999904632568,2810900.0,5.617411901235785,-0.3099647472777689,0.30499992370605467
LWLG,2026-09-09,5.53000020980835,5.630000114440918,5.25,5.269999980926514,5.269999980926514,1842000.0,5.584325051682521,-5.628702982848455,0.31181812286376953
LWLG,2026-09-10,5.079999923706055,5.349999904632568,5.079999923706055,5.159999847412109,5.159999847412109,1996000.0,5.543913127466292,-6.924951225374631,0.30833327770233154
LWLG,2026-09-11,5.260000228881836,5.309999942779541,5.170000076293945,5.230000019073486,5.230000019073486,1595600.0,5.514016640952692,-5.150811837777369,0.2961538021381085
LWLG,2026-09-14,4.889999866485596,5.0,4.769999980926514,4.789999961853027,4.789999961853027,3113300.0,5.445062671514628,-12.030397980330044,0.3078571047101702
LWLG,2026-09-15,4.75,4.849999904632568,4.619999885559082,4.659999847412109,4.659999847412109,2145700.0,5.370294783504864,-13.226367727046606,0.3121428149087088
LWLG,2026-09-16,4.78000020980835,4.840000152587891,4.619999885559082,4.829999923706055,4.829999923706055,2241300.0,5.3188381301906915,-9.190695308246033,0.30571426664079937
LWLG,2026-09-17,5.059999942779541,5.230000019073486,4.980000019073486,5.019999980926514,5.019999980926514,3090000.0,5.290377354070293,-5.110738895322042,0.3128571169716971
LWLG,2026-09-18,5.050000190734863,5.110000133514404,4.949999809265137,5.099999904632568,5.099999904632568,3864200.0,5.272246168409557,-3.2670375827490883,0.29571427617754253
LWLG,2026-09-21,5.329999923706055,5.639999866485596,5.289999961853027,5.480000019073486,5.480000019073486,3127300.0,5.29203224942517,3.551901439541183,0.31285715103149414
LWLG,2026-09-22,5.409999847412109,5.590000152587891,5.309999942779541,5.519999980926514,5.519999980926514,3027400.0,5.313743461949107,3.8815671184425415,0.3078571728297642
LWLG,2026-09-23,5.489999771118164,5.550000190734863,5.260000228881836,5.269999980926514,5.269999980926514,2192000.0,5.309577416137431,-0.7453970835914259,0.3121429170880999
LWLG,2026-09-24,5.090000152587891,5.309999942779541,5.050000190734863,5.28000020980835,5.28000020980835,2275600.0,5.306760539344185,-0.5042686463320734,0.3100000449589321
LWLG,2026-09-25,5.369999885559082,5.519999980926514,5.25,5.309999942779541,5.309999942779541,2682600.0,5.307069053957076,0.05522612938830829,0.3078571728297642
LWLG,2026-09-28,5.210000038146973,5.260000228881836,4.940000057220459,5.0,5.0,2934100.0,5.277824382151641,-5.263994442315612,0.3057143347603934
LWLG,2026-09-29,5.070000171661377,5.25,5.0,5.170000076293945,5.170000076293945,5610400.0,5.267555400641385,-1.8520037650778365,0.29642861230032785
LWLG,2026-09-30,5.159999847412109,5.199999809265137,4.980000019073486,5.0,5.0,2503600.0,5.242073933913634,-4.617903848084537,0.29285717010498047
LWLG,2026-10-01,5.019999980926514,5.559999942779541,4.980000019073486,5.440000057220459,5.440000057220459,4197700.0,5.260924040895236,3.40388903039075,0.32357144355773926
LWLG,2026-10-02,5.659999847412109,5.880000114440918,5.400000095367432,5.699999809265137,5.699999809265137,3591400.0,5.302740780739988,7.491579259692038,0.3250000136239188
LWLG,2026-10-05,5.670000076293945,5.679999828338623,5.329999923706055,5.550000190734863,5.550000190734863,4174600.0,5.326289295977595,4.200126623355094,0.3350000040871756
LWLG,2026-10-06,5.735000133514404,5.829999923706055,5.644999980926514,5.809999942779541,5.809999942779541,187717.0,5.3723569766254,8.146200411817063,0.33928568022591726
MCHP,2026-08-25,75.31999969482422,75.31999969482422,73.12999725341797,73.5,73.5,6001700.0,73.5,0.0,
MCHP,2026-08-26,73.41000366210938,74.41000366210938,72.91000366210938,74.05000305175781,74.05000305175781,6224900.0,73.55238124302456,0.6765543145218711,
MCHP,2026-08-27,74.58999633789062,75.56999969482422,73.70999908447266,75.48999786376953,75.48999786376953,7520800.0,73.73691615928598,2.37748172258323,1.8500010172526042
MCHP,2026-08-28,75.38999938964844,75.58000183105469,72.66999816894531,72.93000030517578,72.93000030517578,11147800.0,73.6600670303231,-0.9911295965109312,2.115001678466797
MCHP,2026-08-31,73.51000213623047,74.05999755859375,72.75,73.44999694824219,73.44999694824219,7193300.0,73.64006035583921,-0.25809784331871644,1.9540008544921874
MCHP,2026-09-01,71.91999816894531,72.37000274658203,70.44999694824219,71.41000366210938,71.41000366210938,10116500.0,73.42767400405542,-2.747833659874077,2.1283340454101562
MCHP,2026-09-02,71.45999908447266,73.19000244140625,70.66999816894531,72.76000213623047,72.76000213623047,5837700.0,73.36408620711971,-0.8234057045075294,2.1842869349888394
MCHP,2026-09-03,71.63999938964844,73.29000091552734,70.8499984741211,73.11000061035156,73.11000061035156,5814700.0,73.33988757885608,-0.3134542144714092,2.2162513732910156
MCHP,2026-09-04,73.77999877929688,74.86000061035156,73.20999908447266,74.16999816894531,74.16999816894531,7673200.0,73.41894573029315,1.0229681605769425,2.1644456651475696
MCHP,2026-09-08,74.6500015258789,74.83999633789062,72.83000183105469,73.37999725341797,73.37999725341797,8727500.0,73.41523635154313,-0.0479997067045046,2.149000549316406
MCHP,2026-09-09,73.05000305175781,74.2699966430664,72.55000305175781,73.01000213623047,73.01000213623047,5104200.0,73.37664261675145,-0.4996691964171185,2.1099999167702417
MCHP,2026-09-10,71.43000030517578,72.5999984741211,70.94000244140625,71.58000183105469,71.58000183105469,7593600.0,73.20553397049461,-2.2205044499710835,2.1066665649414062
MCHP,2026-09-11,72.81999969482422,75.16000366210938,72.44999694824219,74.19999694824219,74.19999694824219,8766900.0,73.3002447302801,1.2274886956692654,2.22000004695012
MCHP,2026-09-14,71.05000305175781,72.37999725341797,70.69000244140625,71.4800033569336,71.4800033569336,10437000.0,73.126888409009,-2.252092339638667,2.3121425083705356
MCHP,2026-09-15,71.87999725341797,72.4000015258789,70.43000030517578,71.48999786376953,71.48999786376953,6744900.0,72.97099407136716,-2.029568359928302,2.2964281354631697
MCHP,2026-09-16,72.5999984741211,72.91000366210938,68.75,69.58999633789062,69.58999633789062,7330800.0,72.64899428722654,-4.210654227699006,2.4864283970424106
MCHP,2026-09-17,71.47000122070312,71.80000305175781,70.0999984741211,70.81999969482422,70.81999969482422,8555800.0,72.47480432604537,-2.283282647824225,2.5114288330078125
MCHP,2026-09-18,71.48999786376953,73.4000015258789,71.05999755859375,73.2699966430664,73.2699966430664,15928500.0,72.55053692766641,0.9916669756935059,2.4878572736467635
MCHP,2026-09-21,74.69999694824219,75.16999816894531,72.73999786376953,74.77999877929688,74.77999877929688,9676200.0,72.7628666278217,2.772199948900722,2.567857469831194
MCHP,2026-09-22,74.66999816894531,76.55000305175781,74.44000244140625,75.81999969482422,75.81999969482422,7456800.0,73.0540221580124,3.7862084182430644,2.504286084856306
MCHP,2026-09-23,75.05000305175781,75.7699966430664,73.7699966430664,75.52999877929688,75.52999877929688,7724400.0,73.28982945527758,3.0565896259675096,2.470714569091797
MCHP,2026-09-24,73.91999816894531,74.75,73.12999725341797,74.69000244140625,74.69000244140625,8726300.0,73.4231792634803,1.725372274305803,2.4678573608398438
MCHP,2026-09-25,75.19999694824219,78.95999908447266,74.93000030517578,78.69000244140625,78.69000244140625,9747400.0,73.92478147090182,6.446039982384133,2.647857121058873
MCHP,2026-09-28,77.6500015258789,78.25,75.93000030517578,77.97000122070312,77.97000122070312,9394800.0,74.31004049469243,4.925257342945599,2.7014290945870534
MCHP,2026-09-29,79.29000091552734,80.37000274658203,78.47000122070312,78.77999877929688,78.77999877929688,7688400.0,74.73575080751189,5.411396725245021,2.7500010899135043
MCHP,2026-09-30,79.06999969482422,79.6500015258789,77.7300033569336,77.7699966430664,77.7699966430664,5726400.0,75.02472660137423,3.659153676465232,2.7392866952078685
MCHP,2026-10-01,78.01000213623047,79.30999755859375,76.87000274658203,78.5,78.5,6804900.0,75.35570502029097,4.172603758218929,2.6578576224190846
MCHP,2026-10-02,81.25,83.4000015258789,80.80000305175781,81.31999969482422,81.31999969482422,7821400.0,75.92373308453223,7.107483248069313,2.7571438380650113
MCHP,2026-10-05,80.95999908447266,81.7699966430664,80.05000305175781,81.48999786376953,81.48999786376953,5830000.0,76.45385353969769,6.587168717999137,2.739286150251116
MCHP,2026-10-06,82.0199966430664,82.37999725341797,81.55999755859375,82.13999938964844,82.13999938964844,97793.0,76.995391239693,6.681709212879827,2.5057144165039062
MRVL,2026-08-25,237.3800048828125,246.6999969482422,235.92999267578125,240.3800048828125,240.3800048828125,21347000.0,240.3800048828125,0.0,
MRVL,2026-08-26,240.0,245.1699981689453,236.7899932861328,245.11000061035156,245.11000061035156,17107000.0,240.83048066638764,1.7769843468826263,
MRVL,2026-08-27,253.44000244140625,254.60000610351562,240.3800048828125,241.4499969482422,241.4499969482422,41014700.0,240.88948221704047,0.23268543152776822,11.123336791992188
MRVL,2026-08-28,225.25999450683594,228.8800048828125,215.5500030517578,216.6199951171875,216.6199951171875,48979900.0,238.57810249324493,-9.203739633514418,14.817501068115234
MRVL,2026-08-31,216.3000030517578,218.22000122070312,209.52999877929688,211.66000366210938,211.66000366210938,23650800.0,236.01447403313676,-10.319057960660494,13.592001342773438
MRVL,2026-09-01,205.11000061035156,210.4499969482422,200.6199951171875,210.38999938964844,210.38999938964844,22284200.0,233.57404787661406,-9.92578100937508,13.166669209798178
MRVL,2026-09-02,205.25,208.49000549316406,203.5,206.47999572753906,206.47999572753906,15224800.0,230.99366195765455,-10.612267896168204,12.270002092633929
MRVL,2026-09-03,204.35000610351562,212.77000427246094,201.10000610351562,208.8300018310547,208.8300018310547,18768900.0,228.88283718369266,-8.761179125258888,12.195001602172852
MRVL,2026-09-04,211.66000366210938,223.6699981689453,210.8699951171875,223.5500030517578,223.5500030517578,21218100.0,228.37494821874648,-2.11272961619553,12.488889906141493
MRVL,2026-09-08,227.0,231.88999938964844,222.52999877929688,225.41000366210938,225.41000366210938,20618200.0,228.0925725466858,-1.1760877851589635,12.1760009765625
MRVL,2026-09-09,223.8000030517578,241.8800048828125,223.60000610351562,235.00999450683594,235.00999450683594,20477900.0,228.75137463812865,2.7359922442468543,12.73090986772017
MRVL,2026-09-10,228.02999877929688,234.49000549316406,226.14999389648438,226.9600067138672,226.9600067138672,16467600.0,228.58076816915136,-0.7090541642089443,12.408334096272787
MRVL,2026-09-11,234.6300048828125,240.1999969482422,229.27999877929688,236.10000610351562,236.10000610351562,17310200.0,229.29688606766223,2.966948288101001,12.472307645357573
MRVL,2026-09-14,215.80999755859375,224.10000610351562,213.6300048828125,218.82000732421875,218.82000732421875,22196800.0,228.29908809209618,-4.152044954316048,13.186428615025111
MRVL,2026-09-15,221.6199951171875,227.6199951171875,220.9199981689453,221.6999969482422,221.6999969482422,12742900.0,227.67060322125295,-2.622475712074457,13.045713152204241
MRVL,2026-09-16,226.72999572753906,233.77000427246094,224.5800018310547,229.7100067138672,229.7100067138672,16377400.0,227.86483212531144,0.8097671638688908,13.30928475516183
MRVL,2026-09-17,240.07000732421875,247.88999938964844,240.0,240.75999450683594,240.75999450683594,20969900.0,229.0929428283138,5.092715443122842,13.592141287667411
MRVL,2026-09-18,242.05999755859375,244.44000244140625,235.9600067138672,244.25,244.25,23635600.0,230.5364720827601,5.948528574826506,12.347855704171318
MRVL,2026-09-21,251.39999389648438,261.17999267578125,244.99000549316406,257.3800048828125,257.3800048828125,21466200.0,233.09299901609845,10.419448876298798,12.936426435198102
MRVL,2026-09-22,255.4600067138672,266.0,254.0,262.3599853515625,262.3599853515625,19926600.0,235.8803310480474,11.225884831457766,13.004997253417969
MRVL,2026-09-23,262.3599853515625,264.9700012207031,256.2200012207031,260.8999938964844,260.8999938964844,13683600.0,238.26315608123187,9.500771410723207,13.137854439871651
MRVL,2026-09-24,254.10000610351562,261.9800109863281,252.19000244140625,258.95001220703125,258.95001220703125,13424700.0,240.2333328551175,7.791041788194142,13.00356946672712
MRVL,2026-09-25,263.55999755859375,267.4800109863281,257.42999267578125,261.94000244140625,261.94000244140625,12427900.0,242.30063472047834,8.105371966352525,12.66142817905971
MRVL,2026-09-28,259.6499938964844,261.7799987792969,248.13999938964844,251.89999389648438,251.89999389648438,16916400.0,243.2148594039075,3.570971984961435,12.978571210588727
MRVL,2026-09-29,258.54998779296875,264.3999938964844,256.8800048828125,263.2699890136719,263.2699890136719,17098900.0,245.12487174769458,7.4023974542468896,12.565714154924665
MRVL,2026-09-30,264.6499938964844,265.0,256.239990234375,264.2099914550781,264.2099914550781,11978900.0,246.94250219601682,6.992514089516599,12.558571951729911
MRVL,2026-10-01,265.1000061035156,270.2799987792969,257.5799865722656,268.0799865722656,268.0799865722656,19030200.0,248.95559594613576,7.68184806348664,12.520002092633929
MRVL,2026-10-02,278.0,280.0,271.5899963378906,272.2900085449219,272.2900085449219,15905500.0,251.17792095554395,8.405232238989102,11.766431535993304
MRVL,2026-10-05,276.1600036621094,279.4800109863281,267.79998779296875,271.25,271.25,12843800.0,253.08954753120645,7.175504735751415,11.97214835030692
MRVL,2026-10-06,271.2550048828125,289.3999938964844,267.260009765625,287.8900146484375,287.8900146484375,5200777.0,256.4038777328475,12.279898882183083,12.691432407924108
MSFT,2026-10-06,531.6799926757812,532.0,528.8200073242188,530.1163940429688,530.1163940429688,1388826.0,530.1163940429688,0.0,
MU,2026-08-25,928.97998046875,946.6699829101562,916.2999877929688,932.969970703125,932.969970703125,19163200.0,932.969970703125,0.0,
MU,2026-08-26,925.739990234375,945.75,924.5999755859375,938.4000244140625,938.4000244140625,18721700.0,933.4871186755953,0.5262960398893846,
MU,2026-08-27,967.010009765625,968.7100219726562,906.8900146484375,935.3900146484375,935.3900146484375,28838500.0,933.668346863485,0.18439821706885962,37.780008951822914
MU,2026-08-28,919.2899780273438,946.7999877929688,909.0900268554688,932.8599853515625,932.8599853515625,22890100.0,933.5913600528256,-0.07833991750113567,37.76249694824219
MU,2026-08-31,931.3900146484375,959.969970703125,930.7899780273438,958.72998046875,958.72998046875,22569500.0,935.9855143781517,2.430001932851411,36.04599609375
MU,2026-09-01,941.1300048828125,969.4400024414062,922.3900146484375,933.4400024414062,933.4400024414062,27762200.0,935.7430846698902,-0.24612335011766628,37.87999471028646
MU,2026-09-02,930.8300170898438,958.0,927.1599731445312,956.0800170898438,956.0800170898438,21440500.0,937.6799353765525,1.9622987566543237,36.87428501674107
MU,2026-09-03,956.9099731445312,959.760009765625,918.8800048828125,958.1599731445312,958.1599731445312,24175900.0,939.630415163979,1.9720049161370046,37.375
MU,2026-09-04,971.3400268554688,1017.77001953125,969.0,1016.5900268554688,1016.5900268554688,35249500.0,946.95990199174,7.353017241519488,39.845560709635414
MU,2026-09-08,1036.4000244140625,1041.0699462890625,997.6199951171875,1000.260009765625,1000.260009765625,26604900.0,952.03610273211,5.06534435985404,40.205999755859374
MU,2026-09-09,998.8099975585938,1042.4000244140625,992.2899780273438,1027.77001953125,1027.77001953125,23812000.0,959.2488567129803,7.143210266944533,41.10636763139205
MU,2026-09-10,997.0,999.0,973.5,977.4099731445312,977.4099731445312,26230400.0,960.9784868493185,1.7098703581893249,42.203338623046875
MU,2026-09-11,993.2000122070312,993.989990234375,967.3800048828125,975.260009765625,975.260009765625,21740300.0,962.3386318889668,1.342705929958865,41.00384990985577
MU,2026-09-14,906.030029296875,932.2100219726562,902.5999755859375,924.030029296875,924.030029296875,27141900.0,958.6901935468628,-3.6153665160332693,43.265005929129465
MU,2026-09-15,937.5,944.9400024414062,920.1300048828125,927.5999755859375,927.5999755859375,20434700.0,955.7292204077271,-2.943223270895634,42.86786324637277
MU,2026-09-16,934.22998046875,941.2000122070312,917.6400146484375,926.5499877929688,926.5499877929688,20213000.0,952.9502458729881,-2.770371086460488,43.040004185267854
MU,2026-09-17,954.5700073242188,986.2000122070312,953.5,977.5,977.5,22091600.0,955.2883176946083,2.325128643778984,42.88500540597098
MU,2026-09-18,984.719970703125,1016.4400024414062,977.8300170898438,1015.7999877929688,1015.7999877929688,35803500.0,961.0513338944521,5.696746049626666,42.972865513392854
MU,2026-09-21,1044.989990234375,1064.489990234375,1030.6800537109375,1043.9599609375,1043.9599609375,28174400.0,968.9473936128377,7.741655307515605,44.36643763950893
MU,2026-09-22,1032.8499755859375,1097.25,1030.02001953125,1096.1600341796875,1096.1600341796875,29189700.0,981.062883190633,11.731883140327671,45.80786568777902
MU,2026-09-23,1100.0699462890625,1105.5,1064.25,1071.8800048828125,1071.8800048828125,21572800.0,989.7121328756025,8.302199122129771,46.55143519810268
MU,2026-09-24,1049.75,1081.0400390625,1044.0,1080.530029296875,1080.530029296875,22069900.0,998.3614563442951,8.230343071682377,46.277151925223215
MU,2026-09-25,1095.8299560546875,1108.719970703125,1073.0,1082.280029296875,1082.280029296875,20947900.0,1006.3537013873979,7.544696045217725,44.57071794782366
MU,2026-09-28,1075.97998046875,1084.81005859375,1032.0,1053.97998046875,1053.97998046875,22227200.0,1010.8895374903838,4.26262626926992,45.23929704938616
MU,2026-09-29,1076.68994140625,1082.6600341796875,1057.699951171875,1065.0799560546875,1065.0799560546875,19723100.0,1016.0505297346032,4.825490946094102,43.708583286830354
MU,2026-09-30,1076.760009765625,1083.5,1062.3599853515625,1065.1099853515625,1065.1099853515625,31103200.0,1020.7228588409803,4.348597283398092,41.342154366629465
MU,2026-10-01,1054.0799560546875,1098.9000244140625,1022.9000244140625,1097.3900146484375,1097.3900146484375,45735400.0,1028.0244927274048,6.7474581016063295,44.87001255580357
MU,2026-10-02,1107.3499755859375,1108.0,1072.010009765625,1074.8900146484375,1074.8900146484375,27337500.0,1032.487875767503,4.106792910223245,42.250723702566965
MU,2026-10-05,1069.6800537109375,1074.8800048828125,1055.56005859375,1063.9599609375,1063.9599609375,18207100.0,1035.4852172122646,2.7498937939350876,41.85929216657366
MU,2026-10-06,1064.47998046875,1071.239990234375,1046.3900146484375,1051.679931640625,1051.679931640625,2305806.0,1037.0275709673465,1.4129191049000456,41.95143345424107
NBIS,2026-08-25,217.9600067138672,223.44000244140625,213.5500030517578,221.97000122070312,221.97000122070312,13547900.0,221.97000122070312,0.0,
NBIS,2026-08-26,215.5,221.47000122070312,213.60000610351562,213.92999267578125,213.92999267578125,10562800.0,221.20428612118678,-3.288495703659333,
NBIS,2026-08-27,223.3699951171875,228.5,215.41000366210938,218.47999572753906,218.47999572753906,16068200.0,220.94482989322034,-1.11558807095532,10.943333943684896
NBIS,2026-08-28,211.9600067138672,214.27999877929688,205.47999572753906,209.17999267578125,209.17999267578125,13122100.0,219.8243692058452,-4.842218616852467,11.457500457763672
NBIS,2026-08-31,205.73500061035156,208.8800048828125,201.5,206.32000732421875,206.32000732421875,10556100.0,218.53823950283316,-5.590889816999745,10.701998901367187
NBIS,2026-09-01,199.91000366210938,202.80799865722656,194.8000030517578,199.5399932861328,199.5399932861328,10855900.0,216.72888272029027,-7.9310561741516405,10.838333129882812
NBIS,2026-09-02,195.65499877929688,205.2100067138672,195.14999389648438,204.08999633789062,204.08999633789062,10817900.0,215.52517925529983,-5.305729454405739,10.727144513811384
NBIS,2026-09-03,202.8800048828125,211.6699981689453,196.6300048828125,210.6300048828125,210.6300048828125,10679600.0,215.0589721722058,-2.059419909180482,11.266250610351562
NBIS,2026-09-04,210.19000244140625,226.5800018310547,209.40499877929688,226.38999938964844,226.38999938964844,14970700.0,216.13811762148606,4.743208593181181,11.922778659396702
NBIS,2026-09-08,234.84500122070312,254.74000549316406,234.3249969482422,243.8800048828125,243.8800048828125,26697300.0,218.78020212256476,11.472611560248192,13.565501403808593
NBIS,2026-09-09,247.90499877929688,250.27200317382812,240.1999969482422,240.35000610351562,240.35000610351562,11439000.0,220.8344691683696,8.83717881933861,13.24791093306108
NBIS,2026-09-10,232.0,238.3300018310547,226.02999877929688,228.11000061035156,228.11000061035156,13059400.0,221.52737692474884,2.9714718681649765,13.337252298990885
NBIS,2026-09-11,234.8000030517578,234.9499969482422,223.63999938964844,224.5500030517578,224.5500030517578,11228300.0,221.81524607970206,1.2328985587731545,13.181309626652645
NBIS,2026-09-14,204.97999572753906,219.32000732421875,203.8699951171875,212.19000244140625,212.19000244140625,13725100.0,220.89855620938818,-3.942331682660316,13.716930934361049
NBIS,2026-09-15,211.02999877929688,216.55999755859375,206.8470001220703,207.3699951171875,207.3699951171875,10489000.0,219.61012181965478,-5.573571291271784,13.704287937709264
NBIS,2026-09-16,212.49000549316406,220.39999389648438,208.46099853515625,209.3699951171875,209.3699951171875,13917900.0,218.63487165751505,-4.237602387070572,14.037145342145648
NBIS,2026-09-17,230.02000427246094,232.85000610351562,209.64999389648438,217.99000549316406,217.99000549316406,30767600.0,218.57345583233877,-0.26693558783379423,14.67357417515346
NBIS,2026-09-18,217.89500427246094,224.64999389648438,210.3000030517578,223.5399932861328,223.5399932861328,21347700.0,219.04645939936677,2.051406765070518,14.770002092633929
NBIS,2026-09-21,225.9600067138672,237.9600067138672,221.3000030517578,232.8000030517578,232.8000030517578,17531100.0,220.35632069959448,5.647073028201199,15.411431448800224
NBIS,2026-09-22,233.24000549316406,246.61000061035156,231.66000366210938,236.1199951171875,236.1199951171875,15389000.0,221.85762302507953,6.428614846601732,15.656430925641741
NBIS,2026-09-23,235.16000366210938,236.56900024414062,226.38999938964844,226.61000061035156,226.61000061035156,11013400.0,222.31023041415307,1.9341306012720327,15.664930071149554
NBIS,2026-09-24,231.8350067138672,249.19000244140625,229.5,243.47999572753906,243.47999572753906,24335000.0,224.32639853923746,8.538271604690962,16.203502110072545
NBIS,2026-09-25,245.60000610351562,246.9199981689453,235.41099548339844,237.3300018310547,237.3300018310547,11048800.0,225.56483694798195,5.215868325161832,15.798787798200335
NBIS,2026-09-28,235.19500732421875,245.35000610351562,228.3800048828125,231.8800048828125,231.8800048828125,12762100.0,226.1662815132039,2.5263374059917076,14.98593030657087
NBIS,2026-09-29,235.17999267578125,246.97500610351562,233.61000061035156,237.35499572753906,237.35499572753906,13102200.0,227.23187334314056,4.454974663308642,15.344715663364955
NBIS,2026-09-30,243.65499877929688,250.47999572753906,235.05999755859375,235.8800048828125,235.8800048828125,14717700.0,228.0555049183474,3.4309629873949143,15.423286437988281
NBIS,2026-10-01,236.17999267578125,239.6300048828125,228.47000122070312,232.27999877929688,232.27999877929688,12329200.0,228.45783766700924,1.673026914427278,15.412572588239398
NBIS,2026-10-02,235.75999450683594,248.33999633789062,235.3419952392578,242.80999755859375,242.80999755859375,12268400.0,229.82471003763632,5.6500832825290725,15.082571847098214
NBIS,2026-10-05,244.10000610351562,244.49000549316406,230.50999450683594,232.57000732421875,232.57000732421875,14998400.0,230.08616692207275,1.0795261772461373,15.38735852922712
NBIS,2026-10-06,237.22000122070312,244.4199981689453,237.0,242.55999755859375,242.55999755859375,2371635.0,231.2741507922176,4.879856537238192,15.303072248186384
NNE,2026-08-25,18.43000030517578,19.454999923706055,18.100000381469727,19.239999771118164,19.239999771118164,1380000.0,19.239999771118164,0.0,
NNE,2026-08-26,19.1200008392334,19.871999740600586,18.190000534057617,18.5,18.5,1725000.0,19.169523602440243,-3.4926460162787443,
NNE,2026-08-27,18.850000381469727,19.549999237060547,18.399999618530273,19.239999771118164,19.239999771118164,1722600.0,19.17623561850481,0.33251652661079323,1.3956661224365234
NNE,2026-08-28,19.19499969482422,19.299999237060547,17.809999465942383,17.969999313354492,17.969999313354492,1947700.0,19.061355970395255,-5.7254932898571305,1.4192495346069336
NNE,2026-08-31,17.84000015258789,18.3799991607666,17.799999237060547,18.290000915527344,18.290000915527344,1188400.0,18.98789358421736,-3.675461238470923,1.251399612426758
NNE,2026-09-01,17.40999984741211,17.799999237060547,17.020000457763672,17.469999313354492,17.469999313354492,1628000.0,18.843332225087565,-7.288163767046729,1.2544997533162434
NNE,2026-09-02,17.43000030517578,17.760000228881836,17.170000076293945,17.59000015258789,17.59000015258789,1355700.0,18.723967265801882,-6.056233153564139,1.1595712389264787
NNE,2026-09-03,17.709999084472656,18.243999481201172,17.59000015258789,17.649999618530273,17.649999618530273,1278600.0,18.621684632728396,-5.218029589494522,1.096374750137329
NNE,2026-09-04,17.75,18.014999389648438,17.200000762939453,17.719999313354492,17.719999313354492,1287200.0,18.535809840407072,-4.401267244737028,1.0651107364230685
NNE,2026-09-08,18.0,19.600000381469727,18.0,19.350000381469727,19.350000381469727,2367600.0,18.613351796698755,3.957635319081132,1.1465997695922852
NNE,2026-09-09,19.030000686645508,19.350000381469727,18.1299991607666,18.170000076293945,18.170000076293945,1510700.0,18.57112782332687,-2.1599536164361166,1.1532726287841797
NNE,2026-09-10,17.844999313354492,17.88599967956543,17.229999542236328,17.360000610351562,17.360000610351562,1672500.0,18.455782374472076,-5.937335745983829,1.1354999542236328
NNE,2026-09-11,17.360000610351562,17.55299949645996,16.399999618530273,16.40999984741211,16.40999984741211,2259100.0,18.26094594332351,-10.136090987050617,1.1368461022010217
NNE,2026-09-14,15.729999542236328,16.243000030517578,15.699999809265137,15.890000343322754,15.890000343322754,1490900.0,18.035141600466297,-11.89423019050807,1.1063570976257324
NNE,2026-09-15,15.800000190734863,15.96500015258789,15.4399995803833,15.779999732971191,15.779999732971191,1155600.0,17.82036618451438,-11.449632574420587,1.0470714569091797
NNE,2026-09-16,16.06999969482422,16.149999618530273,15.029999732971191,15.640000343322754,15.640000343322754,1969500.0,17.61271229487708,-11.20050063003709,1.0069286482674735
NNE,2026-09-17,16.219999313354492,17.139999389648438,16.058000564575195,16.969999313354492,16.969999313354492,2343900.0,17.551501534732072,-3.3131195084754705,1.031928607395717
NNE,2026-09-18,16.920000076293945,17.170000076293945,15.399999618530273,15.729999542236328,15.729999542236328,4843300.0,17.37802515449438,-9.483388345952726,1.0519286564418249
NNE,2026-09-21,16.549999237060547,17.270000457763672,16.350000381469727,17.100000381469727,17.100000381469727,3187400.0,17.351546604682508,-1.4497049107132565,1.120500155857631
NNE,2026-09-22,17.079999923706055,17.420000076293945,16.68000030517578,17.31999969482422,17.31999969482422,1679500.0,17.348542137076958,-0.16452357798837358,1.0826429639543806
NNE,2026-09-23,17.200000762939453,17.440000534057617,16.75,17.010000228881836,17.010000228881836,1593800.0,17.316300050582186,-1.7688525886339734,1.0897858483450753
NNE,2026-09-24,16.670000076293945,17.110000610351562,16.360000610351562,17.020000457763672,17.020000457763672,1887100.0,17.288081041742327,-1.5506670944645085,1.0966430391584123
NNE,2026-09-25,17.059999465942383,17.420000076293945,16.770000457763672,16.989999771118164,16.989999771118164,1327500.0,17.25969234930193,-1.5625572734769722,1.084857395717076
NNE,2026-09-28,16.719999313354492,16.850000381469727,16.09000015258789,16.15999984741211,16.15999984741211,1435200.0,17.154959730074328,-5.799838054518758,1.014857292175293
NNE,2026-09-29,16.545000076293945,16.600000381469727,15.760000228881836,15.789999961853027,15.789999961853027,1733900.0,17.0249635616723,-7.253839900130554,0.9877143587384906
NNE,2026-09-30,16.09000015258789,16.549999237060547,15.819999694824219,15.850000381469727,15.850000381469727,1461100.0,16.913062306414915,-6.285449114333252,0.9748571259634835
NNE,2026-10-01,15.850000381469727,16.149999618530273,15.520000457763672,15.729999542236328,15.729999542236328,1849900.0,16.80038966220743,-6.371221986469456,0.9374999318804059
NNE,2026-10-02,16.31999969482422,16.399999618530273,15.595000267028809,15.619999885559082,15.619999885559082,1715000.0,16.68797158824092,-6.39964957415422,0.9442855971200126
NNE,2026-10-05,15.699999809265137,15.960000038146973,15.260000228881836,15.510000228881836,15.510000228881836,2200400.0,16.57578383973053,-6.429762967191421,0.9567855426243373
NNE,2026-10-06,16.100000381469727,16.690000534057617,16.0,16.635000228881836,16.635000228881836,531914.0,16.581423495840177,0.3231129887919515,0.961071286882673
NRG,2026-08-25,114.01000213623047,115.62999725341797,112.9000015258789,113.61000061035156,113.61000061035156,2967100.0,113.61000061035156,0.0,
NRG,2026-08-26,113.98999786376953,117.38999938964844,113.98999786376953,116.13999938964844,116.13999938964844,1643300.0,113.85095287504652,2.0105642129444323,
NRG,2026-08-27,116.16000366210938,117.30999755859375,113.23999786376953,114.41000366210938,114.41000366210938,2029400.0,113.90419580714774,0.4440642869890654,3.5266647338867188
NRG,2026-08-28,114.69999694824219,115.08999633789062,110.6500015258789,111.12000274658203,111.12000274658203,2169100.0,113.63903456328434,-2.216695897129861,3.7549972534179688
NRG,2026-08-31,110.30000305175781,110.9800033569336,108.54000091552734,110.12000274658203,110.12000274658203,3576400.0,113.30388867597937,-2.8100411791712188,3.5199981689453126
NRG,2026-09-01,109.5,112.1500015258789,108.33999633789062,109.51000213623047,109.51000213623047,2180800.0,112.94256614838423,-3.039211989963153,3.5683326721191406
NRG,2026-09-02,110.5,111.91999816894531,108.77999877929688,111.08999633789062,111.08999633789062,2108200.0,112.76613092833722,-1.4863812180554214,3.5071422031947543
NRG,2026-09-03,112.23999786376953,114.0,110.12000274658203,111.83999633789062,111.83999633789062,2325200.0,112.67792763400897,-0.743651674922563,3.5537490844726562
NRG,2026-09-04,111.29000091552734,119.25,111.29000091552734,119.0199966430664,119.0199966430664,3396000.0,113.28193420630015,5.06529348829492,4.043332417805989
NRG,2026-09-08,120.93000030517578,121.68000030517578,118.51000213623047,119.63999938964844,119.63999938964844,2571100.0,113.8874642237619,5.051069672237296,3.955998992919922
NRG,2026-09-09,118.55000305175781,118.93000030517578,114.58999633789062,115.37000274658203,115.37000274658203,2840400.0,114.02865836879239,1.176322160567267,4.05545390735973
NRG,2026-09-10,114.36000061035156,114.95999908447266,111.47000122070312,111.6500015258789,111.6500015258789,3532600.0,113.80211962184825,-1.8911054584225595,4.042499542236328
NRG,2026-09-11,113.58999633789062,114.98999786376953,112.16999816894531,113.45999908447266,113.45999908447266,1552000.0,113.76953671352676,-0.2720742634590545,3.9884608342097354
NRG,2026-09-14,110.0,111.47000122070312,107.41000366210938,108.47000122070312,108.47000122070312,3061200.0,113.26481904754355,-4.23328079024059,4.135713304792132
NRG,2026-09-15,109.43000030517578,109.6500015258789,105.12999725341797,105.98999786376953,105.98999786376953,3393200.0,112.57197893480317,-5.846908914025251,4.263571058000837
NRG,2026-09-16,107.88999938964844,108.80999755859375,106.33999633789062,107.37999725341797,107.37999725341797,2009100.0,112.07750448895696,-4.191302489253623,4.194999694824219
NRG,2026-09-17,109.73999786376953,111.25,106.02999877929688,106.2300033569336,106.2300033569336,3301800.0,111.52059961924044,-4.744052919702979,4.277142660958426
NRG,2026-09-18,105.72000122070312,107.0999984741211,103.48999786376953,103.66000366210938,103.66000366210938,3691300.0,110.771971432847,-6.4203676063029125,4.217857360839844
NRG,2026-09-21,104.81999969482422,104.81999969482422,101.33000183105469,103.27999877929688,103.27999877929688,3630000.0,110.05845022774699,-6.158955931528453,4.2828570774623325
NRG,2026-09-22,104.01000213623047,104.91000366210938,102.51000213623047,102.75,102.75,2460400.0,109.36240734891393,-6.046325706618239,4.1821425301688055
NRG,2026-09-23,102.0,102.41999816894531,100.12999725341797,100.72000122070312,100.72000122070312,2547300.0,108.53932105098909,-7.204135565407343,4.144999912806919
NRG,2026-09-24,99.98999786376953,100.16000366210938,97.5,97.8499984741211,97.8499984741211,2642900.0,107.52129032938261,-8.994769152820158,4.097857339041574
NRG,2026-09-25,98.13999938964844,100.86000061035156,98.13999938964844,100.37000274658203,100.37000274658203,2618700.0,106.84021532149684,-6.055971111107416,3.744286128452846
NRG,2026-09-28,99.87999725341797,100.12000274658203,96.86000061035156,97.0,97.0,2852400.0,105.90305195754476,-8.406794509674642,3.7685721261160716
NRG,2026-09-29,97.81999969482422,99.80000305175781,96.7300033569336,97.16999816894531,97.16999816894531,2400600.0,105.07133254910673,-7.5199716121127524,3.627143314906529
NRG,2026-09-30,96.98999786376953,98.12000274658203,93.36000061035156,95.6500015258789,95.6500015258789,3675400.0,104.17406292784693,-8.182517953506297,3.6885719299316406
NRG,2026-10-01,95.8499984741211,97.70999908447266,94.55999755859375,96.93000030517578,96.93000030517578,2640100.0,103.48415220187826,-6.333483685421271,3.6750008719308034
NRG,2026-10-02,97.62999725341797,98.51000213623047,93.41999816894531,95.2300033569336,95.2300033569336,3336800.0,102.698042788074,-7.271842021908181,3.6064300537109375
NRG,2026-10-05,96.3499984741211,98.25,94.9000015258789,96.80000305175781,96.80000305175781,3222000.0,102.13632471794867,-5.224705001797558,3.522858210972377
NRG,2026-10-06,96.3499984741211,103.3499984741211,100.32499694824219,101.93000030517578,101.93000030517578,267109.0,102.11667477387505,-0.18280507969206106,3.7892864772251675
NTSK,2026-08-25,14.100000381469727,14.3100004196167,13.335000038146973,13.5,13.5,3102100.0,13.5,0.0,
NTSK,2026-08-26,13.199999809265137,13.960000038146973,13.140000343322754,13.920000076293945,13.920000076293945,3002400.0,13.540000007266089,2.806499769748405,
NTSK,2026-08-27,14.449999809265137,15.585000038146973,14.430000305175781,15.119999885559082,15.119999885559082,7620100.0,13.690476186151137,10.441738329408935,1.153333346048991
NTSK,2026-08-28,14.890000343322754,15.1899995803833,14.425000190734863,15.09000015258789,15.09000015258789,3823000.0,13.823764182954639,9.159849320886003,1.0562498569488525
NTSK,2026-08-31,15.0,15.604999542236328,15.0,15.3100004196167,15.3100004196167,5267000.0,13.965310491208168,9.628786479577943,0.9659997940063476
NTSK,2026-09-01,15.020000457763672,15.239999771118164,13.96500015258789,14.050000190734863,14.050000190734863,6566700.0,13.973376176877377,0.5483571964825629,1.029166539510091
NTSK,2026-09-02,13.9399995803833,14.032999992370605,13.260000228881836,13.75,13.75,8693400.0,13.952102255270008,-1.4485433920445212,0.994999885559082
NTSK,2026-09-03,15.510000228881836,15.640000343322754,13.720000267028809,14.34000015258789,14.34000015258789,12955400.0,13.989044912157427,2.50878628694271,1.11062490940094
NTSK,2026-09-04,14.149999618530273,14.48799991607666,13.744999885559082,13.9399995803833,13.9399995803833,5905600.0,13.98437392817894,-0.3173137962667272,1.069777700636122
NTSK,2026-09-08,13.789999961853027,14.484999656677246,13.3100004196167,14.350000381469727,14.350000381469727,5673300.0,14.019195495159014,2.3596567037312832,1.0802998542785645
NTSK,2026-09-09,14.470000267028809,14.704999923706055,14.079999923706055,14.460000038146973,14.460000038146973,3719100.0,14.061176880205485,2.8363426570853223,1.0389089584350586
NTSK,2026-09-10,14.300000190734863,15.385000228881836,14.204999923706055,15.100000381469727,15.100000381469727,5606600.0,14.160112451754461,6.63757390993609,1.0506665706634521
NTSK,2026-09-11,14.949999809265137,15.100000381469727,14.220000267028809,14.699999809265137,14.699999809265137,6179100.0,14.211530295326906,3.4371352260273547,1.0375383817232573
NTSK,2026-09-14,15.050000190734863,17.440000534057617,15.050000190734863,17.0,17.0,13697900.0,14.477098838629106,17.42684214214978,1.1591428347996302
NTSK,2026-09-15,16.6299991607666,17.719999313354492,16.600000381469727,17.469999313354492,17.469999313354492,10936400.0,14.762136979079141,18.34329499931431,1.1694998741149902
NTSK,2026-09-16,17.1299991607666,17.899999618530273,17.0,17.290000915527344,17.290000915527344,7470600.0,15.002885925407542,15.244500301415664,1.1752141543797083
NTSK,2026-09-17,17.1200008392334,17.6299991607666,16.81999969482422,17.209999084472656,17.209999084472656,7408000.0,15.213087178651838,13.126276622032629,1.114142690386091
NTSK,2026-09-18,17.469999313354492,17.6200008392334,16.8799991607666,17.489999771118164,17.489999771118164,16895600.0,15.429935996981964,13.351084376105904,1.1123571395874023
NTSK,2026-09-21,17.579999923706055,18.420000076293945,17.450000762939453,18.399999618530273,18.399999618530273,8104100.0,15.712799199034183,17.101984092441434,1.1384285518101283
NTSK,2026-09-22,18.229999542236328,18.735000610351562,18.135000228881836,18.549999237060547,18.549999237060547,6858500.0,15.983008726465265,16.06074647475331,1.085214274270194
NTSK,2026-09-23,18.575000762939453,18.959999084472656,18.329999923706055,18.56999969482422,18.56999969482422,5994100.0,16.229388818689927,14.422051885520304,1.0737856456211634
NTSK,2026-09-24,18.389999389648438,18.774999618530273,18.21500015258789,18.56999969482422,18.56999969482422,6428800.0,16.452304140226527,12.871726273402896,0.9766427448817662
NTSK,2026-09-25,18.399999618530273,18.649999618530273,17.639999389648438,17.670000076293945,17.670000076293945,5858800.0,16.568275181756757,6.6496052392363225,0.9957141876220703
NTSK,2026-09-28,17.139999389648438,18.024999618530273,17.100000381469727,17.850000381469727,17.850000381469727,4880400.0,16.690344248396087,6.948065994415176,0.9778570447649274
NTSK,2026-09-29,17.81999969482422,17.920000076293945,16.94499969482422,17.270000457763672,17.270000457763672,5794000.0,16.74554960166919,3.131882013846865,1.002857072012765
NTSK,2026-09-30,17.309999465942383,17.71500015258789,17.059999465942383,17.440000534057617,17.440000534057617,4260800.0,16.811687785706184,3.7373567506151506,0.9653570992606026
NTSK,2026-10-01,17.649999618530273,18.18000030517578,16.863000869750977,17.850000381469727,17.850000381469727,7295600.0,16.910574699588427,5.555255800408498,0.9965713364737374
NTSK,2026-10-02,17.920000076293945,18.5,17.674999237060547,17.75,17.75,4826300.0,16.99051996629429,4.470022313692357,0.859785624912807
NTSK,2026-10-05,17.75,18.485000610351562,17.579999923706055,18.420000076293945,18.420000076293945,3193900.0,17.1266609291514,7.551612964679788,0.8444286073957171
NTSK,2026-10-06,18.829999923706055,19.729999542236328,18.780000686645508,19.665000915527344,19.665000915527344,630833.0,17.368407594520537,13.222820275886127,0.8737143107822963
NXPI,2026-08-25,224.9600067138672,225.30999755859375,221.25999450683594,224.75,223.74317932128906,2025200.0,224.75,0.0,
NXPI,2026-08-26,224.75,226.19000244140625,222.25999450683594,223.14999389648438,222.15032958984375,1815700.0,224.59761846633185,-0.6445413712454329,
NXPI,2026-08-27,225.57000732421875,228.0800018310547,223.0,225.86000061035156,224.84820556640625,2564200.0,224.71784533719085,0.5082619368510288,4.3533376057942705
NXPI,2026-08-28,225.66000366210938,225.83999633789062,220.5500030517578,223.5800018310547,222.5784149169922,3328900.0,224.60947928898742,-0.45834105541386894,4.592502593994141
NXPI,2026-08-31,226.22000122070312,227.24000549316406,223.24000549316406,224.63999938964844,223.6336669921875,2990600.0,224.61238596524086,0.012293811976982205,4.474002075195313
NXPI,2026-09-01,221.6999969482422,223.16000366210938,217.3000030517578,222.39999389648438,221.4036865234375,3181500.0,224.40168195869262,-0.8920111670895237,4.951667785644531
NXPI,2026-09-02,223.10000610351562,229.99000549316406,222.22000122070312,228.5,227.47637939453125,2745500.0,224.79199796262665,1.6495258154117343,5.354287283761161
NXPI,2026-09-03,225.22000122070312,227.1199951171875,222.80999755859375,224.99000549316406,223.9821014404297,2332300.0,224.81085582267784,0.07968906565061218,5.396251678466797
NXPI,2026-09-04,228.08999633789062,228.6199951171875,225.00999450683594,227.83999633789062,226.81932067871094,2905900.0,225.09934539555525,1.21752950348184,5.200000339084202
NXPI,2026-09-08,230.22000122070312,231.3000030517578,222.32000732421875,223.8699951171875,222.8671112060547,5537500.0,224.98226441666307,-0.49438088035937966,5.577999877929687
NXPI,2026-09-09,221.97000122070312,227.22000122070312,221.97000122070312,223.32000732421875,222.319580078125,3831700.0,224.82395421738266,-0.6689442405722223,5.548181707208807
NXPI,2026-09-10,219.75,226.92999267578125,218.4499969482422,226.47000122070312,225.45547485351562,3078600.0,224.9807205986513,0.6619592194784474,5.792499542236328
NXPI,2026-09-11,229.83999633789062,238.60000610351562,228.0,236.6199951171875,235.55999755859375,3124500.0,226.08922293375,4.657794850541497,6.27999995304988
NXPI,2026-09-14,226.75999450683594,230.8699951171875,223.9600067138672,224.22999572753906,223.22549438476562,4657900.0,225.9121536760156,-0.7446071055074555,6.735713413783482
NXPI,2026-09-15,226.0399932861328,228.97999572753906,224.3000030517578,226.35000610351562,225.3360137939453,2373300.0,225.95385390720608,0.17532438126601768,6.785713195800781
NXPI,2026-09-16,227.99000549316406,228.17999267578125,216.66000366210938,218.97999572753906,218.97999572753906,3342500.0,225.28967693771398,-2.800696994172247,7.327854701450893
NXPI,2026-09-17,222.16000366210938,228.27999877929688,220.6699981689453,227.9499969482422,227.9499969482422,5053500.0,225.5430407482405,1.067182650378662,7.629283360072544
NXPI,2026-09-18,231.36000061035156,231.36000061035156,224.86000061035156,227.99000549316406,227.99000549316406,5216500.0,225.77608500966176,0.9805823692122129,7.714283534458706
NXPI,2026-09-21,229.13999938964844,233.05999755859375,226.14999389648438,232.41000366210938,232.41000366210938,4856200.0,226.40788678608533,2.651019344434302,7.922140938895089
NXPI,2026-09-22,231.8699951171875,238.94000244140625,231.0800018310547,237.57000732421875,237.57000732421875,4153700.0,227.47094588495517,4.439714883135548,7.959284101213727
NXPI,2026-09-23,236.5,236.89999389648438,231.72999572753906,235.44000244140625,235.44000244140625,4018700.0,228.22990365223623,3.1591385150634643,7.821427481515067
NXPI,2026-09-24,232.33999633789062,233.25,229.36000061035156,230.16000366210938,230.16000366210938,2943500.0,228.41372270079557,0.7645254149643677,7.849284580775669
NXPI,2026-09-25,231.1999969482422,239.24000549316406,230.22000122070312,238.0800018310547,238.0800018310547,2929000.0,229.3343207132012,3.8135073244403683,8.238571166992188
NXPI,2026-09-28,238.69000244140625,239.38999938964844,233.24000549316406,236.32000732421875,236.32000732421875,3629300.0,229.99962419996479,2.747997152707926,8.03642817905971
NXPI,2026-09-29,237.5800018310547,239.8300018310547,235.11000061035156,236.47000122070312,236.47000122070312,2438800.0,230.61585058289222,2.538485807898394,7.998571123395648
NXPI,2026-09-30,236.47999572753906,238.1999969482422,232.83999633789062,237.52999877929688,237.52999877929688,2685800.0,231.27434088731172,2.704864650347538,7.7757143293108255
NXPI,2026-10-01,238.64999389648438,242.33999633789062,235.00999450683594,239.19000244140625,239.19000244140625,2380800.0,232.0282134162731,3.086602667704219,7.432856968470982
NXPI,2026-10-02,245.3699951171875,248.86000061035156,242.72999572753906,243.66000366210938,243.66000366210938,2681800.0,233.1360029634956,4.514103598259611,7.219286237444196
NXPI,2026-10-05,242.50999450683594,243.22999572753906,239.25999450683594,241.97000122070312,241.97000122070312,1893100.0,233.9773361308487,3.4159996955365868,7.1942868913922995
NXPI,2026-10-06,242.97999572753906,244.01499938964844,240.4499969482422,243.51010131835938,243.51010131835938,37919.0,234.88521852965923,3.6719563890356355,6.626073564801898
OKLO,2026-08-25,40.7599983215332,44.849998474121094,40.060001373291016,44.27000045776367,44.27000045776367,14125200.0,44.27000045776367,0.0,
OKLO,2026-08-26,44.9900016784668,46.20000076293945,41.08000183105469,41.599998474121094,41.599998474121094,18430400.0,44.01571455455962,-5.488303677188133,
OKLO,2026-08-27,42.0,43.88999938964844,41.099998474121094,42.529998779296875,42.529998779296875,9621400.0,43.87421781405841,-3.0638017080063196,4.2333323160807295
OKLO,2026-08-28,42.0,42.66999816894531,39.5099983215332,40.13999938964844,40.13999938964844,11362400.0,43.5185779641146,-7.7635316513608,3.964999198913574
OKLO,2026-08-31,39.599998474121094,40.95000076293945,39.5,40.56999969482422,40.56999969482422,6232200.0,43.23776098608694,-6.169980198838587,3.46199951171875
OKLO,2026-09-01,39.349998474121094,39.349998474121094,38.04999923706055,38.529998779296875,38.529998779296875,7848500.0,42.789402680678364,-9.954342978722696,3.304999669392904
OKLO,2026-09-02,38.040000915527344,39.720001220703125,37.7599983215332,39.52000045776367,39.52000045776367,6834200.0,42.47803104040077,-6.963671597263355,3.1128572736467635
OKLO,2026-09-03,39.95000076293945,40.88999938964844,39.459999084472656,39.84000015258789,39.84000015258789,6970300.0,42.22679000346621,-5.652311839669554,2.9025001525878906
OKLO,2026-09-04,39.5099983215332,41.31999969482422,39.5,41.27000045776367,41.27000045776367,8127400.0,42.13566718958978,-2.0544749604439305,2.7822223239474826
OKLO,2026-09-08,42.060001373291016,44.779998779296875,41.79999923706055,43.310001373291016,43.310001373291016,14079200.0,42.24750854041847,2.514924239511185,2.8549999237060546
OKLO,2026-09-09,42.849998474121094,44.2599983215332,42.5,42.56999969482422,42.56999969482422,7690000.0,42.27822198369521,0.6901371378425836,2.755454323508523
OKLO,2026-09-10,41.439998626708984,41.77000045776367,39.77000045776367,39.880001068115234,39.880001068115234,10686300.0,42.04981999173521,-5.160114654584613,2.759166399637858
OKLO,2026-09-11,38.790000915527344,39.20000076293945,36.20000076293945,36.220001220703125,36.220001220703125,22594900.0,41.49459915639882,-12.711528832499418,2.829999776986929
OKLO,2026-09-14,34.95000076293945,36.9900016784668,34.380001068115234,36.209999084472656,36.209999084472656,11644700.0,40.99130391145347,-11.664193062287199,2.814285550798689
OKLO,2026-09-15,36.0,36.470001220703125,35.27000045776367,35.97999954223633,35.97999954223633,7398800.0,40.51403682867089,-11.191275027982206,2.557857240949358
OKLO,2026-09-16,36.70000076293945,36.720001220703125,34.72999954223633,35.619998931884766,35.619998931884766,7864400.0,40.047937981357926,-11.056596850340561,2.3342860085623607
OKLO,2026-09-17,36.97999954223633,40.650001525878906,36.619998931884766,39.650001525878906,39.650001525878906,17426500.0,40.01003927131231,-0.899868512979829,2.494286128452846
OKLO,2026-09-18,39.900001525878906,40.29999923706055,37.5099983215332,38.0,38.0,13843900.0,39.81860695975876,-4.567228988188033,2.46785763331822
OKLO,2026-09-21,39.14500045776367,40.861000061035156,39.08000183105469,40.18000030517578,40.18000030517578,11447600.0,39.853025373608,0.8204519694615664,2.5686432974679128
OKLO,2026-09-22,40.099998474121094,41.290000915527344,39.334999084472656,40.45000076293945,40.45000076293945,8240500.0,39.90988017259195,1.353350568860967,2.5282862527029857
OKLO,2026-09-23,40.209999084472656,40.36800003051758,38.7599983215332,38.81999969482422,38.81999969482422,7280000.0,39.80608203185216,-2.4772152562990146,2.509000505719866
OKLO,2026-09-24,38.349998474121094,38.630001068115234,37.560001373291016,38.290000915527344,38.290000915527344,7352300.0,39.661693354106944,-3.4584817807269963,2.4968575068882535
OKLO,2026-09-25,38.599998474121094,39.119998931884766,37.540000915527344,38.040000915527344,38.040000915527344,6778000.0,39.507246455194604,-3.713864344687423,2.4797145298549106
OKLO,2026-09-28,37.20000076293945,38.08000183105469,36.90999984741211,37.11000061035156,37.11000061035156,6620000.0,39.27893732711431,-5.521882373496723,2.3125719342912947
OKLO,2026-09-29,37.95500183105469,38.20000076293945,36.83000183105469,37.11000061035156,37.11000061035156,7553700.0,39.072371925517864,-5.0224012990741755,2.284714835030692
OKLO,2026-09-30,37.290000915527344,38.54999923706055,36.77000045776367,37.02000045776367,37.02000045776367,8160500.0,38.87690797620794,-4.7763765564397875,2.211857659476144
OKLO,2026-10-01,36.75,37.5260009765625,36.029998779296875,36.13999938964844,36.13999938964844,8486700.0,38.61625001558322,-6.412457514480341,2.0558577946254184
OKLO,2026-10-02,37.29999923706055,37.459999084472656,35.650001525878906,35.869998931884766,35.869998931884766,9500200.0,38.35470229332623,-6.478223562887109,1.9987147194998605
OKLO,2026-10-05,36.279998779296875,36.70600128173828,35.63999938964844,35.970001220703125,35.970001220703125,7627400.0,38.12758790545736,-5.6588596427979425,1.9891433715820312
OKLO,2026-10-06,36.279998779296875,39.119998931884766,37.0,38.8385009765625,38.8385009765625,2066973.0,38.19529391222928,1.6839955880723734,2.0720002310616628
ONDS,2026-08-25,8.300000190734863,8.329999923706055,8.164999961853027,8.239999771118164,8.239999771118164,41611100.0,8.239999771118164,0.0,
ONDS,2026-08-26,8.100000381469727,8.265000343322754,7.960000038146973,8.220000267028809,8.220000267028809,55499100.0,8.238095056442988,-0.21964773761657952,
ONDS,2026-08-27,8.350000381469727,8.84000015258789,8.300000190734863,8.75,8.75,85768400.0,8.286847908210323,5.58900195731602,0.36333338419596356
ONDS,2026-08-28,8.5600004196167,8.710000038146973,7.869999885559082,7.900000095367432,7.900000095367432,69966700.0,8.250005259368143,-4.242484131792146,0.49250006675720215
ONDS,2026-08-31,7.889999866485596,7.929999828338623,7.650000095367432,7.65500020980835,7.65500020980835,29699800.0,8.19333811179102,-6.570434353343102,0.45
ONDS,2026-09-01,7.434999942779541,7.445000171661377,7.0,7.039999961853027,7.039999961853027,68793600.0,8.083496383225498,-12.90897369036852,0.4841667016347249
ONDS,2026-09-02,7.059999942779541,7.630000114440918,7.039999961853027,7.610000133514404,7.610000133514404,79858600.0,8.038401502300632,-5.329434821881152,0.49928576605660574
ONDS,2026-09-03,7.690000057220459,7.949999809265137,7.53000020980835,7.630000114440918,7.630000114440918,73062000.0,7.999506132028277,-4.619110373675916,0.4893749952316284
ONDS,2026-09-04,7.610000133514404,7.685999870300293,7.460000038146973,7.619999885559082,7.619999885559082,43240300.0,7.963362679983591,-4.311781444885998,0.4601110882229275
ONDS,2026-09-08,7.610000133514404,7.880000114440918,7.579999923706055,7.619999885559082,7.619999885559082,43007500.0,7.930661461466972,-3.9172215005937927,0.44409999847412107
ONDS,2026-09-09,7.579999923706055,7.64900016784668,7.260000228881836,7.289999961853027,7.289999961853027,63851200.0,7.869646080551358,-7.365593227004686,0.4390909021550959
ONDS,2026-09-10,7.170000076293945,7.539999961853027,7.144999980926514,7.25,7.25,52336300.0,7.810632168117896,-7.17780784001495,0.4354166587193807
ONDS,2026-09-11,7.25,7.320000171661377,7.179999828338623,7.230000019073486,7.230000019073486,42170100.0,7.755333868208904,-6.77383924486985,0.41269232676579404
ONDS,2026-09-14,6.994999885559082,7.46999979019165,6.989999771118164,7.230000019073486,7.230000019073486,84277100.0,7.70530207305315,-6.168506431978593,0.41750001907348633
ONDS,2026-09-15,7.140999794006348,7.429999828338623,7.130000114440918,7.239999771118164,7.239999771118164,67788600.0,7.660987568106961,-5.495215770110217,0.427142858505249
ONDS,2026-09-16,7.264999866485596,7.28000020980835,6.980000019073486,7.199999809265137,7.199999809265137,65246400.0,7.617083972026787,-5.475640865892551,0.4267857074737549
ONDS,2026-09-17,7.46999979019165,7.53000020980835,7.300000190734863,7.389999866485596,7.389999866485596,67049500.0,7.595456914356197,-2.7049991881629487,0.40607145854404997
ONDS,2026-09-18,7.510000228881836,7.519999980926514,7.210000038146973,7.389999866485596,7.389999866485596,63908700.0,7.5758895764637595,-2.4537014181895245,0.3653571605682373
ONDS,2026-09-21,7.505000114440918,7.670000076293945,7.340000152587891,7.380000114440918,7.380000114440918,51627500.0,7.557233437223489,-2.3452143466893616,0.3689286027635847
ONDS,2026-09-22,7.46999979019165,7.744999885559082,7.389999866485596,7.71999979019165,7.71999979019165,70109500.0,7.572734994649028,1.9446711874465672,0.3482142857142857
ONDS,2026-09-23,7.739999771118164,7.980000019073486,7.380000114440918,7.400000095367432,7.400000095367432,67796400.0,7.556284051860304,-2.0682647108057894,0.348928553717477
ONDS,2026-09-24,7.260000228881836,7.730000019073486,7.179999828338623,7.599999904632568,7.599999904632568,114567800.0,7.560447466410044,0.5231494352450738,0.3582143102373396
ONDS,2026-09-25,7.724999904632568,7.880000114440918,7.590000152587891,7.639999866485596,7.639999866485596,70949500.0,7.568023885464858,0.9510538300357974,0.36278574807303293
ONDS,2026-09-28,7.53000020980835,7.800000190734863,7.440000057220459,7.679999828338623,7.679999828338623,53018000.0,7.578688260976645,1.3367955492197714,0.36707145827157156
ONDS,2026-09-29,7.914999961853027,7.914999961853027,7.46999979019165,7.480000019073486,7.480000019073486,48881300.0,7.569289380795391,-1.1796267420882023,0.3710714748927525
ONDS,2026-09-30,7.5,7.699999809265137,7.320000171661377,7.329999923706055,7.329999923706055,61550600.0,7.546499908691645,-2.868879448818884,0.3700000217982701
ONDS,2026-10-01,7.3520002365112305,7.425000190734863,7.119999885559082,7.119999885559082,7.119999885559082,41413700.0,7.505880858869496,-5.1410484734037425,0.38178573335920063
ONDS,2026-10-02,7.275000095367432,7.440000057220459,7.119999885559082,7.239999771118164,7.239999771118164,42797700.0,7.480558850512226,-3.2157902130211857,0.3703571728297642
ONDS,2026-10-05,7.625,7.689000129699707,7.375,7.420000076293945,7.420000076293945,35951500.0,7.4747913482057236,-0.7330140650003591,0.38100007602146696
ONDS,2026-10-06,7.441999912261963,7.614999771118164,7.429999828338623,7.565000057220459,7.565000057220459,2988685.0,7.483382653826174,1.0906485364951202,0.37350004059927805
OPCH,2026-08-25,23.59000015258789,23.729999542236328,23.059999465942383,23.639999389648438,23.639999389648438,2389600.0,23.639999389648438,0.0,
OPCH,2026-08-26,23.700000762939453,24.1200008392334,23.639999389648438,24.040000915527344,24.040000915527344,1410200.0,23.678094773065478,1.5284428326283406,
OPCH,2026-08-27,23.8799991607666,24.010000228881836,23.719999313354492,23.979999542236328,23.979999542236328,1413600.0,23.706847608224606,1.152206900410313,0.49000104268391925
OPCH,2026-08-28,24.0,24.15999984741211,23.8700008392334,23.899999618530273,23.899999618530273,1195600.0,23.725243037777528,0.7365849971462168,0.4400005340576172
OPCH,2026-08-31,23.739999771118164,23.809999465942383,23.40999984741211,23.450000762939453,23.450000762939453,1768000.0,23.69902948779295,-1.0507971433250773,0.45000038146972654
OPCH,2026-09-01,23.450000762939453,23.8799991607666,23.450000762939453,23.639999389648438,23.639999389648438,1560100.0,23.69340757368395,-0.22541368888969737,0.4466667175292969
OPCH,2026-09-02,23.690000534057617,24.110000610351562,23.690000534057617,23.850000381469727,23.850000381469727,1294200.0,23.70832117442545,0.5975927439227924,0.4500002179827009
OPCH,2026-09-03,24.139999389648438,24.520000457763672,23.860000610351562,24.459999084472656,24.459999084472656,1574800.0,23.7799095468109,2.8599332403808964,0.47750020027160645
OPCH,2026-09-04,24.389999389648438,24.399999618530273,24.100000381469727,24.209999084472656,24.209999084472656,1155600.0,23.820870455159636,1.6335617543679515,0.46444447835286456
OPCH,2026-09-08,23.8700008392334,24.049999237060547,23.649999618530273,23.739999771118164,23.739999771118164,1973900.0,23.813168485250923,-0.3072615648693544,0.4739999771118164
OPCH,2026-09-09,23.489999771118164,23.799999237060547,23.25,23.639999389648438,23.639999389648438,1394600.0,23.79667619043164,-0.6583978347623254,0.48090900074351917
OPCH,2026-09-10,23.690000534057617,24.079999923706055,23.600000381469727,23.6299991607666,23.6299991607666,1575100.0,23.780802187606398,-0.6341376781578423,0.4808332125345866
OPCH,2026-09-11,23.940000534057617,24.059999465942383,23.420000076293945,23.479999542236328,23.479999542236328,1726500.0,23.75215431661877,-1.1458109052113419,0.49307676462026745
OPCH,2026-09-14,23.729999542236328,24.09000015258789,23.610000610351562,23.989999771118164,23.989999771118164,1556000.0,23.774806264666335,0.9051325342307681,0.5014284678867885
OPCH,2026-09-15,23.940000534057617,24.170000076293945,23.309999465942383,23.520000457763672,23.520000457763672,2534000.0,23.75053904496132,-0.9706667573364358,0.5149999346051898
OPCH,2026-09-16,23.59000015258789,24.8799991607666,23.229999542236328,24.469999313354492,24.469999313354492,3715300.0,23.819059070522574,2.73285456366954,0.5985712323869977
OPCH,2026-09-17,24.389999389648438,24.559999465942383,23.65999984741211,24.5,24.5,3810300.0,23.88391058761566,2.579516491339562,0.6399996621268136
OPCH,2026-09-18,24.479999542236328,24.479999542236328,23.75,24.299999237060547,24.299999237060547,5680300.0,23.92353807803898,1.5736015207848508,0.6728568758283343
OPCH,2026-09-21,24.299999237060547,24.3799991607666,23.809999465942383,23.950000762939453,23.950000762939453,3120500.0,23.926058333743786,0.10006842272844985,0.6785711560930524
OPCH,2026-09-22,24.040000915527344,24.479999542236328,23.8799991607666,23.899999618530273,23.899999618530273,2143300.0,23.9235765513425,-0.09855103713956037,0.6907141549246651
OPCH,2026-09-23,23.8799991607666,24.139999389648438,23.270000457763672,23.34000015258789,23.34000015258789,1330300.0,23.867997846699204,-2.2121574566185576,0.719285420009068
OPCH,2026-09-24,23.309999465942383,23.520000457763672,22.829999923706055,22.940000534057617,22.940000534057617,1458300.0,23.77961715025715,-3.5308247853370167,0.7207140241350446
OPCH,2026-09-25,22.81999969482422,23.149999618530273,22.719999313354492,23.06999969482422,23.06999969482422,1168900.0,23.712034535454013,-2.707632867478449,0.7257141385759626
OPCH,2026-09-28,23.06999969482422,23.5,22.850000381469727,22.899999618530273,22.899999618530273,1889400.0,23.63469787669937,-3.1085578584586493,0.732142720903669
OPCH,2026-09-29,22.709999084472656,22.860000610351562,22.540000915527344,22.809999465942383,22.809999465942383,1758000.0,23.55615517091299,-3.167561512296191,0.7185712541852679
OPCH,2026-09-30,22.829999923706055,22.829999923706055,22.34000015258789,22.489999771118164,22.489999771118164,1570800.0,23.45461656140872,-4.112694777017579,0.7192855562482562
OPCH,2026-10-01,22.559999465942383,22.8799991607666,22.290000915527344,22.579999923706055,22.579999923706055,1614100.0,23.37131973877037,-3.385858496264571,0.7157140459333148
OPCH,2026-10-02,22.59000015258789,22.93000030517578,22.40999984741211,22.639999389648438,22.639999389648438,1263400.0,23.30167018171114,-2.8395852610686667,0.7092854636056083
OPCH,2026-10-05,22.549999237060547,23.489999771118164,22.450000762939453,23.3700008392334,23.3700008392334,2778100.0,23.308177863379925,0.26524156549623257,0.7221424920218331
OPCH,2026-10-06,31.040000915527344,31.079999923706055,31.014999389648438,31.059099197387695,31.059099197387695,16017530.0,24.04636084757114,29.16340811098197,1.1549995967320033
OPRX,2026-08-25,7.659999847412109,7.940000057220459,7.590000152587891,7.860000133514404,7.860000133514404,131500.0,7.860000133514404,0.0,
OPRX,2026-08-26,7.78000020980835,7.849999904632568,7.619999885559082,7.75,7.75,112900.0,7.849523930322556,-1.2678976611320003,
OPRX,2026-08-27,7.75,8.0,7.650000095367432,7.829999923706055,7.829999923706055,333700.0,7.847664501120985,-0.225093432732848,0.31333335240681964
OPRX,2026-08-28,7.829999923706055,8.09000015258789,7.599999904632568,7.949999809265137,7.949999809265137,271600.0,7.857410720944237,1.178366406049003,0.3575000762939453
OPRX,2026-08-31,7.889999866485596,8.039999961853027,7.710000038146973,7.980000019073486,7.980000019073486,170900.0,7.869085892194643,1.4094918825178882,0.3520000457763672
OPRX,2026-09-01,8.0,8.029999732971191,7.699999809265137,7.860000133514404,7.860000133514404,115500.0,7.8682205818441435,-0.10447658710417418,0.34833335876464844
OPRX,2026-09-02,7.929999828338623,8.350000381469727,7.480000019073486,8.039999961853027,8.039999961853027,171300.0,7.884580522797371,1.971182088968182,0.4228572164263044
OPRX,2026-09-03,8.09000015258789,8.34000015258789,7.900000095367432,7.949999809265137,7.949999809265137,157700.0,7.890810931032397,0.7500988016322374,0.42500007152557373
OPRX,2026-09-04,7.840000152587891,7.900000095367432,7.659999847412109,7.869999885559082,7.869999885559082,82200.0,7.888828926701605,-0.23867980048080106,0.41000005933973527
OPRX,2026-09-08,7.840000152587891,7.840000152587891,7.559999942779541,7.599999904632568,7.599999904632568,99700.0,7.861321400790269,-3.3241421236311575,0.40000004768371583
OPRX,2026-09-09,7.599999904632568,7.599999904632568,7.159999847412109,7.170000076293945,7.170000076293945,78500.0,7.795481274647762,-8.023638006648648,0.4036364121870561
OPRX,2026-09-10,7.070000171661377,7.260000228881836,6.860000133514404,7.179999828338623,7.179999828338623,108200.0,7.7368639940468915,-7.197543683548602,0.4033333857854207
OPRX,2026-09-11,7.239999771118164,7.320000171661377,7.059999942779541,7.289999961853027,7.289999961853027,115200.0,7.694305514790333,-5.254607477700645,0.39230775833129883
OPRX,2026-09-14,7.269999980926514,7.809999942779541,7.269999980926514,7.809999942779541,7.809999942779541,96400.0,7.705324031741687,1.3584881129806714,0.4028572014399937
OPRX,2026-09-15,7.769999980926514,7.769999980926514,7.420000076293945,7.559999942779541,7.559999942779541,74500.0,7.6914836423167205,-1.7094712236503717,0.4057143415723528
OPRX,2026-09-16,7.619999885559082,7.679999828338623,7.5,7.53000020980835,7.53000020980835,58300.0,7.676104267792114,-1.9033620816850672,0.40142859731401714
OPRX,2026-09-17,7.690000057220459,7.71999979019165,7.539999961853027,7.590000152587891,7.590000152587891,72200.0,7.667903875867903,-1.0159715685167492,0.39000000272478375
OPRX,2026-09-18,7.53000020980835,7.53000020980835,7.25,7.289999961853027,7.289999961853027,233700.0,7.631913026914105,-4.480044044727894,0.37928571019853863
OPRX,2026-09-21,7.309999942779541,7.630000114440918,7.130000114440918,7.559999942779541,7.559999942779541,286300.0,7.6250641617584325,-0.8532940523334198,0.3914285727909633
OPRX,2026-09-22,7.599999904632568,7.670000076293945,7.289999961853027,7.619999885559082,7.619999885559082,118300.0,7.624581849739446,-0.06009462906507723,0.3950000149863107
OPRX,2026-09-23,7.619999885559082,7.829999923706055,7.550000190734863,7.599999904632568,7.599999904632568,143100.0,7.622240712110219,-0.291788311569785,0.3528571128845215
OPRX,2026-09-24,7.510000228881836,7.909999847412109,7.349999904632568,7.889999866485596,7.889999866485596,185000.0,7.647741583955494,3.167710099388632,0.3614285332815988
OPRX,2026-09-25,7.949999809265137,8.59000015258789,7.880000114440918,8.039999961853027,8.039999961853027,488000.0,7.68509952470764,4.618033065211202,0.3914285387311663
OPRX,2026-09-28,7.880000114440918,8.029999732971191,7.690000057220459,7.809999942779541,7.809999942779541,142200.0,7.69699480261925,1.4681722290085908,0.3942856788635254
OPRX,2026-09-29,7.920000076293945,8.369999885559082,7.820000171661377,8.359999656677246,8.359999656677246,211700.0,7.760138122053345,7.730036826524644,0.4028570992606027
OPRX,2026-09-30,8.399999618530273,8.460000038146973,8.220000267028809,8.350000381469727,8.350000381469727,204600.0,7.816315480093,6.827832151042812,0.3914285046713693
OPRX,2026-10-01,8.420000076293945,8.859999656677246,8.300000190734863,8.390000343322754,8.390000343322754,196500.0,7.870952133733929,6.59447803480151,0.41285702160426546
OPRX,2026-10-02,8.550000190734863,8.760000228881836,8.3100004196167,8.569999694824219,8.569999694824219,224900.0,7.937528091933005,7.9681179778626765,0.40642843927655903
OPRX,2026-10-05,8.600000381469727,8.789999961853027,8.449999809265137,8.720000267028809,8.720000267028809,166700.0,8.012049251465939,8.836079177038725,0.4028570311410086
OPRX,2026-10-06,8.819999694824219,8.84000015258789,8.819999694824219,8.829999923706055,8.829999923706055,1209.0,8.089949315488807,9.14777805591891,0.39857132094247
ORCL,2026-08-25,143.3000030517578,146.33999633789062,142.50999450683594,144.75999450683594,144.75999450683594,13329400.0,144.75999450683594,0.0,
ORCL,2026-08-26,147.0,151.6300048828125,146.8300018310547,148.8699951171875,148.8699951171875,18426100.0,145.15142313639325,2.561857059644579,
ORCL,2026-08-27,152.11000061035156,153.8300018310547,147.52000427246094,151.94000244140625,151.94000244140625,30251400.0,145.79795449877545,4.212712012144437,5.670003255208333
ORCL,2026-08-28,153.60000610351562,153.99000549316406,149.7100067138672,150.85000610351562,150.85000610351562,17800000.0,146.27910227065547,3.124782530045045,5.322502136230469
ORCL,2026-08-31,149.30999755859375,151.25999450683594,147.75,149.1199951171875,149.1199951171875,16118900.0,146.5496634941347,1.7538980041094776,4.960000610351562
ORCL,2026-09-01,146.75,146.7899932861328,139.9499969482422,141.32000732421875,141.32000732421875,25443300.0,146.05160100176175,-3.239672584955733,5.6616668701171875
ORCL,2026-09-02,140.25999450683594,146.69000244140625,139.72000122070312,145.75,145.75,21906700.0,146.02287709683208,-0.18687283955590717,5.84857177734375
ORCL,2026-09-03,147.27000427246094,156.77000427246094,146.9199981689453,154.0399932861328,154.0399932861328,25101700.0,146.78641197200358,4.9415890862654965,6.495000839233398
ORCL,2026-09-04,159.4600067138672,159.6999969482422,156.7100067138672,158.77999877929688,158.77999877929688,26511300.0,147.92865833460294,7.3355227897417,6.402223375108507
ORCL,2026-09-08,167.60000610351562,170.6999969482422,161.16000366210938,162.52000427246094,162.52000427246094,37662800.0,149.31831032868465,8.841309491593009,6.954000854492188
ORCL,2026-09-09,163.5399932861328,165.14999389648438,160.36000061035156,161.6300048828125,161.6300048828125,27464600.0,150.49085266717302,7.401879927064359,6.757272893732244
ORCL,2026-09-10,158.3800048828125,159.24000549316406,152.52000427246094,152.94000244140625,152.94000244140625,56824700.0,150.7241050266238,1.4701679033961135,6.9533335367838545
ORCL,2026-09-11,164.42999267578125,166.0,149.83999633789062,150.27999877929688,150.27999877929688,80438600.0,150.68180919354504,-0.26666152762477857,7.661538931039663
ORCL,2026-09-14,141.4199981689453,145.3300018310547,141.00999450683594,144.7899932861328,144.7899932861328,42159700.0,150.1206838690296,-3.550936783333236,7.776429312569754
ORCL,2026-09-15,143.4600067138672,144.8800048828125,140.02000427246094,140.35000610351562,140.35000610351562,31552700.0,149.19014312945683,-5.925416277850437,7.850000653948102
ORCL,2026-09-16,140.02999877929688,146.52000427246094,139.0,143.16000366210938,143.16000366210938,34366400.0,148.6158441325666,-3.671102837185092,7.896428789411273
ORCL,2026-09-17,146.75,152.0,146.14999389648438,150.58999633789062,150.58999633789062,27742400.0,148.80385862831173,1.200330237430447,8.077142987932477
ORCL,2026-09-18,150.47000122070312,150.89999389648438,144.39999389648438,147.61000061035156,147.61000061035156,39324900.0,148.6901578646965,-0.7264483876114003,8.235714503696986
ORCL,2026-09-21,148.92999267578125,149.97999572753906,146.16000366210938,148.55999755859375,148.55999755859375,22418300.0,148.67776164506765,-0.07920759982588121,8.257857186453682
ORCL,2026-09-22,151.25,153.60000610351562,148.60000610351562,149.1999969482422,149.1999969482422,31260000.0,148.7274983406081,0.31769418090525914,7.962857927594866
ORCL,2026-09-23,148.3000030517578,148.66000366210938,144.22999572753906,144.55999755859375,144.55999755859375,22682300.0,148.33059350422576,-2.5420217478767104,7.820000784737723
ORCL,2026-09-24,137.32000732421875,140.33999633789062,133.47999572753906,139.5399932861328,139.5399932861328,56629400.0,147.493393483455,-5.392377251266078,7.824286324637277
ORCL,2026-09-25,138.57000732421875,140.8800048828125,136.9199981689453,137.10000610351562,137.10000610351562,23671000.0,146.5035470663179,-6.418643883445075,7.702857971191406
ORCL,2026-09-28,132.72999572753906,135.69000244140625,131.5800018310547,132.60000610351562,132.60000610351562,36060100.0,145.17940030795577,-8.664723905565552,7.2457155500139505
ORCL,2026-09-29,132.7899932861328,143.6699981689453,132.52999877929688,137.7899932861328,137.7899932861328,45709700.0,144.47564725825836,-4.627530036376692,7.699287414550781
ORCL,2026-09-30,136.5399932861328,138.5,134.75,137.3000030517578,137.3000030517578,22321600.0,143.792252571925,-4.515020388125402,7.316430228097098
ORCL,2026-10-01,139.60000610351562,140.25,135.3300018310547,138.07000732421875,138.07000732421875,25459100.0,143.24727683404822,-3.6142184509568964,6.513572692871094
ORCL,2026-10-02,142.08999633789062,144.86000061035156,140.25999450683594,142.3000030517578,142.3000030517578,35409300.0,143.1570602833539,-0.5986831735016684,6.336429050990513
ORCL,2026-10-05,142.52999877929688,146.66000366210938,142.3699951171875,142.47999572753906,142.47999572753906,18014400.0,143.09257794470486,-0.42810202035951095,6.300714765276227
ORCL,2026-10-06,142.52999877929688,145.9499969482422,143.9199981689453,145.6699981689453,145.6699981689453,1488043.0,143.33804653748965,1.6268895019758478,6.0114288330078125
PCVX,2026-08-25,62.220001220703125,63.91999816894531,60.959999084472656,61.09000015258789,61.09000015258789,1217900.0,61.09000015258789,0.0,
PCVX,2026-08-26,61.03499984741211,61.64500045776367,60.31999969482422,61.09000015258789,61.09000015258789,891600.0,61.09000015258789,0.0,
PCVX,2026-08-27,60.5099983215332,61.599998474121094,59.93000030517578,61.154998779296875,61.154998779296875,611600.0,61.09619049798875,0.09625523429330762,1.9849993387858074
PCVX,2026-08-28,61.060001373291016,62.375,59.48500061035156,59.834999084472656,59.834999084472656,759700.0,60.97607703003484,-1.8713534899926776,2.211249351501465
PCVX,2026-08-31,59.099998474121094,61.61000061035156,58.5099983215332,60.7400016784668,60.7400016784668,1749000.0,60.95359366321883,-0.3504173780666253,2.3889999389648438
PCVX,2026-09-01,60.290000915527344,62.13999938964844,60.060001373291016,60.810001373291016,60.810001373291016,1441100.0,60.93991820703523,-0.21318839533528422,2.3374996185302734
PCVX,2026-09-02,61.630001068115234,62.900001525878906,60.81999969482422,61.58000183105469,61.58000183105469,1021300.0,61.000878552179934,0.9493687511063831,2.302142551967076
PCVX,2026-09-03,61.72999954223633,62.13999938964844,59.849998474121094,61.16999816894531,61.16999816894531,736500.0,61.016985182348066,0.250771135512462,2.3006248474121094
PCVX,2026-09-04,59.72999954223633,61.779998779296875,59.64500045776367,61.15999984741211,61.15999984741211,986700.0,61.030605626639876,0.21201529862544533,2.282221900092231
PCVX,2026-09-08,60.25,61.029998779296875,59.220001220703125,60.36000061035156,60.36000061035156,1024400.0,60.96673848223147,-0.9951948996857363,2.247999572753906
PCVX,2026-09-09,59.9900016784668,60.33000183105469,59.04499816894531,59.5099983215332,59.5099983215332,1195200.0,60.82800132406973,-2.1667701943956397,2.1631816517223013
PCVX,2026-09-10,59.189998626708984,60.130001068115234,58.55500030517578,58.900001525878906,58.900001525878906,1160700.0,60.64438229567061,-2.8764094937714146,2.114166577657064
PCVX,2026-09-11,60.06999969482422,60.20000076293945,58.209999084472656,59.470001220703125,59.470001220703125,1683400.0,60.53253647900704,-1.7553126303775701,2.104615431565505
PCVX,2026-09-14,60.040000915527344,60.85499954223633,59.084999084472656,59.540000915527344,59.540000915527344,1428400.0,60.43800928248517,-1.4858337950222067,2.080714362008231
PCVX,2026-09-15,59.70000076293945,59.75,58.185001373291016,59.209999084472656,59.209999084472656,1887900.0,60.3210559302935,-1.8419054983135008,1.9810714721679688
PCVX,2026-09-16,59.25,60.130001068115234,58.400001525878906,58.77000045776367,58.77000045776367,1249200.0,60.173336361481134,-2.3321557164242335,2.0099999564034596
PCVX,2026-09-17,60.220001220703125,61.5,59.310001373291016,60.369998931884766,60.369998931884766,1309200.0,60.19206613009101,0.29560839697577723,2.085714340209961
PCVX,2026-09-18,60.369998931884766,60.369998931884766,57.0099983215332,58.130001068115234,58.130001068115234,2717400.0,59.99567898133141,-3.109687138963302,2.11928585597447
PCVX,2026-09-21,59.0,60.53499984741211,57.6150016784668,58.91999816894531,58.91999816894531,1124400.0,59.89323318967559,-1.6249498798105333,2.106428418840681
PCVX,2026-09-22,59.45000076293945,59.959999084472656,58.779998779296875,59.02000045776367,59.02000045776367,1282700.0,59.81006816758874,-1.3209610589496101,2.042142868041992
PCVX,2026-09-23,59.02000045776367,59.099998474121094,55.09000015258789,56.494998931884766,56.494998931884766,1650400.0,59.49434728799788,-5.041400557928622,2.1792855943952287
PCVX,2026-09-24,55.86000061035156,57.59000015258789,55.084999084472656,56.900001525878906,56.900001525878906,1852000.0,59.24726673922464,-3.961811814335947,2.1946427481515065
PCVX,2026-09-25,57.220001220703125,57.49599838256836,55.91999816894531,56.209999084472656,56.209999084472656,947300.0,58.95800315305779,-4.660951731101171,2.1547143118722096
PCVX,2026-09-28,56.5,58.81999969482422,55.75,58.27000045776367,58.27000045776367,1849000.0,58.8924790868393,-1.0569747423228026,2.235428673880441
PCVX,2026-09-29,57.959999084472656,58.98099899291992,55.90999984741211,56.689998626708984,56.689998626708984,1493500.0,58.682719043017364,-3.395753381583455,2.3608570098876953
PCVX,2026-09-30,56.689998626708984,57.505001068115234,56.12699890136719,56.900001525878906,56.900001525878906,1508700.0,58.51293642233751,-2.756544099610181,2.346785681588309
PCVX,2026-10-01,56.72999954223633,57.16999816894531,55.994998931884766,56.04999923706055,56.04999923706055,1166200.0,58.278370976120655,-3.8236685441553897,2.288571221487863
PCVX,2026-10-02,56.7599983215332,57.0,55.84000015258789,56.47999954223633,56.47999954223633,2399600.0,58.10709750622691,-2.800170777444555,2.244999749319894
PCVX,2026-10-05,87.20999908447266,90.75,71.5999984741211,73.81999969482422,73.81999969482422,14896300.0,59.60356438133141,23.851652935618016,4.581071308680943
PCVX,2026-10-06,73.3499984741211,73.3949966430664,67.0,68.54000091552734,68.54000091552734,516620.0,60.454653575064356,13.374234839380406,4.944642748151507
PENN,2026-08-25,18.399999618530273,18.510000228881836,17.739999771118164,17.75,17.75,1885500.0,17.75,0.0,
PENN,2026-08-26,17.739999771118164,17.969999313354492,17.209999084472656,17.850000381469727,17.850000381469727,3414700.0,17.75952384585426,0.5094536114862436,
PENN,2026-08-27,17.799999237060547,17.829999923706055,17.290000915527344,17.329999923706055,17.329999923706055,1958800.0,17.718616805649667,-2.19326873088479,0.6966667175292969
PENN,2026-08-28,17.40999984741211,17.860000610351562,17.219999313354492,17.360000610351562,17.360000610351562,2246800.0,17.684462882287942,-1.8347307130336943,0.6825003623962402
PENN,2026-08-31,17.309999465942383,17.450000762939453,16.6200008392334,16.709999084472656,16.709999084472656,2446200.0,17.591656806305533,-5.011794690747129,0.7120002746582031
PENN,2026-09-01,16.770000457763672,16.770000457763672,16.239999771118164,16.399999618530273,16.399999618530273,3535300.0,17.47816564556503,-6.168645205100997,0.6816670099894205
PENN,2026-09-02,16.530000686645508,17.18000030517578,16.459999084472656,16.889999389648438,16.889999389648438,2342500.0,17.422149811668213,-3.0544475152163852,0.6957146780831474
PENN,2026-09-03,17.049999237060547,17.309999465942383,16.850000381469727,17.200000762939453,17.200000762939453,2114600.0,17.400992759408332,-1.1550605143502923,0.6662502288818359
PENN,2026-09-04,17.139999389648438,17.450000762939453,17.020000457763672,17.06999969482422,17.06999969482422,2210900.0,17.369469610400323,-1.7241166385229767,0.640000237358941
PENN,2026-09-08,16.940000534057617,17.1200008392334,16.75,16.950000762939453,16.950000762939453,2327600.0,17.32952019635643,-2.1900169717149587,0.6130002975463867
PENN,2026-09-09,16.93000030517578,17.719999313354492,16.84000015258789,17.170000076293945,17.170000076293945,4457900.0,17.314327803969526,-0.8335739585714208,0.6372729214754972
PENN,2026-09-10,16.989999771118164,17.219999313354492,16.809999465942383,17.110000610351562,17.110000610351562,2626300.0,17.294868071244004,-1.0689151263305607,0.6183334986368815
PENN,2026-09-11,17.389999389648438,17.8799991607666,17.110000610351562,17.81999969482422,17.81999969482422,3772800.0,17.34488060682307,2.7392468058514474,0.6300000410813552
PENN,2026-09-14,17.81999969482422,18.049999237060547,17.520000457763672,18.0,18.0,2938400.0,17.407272929982778,3.4050541540960877,0.6228570938110352
PENN,2026-09-15,17.959999084472656,18.040000915527344,17.610000610351562,17.739999771118164,17.739999771118164,2713500.0,17.4389612005671,1.7262414147769078,0.5985713686261859
PENN,2026-09-16,17.709999084472656,17.84000015258789,17.420000076293945,17.690000534057617,17.690000534057617,2609800.0,17.46286970851858,1.3006500611308036,0.5742856434413365
PENN,2026-09-17,17.850000381469727,17.850000381469727,17.389999389648438,17.459999084472656,17.459999084472656,2158700.0,17.4625963157523,-0.014873110691460134,0.5671428952898298
PENN,2026-09-18,17.219999313354492,17.389999389648438,16.40999984741211,16.450000762939453,16.450000762939453,5342000.0,17.36615864405584,-5.275535597102088,0.596428462437221
PENN,2026-09-21,16.40999984741211,16.59000015258789,16.040000915527344,16.1299991607666,16.1299991607666,3259300.0,17.248429169456866,-6.484242696550913,0.5764284133911133
PENN,2026-09-22,16.399999618530273,16.93000030517578,15.829999923706055,15.899999618530273,15.899999618530273,3303400.0,17.120007307463858,-7.126210094558161,0.6171426773071289
PENN,2026-09-23,15.760000228881836,15.890000343322754,15.539999961853027,15.5600004196167,15.5600004196167,2332300.0,16.971435222906987,-8.316531776789393,0.5871426037379673
PENN,2026-09-24,15.420000076293945,15.5600004196167,14.800000190734863,15.489999771118164,15.489999771118164,4430000.0,16.83034613226043,-7.963866878370906,0.6085712569100517
PENN,2026-09-25,15.420000076293945,15.899999618530273,15.40999984741211,15.649999618530273,15.649999618530273,3032900.0,16.717932178571843,-6.3879464794718395,0.6128569330487933
PENN,2026-09-28,15.649999618530273,15.649999618530273,15.199999809265137,15.239999771118164,15.239999771118164,2203100.0,16.577176711195303,-8.06637320318896,0.6185711451939174
PENN,2026-09-29,15.329999923706055,15.329999923706055,14.390000343322754,14.609999656677246,14.609999656677246,5246000.0,16.389826515526916,-10.85933921975043,0.622856889452253
PENN,2026-09-30,14.720000267028809,15.100000381469727,14.539999961853027,14.649999618530273,14.649999618530273,3242300.0,16.22412871581295,-9.702395270991904,0.6335712160382952
PENN,2026-10-01,14.680000305175781,14.84000015258789,14.130000114440918,14.520000457763672,14.520000457763672,5049700.0,16.06183078647492,-9.59934361909458,0.6292856080191476
PENN,2026-10-02,14.75,15.039999961853027,14.350000381469727,14.770000457763672,14.770000457763672,4201700.0,15.938799326597659,-7.333042124970913,0.6407142366681781
PENN,2026-10-05,14.800000190734863,15.319999694824219,14.6899995803833,15.100000381469727,15.100000381469727,2924600.0,15.858913712775951,-4.7854055142178105,0.6549999373299735
PENN,2026-10-06,15.859999656677246,16.040000915527344,15.630000114440918,15.84000015258789,15.84000015258789,219392.0,15.85711242132947,-0.10791541541044225,0.6921428271702358
PL,2026-08-25,22.1200008392334,22.290000915527344,21.350000381469727,21.549999237060547,21.549999237060547,4363800.0,21.549999237060547,0.0,
PL,2026-08-26,21.40999984741211,21.819000244140625,21.014999389648438,21.15999984741211,21.15999984741211,3981900.0,21.512856438046413,-1.6402126405225315,
PL,2026-08-27,21.559999465942383,21.68000030517578,21.100000381469727,21.15999984741211,21.15999984741211,4227900.0,21.479251048462196,-1.4863237099365434,0.7746671040852865
PL,2026-08-28,21.079999923706055,21.200000762939453,19.8700008392334,19.979999542236328,19.979999542236328,8254100.0,21.3364651907264,-6.357499409413148,0.9135003089904785
PL,2026-08-31,20.0,20.34000015258789,19.674999237060547,19.850000381469727,19.850000381469727,6801000.0,21.194897113654335,-6.345379857108102,0.8638004302978516
PL,2026-09-01,19.56999969482422,19.969999313354492,19.079999923706055,19.260000228881836,19.260000228881836,7804500.0,21.01062121986648,-8.332076299245038,0.8681669235229492
PL,2026-09-02,19.84000015258789,20.3799991607666,19.475000381469727,19.989999771118164,19.989999771118164,6606900.0,20.913419177128542,-4.41543966670096,0.9041429247174945
PL,2026-09-03,19.860000610351562,20.100000381469727,17.829999923706055,18.350000381469727,18.350000381469727,31952900.0,20.669284053732465,-11.220919245356843,1.0748751163482666
PL,2026-09-04,19.639999389648438,19.959999084472656,17.725000381469727,18.1200008392334,18.1200008392334,32194700.0,20.426495176161126,-11.29167934604629,1.2037777370876737
PL,2026-09-08,17.850000381469727,18.226999282836914,17.049999237060547,17.809999465942383,17.809999465942383,25868700.0,20.177305108521246,-11.732516457706266,1.201099967956543
PL,2026-09-09,18.0,18.479999542236328,17.110000610351562,17.219999313354492,17.219999313354492,13313700.0,19.89565693755298,-13.44845074780212,1.216454419222745
PL,2026-09-10,16.959999084472656,17.69499969482422,16.68000030517578,16.690000534057617,16.690000534057617,11166000.0,19.59035632769628,-14.805018066660814,1.1996665000915527
PL,2026-09-11,16.670000076293945,17.049999237060547,16.44499969482422,16.450000762939453,16.450000762939453,11856100.0,19.291274845338485,-14.728285741497238,1.1539228879488432
PL,2026-09-14,16.100000381469727,16.424999237060547,15.979999542236328,16.200000762939453,16.200000762939453,7797000.0,18.99686778987191,-14.722779870182567,1.1050713402884347
PL,2026-09-15,16.079999923706055,16.31999969482422,15.635000228881836,16.020000457763672,16.020000457763672,8413400.0,18.71335661538541,-14.39269401517932,1.0868569782802038
PL,2026-09-16,16.09000015258789,16.1200008392334,15.600000381469727,16.020000457763672,16.020000457763672,8631600.0,18.456846505135722,-13.202938252176422,1.0665712356567383
PL,2026-09-17,16.420000076293945,17.270000457763672,16.024999618530273,16.989999771118164,16.989999771118164,11176500.0,18.31714681618167,-7.24538083568278,1.1144283839634486
PL,2026-09-18,17.100000381469727,17.170000076293945,16.1200008392334,16.420000076293945,16.420000076293945,10427900.0,18.136466174287598,-9.464170591441444,1.094428334917341
PL,2026-09-21,16.684999465942383,17.229999542236328,16.645000457763672,17.06999969482422,17.06999969482422,8833200.0,18.034897938148227,-5.3501730180741,1.104785374232701
PL,2026-09-22,17.149999618530273,17.25,16.61199951171875,16.90999984741211,16.90999984741211,10096700.0,17.92776478664955,-5.677031974422997,1.0867854527064733
PL,2026-09-23,16.850000381469727,17.020000457763672,16.309999465942383,16.3799991607666,16.3799991607666,7515500.0,17.780358536565462,-7.875878165893047,1.057499885559082
PL,2026-09-24,16.31999969482422,17.709999084472656,16.1299991607666,17.6200008392334,17.6200008392334,15712600.0,17.76508637491479,-0.8166891655886355,1.0082141331263952
PL,2026-09-25,17.90999984741211,18.18000030517578,17.3700008392334,17.43000030517578,17.43000030517578,14017300.0,17.73317341589203,-1.7096382221388096,0.906428473336356
PL,2026-09-28,17.170000076293945,17.4950008392334,16.739999771118164,16.770000457763672,16.770000457763672,8421900.0,17.64144265797504,-4.939744538508151,0.8762856892177037
PL,2026-09-29,17.049999237060547,17.219999313354492,16.100000381469727,16.3799991607666,16.3799991607666,10404400.0,17.52130518205043,-6.5138185165168565,0.8584285463605609
PL,2026-09-30,16.469999313354492,17.110000610351562,16.385000228881836,16.389999389648438,16.389999389648438,10282700.0,17.41356177325024,-5.8779610795888,0.8380715506417411
PL,2026-10-01,16.489999771118164,16.6200008392334,16.106000900268555,16.139999389648438,16.139999389648438,8021800.0,17.292270117669116,-6.6635017853630245,0.8315715789794922
PL,2026-10-02,16.549999237060547,17.729999542236328,16.329999923706055,17.5,17.5,15002500.0,17.312053915986343,1.0856371226992456,0.9115715026855469
PL,2026-10-05,17.639999389648438,17.68000030517578,16.969999313354492,17.360000610351562,17.360000610351562,6776100.0,17.31662026783065,0.2505127550870956,0.9133573259626117
PL,2026-10-06,17.639999389648438,18.520000457763672,18.040000915527344,18.46500015258789,18.46500015258789,1392653.0,17.425989780664672,5.962418118000223,0.9590715680803571
QCOM,2026-08-25,160.33999633789062,161.7899932861328,159.0800018310547,160.55999755859375,159.6908721923828,11420600.0,160.55999755859375,0.0,
QCOM,2026-08-26,160.10000610351562,163.8699951171875,159.88999938964844,163.72000122070312,162.83377075195312,10480300.0,160.86095028831846,1.777343057628511,
QCOM,2026-08-27,165.16000366210938,166.9499969482422,161.9199981689453,164.77999877929688,163.88803100585938,15065100.0,161.23419300174498,2.1991648989203583,3.9066619873046875
QCOM,2026-08-28,164.58999633789062,165.49000549316406,161.89999389648438,164.19000244140625,163.30123901367188,7752100.0,161.5156986626651,1.6557547042697074,3.8274993896484375
QCOM,2026-08-31,164.7899932861328,171.3800048828125,164.19000244140625,170.47999572753906,169.5571746826172,12734600.0,162.36944124027212,4.995123728525397,4.5
QCOM,2026-09-01,165.47000122070312,167.2899932861328,162.2100067138672,166.61000061035156,165.7081298828125,8900900.0,162.77330403742255,2.357079740819734,5.1283315022786455
QCOM,2026-09-02,166.0399932861328,170.60000610351562,165.0800018310547,169.9600067138672,169.04000854492188,7525300.0,163.45775191136966,3.9779421449667396,5.184284755161831
QCOM,2026-09-03,168.5,170.02999877929688,164.8800048828125,168.57000732421875,168.57000732421875,6992000.0,163.94463337926004,2.8213024419400323,5.179998397827148
QCOM,2026-09-04,169.97999572753906,170.6300048828125,167.0399932861328,168.74000549316406,168.74000549316406,8531400.0,164.40133548534612,2.6390722405078337,5.003333197699653
QCOM,2026-09-08,180.39999389648438,183.49000549316406,172.0399932861328,174.08999633789062,174.08999633789062,26129200.0,165.32406509035036,5.30227177921716,5.977999877929688
QCOM,2026-09-09,174.72000122070312,180.86000061035156,173.32000732421875,176.39999389648438,176.39999389648438,14802000.0,166.3789154528393,6.0230458987969415,6.119999278675426
QCOM,2026-09-10,172.1300048828125,182.39999389648438,171.0,176.8800048828125,176.8800048828125,15597700.0,167.37901920807482,5.676330115739692,6.559998830159505
QCOM,2026-09-11,178.25,185.4600067138672,175.74000549316406,181.97000122070312,181.97000122070312,11546600.0,168.76863654261086,7.822167049835205,6.803075937124399
QCOM,2026-09-14,170.77999877929688,181.7100067138672,170.50999450683594,180.14999389648438,180.14999389648438,13784800.0,169.85257533821786,6.0625625120854565,7.135713849748884
QCOM,2026-09-15,180.5399932861328,190.05999755859375,180.5399932861328,187.8000030517578,187.8000030517578,13852600.0,171.5618541680788,9.464894724074568,7.650000435965402
QCOM,2026-09-16,189.1699981689453,191.27999877929688,183.3699951171875,184.83999633789062,184.83999633789062,9718600.0,172.82643913663233,6.951226479740558,7.93071528843471
QCOM,2026-09-17,190.35000610351562,191.91000366210938,187.75999450683594,188.7100067138672,188.7100067138672,12318000.0,174.33915985827375,8.243040099124022,8.076430184500557
QCOM,2026-09-18,191.33999633789062,192.1199951171875,175.97000122070312,177.72000122070312,177.72000122070312,54480300.0,174.6611447499337,1.751309070571394,8.97357177734375
QCOM,2026-09-21,180.61000061035156,195.30999755859375,179.22999572753906,194.22999572753906,194.22999572753906,18444600.0,176.52484484303898,10.029835120514075,9.716428484235491
QCOM,2026-09-22,192.0,199.14999389648438,191.66000366210938,198.27000427246094,198.27000427246094,11533800.0,178.59581240774583,11.016043209231396,9.660714285714286
QCOM,2026-09-23,199.61000061035156,199.61000061035156,193.22000122070312,197.24000549316406,197.24000549316406,9739300.0,180.37144984445231,9.352120672788722,9.722856794084821
QCOM,2026-09-24,196.5800018310547,196.77000427246094,191.75,194.25999450683594,194.25999450683594,9089000.0,181.69416838372695,6.915921537212322,9.747143336704799
QCOM,2026-09-25,195.02999877929688,205.85000610351562,194.52999877929688,201.97000122070312,201.97000122070312,17817800.0,183.62520008248657,9.990350523771173,10.31857190813337
QCOM,2026-09-28,199.16000366210938,199.16000366210938,186.7100067138672,187.47999572753906,187.47999572753906,16680100.0,183.99232347725348,1.8955531319852836,10.35500008719308
QCOM,2026-09-29,189.47999572753906,190.02999877929688,182.22999572753906,184.10000610351562,184.10000610351562,10027300.0,184.00257896546893,0.05294878941071168,10.373572213309151
QCOM,2026-09-30,184.8800048828125,188.33999633789062,183.14999389648438,184.0399932861328,184.0399932861328,7417600.0,184.00614223410358,0.01839669677230482,9.930001395089286
QCOM,2026-10-01,185.17999267578125,186.3699951171875,181.77000427246094,182.08999633789062,182.08999633789062,10908600.0,183.82365214874994,-0.9431081314043577,9.564286368233818
QCOM,2026-10-02,186.72000122070312,188.9499969482422,183.36000061035156,184.8699951171875,184.8699951171875,10122300.0,183.9233038600297,0.5147206674137594,9.235714503696986
QCOM,2026-10-05,185.0800018310547,185.47999572753906,180.3000030517578,180.7899932861328,180.7899932861328,12281600.0,183.62489332918238,-1.543853881492785,8.89785657610212
QCOM,2026-10-06,182.02999877929688,183.08999633789062,181.5,182.10000610351562,182.10000610351562,477079.0,183.47966597435698,-0.7519415644860472,8.497142246791295
QUBT,2026-08-25,8.447999954223633,8.619999885559082,8.220000267028809,8.460000038146973,8.460000038146973,5637300.0,8.460000038146973,0.0,
QUBT,2026-08-26,8.430000305175781,8.579999923706055,8.289999961853027,8.350000381469727,8.350000381469727,4969800.0,8.449523880368186,-1.177859253462732,
QUBT,2026-08-27,8.609999656677246,8.779999732971191,8.420000076293945,8.649999618530273,8.649999618530273,7491700.0,8.468616807812195,2.141823332362325,0.3733329772949219
QUBT,2026-08-28,8.520000457763672,8.635000228881836,8.069999694824219,8.149999618530273,8.149999618530273,7542300.0,8.438272313594869,-3.416252573410794,0.4249997138977051
QUBT,2026-08-31,8.095000267028809,8.348999977111816,8.079999923706055,8.229999542236328,8.229999542236328,4537900.0,8.418436811560722,-2.2383878805815938,0.3937997817993164
QUBT,2026-09-01,7.995999813079834,8.116000175476074,7.829999923706055,7.900000095367432,7.900000095367432,5886200.0,8.36906188620898,-5.604711701493037,0.3948330879211426
QUBT,2026-09-02,7.809999942779541,8.0,7.800000190734863,7.840000152587891,7.840000152587891,7061300.0,8.318675054435543,-5.754220458370007,0.366999762398856
QUBT,2026-09-03,7.889999866485596,8.069999694824219,7.869999885559082,7.960000038146973,7.960000038146973,4699300.0,8.284515529074726,-3.9171329909257535,0.34987473487854004
QUBT,2026-09-04,7.929999828338623,8.029999732971191,7.840000152587891,8.010000228881836,8.010000228881836,3671700.0,8.25837121477064,-3.0075057106245917,0.33211082882351345
QUBT,2026-09-08,8.329999923706055,8.595000267028809,8.210000038146973,8.220000267028809,8.220000267028809,10190100.0,8.254716838795229,-0.4205664766507855,0.35739974975585936
QUBT,2026-09-09,8.114999771118164,8.3149995803833,8.029999732971191,8.039999961853027,8.039999961853027,5292400.0,8.234267612419782,-2.3592584029421104,0.3508179404518821
QUBT,2026-09-10,7.920000076293945,8.0600004196167,7.769999980926514,7.820000171661377,7.820000171661377,6466200.0,8.194813570442792,-4.573787988701761,0.34574981530507404
QUBT,2026-09-11,7.940000057220459,8.140000343322754,7.815000057220459,7.989999771118164,7.989999771118164,4766500.0,8.175307494316638,-2.266675881332869,0.34415369767409104
QUBT,2026-09-14,7.630000114440918,8.170000076293945,7.630000114440918,7.96999979019165,7.96999979019165,5542500.0,8.155754379638068,-2.277589304432459,0.3581427165440151
QUBT,2026-09-15,7.820000171661377,8.039999961853027,7.78000020980835,7.840000152587891,7.840000152587891,4794400.0,8.125682548490433,-3.5157956786733613,0.34814272608075825
QUBT,2026-09-16,7.889999866485596,8.050000190734863,7.789999961853027,8.0,8.0,5191800.0,8.113712781967536,-1.40148887473881,0.3459998880113874
QUBT,2026-09-17,8.289999961853027,8.539999961853027,8.175000190734863,8.4399995803833,8.4399995803833,7645900.0,8.14478771514999,3.6245495347188905,0.3538570744650705
QUBT,2026-09-18,8.609999656677246,8.729999542236328,8.260000228881836,8.699999809265137,8.699999809265137,9769100.0,8.19766505744667,6.127778438107212,0.3459998880113874
QUBT,2026-09-21,9.0,9.130000114440918,8.850000381469727,8.960000038146973,8.960000038146973,8412000.0,8.270268388941936,8.339894387554182,0.35749990599496023
QUBT,2026-09-22,9.079999923706055,9.100000381469727,8.866000175476074,9.079999923706055,9.079999923706055,6686000.0,8.34738567796709,8.776571180515823,0.3456428050994873
QUBT,2026-09-23,9.670000076293945,9.760000228881836,9.045000076293945,9.119999885559082,9.119999885559082,14942900.0,8.42096798345204,8.301087279760488,0.3824285439082554
QUBT,2026-09-24,8.859999656677246,9.289999961853027,8.859999656677246,9.15999984741211,9.15999984741211,9811100.0,8.491351970495856,7.874457203511809,0.39671431268964497
QUBT,2026-09-25,9.0649995803833,9.279999732971191,8.930000305175781,8.960000038146973,8.960000038146973,8079400.0,8.535985119795962,4.967381179796937,0.4081428732190813
QUBT,2026-09-28,8.819999694824219,9.010000228881836,8.515000343322754,8.569999694824219,8.569999694824219,6671900.0,8.539224603131986,0.3603967938838881,0.40171429089137484
QUBT,2026-09-29,8.765000343322754,8.770000457763672,8.449999809265137,8.460000038146973,8.460000038146973,4550000.0,8.531679406466747,-0.8401554360498276,0.4042143481118338
QUBT,2026-09-30,8.539999961853027,8.829999923706055,8.4350004196167,8.449999809265137,8.449999809265137,5586600.0,8.52390039720945,-0.8669808949023805,0.4117142813546317
QUBT,2026-10-01,8.515000343322754,8.569999694824219,8.319999694824219,8.390000343322754,8.390000343322754,4434600.0,8.511148011125004,-1.4233998473989207,0.4063571180616106
QUBT,2026-10-02,8.734999656677246,8.760000228881836,8.109999656677246,8.180000305175781,8.180000305175781,7221100.0,8.479610134367935,-3.533297220562437,0.4142143045152937
QUBT,2026-10-05,8.199999809265137,8.229999542236328,7.829999923706055,7.940000057220459,7.940000057220459,8225000.0,8.428218698449127,-5.792666976220073,0.4242142949785505
QUBT,2026-10-06,8.039999961853027,8.329999923706055,8.03499984741211,8.290800094604492,8.290800094604492,1125080.0,8.415131212368685,-1.4774709345167336,0.43349998337881906
RDW,2026-08-25,11.479999542236328,11.850000381469727,11.199999809265137,11.479999542236328,11.479999542236328,10800400.0,11.479999542236328,0.0,
RDW,2026-08-26,11.649999618530273,11.880000114440918,11.220000267028809,11.270000457763672,11.270000457763672,7870400.0,11.45999962942941,-1.6579334887395492,
RDW,2026-08-27,11.369999885559082,11.440999984741211,11.138999938964844,11.270000457763672,11.270000457763672,7847000.0,11.44190447022315,-1.5024073388031467,0.5373334884643555
RDW,2026-08-28,11.164999961853027,11.182000160217285,10.680000305175781,10.869999885559082,10.869999885559082,9783300.0,11.38743736692181,-4.543932622327995,0.5505001544952393
RDW,2026-08-31,10.729999542236328,11.010000228881836,10.529999732971191,10.699999809265137,10.699999809265137,10851400.0,11.32196712333546,-5.493456281006148,0.5364002227783203
RDW,2026-09-01,10.420000076293945,10.619999885559082,10.1899995803833,10.260000228881836,10.260000228881836,8161700.0,11.22082741910178,-8.562890723943228,0.5320002237955729
RDW,2026-09-02,10.260000228881836,10.479999542236328,10.140000343322754,10.329999923706055,10.329999923706055,10330100.0,11.13598670525457,-7.237677296868594,0.5045715059552874
RDW,2026-09-03,10.550000190734863,10.6850004196167,10.1850004196167,10.369999885559082,10.369999885559082,11882900.0,11.063035579569286,-6.26442615162579,0.5040000677108765
RDW,2026-09-04,10.579999923706055,10.720000267028809,10.350000381469727,10.529999732971191,10.529999732971191,8951300.0,11.012270260845659,-4.379392409112858,0.48911115858289933
RDW,2026-09-08,10.720000267028809,11.359999656677246,10.619999885559082,11.229999542236328,11.229999542236328,15297900.0,11.033006382882867,1.7854893989645904,0.5232000350952148
RDW,2026-09-09,11.390000343322754,11.49899959564209,10.6899995803833,10.699999809265137,10.699999809265137,12467200.0,11.001291471109749,-2.7386935673491375,0.5491818514737216
RDW,2026-09-10,10.5,11.345000267028809,10.430000305175781,10.869999885559082,10.869999885559082,13945300.0,10.988787510581114,-1.0809893712809604,0.5796666940053304
RDW,2026-09-11,10.854999542236328,11.210000038146973,10.59000015258789,10.619999885559082,10.619999885559082,11989900.0,10.953664879626634,-3.0461493731486655,0.5827692472017728
RDW,2026-09-14,10.270000457763672,10.9350004196167,10.210000038146973,10.489999771118164,10.489999771118164,9661400.0,10.909506297863924,-3.84533007536646,0.5929286139351981
RDW,2026-09-15,10.329999923706055,10.9399995803833,10.281000137329102,10.75,10.75,10308900.0,10.894315221876884,-1.3246837358541264,0.593571390424456
RDW,2026-09-16,10.739999771118164,10.859999656677246,10.300000190734863,10.789999961853027,10.789999961853027,9584900.0,10.884380435207945,-0.8671184723534897,0.5864285060337612
RDW,2026-09-17,11.164999961853027,11.725000381469727,11.130000114440918,11.550000190734863,11.550000190734863,12976800.0,10.947772792877176,5.500912461843455,0.6316428184509277
RDW,2026-09-18,11.720000267028809,11.75,10.635000228881836,10.739999771118164,10.739999771118164,31733200.0,10.927984886042985,-1.7202175596427893,0.6691427912030902
RDW,2026-09-21,11.039999961853027,11.699000358581543,11.0,11.600000381469727,11.600000381469727,14002000.0,10.991986361797911,5.531429895009121,0.7033570834568569
RDW,2026-09-22,11.6850004196167,11.899999618530273,11.4399995803833,11.760000228881836,11.760000228881836,12579000.0,11.065130539615428,6.279814655404503,0.6997856412615094
RDW,2026-09-23,11.6899995803833,11.744999885559082,11.100000381469727,11.270000457763672,11.270000457763672,12628300.0,11.084641960391451,1.672210054547163,0.7226428304399762
RDW,2026-09-24,11.170000076293945,11.854999542236328,11.010000228881836,11.600000381469727,11.600000381469727,14416400.0,11.133723714779858,4.187966924946163,0.7472856385367257
RDW,2026-09-25,11.800000190734863,12.069999694824219,11.545000076293945,11.619999885559082,11.619999885559082,13335800.0,11.180035731044546,3.9352660858931854,0.758357048034668
RDW,2026-09-28,11.3100004196167,11.720000267028809,11.170000076293945,11.199999809265137,11.199999809265137,11867400.0,11.181937071827459,0.16153495876118917,0.7383570671081543
RDW,2026-09-29,11.449999809265137,11.619999885559082,10.649999618530273,10.729999542236328,10.729999542236328,13794300.0,11.13889540234259,-3.6708833805932595,0.7498570850917271
RDW,2026-09-30,10.859999656677246,11.350000381469727,10.4350004196167,10.4399995803833,10.4399995803833,11942000.0,11.072333895489324,-5.7109397266607465,0.7498570850917271
RDW,2026-10-01,10.670000076293945,10.949999809265137,10.375,10.569999694824219,10.569999694824219,12586800.0,11.024492543045028,-4.122573864023638,0.7466427939278739
RDW,2026-10-02,10.829999923706055,11.359999656677246,10.585000038146973,10.880000114440918,10.880000114440918,15364000.0,11.010731359368446,-1.1873075517031428,0.7512856210981097
RDW,2026-10-05,10.899999618530273,10.979999542236328,10.239999771118164,10.430000305175781,10.430000305175781,17929900.0,10.955423639921525,-4.796011108425812,0.7570713588169643
RDW,2026-10-06,10.899999618530273,11.09000015258789,10.539999961853027,11.069999694824219,11.069999694824219,2291332.0,10.966335645150354,0.9452934236944266,0.7642142432076591
RKLB,2026-08-25,69.91999816894531,70.0,66.4800033569336,66.91000366210938,66.91000366210938,15060000.0,66.91000366210938,0.0,
RKLB,2026-08-26,66.4000015258789,67.67500305175781,65.80000305175781,66.18000030517578,66.18000030517578,11166200.0,66.8404795328776,-0.9881425631857343,
RKLB,2026-08-27,66.91000366210938,67.56999969482422,65.41999816894531,67.52999877929688,67.52999877929688,11492100.0,66.90614803253658,0.932426638067585,2.5149993896484375
RKLB,2026-08-28,66.73999786376953,66.75,63.494998931884766,64.38999938964844,64.38999938964844,18571100.0,66.666514828452,-3.414780935618944,2.8949995040893555
RKLB,2026-08-31,63.72999954223633,64.11199951171875,62.790000915527344,63.91999816894531,63.91999816894531,15279400.0,66.40494181326088,-3.7421065006028376,2.635999298095703
RKLB,2026-09-01,62.2400016784668,63.935001373291016,61.93000030517578,62.540000915527344,62.540000915527344,14443000.0,66.03685220395292,-5.295302807023039,2.5308329264322915
RKLB,2026-09-02,62.349998474121094,63.52000045776367,61.45000076293945,63.099998474121094,63.099998474121094,16639600.0,65.75715184873084,-4.040858370390376,2.4649996076311385
RKLB,2026-09-03,64.63999938964844,64.9000015258789,62.36000061035156,63.810001373291016,63.810001373291016,18913200.0,65.57170894630801,-2.68668851449263,2.474374771118164
RKLB,2026-09-04,64.76000213623047,65.0,63.20000076293945,64.26000213623047,64.26000213623047,14952000.0,65.44678448820538,-1.8133547144532192,2.399444156222873
RKLB,2026-09-08,65.2699966430664,67.4800033569336,64.1500015258789,65.87000274658203,65.87000274658203,24378100.0,65.48709098900316,0.5847133408982241,2.4924999237060548
RKLB,2026-09-09,67.31999969482422,67.69999694824219,62.9900016784668,63.06999969482422,63.06999969482422,26478800.0,65.25689181812898,-3.3512048495960123,2.694090409712358
RKLB,2026-09-10,61.650001525878906,64.9000015258789,61.529998779296875,61.959999084472656,61.959999084472656,18956200.0,64.94290203397124,-4.593116192957069,2.7504164377848306
RKLB,2026-09-11,62.31999969482422,64.88999938964844,62.060001373291016,62.95000076293945,62.95000076293945,15391400.0,64.75310191292058,-2.7845788027358487,2.7642305814302883
RKLB,2026-09-14,60.54999923706055,63.375,60.5099983215332,62.54999923706055,62.54999923706055,14449300.0,64.54328261045772,-3.0882894280840456,2.7714285169328963
RKLB,2026-09-15,63.68000030517578,65.72000122070312,62.02000045776367,63.54999923706055,63.54999923706055,20448700.0,64.4486841939437,-1.3944194022313505,2.7842859540666853
RKLB,2026-09-16,63.66999816894531,64.55999755859375,61.7400016784668,63.70000076293945,63.70000076293945,17743600.0,64.37738101003855,-1.0522022431969869,2.851785659790039
RKLB,2026-09-17,65.55000305175781,68.33100128173828,65.26000213623047,67.81999969482422,67.81999969482422,21956000.0,64.70524945620862,4.813751998164539,3.0289998735700334
RKLB,2026-09-18,68.43000030517578,68.63999938964844,63.790000915527344,64.56999969482422,64.56999969482422,32298600.0,64.69236852655297,-0.1891549722414676,3.0872140611921037
RKLB,2026-09-21,65.28500366210938,70.01000213623047,65.2750015258789,69.88999938964844,69.88999938964844,26038700.0,65.18738098970492,7.214001128049929,3.3615000588553294
RKLB,2026-09-22,71.6449966430664,72.5,70.0999984741211,71.9800033569336,71.9800033569336,22048800.0,65.83429740563146,9.335112841618077,3.4047143118722096
RKLB,2026-09-23,72.87000274658203,73.56999969482422,70.08000183105469,70.30999755859375,70.30999755859375,19258700.0,66.26055456305644,6.111393154253908,3.5061427525111606
RKLB,2026-09-24,69.7750015258789,75.45999908447266,68.9219970703125,73.61000061035156,73.61000061035156,25304900.0,66.96050180565598,9.930479350341304,3.7917142595563615
RKLB,2026-09-25,74.1500015258789,75.31999969482422,72.77999877929688,73.94999694824219,73.94999694824219,18860400.0,67.6261680097118,9.351156696653607,3.84457152230399
RKLB,2026-09-28,73.19999694824219,73.77999877929688,71.68000030517578,72.19000244140625,72.19000244140625,15012400.0,68.06081890796843,6.066902514090078,3.768856866019113
RKLB,2026-09-29,73.47000122070312,74.25,69.4000015258789,69.69999694824219,69.69999694824219,19684700.0,68.21693110228021,2.17404363110143,3.778857094900949
RKLB,2026-09-30,70.63999938964844,74.58000183105469,69.62999725341797,69.68000030517578,69.68000030517578,22428600.0,68.3562710263655,1.9365147614616163,3.8917143685477122
RKLB,2026-10-01,72.30999755859375,72.63999938964844,69.42400360107422,70.45999908447266,70.45999908447266,23312600.0,68.55662607951857,2.7763516290115753,3.9121426173618863
RKLB,2026-10-02,72.08499908447266,76.08999633789062,71.44999694824219,73.91999816894531,73.91999816894531,26839300.0,69.06742342136873,7.025851707210573,4.10964230128697
RKLB,2026-10-05,73.69999694824219,73.80999755859375,71.37000274658203,73.0199966430664,73.0199966430664,19023200.0,69.44385896629231,5.149681670930661,4.027499062674386
RKLB,2026-10-06,74.7750015258789,76.87110137939453,74.41999816894531,76.55229949951172,76.55229949951172,3247136.0,70.1208533027894,9.1719451401292,4.101149695260184
RPD,2026-08-25,12.220000267028809,12.375,11.774999618530273,12.130000114440918,12.130000114440918,1200400.0,12.130000114440918,0.0,
RPD,2026-08-26,11.489999771118164,12.010000228881836,11.119999885559082,11.789999961853027,11.789999961853027,1046400.0,12.097619147527787,-2.5428076543277833,
RPD,2026-08-27,12.899999618530273,13.819999694824219,12.350000381469727,13.5,13.5,2637100.0,12.231179228715618,10.373658561927712,1.2133334477742512
RPD,2026-08-28,13.15999984741211,13.588000297546387,12.954999923706055,13.289999961853027,13.289999961853027,1432800.0,12.33201929853823,7.768238437871666,1.0682501792907715
RPD,2026-08-31,13.09000015258789,13.609999656677246,12.960000038146973,13.460000038146973,13.460000038146973,1377700.0,12.439446035643824,8.204175648809976,0.9846000671386719
RPD,2026-09-01,12.9399995803833,13.175000190734863,11.994999885559082,12.010000228881836,12.010000228881836,2047900.0,12.398546434999826,-3.1338045000272263,1.064666748046875
RPD,2026-09-02,11.859999656677246,11.989999771118164,11.0,11.069999694824219,11.069999694824219,3042200.0,12.27201817403072,-9.794790572834533,1.0568572453090124
RPD,2026-09-03,11.390000343322754,11.550000190734863,11.020000457763672,11.470000267028809,11.470000267028809,2042900.0,12.195635516221014,-5.949958476760486,0.9910000562667847
RPD,2026-09-04,11.229999542236328,11.34000015258789,10.880000114440918,11.0,11.0,1915000.0,12.081765467057108,-8.953703579222072,0.9464445114135742
RPD,2026-09-08,10.8100004196167,10.880000114440918,10.1899995803833,10.460000038146973,10.460000038146973,2027300.0,11.927311616684715,-12.30211489138231,0.9328001022338868
RPD,2026-09-09,10.449999809265137,10.9399995803833,10.369999885559082,10.5600004196167,10.5600004196167,1796000.0,11.797091502678239,-10.48640745713203,0.899818247014826
RPD,2026-09-10,10.4399995803833,10.829999923706055,10.4350004196167,10.5,10.5,1150200.0,11.673558978613645,-10.053137871352213,0.8577500184377035
RPD,2026-09-11,10.5,10.550000190734863,10.119999885559082,10.3100004196167,10.3100004196167,1229800.0,11.543696258709174,-10.687182090066772,0.8248461943406326
RPD,2026-09-14,10.619999885559082,12.960000038146973,10.619999885559082,12.789999961853027,12.789999961853027,3998800.0,11.662391849484779,9.668755148353746,0.955214296068464
RPD,2026-09-15,12.119999885559082,12.90999984741211,11.90999984741211,12.460000038146973,12.460000038146973,2794400.0,11.738354534119274,6.147756927345549,0.983785697392055
RPD,2026-09-16,12.274999618530273,12.779999732971191,12.081000328063965,12.460000038146973,12.460000038146973,1885800.0,11.807082677360007,5.529878790795029,0.96157135282244
RPD,2026-09-17,12.270000457763672,12.869999885559082,11.890000343322754,12.40999984741211,12.40999984741211,1720300.0,11.864503360222113,4.597718679223206,0.8865713391985212
RPD,2026-09-18,12.619999885559082,12.729999542236328,11.760000228881836,11.970000267028809,11.970000267028809,5540500.0,11.874550684679892,0.8038163706864498,0.9106426920209613
RPD,2026-09-21,12.069999694824219,12.567999839782715,11.899999618530273,12.470000267028809,12.470000267028809,1480300.0,11.931260168713122,4.515366278982036,0.9119284493582589
RPD,2026-09-22,12.79800033569336,12.925000190734863,12.050000190734863,12.850000381469727,12.850000381469727,1768700.0,12.018759236594704,6.916197658274581,0.8697855813162667
RPD,2026-09-23,13.039999961853027,13.210000038146973,12.40999984741211,13.09000015258789,13.09000015258789,1355000.0,12.120782180975008,7.996331896254882,0.854785578591483
RPD,2026-09-24,13.050000190734863,13.25,12.65999984741211,12.850000381469727,12.850000381469727,1099600.0,12.190231533403077,5.412274953587093,0.8590713228498187
RPD,2026-09-25,12.829999923706055,12.829999923706055,11.595000267028809,11.619999885559082,11.619999885559082,1816000.0,12.135923757417935,-4.25121220412662,0.9065713201250348
RPD,2026-09-28,11.130000114440918,11.979999542236328,11.130000114440918,11.800000190734863,11.800000190734863,976800.0,12.103931036781452,-2.511009399533115,0.9094283921377999
RPD,2026-09-29,11.800000190734863,11.869999885559082,11.300000190734863,11.704999923706055,11.704999923706055,1027200.0,12.065937597440938,-2.991376930471068,0.9094283921377999
RPD,2026-09-30,11.880000114440918,12.595000267028809,11.704999923706055,12.220000267028809,12.220000267028809,1530400.0,12.080610232639781,1.1538327262013537,0.9447855949401855
RPD,2026-10-01,12.420000076293945,12.619999885559082,11.829999923706055,12.0600004196167,12.0600004196167,1317600.0,12.07864739330425,-0.1543796509689277,0.9704998561314174
RPD,2026-10-02,12.170000076293945,12.550000190734863,12.055000305175781,12.1899995803833,12.1899995803833,1240000.0,12.089252363502254,0.8333618477947002,0.8165713037763324
RPD,2026-10-05,12.354999542236328,12.550000190734863,12.1899995803833,12.359999656677246,12.359999656677246,1430200.0,12.115037819995111,2.0219651009082407,0.7708570616585868
RPD,2026-10-06,12.59000015258789,13.081100463867188,12.59000015258789,12.98009967803955,12.98009967803955,83114.0,12.197424663618392,6.416723497015453,0.7724357332502093
RUM,2026-08-25,9.420000076293945,10.595000267028809,9.229999542236328,10.229999542236328,10.229999542236328,8950600.0,10.229999542236328,0.0,
RUM,2026-08-26,10.069999694824219,10.069999694824219,9.170000076293945,9.375,9.375,5115700.0,10.148571014404297,-7.62246244625312,
RUM,2026-08-27,9.510000228881836,10.239999771118164,9.369999885559082,9.430000305175781,9.430000305175781,4229700.0,10.080135708763487,-6.449669154974669,1.0983333587646484
RUM,2026-08-28,9.300000190734863,9.772000312805176,8.949999809265137,8.979999542236328,8.979999542236328,3316600.0,9.9753608357609,-9.978198382120462,1.029250144958496
RUM,2026-08-31,8.770000457763672,9.024999618530273,8.420000076293945,8.960000038146973,8.960000038146973,4173100.0,9.878659807416716,-9.299437243299236,0.9444000244140625
RUM,2026-09-01,8.6899995803833,8.770000457763672,8.470000267028809,8.529999732971191,8.529999732971191,2675400.0,9.750215990802857,-12.514761303571797,0.8686666488647461
RUM,2026-09-02,8.510000228881836,9.015000343322754,8.460000038146973,8.800000190734863,8.800000190734863,3362700.0,9.659719247939238,-8.900041865997121,0.823857171194894
RUM,2026-09-03,8.854999542236328,9.069999694824219,8.675000190734863,9.039999961853027,9.039999961853027,2290000.0,9.600698363550075,-5.840183499835705,0.7702499628067017
RUM,2026-09-04,9.0,9.210000038146973,8.510000228881836,8.600000381469727,8.600000381469727,3300900.0,9.505393793828137,-9.525048956375526,0.7624443901909722
RUM,2026-09-08,8.529999732971191,8.675000190734863,8.199999809265137,8.390000343322754,8.390000343322754,2955400.0,9.399165846160958,-10.736755998942105,0.7336999893188476
RUM,2026-09-09,8.350000381469727,8.5,7.510000228881836,7.519999980926514,7.519999980926514,4739300.0,9.220197668519583,-18.439926655781314,0.7569999694824219
RUM,2026-09-10,7.369999885559082,7.519999980926514,7.21999979019165,7.364999771118164,7.364999771118164,3082900.0,9.043512154481354,-18.560403908247448,0.718916654586792
RUM,2026-09-11,7.480000019073486,7.5,6.985000133514404,7.170000076293945,7.170000076293945,4409700.0,8.86508243274922,-19.120886571717975,0.7032307478097769
RUM,2026-09-14,7.671999931335449,8.652000427246094,7.599999904632568,8.0,8.0,25898100.0,8.782693629630248,-8.91177197607882,0.758857148034232
RUM,2026-09-15,7.699999809265137,8.5,7.579999923706055,8.199999809265137,8.199999809265137,7454000.0,8.727198980071666,-6.040874878759784,0.7270713874271938
RUM,2026-09-16,8.289999961853027,8.53499984741211,7.980000019073486,8.300000190734863,8.300000190734863,6809100.0,8.68651338108721,-4.44957802279895,0.6909999847412109
RUM,2026-09-17,8.65999984741211,8.914999961853027,8.425000190734863,8.890000343322754,8.890000343322754,6372200.0,8.705893091776309,2.114742848385709,0.6727856908525739
RUM,2026-09-18,9.050000190734863,9.350000381469727,8.954999923706055,9.09000015258789,9.09000015258789,12431200.0,8.742474716615508,3.975138015691293,0.6469285147530692
RUM,2026-09-21,9.199999809265137,9.354999542236328,8.9399995803833,9.170000076293945,9.170000076293945,5541900.0,8.783191417537264,4.403964804687588,0.633357116154262
RUM,2026-09-22,9.220000267028809,9.305000305175781,8.720999717712402,8.960000038146973,8.960000038146973,6072400.0,8.800030333785807,1.817831283455873,0.6400714601789202
RUM,2026-09-23,8.819999694824219,8.845000267028809,8.260000228881836,8.270000457763672,8.270000457763672,4815200.0,8.749551297974175,-5.480862090854144,0.6504285676138741
RUM,2026-09-24,8.180000305175781,8.619999885559082,8.069999694824219,8.600000381469727,8.600000381469727,4592600.0,8.73530835354518,-1.548977627338588,0.6615000452314105
RUM,2026-09-25,8.59000015258789,8.680000305175781,8.279999732971191,8.359999656677246,8.359999656677246,2710400.0,8.699564668129186,-3.903241419607295,0.6400715282985142
RUM,2026-09-28,8.130000114440918,8.210000038146973,7.880000114440918,7.929999828338623,7.929999828338623,3546100.0,8.626272778625323,-8.071538753237261,0.6404286112104144
RUM,2026-09-29,8.069999694824219,8.100000381469727,7.699999809265137,7.71999979019165,7.71999979019165,3254800.0,8.539961065441164,-9.601463858748339,0.5982858112880162
RUM,2026-09-30,7.980000019073486,8.319999694824219,7.550000190734863,7.559999942779541,7.559999942779541,5019200.0,8.446631434711485,-10.496864919289905,0.631857190813337
RUM,2026-10-01,7.570000171661377,7.960000038146973,7.389999866485596,7.639999866485596,7.639999866485596,4579300.0,8.369809380594733,-8.719547613607403,0.6357857840401786
RUM,2026-10-02,7.869999885559082,8.055000305175781,7.480000019073486,7.574999809265137,7.574999809265137,4577000.0,8.294113230944294,-8.670166438001303,0.5710000651223319
RUM,2026-10-05,7.599999904632568,7.639999866485596,7.15500020980835,7.380000114440918,7.380000114440918,5295600.0,8.207054838896354,-10.07736320385858,0.5399286065782819
RUM,2026-10-06,7.610000133514404,7.739999771118164,7.554999828338623,7.71999979019165,7.71999979019165,290067.0,8.160668643781621,-5.39991112034377,0.5260000228881836
RVTY,2026-08-25,123.69000244140625,124.94000244140625,122.01000213623047,124.83999633789062,124.83999633789062,1035600.0,124.83999633789062,0.0,
RVTY,2026-08-26,123.29000091552734,126.9000015258789,123.29000091552734,126.3499984741211,126.3499984741211,1155800.0,124.98380606515067,1.0930955393199104,
RVTY,2026-08-27,126.52999877929688,129.8000030517578,126.5,129.7100067138672,129.7100067138672,1932700.0,125.43392041264748,3.4090350418390925,3.3300018310546875
RVTY,2026-08-28,128.57000732421875,130.07000732421875,127.26000213623047,128.8000030517578,128.8000030517578,1576300.0,125.75449971161036,2.421784784744574,3.200002670288086
RVTY,2026-08-31,127.33999633789062,128.82000732421875,125.45999908447266,128.6699981689453,128.6699981689453,1631800.0,126.03216623135656,2.0929830982564512,3.2320037841796876
RVTY,2026-09-01,127.45999908447266,128.17999267578125,125.48999786376953,126.58999633789062,126.58999633789062,3056600.0,126.08529290816932,0.40028731193009204,3.2233365376790366
RVTY,2026-09-02,125.94000244140625,131.75,125.94000244140625,130.94000244140625,130.94000244140625,2101500.0,126.54764619704903,3.4709110571031987,3.592859540666853
RVTY,2026-09-03,132.4499969482422,133.0,127.77999877929688,130.6300048828125,130.6300048828125,1817100.0,126.93644226235983,2.909773233456936,3.7962522506713867
RVTY,2026-09-04,130.02999877929688,131.6999969482422,129.55999755859375,130.22000122070312,130.22000122070312,1175200.0,127.24916216315442,2.334662961269318,3.61222415500217
RVTY,2026-09-08,128.5,129.5399932861328,126.88999938964844,127.08000183105469,127.08000183105469,1496200.0,127.2330516553354,-0.12029093249709133,3.584001922607422
RVTY,2026-09-09,125.7699966430664,126.66000366210938,121.19999694824219,123.8499984741211,123.8499984741211,1882200.0,126.91085611426738,-2.4118170295773234,3.792729464444247
RVTY,2026-09-10,122.7699966430664,123.2300033569336,120.9000015258789,120.94000244140625,120.94000244140625,1344000.0,126.3422033835187,-4.27584828935883,3.722501754760742
RVTY,2026-09-11,122.4000015258789,124.6500015258789,121.61000061035156,124.30999755859375,124.30999755859375,1151500.0,126.14865997162109,-1.457536222295952,3.721540010892428
RVTY,2026-09-14,124.69000244140625,128.6999969482422,123.94999694824219,128.49000549316406,128.49000549316406,1895200.0,126.37164525938708,1.6762939419114886,3.795001438685826
RVTY,2026-09-15,128.6699981689453,140.22000122070312,128.6699981689453,140.19000244140625,140.19000244140625,3693800.0,127.68767927672224,9.791330875071536,4.423572540283203
RVTY,2026-09-16,140.8800048828125,147.5,140.1999969482422,145.72999572753906,145.72999572753906,3404200.0,129.40599512918098,12.614562858592816,4.687858036586216
RVTY,2026-09-17,147.61000061035156,149.52000427246094,145.22000122070312,146.72999572753906,146.72999572753906,2753800.0,131.0558999480722,11.95985513485265,4.748572213309152
RVTY,2026-09-18,146.5,146.88999938964844,142.4499969482422,143.4499969482422,143.4499969482422,3321600.0,132.23629013856458,8.480052486293488,4.8650005885532925
RVTY,2026-09-21,144.52999877929688,145.5500030517578,142.3000030517578,143.58999633789062,143.58999633789062,2062000.0,133.31759549088136,7.7052101106277915,4.857142857142857
RVTY,2026-09-22,143.1199951171875,144.77000427246094,141.7100067138672,143.30999755859375,143.30999755859375,2871300.0,134.26925283066348,6.7332948812429905,4.848571232386997
RVTY,2026-09-23,142.39999389648438,145.0,140.0800018310547,142.11000061035156,142.11000061035156,2244300.0,135.0159907144433,5.254199786536384,4.784999847412109
RVTY,2026-09-24,141.7899932861328,152.25999450683594,141.7899932861328,150.67999267578125,150.67999267578125,2539900.0,136.5078004250469,10.381965137967297,5.159999847412109
RVTY,2026-09-25,150.6999969482422,151.99000549316406,147.02999877929688,151.11000061035156,151.11000061035156,1940500.0,137.89848615698068,9.580608766314658,5.361428941999163
RVTY,2026-09-28,148.97000122070312,151.0500030517578,148.1199951171875,151.02000427246094,151.02000427246094,1500500.0,139.1481545489312,8.53180537105509,5.33714348929269
RVTY,2026-09-29,150.49000549316406,153.05999755859375,149.2899932861328,152.77000427246094,152.77000427246094,1600100.0,140.44547357021975,8.775313571127086,5.186429159981864
RVTY,2026-09-30,153.49000549316406,158.27999877929688,152.80999755859375,152.88999938964844,152.88999938964844,4456000.0,141.63066650540344,7.94978457847999,5.369286128452846
RVTY,2026-10-01,155.47999572753906,155.47999572753906,148.30999755859375,149.05999755859375,149.05999755859375,2483800.0,142.33822184380253,4.722396857091193,5.616428920200893
RVTY,2026-10-02,149.94000244140625,153.3800048828125,148.5500030517578,151.52999877929688,151.52999877929688,1236600.0,143.21362917099248,5.806967993510526,5.6221433367047995
RVTY,2026-10-05,151.4499969482422,157.4499969482422,150.38999938964844,157.36000061035156,157.36000061035156,1549600.0,144.56090264140764,8.8537756302566,5.288572038922991
RVTY,2026-10-06,151.4499969482422,165.1999969482422,161.55999755859375,165.0,165.0,134651.0,146.50748334222595,12.622233510473645,5.326429094587054
SATL,2026-08-25,5.329999923706055,5.485000133514404,5.210000038146973,5.355000019073486,5.355000019073486,4423700.0,5.355000019073486,0.0,
SATL,2026-08-26,5.369999885559082,5.570000171661377,5.1020002365112305,5.130000114440918,5.130000114440918,4760900.0,5.333571456727527,-3.816792255212653,
SATL,2026-08-27,5.179999828338623,5.429999828338623,5.170000076293945,5.309999942779541,5.309999942779541,2651600.0,5.331326550637243,-0.4000244152208787,0.34766658147176105
SATL,2026-08-28,5.230000019073486,5.251999855041504,4.824999809265137,4.849999904632568,4.849999904632568,4200500.0,5.285485917684417,-8.239280547409644,0.3819999694824219
SATL,2026-08-31,4.809999942779541,4.900000095367432,4.769999980926514,4.869999885559082,4.869999885559082,2985600.0,5.2459158193867665,-7.165878118715751,0.3315999984741211
SATL,2026-09-01,4.730000019073486,4.809999942779541,4.579999923706055,4.599999904632568,4.599999904632568,3014800.0,5.184400017981605,-11.272280520833643,0.32466665903727215
SATL,2026-09-02,4.570000171661377,4.809999942779541,4.570000171661377,4.730000019073486,4.730000019073486,3266600.0,5.141123827609404,-7.996769234151824,0.3125713893345424
SATL,2026-09-03,4.840000152587891,4.974999904632568,4.5,4.630000114440918,4.630000114440918,3796200.0,5.0924453787362145,-9.081005880323467,0.33287495374679565
SATL,2026-09-04,4.679999828338623,4.806000232696533,4.579999923706055,4.639999866485596,4.639999866485596,2865000.0,5.0493553299504415,-8.107083710998475,0.32099999321831596
SATL,2026-09-08,4.880000114440918,5.380000114440918,4.869999885559082,5.349999904632568,5.349999904632568,6189900.0,5.077988146586834,5.356683595816714,0.3629000186920166
SATL,2026-09-09,5.269999980926514,5.300000190734863,4.945000171661377,4.989999771118164,4.989999771118164,4946300.0,5.069608301304103,-1.5703092912614292,0.3667272654446689
SATL,2026-09-10,4.900000095367432,5.210000038146973,4.679999828338623,4.699999809265137,4.699999809265137,4179000.0,5.034407492538488,-6.642443699064449,0.38033334414164227
SATL,2026-09-11,4.860000133514404,4.960000038146973,4.679999828338623,4.789999961853027,4.789999961853027,2659300.0,5.0111305848541585,-4.412789075373236,0.372615410731389
SATL,2026-09-14,4.78000020980835,5.014999866485596,4.739999771118164,4.849999904632568,4.849999904632568,4254700.0,4.995784805785435,-2.9181581437222603,0.36564288820539204
SATL,2026-09-15,4.829999923706055,5.199999809265137,4.769999980926514,5.070000171661377,5.070000171661377,4711500.0,5.002852935868858,1.3421788857932437,0.37671429770333426
SATL,2026-09-16,5.079999923706055,5.110000133514404,4.809999942779541,4.949999809265137,4.949999809265137,4386300.0,4.997819304763742,-0.9568072109574999,0.36471431595938547
SATL,2026-09-17,5.099999904632568,5.690000057220459,5.09499979019165,5.510000228881836,5.510000228881836,6340100.0,5.046598440394037,9.182458124241343,0.3961429255349295
SATL,2026-09-18,5.485000133514404,5.519999980926514,4.994999885559082,5.110000133514404,5.110000133514404,13987800.0,5.052636696881692,1.1353168666988322,0.39900006566728863
SATL,2026-09-21,5.179999828338623,5.630000114440918,5.179999828338623,5.579999923706055,5.579999923706055,5865900.0,5.102861766103059,9.350403351556501,0.4268571989876883
SATL,2026-09-22,5.570000171661377,5.775000095367432,5.389999866485596,5.739999771118164,5.739999771118164,4898700.0,5.163541576104498,11.164008007243753,0.43364293234688894
SATL,2026-09-23,5.739999771118164,5.739999771118164,5.460000038146973,5.510000228881836,5.510000228881836,3664600.0,5.196537638273768,6.03214317739833,0.43650007247924805
SATL,2026-09-24,5.429999828338623,6.135000228881836,5.400000095367432,5.940000057220459,5.940000057220459,6255400.0,5.267343582935357,12.770317024017785,0.4550715173993792
SATL,2026-09-25,6.0,6.449999809265137,6.0,6.170000076293945,6.170000076293945,7513900.0,5.353310868017127,15.255777749729681,0.47535719190325054
SATL,2026-09-28,6.170000076293945,6.348999977111816,6.0,6.050000190734863,6.050000190734863,6126800.0,5.419662232085482,11.630576439204177,0.4474286011287144
SATL,2026-09-29,6.170000076293945,6.239999771118164,5.570000171661377,5.599999904632568,5.599999904632568,6165800.0,5.436837248518538,3.0010583112174194,0.4663571630205427
SATL,2026-09-30,5.75,6.110000133514404,5.519999980926514,5.53000020980835,5.53000020980835,5763200.0,5.44570991149852,1.547829386428612,0.4706428732190813
SATL,2026-10-01,5.550000190734863,5.710000038146973,5.300000190734863,5.420000076293945,5.420000076293945,4694100.0,5.443261355764752,-0.42734085230302643,0.4799285616193499
SATL,2026-10-02,5.519999980926514,6.039999961853027,5.409999847412109,5.730000019073486,5.730000019073486,6307600.0,5.470569799889393,4.74228880489449,0.5052857058388847
SATL,2026-10-05,5.639999866485596,5.670000076293945,5.199999809265137,5.320000171661377,5.320000171661377,7766300.0,5.456229835296249,-2.496772822024551,0.5124285902295794
SATL,2026-10-06,5.460000038146973,5.710000038146973,5.460000038146973,5.690100193023682,5.690100193023682,544189.0,5.478503202698861,3.8623138929732015,0.5188571384974888
SECZ,2026-08-25,6.409999847412109,6.789999961853027,6.010000228881836,6.730000019073486,6.730000019073486,2018000.0,6.730000019073486,0.0,
SECZ,2026-08-26,6.590000152587891,6.920000076293945,6.550000190734863,6.800000190734863,6.800000190734863,961300.0,6.736666702088856,0.9401309497228061,
SECZ,2026-08-27,6.889999866485596,7.159999847412109,6.659999847412109,6.670000076293945,6.670000076293945,1590800.0,6.730317499632197,-0.8962047235000159,0.5499998728434244
SECZ,2026-08-28,6.670000076293945,6.75,6.139999866485596,6.289999961853027,6.289999961853027,1546500.0,6.688382496034182,-5.956335996294648,0.5649999380111694
SECZ,2026-08-31,6.420000076293945,6.579999923706055,6.179999828338623,6.460000038146973,6.460000038146973,1355100.0,6.6666317857592094,-3.099492431149853,0.5319999694824219
SECZ,2026-09-01,6.329999923706055,6.519999980926514,6.21999979019165,6.25,6.25,644800.0,6.626952568067856,-5.688173624241887,0.4933333396911621
SECZ,2026-09-02,6.300000190734863,6.650000095367432,6.199999809265137,6.510000228881836,6.510000228881836,867700.0,6.61581425005014,-1.5994104001257559,0.4871429034641811
SECZ,2026-09-03,6.53000020980835,7.21999979019165,6.53000020980835,7.099999904632568,7.099999904632568,1642300.0,6.661927169534181,6.57576590001987,0.5149999856948853
SECZ,2026-09-04,6.900000095367432,7.570000171661377,6.900000095367432,7.420000076293945,7.420000076293945,1472100.0,6.734124589225587,10.185072728914758,0.5322222179836698
SECZ,2026-09-08,7.5,8.3100004196167,7.400000095367432,8.25,8.25,3192200.0,6.878493675966007,19.939050446846274,0.5700000286102295
SECZ,2026-09-09,8.229999542236328,8.770000457763672,7.980000019073486,8.430000305175781,8.430000305175781,2533200.0,7.026256212081224,19.978549752867035,0.5900000658902255
SECZ,2026-09-10,8.359999656677246,8.420000076293945,7.849999904632568,8.039999961853027,8.039999961853027,1308200.0,7.122803235869015,12.876906684227807,0.5891667604446411
SECZ,2026-09-11,8.149999618530273,8.40999984741211,8.020000457763672,8.270000457763672,8.270000457763672,855300.0,7.232060114144696,14.351931914793381,0.5738461934603177
SECZ,2026-09-14,8.020000457763672,8.5600004196167,7.840000152587891,8.210000038146973,8.210000038146973,1355300.0,7.32519724976396,12.078893690016667,0.5842857701437814
SECZ,2026-09-15,8.100000381469727,8.279999732971191,7.710000038146973,7.96999979019165,7.96999979019165,1167300.0,7.386607015518978,7.897980404900196,0.5692857674189976
SECZ,2026-09-16,8.0,8.390000343322754,7.429999828338623,7.769999980926514,7.769999980926514,2605200.0,7.423120631272076,4.672958542437078,0.6114286695207868
SECZ,2026-09-17,8.34000015258789,9.640000343322754,8.210000038146973,8.930000305175781,8.930000305175781,5796900.0,7.566632981167667,18.018150575049052,0.7092858382633754
SECZ,2026-09-18,9.319999694824219,11.069999694824219,9.25,10.859999656677246,10.859999656677246,21287700.0,7.880286950263818,37.812236092667575,0.8185714994158063
SECZ,2026-09-21,11.670000076293945,13.930000305175781,11.140000343322754,13.5,13.5,7061400.0,8.415497716905358,60.41831932151449,1.0092858246394567
SECZ,2026-09-22,12.960000038146973,13.520000457763672,12.170000076293945,13.0,13.0,6307900.0,8.852116981961991,46.85752601880626,1.0842858382633753
SECZ,2026-09-23,12.800000190734863,14.869999885559082,12.729999542236328,14.359999656677246,14.359999656677246,9187600.0,9.376677236696777,53.145931060500054,1.2050001280648368
SECZ,2026-09-24,14.670000076293945,16.559999465942383,14.470000267028809,16.530000686645508,16.530000686645508,10522700.0,10.057946136691895,64.34767557904524,1.3114287172045027
SECZ,2026-09-25,16.209999084472656,16.219999313354492,14.829999923706055,15.960000038146973,15.960000038146973,6876400.0,10.620046508259046,50.28182810437909,1.385000194822039
SECZ,2026-09-28,16.0,17.010000228881836,15.569999694824219,16.6299991607666,16.6299991607666,4356800.0,11.192422951355002,48.58265482858029,1.4228573526654924
SECZ,2026-09-29,16.59000015258789,16.760000228881836,15.0,15.84000015258789,15.84000015258789,3634600.0,11.635049351472421,36.14037787113753,1.4921430519648962
SECZ,2026-09-30,15.760000228881836,15.850000381469727,14.279999732971191,14.59000015258789,14.59000015258789,3356100.0,11.916473237292942,22.435555067820488,1.5628573553902763
SECZ,2026-10-01,14.550000190734863,14.960000038146973,13.399999618530273,13.739999771118164,13.739999771118164,3152000.0,12.090142430990582,13.646301931882231,1.6464288575308663
SECZ,2026-10-02,14.0600004196167,14.630000114440918,12.510000228881836,12.989999771118164,12.989999771118164,4243200.0,12.175843130050351,6.68665514471396,1.7464288302830286
SECZ,2026-10-05,13.40999984741211,13.40999984741211,11.649999618530273,11.699999809265137,11.699999809265137,2928400.0,12.130524718546999,-3.5491037632000344,1.8314288684300013
SECZ,2026-10-06,13.40999984741211,12.789999961853027,11.919899940490723,12.555000305175781,12.555000305175781,427548.0,12.170950964892597,3.155458775497366,1.8407145568302699
SMCI,2026-08-25,36.130001068115234,38.599998474121094,36.0099983215332,38.459999084472656,38.459999084472656,48106900.0,38.459999084472656,0.0,
SMCI,2026-08-26,38.029998779296875,38.27000045776367,37.22999954223633,37.38999938964844,37.38999938964844,33723200.0,38.35809435163225,-2.5238348733104377,
SMCI,2026-08-27,38.689998626708984,39.470001220703125,37.47999954223633,38.459999084472656,38.459999084472656,41662100.0,38.36779956428372,0.240304425158544,1.9666671752929688
SMCI,2026-08-28,38.02000045776367,38.970001220703125,36.869998931884766,37.08000183105469,37.08000183105469,29132900.0,38.24515216111905,-3.0465307737718605,2.0000009536743164
SMCI,2026-08-31,36.540000915527344,37.59000015258789,36.119998931884766,37.279998779296875,37.279998779296875,22915000.0,38.1532327914217,-2.2887549710365884,1.8940010070800781
SMCI,2026-09-01,36.43000030517578,37.150001525878906,35.720001220703125,36.709999084472656,36.709999084472656,26862900.0,38.01578196218846,-3.4348441892227077,1.8383337656656902
SMCI,2026-09-02,37.650001525878906,37.880001068115234,35.630001068115234,37.0,37.0,33258800.0,37.91904082293242,-2.4236921688604807,1.8971432277134486
SMCI,2026-09-03,36.5,38.220001220703125,35.75,37.869998931884766,37.869998931884766,34436400.0,37.91437016664217,-0.11703012489033826,1.9687504768371582
SMCI,2026-09-04,38.15999984741211,40.90999984741211,37.91999816894531,39.59000015258789,39.59000015258789,53633200.0,38.07395397482748,3.981845906423964,2.0877783033582897
SMCI,2026-09-08,39.66999816894531,41.529998779296875,39.66999816894531,40.2599983215332,40.2599983215332,42400700.0,38.282148674513735,5.166506362628009,2.0730003356933593
SMCI,2026-09-09,40.0099983215332,40.18000030517578,38.84000015258789,38.93000030517578,38.93000030517578,31197000.0,38.34384882981488,1.5286714642613664,2.013636502352628
SMCI,2026-09-10,37.90999984741211,39.2599983215332,37.369998931884766,37.380001068115234,37.380001068115234,26771400.0,38.252053804891105,-2.2797540263429394,2.003333409627279
SMCI,2026-09-11,37.7599983215332,40.45000076293945,37.560001373291016,40.099998474121094,40.099998474121094,46492700.0,38.42804853529396,4.350858298962401,2.0853846623347354
SMCI,2026-09-14,37.43000030517578,38.099998474121094,36.380001068115234,36.7400016784668,36.7400016784668,39892500.0,38.267282167977086,-3.991086910238828,2.2021427154541016
SMCI,2026-09-15,36.7400016784668,37.54999923706055,35.56999969482422,35.63999938964844,35.63999938964844,26725900.0,38.017064760517215,-6.252627302614611,2.158571243286133
SMCI,2026-09-16,35.95000076293945,37.119998931884766,35.36000061035156,36.849998474121094,36.849998474121094,31390500.0,37.90591559038425,-2.785626200600233,2.1964282989501953
SMCI,2026-09-17,38.040000915527344,41.0099983215332,37.81999969482422,40.349998474121094,40.349998474121094,62517100.0,38.13868538883538,5.79808418339729,2.3449995858328685
SMCI,2026-09-18,40.20000076293945,40.40999984741211,38.31999969482422,39.09000015258789,39.09000015258789,48079300.0,38.22928679490704,2.251450209621786,2.344285147530692
SMCI,2026-09-21,40.630001068115234,41.720001220703125,40.0,41.20000076293945,41.20000076293945,48218400.0,38.51221193471965,6.979055975220927,2.4271422794886996
SMCI,2026-09-22,41.2599983215332,41.7400016784668,40.45000076293945,41.540000915527344,41.540000915527344,30249800.0,38.80057279003467,7.060277538470383,2.4078568049839566
SMCI,2026-09-23,42.27000045776367,42.70000076293945,40.790000915527344,41.439998626708984,41.439998626708984,40871500.0,39.051946679241745,6.115065062138436,2.383571079799107
SMCI,2026-09-24,40.439998626708984,42.279998779296875,39.849998474121094,41.5099983215332,41.5099983215332,34885600.0,39.28604683565045,5.6609194994509116,2.380713871547154
SMCI,2026-09-25,42.0,43.7599983215332,41.900001525878906,43.2599983215332,43.2599983215332,49323200.0,39.664518405734526,9.064726007813718,2.324285234723772
SMCI,2026-09-28,42.75,43.060001373291016,40.959999084472656,41.779998779296875,41.779998779296875,29494500.0,39.86599272702618,4.801099687586952,2.349999564034598
SMCI,2026-09-29,42.599998474121094,42.689998626708984,40.86000061035156,41.02000045776367,41.02000045776367,25272900.0,39.97589822519166,2.6118293244854263,2.3792852674211775
SMCI,2026-09-30,42.16999816894531,42.68000030517578,40.470001220703125,41.06999969482422,41.06999969482422,31947800.0,40.08009836515667,2.4698076353228515,2.4021423884800504
SMCI,2026-10-01,40.88999938964844,42.02000045776367,40.130001068115234,41.91999816894531,41.91999816894531,26504300.0,40.255326917898444,4.135281908011823,2.317856652396066
SMCI,2026-10-02,42.779998779296875,44.59000015258789,42.279998779296875,43.689998626708984,43.689998626708984,44497400.0,40.58243850921373,7.6574011608240955,2.242856979370117
SMCI,2026-10-05,43.56999969482422,44.04999923706055,42.79999923706055,43.189998626708984,43.189998626708984,22070700.0,40.8307775680228,5.778045874232474,2.1907141549246654
SMCI,2026-10-06,43.8849983215332,44.0,43.02000045776367,43.310001373291016,43.310001373291016,2202848.0,41.066894120905495,5.462081563269838,2.1349999564034596
SMR,2026-08-25,9.265000343322754,9.970000267028809,9.029999732971191,9.8100004196167,9.8100004196167,55598600.0,9.8100004196167,0.0,
SMR,2026-08-26,9.850000381469727,10.255000114440918,9.0600004196167,9.270000457763672,9.270000457763672,51877000.0,9.758571851821172,-5.006587044458987,
SMR,2026-08-27,9.5,9.800000190734863,9.239999771118164,9.739999771118164,9.739999771118164,37931500.0,9.756803082230409,-0.17222148454392183,0.8983335494995117
SMR,2026-08-28,9.619999885559082,9.835000038146973,9.15999984741211,9.289999961853027,9.289999961853027,37801200.0,9.712345642194467,-4.348544583366087,0.8425002098083496
SMR,2026-08-31,9.170000076293945,9.449999809265137,9.130000114440918,9.270000457763672,9.270000457763672,23206700.0,9.670217529391534,-4.138656347816871,0.7380001068115234
SMR,2026-09-01,8.899999618530273,9.3100004196167,8.779999732971191,9.210000038146973,9.210000038146973,17599100.0,9.626387292130147,-4.325477890585006,0.7033335367838541
SMR,2026-09-02,9.135000228881836,9.649999618530273,9.125,9.5600004196167,9.5600004196167,27545000.0,9.620064732843153,-0.6243649590152112,0.6778572627476284
SMR,2026-09-03,9.699999809265137,10.074999809265137,9.600000381469727,9.75,9.75,28750500.0,9.632439520191424,1.2204642402596555,0.6575000286102295
SMR,2026-09-04,9.6899995803833,9.779999732971191,9.430000305175781,9.699999809265137,9.699999809265137,18799100.0,9.63887383343654,0.6341609703050199,0.6233332951863607
SMR,2026-09-08,9.970000267028809,11.369999885559082,9.895000457763672,11.180000305175781,11.180000305175781,53956300.0,9.785647783125992,14.248954723816642,0.7279999732971192
SMR,2026-09-09,11.010000228881836,11.260000228881836,10.75,10.8100004196167,10.8100004196167,22753400.0,9.883205177077487,9.37747649607401,0.7081818147139116
SMR,2026-09-10,10.489999771118164,10.6850004196167,10.100000381469727,10.210000038146973,10.210000038146973,23109000.0,9.914328497179344,2.9822649214391816,0.7083333333333334
SMR,2026-09-11,9.65999984741211,9.770000457763672,8.569999694824219,8.609999656677246,8.609999656677246,92557900.0,9.790106702845812,-12.05407746807835,0.7800000264094427
SMR,2026-09-14,8.3100004196167,8.800000190734863,8.234999656677246,8.510000228881836,8.510000228881836,37099600.0,9.668191800563529,-11.979402100961478,0.7646429198128837
SMR,2026-09-15,8.364999771118164,8.675000190734863,8.239999771118164,8.430000305175781,8.430000305175781,34847100.0,9.55026880100279,-11.730229998441299,0.7285714830671038
SMR,2026-09-16,8.5649995803833,8.604999542236328,8.045000076293945,8.300000190734863,8.300000190734863,42278900.0,9.431195600024893,-11.994188831022058,0.6832143238612584
SMR,2026-09-17,8.545000076293945,9.255000114440918,8.545000076293945,9.039999961853027,9.039999961853027,49346300.0,9.393938872579954,-3.767737000716931,0.7114285741533551
SMR,2026-09-18,9.069999694824219,9.210000038146973,8.229999542236328,8.270000457763672,8.270000457763672,64383600.0,9.286897118787927,-10.949800003351118,0.7332143102373395
SMR,2026-09-21,8.505000114440918,8.9399995803833,8.470000267028809,8.789999961853027,8.789999961853027,35547100.0,9.239573580032221,-4.865739898979471,0.7582142693655831
SMR,2026-09-22,8.829999923706055,9.020000457763672,8.630000114440918,8.890000343322754,8.890000343322754,32939900.0,9.206280890821796,-3.435486612344818,0.7482142448425293
SMR,2026-09-23,8.819999694824219,8.899999618530273,8.479999542236328,8.680000305175781,8.680000305175781,38534400.0,9.15615893028408,-5.200418960983743,0.7407142775399345
SMR,2026-09-24,8.520000457763672,8.609999656677246,8.3100004196167,8.470000267028809,8.470000267028809,33525900.0,9.090810486164532,-6.828986481244392,0.7303571701049805
SMR,2026-09-25,8.53499984741211,8.680000305175781,8.270000457763672,8.420000076293945,8.420000076293945,29275200.0,9.026923780462571,-6.723483203460978,0.7346429143633161
SMR,2026-09-28,8.210000038146973,8.279999732971191,7.894999980926514,7.909999847412109,7.909999847412109,32945500.0,8.920550072553004,-11.328339810009968,0.6528572014399937
SMR,2026-09-29,8.119999885559082,8.15999984741211,7.75,7.760000228881836,7.760000228881836,29745600.0,8.810021516012894,-11.918487204856,0.6457143170492989
SMR,2026-09-30,7.860000133514404,8.180000305175781,7.75,7.900000095367432,7.900000095367432,29505700.0,8.723352809284755,-9.438489213012025,0.6257143361227853
SMR,2026-10-01,7.920000076293945,8.079999923706055,7.78000020980835,7.789999961853027,7.789999961853027,30539500.0,8.634462061910305,-9.780135623995633,0.5300000054495675
SMR,2026-10-02,8.03499984741211,8.045000076293945,7.605000019073486,7.75,7.75,25993200.0,8.55022757982361,-9.359137781454441,0.5210713999611991
SMR,2026-10-05,7.75,7.869999885559082,7.630000114440918,7.679999828338623,7.679999828338623,17884500.0,8.467348746348849,-9.298647564855923,0.5071427822113037
SMR,2026-10-06,7.75,8.369999885559082,7.914999961853027,8.199999809265137,8.199999809265137,4569703.0,8.441886942817066,-2.865320694181328,0.5164285387311663
STX,2026-08-25,814.5,826.0,800.1199951171875,821.6699829101562,821.0118408203125,2560200.0,821.6699829101562,0.0,
STX,2026-08-26,825.5999755859375,851.6900024414062,821.6699829101562,846.3699951171875,845.6920776367188,2125500.0,824.0223650251116,2.712017420958568,
STX,2026-08-27,875.75,875.75,812.9400024414062,847.2000122070312,846.5214233398438,4895300.0,826.2297599948182,2.538065466480477,39.57000732421875
STX,2026-08-28,831.0900268554688,855.5800170898438,825.5,829.760009765625,829.0953979492188,2802800.0,826.5659742587046,0.38642233123433734,37.197509765625
STX,2026-08-31,826.5,830.6799926757812,808.489990234375,828.3800048828125,827.7164916992188,3458600.0,826.7387390800482,0.1985229099812802,34.19600830078125
STX,2026-09-01,810.260009765625,832.760009765625,802.0499877929688,816.6400146484375,815.9859008789062,2421300.0,825.7769558008472,-1.1064659879674865,33.615010579427086
STX,2026-09-02,805.8599853515625,835.4000244140625,785.6599731445312,808.5399780273438,807.892333984375,2659200.0,824.1353388700373,-1.892330070941528,35.918587820870535
STX,2026-09-03,796.0,807.0700073242188,763.52001953125,798.6099853515625,797.9703369140625,2968000.0,821.7043528206588,-2.8105446186113547,37.05625915527344
STX,2026-09-04,818.75,852.97998046875,805.010009765625,849.280029296875,848.5997924804688,2557100.0,824.3306077231555,3.026628071306381,38.980007595486114
STX,2026-09-08,880.6500244140625,925.4400024414062,860.010009765625,904.3800048828125,903.6556396484375,5181800.0,831.954359833599,8.705482962274447,42.698004150390624
STX,2026-09-09,893.1400146484375,917.3900146484375,885.3900146484375,885.9199829101562,885.2103881835938,3517800.0,837.0939429837473,5.83280291724162,41.72545831853693
STX,2026-09-10,860.5599975585938,880.969970703125,848.239990234375,862.3300170898438,861.6393432617188,3235500.0,839.4973786128994,2.7197986627034654,41.388336181640625
STX,2026-09-11,869.4199829101562,870.6799926757812,817.6900024414062,830.1699829101562,829.5050659179688,3843400.0,838.6090552126382,-1.0063178128147054,42.28077110877404
STX,2026-09-14,778.1199951171875,821.8599853515625,769.0,805.5499877929688,804.90478515625,4147200.0,835.460572601241,-3.580131222128702,43.63000052315848
STX,2026-09-15,800.239990234375,801.97998046875,758.3499755859375,771.8099975585938,771.1918334960938,4051600.0,829.3986130733698,-6.94341835241069,45.152858189174104
STX,2026-09-16,784.7999877929688,798.8800048828125,772.010009765625,783.1799926757812,782.5526733398438,3393200.0,824.996839702171,-5.068728147066103,44.94214303152902
STX,2026-09-17,809.030029296875,816.6799926757812,783.010009765625,803.1300048828125,802.4866943359375,5308400.0,822.9142840050891,-2.4041725252340274,42.86071341378348
STX,2026-09-18,814.6900024414062,872.0,807.030029296875,858.7899780273438,858.1021118164062,6966500.0,826.3310167691134,3.928082160723223,45.63142613002232
STX,2026-09-21,894.27001953125,914.8200073242188,861.9600219726562,877.3300170898438,876.6273193359375,4190400.0,831.1880644187067,5.5513252230596555,48.048570905412944
STX,2026-09-22,857.6900024414062,936.9400024414062,856.3900146484375,919.8400268554688,919.103271484375,5268300.0,839.631108460303,9.552875969811447,51.608568464006694
STX,2026-09-23,913.2000122070312,927.0,885.0,923.8599853515625,923.1199951171875,3242800.0,847.6529062594707,8.99036368888051,51.05570765904018
STX,2026-09-24,914.6599731445312,926.010009765625,898.7999877929688,905.9199829101562,905.9199829101562,3067100.0,853.2021516547741,6.178820711262456,49.7835693359375
STX,2026-09-25,924.3599853515625,924.3599853515625,903.530029296875,916.8300170898438,916.8300170898438,2797000.0,859.261948362876,6.699711169178424,47.387852260044646
STX,2026-09-28,912.0999755859375,932.8699951171875,870.3800048828125,921.510009765625,921.510009765625,3402300.0,865.1903351631378,6.509512683341256,46.411424909319194
STX,2026-09-29,943.5,944.4299926757812,900.0999755859375,913.4500122070312,913.4500122070312,2593300.0,869.7864948816039,5.020027050589104,47.292140415736604
STX,2026-09-30,921.0,928.9199829101562,907.030029296875,922.3400268554688,922.3400268554688,3080400.0,874.7915931648291,5.435401307255194,46.164280482700896
STX,2026-10-01,911.1599731445312,946.3599853515625,893.75,945.5700073242188,945.5700073242188,2480800.0,881.5323945133424,7.264351623314869,46.137137276785715
STX,2026-10-02,822.5599975585938,852.2899780273438,791.75,848.989990234375,848.989990234375,13577200.0,878.4331179153455,-3.3517779647064705,52.754996163504465
STX,2026-10-05,876.0,903.0,875.0,887.0900268554688,887.0900268554688,5585800.0,879.2575854334525,0.8908016890357695,53.241424560546875
STX,2026-10-06,856.6199951171875,863.5,830.3800048828125,831.10498046875,831.10498046875,796715.0,874.6716230558618,-4.980914144087811,55.358568464006694
TRMD,2026-08-25,31.579999923706055,31.850000381469727,31.40999984741211,31.469999313354492,29.308351516723633,483400.0,31.469999313354492,0.0,
TRMD,2026-08-26,31.420000076293945,31.979999542236328,29.924999237060547,30.079999923706055,28.013830184936523,2102800.0,31.33761841910226,-4.013127221657687,
TRMD,2026-08-27,30.520000457763672,31.899999618530273,30.5,31.799999237060547,29.615684509277344,894400.0,31.38165468747924,1.333086332596145,1.438333511352539
TRMD,2026-08-28,32.22999954223633,32.7400016784668,31.979999542236328,32.619998931884766,30.379358291625977,781700.0,31.49959223456548,3.55689270189925,1.3137507438659668
TRMD,2026-08-31,33.09000015258789,33.09000015258789,32.29499816894531,32.810001373291016,30.55630874633789,929500.0,31.624393104920294,3.749030896615868,1.210000991821289
TRMD,2026-09-01,33.0,33.45000076293945,32.7599983215332,33.209999084472656,30.928831100463867,762100.0,31.775403198210995,4.514799945457271,1.123334566752116
TRMD,2026-09-02,33.099998474121094,33.900001525878906,32.86000061035156,33.849998474121094,31.524869918823242,940300.0,31.972983700678622,5.870627499186543,1.1114297594342912
TRMD,2026-09-03,34.0,34.54999923706055,33.93000030517578,34.18000030517578,31.832204818725586,1063400.0,32.18317575824978,6.204560301710238,1.0600011348724365
TRMD,2026-09-04,34.47999954223633,35.529998779296875,34.47999954223633,35.18000030517578,32.76351547241211,1111300.0,32.46858761986178,8.350879678102686,1.0922230614556208
TRMD,2026-09-08,35.52000045776367,35.57899856567383,34.5,34.939998626708984,32.540000915527344,1298600.0,32.70396009670437,6.837210305396457,1.0909006118774414
TRMD,2026-09-09,35.58000183105469,35.9379997253418,34.880001068115234,35.459999084472656,35.459999084472656,1550200.0,32.96644000030135,7.5639319385063075,1.0879095250909978
TRMD,2026-09-10,33.5,34.75,33.279998779296875,34.599998474121094,34.599998474121094,1729200.0,33.12201699780799,4.462232708868297,1.1789170900980632
TRMD,2026-09-11,34.2599983215332,35.34000015258789,34.20000076293945,35.08000183105469,35.08000183105469,1359000.0,33.30849174383148,5.31849385690446,1.1759234208327074
TRMD,2026-09-14,35.209999084472656,35.64500045776367,34.652000427246094,35.34000015258789,35.34000015258789,1429400.0,33.50196873514162,5.48633852528877,1.1628574643816267
TRMD,2026-09-15,32.59000015258789,35.0099983215332,32.43000030517578,34.93000030517578,34.93000030517578,8378300.0,33.63797174181153,3.8409823674305343,1.3392859867640905
TRMD,2026-09-16,35.900001525878906,37.220001220703125,35.720001220703125,36.599998474121094,36.599998474121094,2779200.0,33.920069525841015,7.9007177336073875,1.3560717446463448
TRMD,2026-09-17,36.52000045776367,37.209999084472656,36.310001373291016,36.630001068115234,36.630001068115234,1194700.0,34.17815824415284,7.1737125401771795,1.2903573172433036
TRMD,2026-09-18,37.709999084472656,38.72999954223633,37.310001373291016,38.22999954223633,38.22999954223633,1860500.0,34.56404789158936,10.60625671549027,1.3732141767229353
TRMD,2026-09-21,37.470001220703125,38.380001068115234,36.95000076293945,37.119998931884766,37.119998931884766,1760000.0,34.80747180018892,6.643766444661159,1.4185711996895927
TRMD,2026-09-22,35.540000915527344,35.83000183105469,34.599998474121094,34.630001068115234,34.630001068115234,2370600.0,34.79056982570571,-0.4615295420422716,1.5492853437151228
TRMD,2026-09-23,34.83000183105469,35.15999984741211,33.959999084472656,34.41999816894531,34.41999816894531,2541900.0,34.755277286966624,-0.9646854929482696,1.5607139042445592
TRMD,2026-09-24,34.2599983215332,35.154998779296875,33.810001373291016,34.29999923706055,34.29999923706055,2932000.0,34.711917472689855,-1.1866766967091102,1.6067850930350167
TRMD,2026-09-25,34.349998474121094,34.88999938964844,33.810001373291016,34.31999969482422,34.31999969482422,2229800.0,34.67459197003598,-1.0226285446074956,1.5874993460518974
TRMD,2026-09-28,35.650001525878906,35.849998474121094,35.09000015258789,35.41999816894531,35.41999816894531,1855400.0,34.745583036598774,1.9410096864287851,1.619713647024972
TRMD,2026-09-29,35.34000015258789,36.400001525878906,35.34000015258789,36.150001525878906,36.150001525878906,1171200.0,34.87933717843498,3.6430289398662774,1.619856698172433
TRMD,2026-09-30,38.09000015258789,38.82500076293945,37.845001220703125,38.04999923706055,38.04999923706055,1918600.0,35.18130499354218,8.154030227261156,1.6552137647356306
TRMD,2026-10-01,37.5099983215332,38.939998626708984,37.349998474121094,38.79999923706055,38.79999923706055,1173400.0,35.52594254054393,9.21596011922865,1.687356676374163
TRMD,2026-10-02,39.29999923706055,40.0,38.869998931884766,40.0,40.0,2136100.0,35.952043250968316,11.259323206679372,1.7021424429757255
TRMD,2026-10-05,41.150001525878906,41.54499816894531,38.970001220703125,41.04999923706055,41.04999923706055,2354700.0,36.43756286869139,12.658465619643167,1.678213664463588
TRMD,2026-10-06,39.36000061035156,39.439998626708984,38.904998779296875,39.244998931884766,39.244998931884766,1351830.0,36.70493773185266,6.9202166165993395,1.6678564889090401
TSEM,2026-08-25,217.72000122070312,217.72000122070312,208.60000610351562,212.7100067138672,212.7100067138672,994000.0,212.7100067138672,0.0,
TSEM,2026-08-26,214.41000366210938,221.5,212.25,221.22999572753906,221.22999572753906,1239200.0,213.5214342389788,3.6102049969993333,
TSEM,2026-08-27,226.3000030517578,229.42999267578125,218.5,219.85000610351562,219.85000610351562,1068300.0,214.12415536893468,2.6740797761538593,9.76666259765625
TSEM,2026-08-28,219.36000061035156,220.57000732421875,206.91000366210938,208.00999450683594,208.00999450683594,1249500.0,213.54185433444908,-2.5905272036034432,10.739997863769531
TSEM,2026-08-31,210.25,211.14999389648438,202.61000061035156,205.0500030517578,205.0500030517578,1195600.0,212.7331065932404,-3.6116162944835772,10.299996948242187
TSEM,2026-09-01,204.07000732421875,205.77999877929688,196.36000061035156,199.05999755859375,199.05999755859375,1754200.0,211.43090573279787,-5.851040618365522,10.153330485026041
TSEM,2026-09-02,202.91000366210938,209.25999450683594,199.33999633789062,206.80999755859375,206.80999755859375,1204700.0,210.99081924001652,-1.9815182937731546,10.159997122628349
TSEM,2026-09-03,204.22000122070312,208.6300048828125,200.6300048828125,206.16000366210938,206.16000366210938,1101700.0,210.53074156593013,-2.076056860537878,9.889997482299805
TSEM,2026-09-04,210.64999389648438,223.66000366210938,207.08999633789062,222.33999633789062,222.33999633789062,1724400.0,211.65543249659302,5.048093363476314,10.735553317599827
TSEM,2026-09-08,222.32000732421875,226.60000610351562,217.72000122070312,219.82000732421875,219.82000732421875,1540300.0,212.433011051605,3.4773297408185133,10.549998474121093
TSEM,2026-09-09,218.3000030517578,225.52000427246094,216.10000610351562,216.57000732421875,216.57000732421875,987700.0,212.82701069661582,1.758703754448998,10.447271173650568
TSEM,2026-09-10,210.88999938964844,214.41000366210938,207.52999877929688,208.07000732421875,208.07000732421875,1133900.0,212.37396275638753,-2.0265927971150677,10.329999287923178
TSEM,2026-09-11,213.6300048828125,213.6300048828125,206.66000366210938,211.52000427246094,211.52000427246094,1118600.0,212.29263337696597,-0.36394532029431215,10.07153789813702
TSEM,2026-09-14,197.22000122070312,201.2100067138672,190.5500030517578,191.1199951171875,191.1199951171875,1697600.0,210.27619163793943,-9.110016864741254,10.849999564034599
TSEM,2026-09-15,194.25999450683594,196.2899932861328,191.3300018310547,195.1199951171875,195.1199951171875,1433700.0,208.83274435024876,-6.5663788864751,10.567856924874443
TSEM,2026-09-16,201.0500030517578,207.4499969482422,197.85000610351562,202.1999969482422,202.1999969482422,1444800.0,208.20105412148624,-2.882337555189518,10.787857055664062
TSEM,2026-09-17,215.02000427246094,221.32000732421875,212.00999450683594,219.24000549316406,219.24000549316406,2423600.0,209.2523828235508,4.773003076402338,11.372858319963727
TSEM,2026-09-18,225.00999450683594,227.8000030517578,219.38999938964844,223.60000610351562,223.60000610351562,9361700.0,210.61882313592838,6.163353671010441,11.008572169712611
TSEM,2026-09-21,227.02999877929688,240.0,224.07000732421875,233.82000732421875,233.82000732421875,2231500.0,212.82845972528935,9.863129971444828,11.570000784737724
TSEM,2026-09-22,228.47999572753906,236.8699951171875,227.00999450683594,236.61000061035156,236.61000061035156,1858100.0,215.09336838100955,10.003391732295587,11.601429530552455
TSEM,2026-09-23,236.75,236.9600067138672,224.10000610351562,230.5,230.5,1472000.0,216.56066663043723,6.436687504915373,11.791429792131696
TSEM,2026-09-24,226.16000366210938,228.1199951171875,217.19000244140625,217.27999877929688,217.27999877929688,1768200.0,216.62917445413814,0.30043244489053045,12.17071533203125
TSEM,2026-09-25,223.42999267578125,235.6699981689453,220.4499969482422,230.47000122070312,230.47000122070312,2008800.0,217.94734843190622,5.7457238543598965,12.234286717006139
TSEM,2026-09-28,226.50999450683594,228.64999389648438,218.14999389648438,226.0399932861328,226.0399932861328,1829900.0,218.71807651326114,3.347650495832588,12.480001177106585
TSEM,2026-09-29,230.83999633789062,237.5500030517578,228.1300048828125,234.42999267578125,234.42999267578125,1189000.0,220.2144494811202,6.455318090232676,12.629287719726562
TSEM,2026-09-30,234.17999267578125,236.0,226.00999450683594,227.42999267578125,227.42999267578125,806700.0,220.90164407108793,2.955319156697822,12.697144644601005
TSEM,2026-10-01,236.3000030517578,247.91000366210938,233.0,241.3000030517578,241.3000030517578,2069700.0,222.84434492638982,8.281860655456285,13.662145342145648
TSEM,2026-10-02,245.97999572753906,249.49000549316406,240.5399932861328,240.86000061035156,240.86000061035156,1997700.0,224.56012165819573,7.258581279612053,12.803574698311943
TSEM,2026-10-05,242.4600067138672,250.0,240.55999755859375,249.57000732421875,249.57000732421875,1658700.0,226.94201553115028,9.970825252480653,13.108575003487724
TSEM,2026-10-06,257.5199890136719,263.82000732421875,256.6199951171875,263.4750061035156,263.4750061035156,178521.0,230.42134796661364,14.344876648187665,13.24571772984096
TSLA,2026-08-25,349.5799865722656,357.0,349.20001220703125,350.25,350.25,29816700.0,350.25,0.0,
TSLA,2026-08-26,345.2699890136719,351.92999267578125,342.5299987792969,345.82000732421875,345.82000732421875,28573000.0,349.8280959356399,-1.1457309055469822,
TSLA,2026-08-27,346.1600036621094,355.739990234375,345.45001220703125,354.80999755859375,354.80999755859375,30136200.0,350.3025627568736,1.2867261850003864,9.163319905598959
TSLA,2026-08-28,357.1000061035156,358.79998779296875,345.20001220703125,348.75,348.75,32972200.0,350.15469963717135,-0.4011654387694574,10.272483825683594
TSLA,2026-08-31,347.2099914550781,368.9200134277344,347.1499938964844,367.95001220703125,367.95001220703125,61732300.0,351.8494913104913,4.575968217709292,12.571990966796875
TSLA,2026-09-01,360.8999938964844,362.70001220703125,352.9599914550781,356.0899963378906,356.0899963378906,36193900.0,352.2533489321484,1.0891727267811513,12.974995930989584
TSLA,2026-09-02,360.4100036621094,360.6199951171875,349.9200134277344,357.010009765625,357.010009765625,33951900.0,352.7063642496224,1.2201780155451702,12.649993896484375
TSLA,2026-09-03,365.82000732421875,384.0400085449219,365.82000732421875,376.3699951171875,376.3699951171875,63601000.0,354.96004337986676,6.031651205994604,14.447494506835938
TSLA,2026-09-04,362.07000732421875,364.69000244140625,351.32000732421875,354.0799865722656,354.0799865722656,65018200.0,354.87622844580955,-0.22437171321141314,15.62554931640625
TSLA,2026-09-08,357.1000061035156,370.0,355.75,368.1600036621094,368.1600036621094,51078800.0,356.141349894981,3.374686418938011,15.654995727539063
TSLA,2026-09-09,368.25,375.44000244140625,366.0,367.80999755859375,367.80999755859375,32564300.0,357.25264967246795,2.9551489389385566,15.089996337890625
TSLA,2026-09-10,360.6000061035156,369.2099914550781,357.67999267578125,363.55999755859375,363.55999755859375,29667200.0,357.8533494711466,1.5946890243952572,14.793329874674479
TSLA,2026-09-11,364.20001220703125,368.6600036621094,361.6000061035156,365.44000244140625,365.44000244140625,30153000.0,358.57588784926656,1.91427109985296,14.198458158052885
TSLA,2026-09-14,359.7799987792969,367.7300109863281,357.0400085449219,358.9700012207031,358.9700012207031,32477200.0,358.61342245607005,0.09943263199434504,13.947854178292411
TSLA,2026-09-15,358.75,362.3900146484375,354.04998779296875,356.5799865722656,356.5799865722656,30317700.0,358.4197618957078,-0.5133018653077248,13.986428397042411
TSLA,2026-09-16,357.92999267578125,365.1000061035156,354.8900146484375,358.0799865722656,358.0799865722656,32177400.0,358.38740234109423,-0.08577750412556151,14.044285365513392
TSLA,2026-09-17,367.4800109863281,374.1199951171875,363.2200012207031,366.20001220703125,366.20001220703125,38924100.0,359.1314604235645,1.9682351902921669,14.455001831054688
TSLA,2026-09-18,369.0,370.8999938964844,360.75,364.2699890136719,364.2699890136719,51922300.0,359.6208440988128,1.2927907242166414,14.208574567522321
TSLA,2026-09-21,371.6400146484375,378.3599853515625,371.07000732421875,375.29998779296875,375.29998779296875,36599600.0,361.1140958792086,3.9283683676821335,13.660001482282366
TSLA,2026-09-22,379.07000732421875,380.4200134277344,372.8800048828125,378.8999938964844,378.8999938964844,28229900.0,362.807990928473,4.435404778938268,13.127857753208705
TSLA,2026-09-23,380.1000061035156,386.70001220703125,377.5799865722656,380.1199951171875,380.1199951171875,33522500.0,364.45675323216005,4.297695610279972,13.015003749302455
TSLA,2026-09-24,377.3500061035156,383.3299865722656,375.70001220703125,377.94000244140625,377.94000244140625,26165700.0,365.7408722044692,3.3354571949828715,11.629287719726562
TSLA,2026-09-25,384.6199951171875,386.8299865722656,367.6700134277344,372.1099853515625,372.1099853515625,45999500.0,366.34745440895426,1.5729687413565285,11.208572387695312
TSLA,2026-09-28,368.05999755859375,369.42999267578125,356.79998779296875,357.45001220703125,357.45001220703125,39452900.0,365.50007896115204,-2.202480168267329,11.164999825613839
TSLA,2026-09-29,358.3999938964844,358.739990234375,351.6700134277344,352.8399963378906,352.8399963378906,32492400.0,364.29435680655575,-3.144259650101444,10.995712280273438
TSLA,2026-09-30,352.1099853515625,355.2200012207031,345.8800048828125,354.80999755859375,354.80999755859375,39235800.0,363.3910844972261,-2.3613917084687963,10.839283534458705
TSLA,2026-10-01,356.80999755859375,359.7900085449219,353.79998779296875,354.1099853515625,354.1099853515625,31080800.0,362.50717029287716,-2.3164189923554845,10.762856619698661
TSLA,2026-10-02,360.0799865722656,374.6000061035156,359.4100036621094,370.5899963378906,370.5899963378906,55330100.0,363.27696324954513,2.0130737228504003,11.462857927594866
TSLA,2026-10-05,369.0,381.5899963378906,364.9100036621094,378.7300109863281,378.7300109863281,42112900.0,364.7486820816197,3.8331403488333526,12.058569771902901
TSLA,2026-10-06,382.0400085449219,383.3299865722656,378.5199890136719,381.92999267578125,381.92999267578125,2988233.0,366.3849973763017,4.242803447411303,11.672855922154017
TWST,2026-08-25,145.72999572753906,154.9600067138672,141.41000366210938,151.4199981689453,151.4199981689453,2078200.0,151.4199981689453,0.0,
TWST,2026-08-26,148.0,154.0,147.0,150.05999755859375,150.05999755859375,1210500.0,151.29047430129276,-0.8133206987298691,
TWST,2026-08-27,149.22999572753906,155.44000244140625,148.44000244140625,153.10000610351562,153.10000610351562,1252200.0,151.46281066340924,1.0809223947023217,9.183334350585938
TWST,2026-08-28,150.0500030517578,153.11000061035156,140.99000549316406,141.3800048828125,141.3800048828125,1377800.0,150.50254344620956,-6.061384980286066,9.917499542236328
TWST,2026-08-31,139.99000549316406,140.60000610351562,135.0,139.0,139.0,1892100.0,149.40706311799912,-6.9655763929847065,9.210000610351562
TWST,2026-09-01,134.94000244140625,138.14999389648438,131.0,132.05999755859375,132.05999755859375,1275200.0,147.754961636151,-10.622292411544421,9.008333841959635
TWST,2026-09-02,131.42999267578125,140.8000030517578,126.41999816894531,131.0,131.0,1900100.0,146.15925100413662,-10.371735555560269,9.77571541922433
TWST,2026-09-03,132.85000610351562,133.9499969482422,127.41999816894531,128.7100067138672,128.7100067138672,1065600.0,144.49741821458716,-10.925739501639221,9.370000839233398
TWST,2026-09-04,125.19000244140625,128.1300048828125,123.75,124.72000122070312,124.72000122070312,900800.0,142.6138546913601,-12.547065296974292,8.880001491970486
TWST,2026-09-08,121.37999725341797,131.60000610351562,120.70999908447266,128.05999755859375,128.05999755859375,1805500.0,141.22777305966807,-9.32378611925786,9.081002044677735
TWST,2026-09-09,126.51000213623047,130.99000549316406,122.5199966430664,125.5199966430664,125.5199966430664,1835000.0,139.73179435332506,-10.1707687760187,9.025457208806818
TWST,2026-09-10,121.66000366210938,129.27999877929688,120.19000244140625,126.8499984741211,126.8499984741211,1285000.0,138.50495665054373,-8.414831106607101,9.030835469563803
TWST,2026-09-11,127.91999816894531,130.0,125.87999725341797,127.22000122070312,127.22000122070312,1108600.0,137.43019899055892,-7.429369850914069,8.653079106257511
TWST,2026-09-14,126.04000091552734,136.86000061035156,121.91999816894531,134.75,134.75,1806100.0,137.17494194383903,-1.767773260536043,9.102145058768135
TWST,2026-09-15,134.0399932861328,138.92999267578125,131.5399932861328,138.10000610351562,138.10000610351562,1287900.0,137.26304329237965,0.6097510233349368,8.662144797188896
TWST,2026-09-16,142.27999877929688,148.5,137.0800018310547,143.07000732421875,143.07000732421875,2406600.0,137.81608748588812,3.8122688970317897,8.97785895211356
TWST,2026-09-17,151.42999267578125,163.6999969482422,150.0,155.55999755859375,155.55999755859375,3369400.0,139.50598368328866,11.507760062644667,9.951429639543806
TWST,2026-09-18,158.0399932861328,167.0500030517578,156.16000366210938,166.99000549316406,166.99000549316406,3071500.0,142.12350956994345,17.49639872985478,9.90643038068499
TWST,2026-09-21,168.39999389648438,170.22999572753906,160.6199951171875,165.8300018310547,165.8300018310547,2239300.0,144.38127073766833,14.85561872658494,10.137144361223493
TWST,2026-09-22,165.8300018310547,170.66000366210938,162.86000061035156,164.60000610351562,164.60000610351562,2313700.0,146.30686458203473,12.503269462947086,10.12285886492048
TWST,2026-09-23,164.35000610351562,166.35000610351562,157.41000366210938,158.5,158.5,2133700.0,147.4681155742219,7.480860783242083,9.73428726196289
TWST,2026-09-24,157.72000122070312,185.22000122070312,156.8300018310547,184.02999877929688,184.02999877929688,3529400.0,150.95019968899095,21.914379151840556,11.295715876988002
TWST,2026-09-25,184.02999877929688,186.1999969482422,177.38999938964844,182.8300018310547,182.8300018310547,2706200.0,153.98637132156844,18.731287880829626,11.5707152230399
TWST,2026-09-28,181.82000732421875,187.8699951171875,175.02000427246094,179.60000610351562,179.60000610351562,2196800.0,156.42576511032533,14.814849060732271,11.710714067731585
TWST,2026-09-29,179.89999389648438,190.75999450683594,179.72999572753906,186.1300048828125,186.1300048828125,3680200.0,159.25474032675268,16.875644957831824,11.902855464390345
TWST,2026-09-30,188.75,197.19000244140625,187.0500030517578,193.24000549316406,193.24000549316406,3251000.0,162.4914322473633,18.92319663906448,12.043569837297712
TWST,2026-10-01,193.10000610351562,200.30999755859375,187.60000610351562,188.0500030517578,188.0500030517578,3115500.0,164.9255818477818,14.021124524707584,12.657140459333148
TWST,2026-10-02,188.75999450683594,198.10000610351562,183.38999938964844,188.6699981689453,188.6699981689453,2081400.0,167.18695483074976,12.849712682394232,12.640712193080358
TWST,2026-10-05,193.4600067138672,207.89999389648438,189.25,205.0,205.0,3205000.0,170.7881972278212,20.03171374105104,13.486426217215401
TWST,2026-10-06,209.5500030517578,217.99000549316406,208.0,214.26499938964844,214.26499938964844,341267.0,174.92884505275714,22.48694566355127,13.598569597516741
UEC,2026-08-25,12.40999984741211,13.489999771118164,12.40999984741211,13.270000457763672,13.270000457763672,10981200.0,13.270000457763672,0.0,
UEC,2026-08-26,13.430000305175781,13.800000190734863,12.949999809265137,13.130000114440918,13.130000114440918,8578800.0,13.256667091732934,-0.9554964035493385,
UEC,2026-08-27,13.300000190734863,13.699999809265137,13.0600004196167,13.619999885559082,13.619999885559082,8711100.0,13.291270214954471,2.473275054138502,0.8566665649414062
UEC,2026-08-28,13.609999656677246,13.670000076293945,12.399999618530273,12.399999618530273,12.399999618530273,10143700.0,13.20638730100931,-6.106042963145619,0.9600000381469727
UEC,2026-08-31,12.3100004196167,12.399999618530273,12.0600004196167,12.239999771118164,12.239999771118164,9647000.0,13.11435039340063,-6.667128725815152,0.835999870300293
UEC,2026-09-01,11.600000381469727,12.050000190734863,11.40999984741211,11.59000015258789,11.59000015258789,9341200.0,12.969174179989892,-10.634247086679782,0.8349998792012533
UEC,2026-09-02,11.630000114440918,11.930000305175781,11.420000076293945,11.619999885559082,11.619999885559082,8737100.0,12.8406813900441,-9.506360818448945,0.7885713577270508
UEC,2026-09-03,11.75,11.920000076293945,11.34000015258789,11.510000228881836,11.510000228881836,7857700.0,12.71394985088579,-9.4695168387822,0.7624999284744263
UEC,2026-09-04,11.399999618530273,11.720000267028809,11.399999618530273,11.539999961853027,11.539999961853027,4992900.0,12.602145099549336,-8.428288432691444,0.7133333418104384
UEC,2026-09-08,11.600000381469727,12.260000228881836,11.479999542236328,11.890000343322754,11.890000343322754,7918800.0,12.53432178943252,-5.140457193726933,0.7200000762939454
UEC,2026-09-09,11.819999694824219,11.949999809265137,11.550000190734863,11.600000381469727,11.600000381469727,6537600.0,12.445338798197968,-6.792409836610014,0.690909125588157
UEC,2026-09-10,11.380000114440918,11.430000305175781,10.949999809265137,11.020000457763672,11.020000457763672,9344300.0,12.309592289585177,-10.476316367623284,0.6875000794728597
UEC,2026-09-11,11.25,11.380000114440918,10.40999984741211,10.449999809265137,10.449999809265137,8171900.0,12.132488243840411,-13.867628805900257,0.7092308631310096
UEC,2026-09-14,10.100000381469727,10.3100004196167,9.760000228881836,10.260000228881836,10.260000228881836,9646500.0,11.954156051939595,-14.172107304746772,0.7078572000776019
UEC,2026-09-15,10.229999542236328,10.40999984741211,10.029999732971191,10.180000305175781,10.180000305175781,7475500.0,11.785188837962089,-13.620388734168799,0.6578572137015206
UEC,2026-09-16,10.300000190734863,10.390000343322754,9.850000381469727,10.079999923706055,10.079999923706055,9079600.0,11.622789893747228,-13.273835147541957,0.6357143265860421
UEC,2026-09-17,10.40999984741211,10.40999984741211,10.109999656677246,10.119999885559082,10.119999885559082,6546400.0,11.479667035824548,-11.844134033002508,0.6135715075901577
UEC,2026-09-18,10.319999694824219,10.369999885559082,9.600000381469727,9.8100004196167,9.8100004196167,17692700.0,11.320651167614278,-13.344203664884535,0.5778571537562779
UEC,2026-09-21,10.119999885559082,10.350000381469727,9.989999771118164,10.079999923706055,10.079999923706055,8191300.0,11.202493906289684,-10.020036538055155,0.5921429225376674
UEC,2026-09-22,10.239999771118164,10.430000305175781,9.899999618530273,10.329999923706055,10.329999923706055,8137900.0,11.11939924128172,-7.099298266447274,0.5707144056047712
UEC,2026-09-23,10.170000076293945,10.1899995803833,9.869999885559082,9.949999809265137,9.949999809265137,6061600.0,11.00802786680395,-9.611422412269011,0.5671429634094238
UEC,2026-09-24,9.850000381469727,9.869999885559082,9.329999923706055,9.470000267028809,9.470000267028809,12807500.0,10.861549047777746,-12.811697250804633,0.5700001035417829
UEC,2026-09-25,9.510000228881836,9.680000305175781,9.390000343322754,9.40999984741211,9.40999984741211,6726400.0,10.723306266790543,-12.247215426884406,0.567857197352818
UEC,2026-09-28,9.300000190734863,9.319999694824219,9.010000228881836,9.210000038146973,9.210000038146973,9323200.0,10.579181864062583,-12.942227891617152,0.5407142639160156
UEC,2026-09-29,9.90999984741211,9.9399995803833,8.979999542236328,9.289999961853027,9.289999961853027,16818800.0,10.456402635280721,-11.15491354064886,0.580714293888637
UEC,2026-09-30,9.470000267028809,9.880000114440918,9.1899995803833,9.449999809265137,9.449999809265137,15241300.0,10.360554747088761,-8.788669719442233,0.5835714340209961
UEC,2026-10-01,9.390000343322754,9.520000457763672,9.109999656677246,9.359999656677246,9.359999656677246,9645800.0,10.265263786097188,-8.81871278014298,0.5435714721679688
UEC,2026-10-02,9.670000076293945,9.739999771118164,9.229999542236328,9.300000190734863,9.300000190734863,8793000.0,10.173333919872205,-8.584538126989072,0.5307143756321498
UEC,2026-10-05,9.380000114440918,9.649999618530273,9.289999961853027,9.350000381469727,9.350000381469727,10615700.0,10.094921201929111,-7.379164290227768,0.5292857715061733
UEC,2026-10-06,9.380000114440918,9.9350004196167,9.592000007629395,9.859999656677246,9.859999656677246,864033.0,10.072547721428933,-2.110171831695562,0.5325000626700265
ULCC,2026-08-25,6.03000020980835,6.03000020980835,5.800000190734863,5.96999979019165,5.96999979019165,3010600.0,5.96999979019165,0.0,
ULCC,2026-08-26,6.130000114440918,6.210000038146973,5.945000171661377,5.96999979019165,5.96999979019165,2117500.0,5.96999979019165,0.0,
ULCC,2026-08-27,5.949999809265137,6.045000076293945,5.880000114440918,5.909999847412109,5.909999847412109,1838500.0,5.964285509926933,-0.9101788038897607,0.21999994913736978
ULCC,2026-08-28,5.929999828338623,6.03000020980835,5.840000152587891,5.840000152587891,5.840000152587891,1801400.0,5.952448809227977,-1.8891158957261234,0.2124999761581421
ULCC,2026-08-31,5.789999961853027,5.789999961853027,5.650000095367432,5.699999809265137,5.699999809265137,2027200.0,5.928406047326754,-3.8527428154927157,0.20799999237060546
ULCC,2026-09-01,5.510000228881836,5.659999847412109,5.440000057220459,5.519999980926514,5.519999980926514,2880900.0,5.889510231479112,-6.2740403875620405,0.21666661898295084
ULCC,2026-09-02,5.639999866485596,5.760000228881836,5.579999923706055,5.699999809265137,5.699999809265137,2632300.0,5.871461619839685,-2.9202577088331627,0.21999999455043248
ULCC,2026-09-03,5.789999961853027,5.800000190734863,5.574999809265137,5.739999771118164,5.739999771118164,1956700.0,5.85894144377097,-2.0300880934603027,0.22062504291534424
ULCC,2026-09-04,5.75,6.017000198364258,5.710000038146973,5.960000038146973,5.960000038146973,1949600.0,5.86856607180678,1.5580290861757717,0.23022227817111546
ULCC,2026-09-08,5.829999923706055,5.900000095367432,5.65500020980835,5.730000019073486,5.730000019073486,2117000.0,5.855369304879799,-2.1410995494653307,0.2377000331878662
ULCC,2026-09-09,5.610000133514404,5.730000019073486,5.590000152587891,5.650000095367432,5.650000095367432,2703000.0,5.835810332545289,-3.1839663489683034,0.22881819985129617
ULCC,2026-09-10,5.429999828338623,5.75,5.409999847412109,5.53000020980835,5.53000020980835,2429500.0,5.806685558951294,-4.7649445855806665,0.2380833625793457
ULCC,2026-09-11,5.579999923706055,5.699999809265137,5.534999847412109,5.619999885559082,5.619999885559082,3657500.0,5.788905971009179,-2.9177548624209404,0.2328461500314566
ULCC,2026-09-14,5.559999942779541,5.695000171661377,5.484000205993652,5.630000114440918,5.630000114440918,2150000.0,5.77377207990744,-2.49008730301018,0.23128570829119002
ULCC,2026-09-15,5.670000076293945,5.670000076293945,5.440000057220459,5.570000171661377,5.570000171661377,2241800.0,5.754365231503053,-3.2039165472560693,0.23128570829119002
ULCC,2026-09-16,5.659999847412109,5.860000133514404,5.46999979019165,5.610000133514404,5.610000133514404,2408700.0,5.740616174551753,-2.2752965372667022,0.24021431377955846
ULCC,2026-09-17,5.789999961853027,6.03000020980835,5.739999771118164,5.880000114440918,5.880000114440918,2701700.0,5.7538908354935785,2.1917217853598903,0.2584286076681955
ULCC,2026-09-18,5.840000152587891,5.885000228881836,5.769999980926514,5.820000171661377,5.820000171661377,3165400.0,5.760186962747655,1.0383900609571617,0.2530714784349714
ULCC,2026-09-21,5.980000019073486,6.190000057220459,5.914999961853027,6.119999885559082,6.119999885559082,2187100.0,5.794454860158267,5.618216609800686,0.26592860903058735
ULCC,2026-09-22,6.329999923706055,6.400000095367432,6.175000190734863,6.199999809265137,6.199999809265137,3482100.0,5.8330781886446355,6.290360059544464,0.2673572131565639
ULCC,2026-09-23,6.119999885559082,6.150000095367432,5.840000152587891,5.840000152587891,5.840000152587891,1977300.0,5.833737423305898,0.10735363674361231,0.2759285994938442
ULCC,2026-09-24,5.679999828338623,5.920000076293945,5.550000190734863,5.849999904632568,5.849999904632568,2292000.0,5.835286231051295,0.25214998885534357,0.2862857069287981
ULCC,2026-09-25,5.989999771118164,6.199999809265137,5.820000171661377,6.190000057220459,6.190000057220459,2429400.0,5.869068500210263,5.468185573208051,0.29149995531354633
ULCC,2026-09-28,6.139999866485596,6.269999980926514,5.954999923706055,6.079999923706055,6.079999923706055,2717200.0,5.889157207209862,3.240577722437976,0.2922142573765346
ULCC,2026-09-29,6.21999979019165,6.285999774932861,5.994999885559082,6.09499979019165,6.09499979019165,2241200.0,5.908761262731937,3.151904759367552,0.30299997329711914
ULCC,2026-09-30,6.15500020980835,6.190000057220459,5.809999942779541,5.96999979019165,5.96999979019165,2275900.0,5.9145935034423855,0.936772522355378,0.30585711342947824
ULCC,2026-10-01,5.96999979019165,6.09499979019165,5.869999885559082,5.96999979019165,5.96999979019165,1819800.0,5.919870292656601,0.846800606378717,0.30978570665631977
ULCC,2026-10-02,6.239999771118164,6.285999774932861,6.065000057220459,6.190000057220459,6.190000057220459,2728200.0,5.9455969369007775,4.1106573976250615,0.31728570801871164
ULCC,2026-10-05,6.21999979019165,6.28000020980835,6.085000038146973,6.110000133514404,6.110000133514404,1868600.0,5.961254384197313,2.495208889447853,0.3147857189178467
ULCC,2026-10-06,6.28000020980835,6.429999828338623,6.25,6.410699844360352,6.410699844360352,115613.0,6.004058713736651,6.772770720801735,0.30978567259652273
UUUU,2026-08-25,15.0,16.200000762939453,14.859999656677246,15.970000267028809,15.970000267028809,8289700.0,15.970000267028809,0.0,
UUUU,2026-08-26,16.110000610351562,16.5,15.470000267028809,15.699999809265137,15.699999809265137,6655900.0,15.944285937717982,-1.532123353827719,
UUUU,2026-08-27,15.75,15.920000076293945,15.479999542236328,15.739999771118164,15.739999771118164,4547100.0,15.924830112327523,-1.160642467804296,0.9366671244303385
UUUU,2026-08-28,15.850000381469727,15.880000114440918,14.529999732971191,14.670000076293945,14.670000076293945,7027700.0,15.805322489848134,-7.183165128604074,1.0400004386901855
UUUU,2026-08-31,14.5600004196167,14.8100004196167,14.350000381469727,14.75,14.75,4719800.0,15.704815586053074,-6.079763119924908,0.924000358581543
UUUU,2026-09-01,14.25,14.600000381469727,14.0,14.220000267028809,14.220000267028809,5995600.0,15.563404603288859,-8.631815277591393,0.8950002988179525
UUUU,2026-09-02,14.199999809265137,14.710000038146973,14.039999961853027,14.289999961853027,14.289999961853027,4127900.0,15.44212797077116,-7.46094068834865,0.8628574098859515
UUUU,2026-09-03,14.670000076293945,14.720000267028809,14.020000457763672,14.350000381469727,14.350000381469727,5652200.0,15.338115819409119,-6.442221779868252,0.8425002098083496
UUUU,2026-09-04,14.529999732971191,14.930000305175781,14.350000381469727,14.470000267028809,14.470000267028809,4864700.0,15.255438147753852,-5.148576351054768,0.8133335113525391
UUUU,2026-09-08,14.59000015258789,15.140000343322754,14.34000015258789,14.619999885559082,14.619999885559082,6453600.0,15.194920218021018,-3.7836350847047284,0.8120001792907715
UUUU,2026-09-09,14.569999694824219,14.9399995803833,14.289999961853027,14.550000190734863,14.550000190734863,4901000.0,15.133499263041383,-3.8556784664570243,0.7972728555852716
UUUU,2026-09-10,14.050000190734863,14.15999984741211,13.609999656677246,13.630000114440918,13.630000114440918,6359400.0,14.990308867936577,-9.074587891949859,0.8091668287913004
UUUU,2026-09-11,13.6899995803833,13.789999961853027,12.930000305175781,12.949999809265137,12.949999809265137,6842000.0,14.795993719491678,-12.476309095716221,0.8130770463209885
UUUU,2026-09-14,12.539999961853027,12.600000381469727,12.210000038146973,12.34000015258789,12.34000015258789,8837200.0,14.562089570262746,-15.2594131972144,0.8078572409493583
UUUU,2026-09-15,12.239999771118164,12.4399995803833,11.710000038146973,11.859999656677246,11.859999656677246,8427100.0,14.304747673730795,-17.090465856612614,0.7642857006617955
UUUU,2026-09-16,12.0,12.109999656677246,11.479999542236328,11.729999542236328,11.729999542236328,7174800.0,14.059533565969417,-16.569070465976488,0.7357142993382045
UUUU,2026-09-17,12.09000015258789,12.34000015258789,11.869999885559082,11.979999542236328,11.979999542236328,7287300.0,13.861482706566267,-13.573462552015947,0.7478571619306292
UUUU,2026-09-18,12.210000038146973,12.289999961853027,11.600000381469727,11.699999809265137,11.699999809265137,11096700.0,13.655627192537588,-14.32103671035444,0.700714247567313
UUUU,2026-09-21,12.300000190734863,12.489999771118164,12.010000228881836,12.300000190734863,12.300000190734863,8437900.0,13.526519859032566,-9.067518334944625,0.7242856706891742
UUUU,2026-09-22,12.3100004196167,12.329999923706055,11.90999984741211,12.140000343322754,12.140000343322754,8358200.0,13.394470381345918,-9.365581484806052,0.700714247567313
UUUU,2026-09-23,11.970000267028809,12.010000228881836,11.579999923706055,11.600000381469727,11.600000381469727,6915000.0,13.223568476595805,-12.277836334417646,0.6928571292332241
UUUU,2026-09-24,11.470000267028809,11.520000457763672,11.180000305175781,11.319999694824219,11.319999694824219,6874600.0,13.042276211665177,-13.205336928078037,0.6728571483067104
UUUU,2026-09-25,11.350000381469727,11.600000381469727,11.220000267028809,11.350000381469727,11.350000381469727,5036400.0,12.881107084979895,-11.886452720321895,0.6585714476449149
UUUU,2026-09-28,11.1899995803833,11.220000267028809,10.970000267028809,11.029999732971191,11.029999732971191,6020300.0,12.704811146693352,-13.182497515187851,0.6285714421953473
UUUU,2026-09-29,11.229999542236328,11.289999961853027,10.850000381469727,10.989999771118164,10.989999771118164,5498000.0,12.541495777590953,-12.370900839794485,0.6135714394705636
UUUU,2026-09-30,11.130000114440918,11.470000267028809,10.899999618530273,11.029999732971191,11.029999732971191,9296000.0,12.397543773341452,-11.030765975683854,0.5871428762163434
UUUU,2026-10-01,10.949999809265137,11.029999732971191,10.640000343322754,10.710000038146973,10.710000038146973,6571800.0,12.23682532237055,-12.477299005260267,0.5535714285714286
UUUU,2026-10-02,11.050000190734863,11.079999923706055,10.65999984741211,10.729999542236328,10.729999542236328,6909000.0,12.093318105214909,-11.27332094564425,0.5307143075125558
UUUU,2026-10-05,10.800000190734863,11.0,10.609999656677246,10.819999694824219,10.819999694824219,7827100.0,11.9720496851777,-9.62283001364257,0.5064286504473005
UUUU,2026-10-06,10.800000190734863,11.420000076293945,11.039999961853027,11.329999923706055,11.329999923706055,961233.0,11.910902088847067,-4.877062717902348,0.5042858123779297
VST,2026-08-25,138.3699951171875,140.25999450683594,137.38999938964844,139.02999877929688,138.8026885986328,4036000.0,139.02999877929688,0.0,
VST,2026-08-26,139.39999389648438,144.02999877929688,139.30499267578125,140.02999877929688,139.80104064941406,3428500.0,139.12523687453498,0.6503219150511219,
VST,2026-08-27,142.0,142.5050048828125,138.4499969482422,139.80999755859375,139.58140563964844,2966200.0,139.19045217777867,0.4451062347464507,3.975001017252604
VST,2026-08-28,140.88999938964844,141.10000610351562,136.61000061035156,137.08999633789062,136.8658447265625,3074100.0,138.990408764456,-1.3672975304259705,4.103752136230469
VST,2026-08-31,136.7899932861328,137.94000244140625,135.6199951171875,137.3699951171875,137.1453857421875,4146600.0,138.83608365519234,-1.0559852305009998,3.747003173828125
VST,2026-09-01,136.5,139.27999877929688,134.89999389648438,138.0800018310547,137.85423278808594,4288600.0,138.76407586241731,-0.4929763176175883,3.852503458658854
VST,2026-09-02,137.82000732421875,144.14599609375,136.9499969482422,143.4600067138672,143.22544860839844,4766100.0,139.2113073720792,3.0519786229951995,4.330145699637277
VST,2026-09-03,145.0,148.7760009765625,142.80999755859375,144.22000122070312,143.98419189453125,4321900.0,139.6883258338529,3.2441332228723585,4.534627914428711
VST,2026-09-04,143.8699951171875,149.4499969482422,143.16000366210938,149.3000030517578,149.05589294433594,4616700.0,140.60372366412955,6.184956671845843,4.729668511284722
VST,2026-09-08,151.0,154.89999389648438,150.36500549316406,151.72000122070312,151.47193908691406,7000200.0,141.66241676475562,7.099684366284054,4.816700744628906
VST,2026-09-09,150.0,151.55999755859375,148.89999389648438,151.10000610351562,150.8529510498047,3891300.0,142.56123479701847,5.989546399941625,4.635183160955256
VST,2026-09-10,150.0,152.8000030517578,147.02999877929688,147.0500030517578,146.8095703125,4544300.0,142.98873653556507,2.8402702300838856,4.7297515869140625
VST,2026-09-11,148.82000732421875,149.0800018310547,146.6699981689453,148.3800048828125,148.1374053955078,3174800.0,143.50219066387436,3.3991217809095753,4.551309438852163
VST,2026-09-14,144.0,145.24600219726562,140.3699951171875,140.72999572753906,140.49989318847656,5232800.0,143.2381720985091,-1.751053042791617,4.798359462193081
VST,2026-09-15,141.83999633789062,143.22000122070312,140.25999450683594,141.52999877929688,141.29859924316406,5593100.0,143.07548892525077,-1.0801921122641223,4.804788861955915
VST,2026-09-16,143.3800048828125,143.6999969482422,139.6199951171875,140.38999938964844,140.16046142578125,3832600.0,142.81972801709819,-1.701255604659091,4.73907470703125
VST,2026-09-17,144.10000610351562,146.11000061035156,141.52999877929688,143.55999755859375,143.3252716064453,3952100.0,142.89022987819303,0.468728814399455,4.858002798897879
VST,2026-09-18,143.39500427246094,144.4499969482422,140.2100067138672,140.6699981689453,140.44000244140625,5269000.0,142.67877923921708,-1.4079045818746638,4.840144566127232
VST,2026-09-21,142.0,142.44000244140625,138.9499969482422,140.77999877929688,140.77999877929688,4506500.0,142.49794300493897,-1.2055922979762324,4.92371586390904
VST,2026-09-22,141.44000244140625,142.63999938964844,140.0,140.41000366210938,140.41000366210938,4771300.0,142.2990916389552,-1.3275474601333714,4.799429757254464
VST,2026-09-23,139.57000732421875,140.5,137.6199951171875,137.97000122070312,137.97000122070312,4412200.0,141.88679731340738,-2.7605077899197528,4.491144452776227
VST,2026-09-24,136.1999969482422,139.1300048828125,135.97999572753906,137.94000244140625,137.94000244140625,3645000.0,141.51091208750253,-2.5234164584341245,4.290002005440848
VST,2026-09-25,138.9600067138672,140.10000610351562,136.02499389648438,138.4600067138672,138.4600067138672,5006300.0,141.22034967096585,-1.9546354073829098,4.131789071219308
VST,2026-09-28,138.0800018310547,139.00999450683594,135.77000427246094,138.02000427246094,138.02000427246094,4346500.0,140.91555487110824,-2.0548126154673163,3.9632175990513394
VST,2026-09-29,140.0,143.50999450683594,138.85000610351562,140.8300018310547,140.8300018310547,4861100.0,140.9074069625317,-0.054933330437045846,4.1539306640625
VST,2026-09-30,140.02000427246094,140.75999450683594,133.44000244140625,138.35000610351562,138.35000610351562,8066100.0,140.66384497595874,-1.6449421475991821,4.269644601004464
VST,2026-10-01,139.16000366210938,141.67999267578125,137.0800018310547,139.75,139.75,4755500.0,140.57681212110552,-0.5881568294444084,4.426072256905692
VST,2026-10-02,142.0500030517578,143.02000427246094,134.7899932861328,140.02000427246094,140.02000427246094,12680800.0,140.523782802187,-0.35850054679726906,4.441786629813058
VST,2026-10-05,144.0399932861328,146.94000244140625,140.89999389648438,144.88999938964844,144.88999938964844,10795000.0,140.9396129533738,2.802892922362088,4.724643162318638
VST,2026-10-06,144.0399932861328,156.64999389648438,151.44000244140625,154.55999755859375,154.55999755859375,2569367.0,142.2367924395852,8.663866013600385,5.273214067731585
WDC,2026-08-25,446.7200012207031,452.0,430.3399963378906,450.75,450.6053466796875,4746400.0,450.75,0.0,
WDC,2026-08-26,449.8800048828125,470.0,448.010009765625,468.8800048828125,468.7295227050781,5158500.0,452.4766671316964,3.625233949652884,
WDC,2026-08-27,477.7900085449219,479.8500061035156,443.0199890136719,462.0,461.85174560546875,7618200.0,453.383651214392,1.90045423175913,26.826670328776043
WDC,2026-08-28,462.25,475.010009765625,455.07000732421875,459.45001220703125,459.3025817871094,4317400.0,453.96139988035765,1.2090482424541138,25.105003356933594
WDC,2026-08-31,456.8999938964844,459.45001220703125,444.5199890136719,450.54998779296875,450.4053955078125,5854800.0,453.6365034910825,-0.6803940323057422,23.07000732421875
WDC,2026-09-01,443.07000732421875,457.67999267578125,439.2799987792969,450.44000244140625,450.2954406738281,5497900.0,453.3320748196848,-0.6379589133261532,22.291671752929688
WDC,2026-09-02,444.92999267578125,456.9800109863281,437.3999938964844,448.8999938964844,448.7559509277344,4042700.0,452.9099718746181,-0.8853808101279448,21.904292515345983
WDC,2026-09-03,442.9100036621094,449.4700012207031,420.8800048828125,441.57000732421875,441.4283142089844,5514300.0,451.82997525077053,-2.270758579232679,22.740005493164062
WDC,2026-09-04,452.2200012207031,468.19000244140625,442.1499938964844,467.4599914550781,467.3099670410156,5805000.0,453.31854822260937,3.1195377484365405,23.17111545138889
WDC,2026-09-08,480.010009765625,489.20001220703125,464.5400085449219,477.29998779296875,477.29998779296875,6407800.0,455.6024948483579,4.762373601977887,23.320004272460938
WDC,2026-09-09,474.6400146484375,495.489990234375,471.7200012207031,482.2799987792969,482.2799987792969,4027100.0,458.1432095084473,5.2683939802898205,23.360911976207387
WDC,2026-09-10,466.6099853515625,471.2300109863281,456.75,460.92999267578125,460.92999267578125,4518300.0,458.40861742914575,0.5500278901334532,23.541669209798176
WDC,2026-09-11,464.1600036621094,472.42999267578125,442.7799987792969,447.17999267578125,447.17999267578125,5122100.0,457.339224595492,-2.2213777811637248,24.01154033954327
WDC,2026-09-14,417.32000732421875,436.2799987792969,416.0,426.94000244140625,426.94000244140625,7296100.0,454.44406058081717,-6.052242844643729,24.523572649274552
WDC,2026-09-15,430.25,430.25,407.1199951171875,411.9599914550781,411.9599914550781,7860800.0,450.39795875931816,-8.534223247841222,24.628572736467635
WDC,2026-09-16,421.45001220703125,428.1400146484375,414.6000061035156,416.9700012207031,416.9700012207031,7624200.0,447.2143437556405,-6.7628292690591785,24.213575090680802
WDC,2026-09-17,427.2799987792969,433.20001220703125,416.30999755859375,423.8699951171875,423.8699951171875,7143000.0,444.99107245674026,-4.746404736379528,22.789289202008927
WDC,2026-09-18,427.5,448.8500061035156,424.54998779296875,441.3599853515625,441.3599853515625,13518900.0,444.6452546371995,-0.7388517590989685,23.14928981236049
WDC,2026-09-21,455.6400146484375,460.489990234375,437.20001220703125,448.1700134277344,448.1700134277344,7636000.0,444.9809459505838,0.7166750635441144,23.746429443359375
WDC,2026-09-22,440.04998779296875,474.5400085449219,438.0,464.6000061035156,464.6000061035156,8419900.0,446.84942786991064,3.9723846840803434,25.042144775390625
WDC,2026-09-23,462.94000244140625,475.6600036621094,445.0199890136719,473.69000244140625,473.69000244140625,5037700.0,449.40567306719595,5.403654388354662,25.832144601004465
WDC,2026-09-24,465.739990234375,468.0,449.2099914550781,450.30999755859375,450.30999755859375,7212500.0,449.4917992092338,0.18202742537223315,25.53857421875
WDC,2026-09-25,455.239990234375,461.9800109863281,447.69000244140625,456.80999755859375,456.80999755859375,5935300.0,450.1887704806015,1.470766823198133,24.657860892159597
WDC,2026-09-28,449.010009765625,459.989990234375,432.0400085449219,453.2300109863281,453.2300109863281,7429800.0,450.4784124335278,0.610816961890781,24.892859322684153
WDC,2026-09-29,463.1499938964844,465.8999938964844,447.0299987792969,453.4800109863281,453.4800109863281,6118500.0,450.7642789623659,0.602472766966744,24.542859758649552
WDC,2026-09-30,453.2200012207031,463.8900146484375,446.239990234375,454.4599914550781,454.4599914550781,6960200.0,451.11625158071945,0.7412146786204499,23.980004446847097
WDC,2026-10-01,451.79998779296875,463.54998779296875,440.04998779296875,462.55999755859375,462.55999755859375,6158700.0,452.20613215004084,2.289634012551933,23.540719168526785
WDC,2026-10-02,423.20001220703125,427.7099914550781,396.57000732421875,415.2900085449219,415.2900085449219,24768500.0,448.69031085431527,-7.44395443837389,26.027147565569198
WDC,2026-10-05,430.5,447.7099914550781,429.44000244140625,441.6400146484375,441.6400146484375,11277200.0,448.01885407280315,-1.4237881656938178,26.690717424665177
WDC,2026-10-06,426.94500732421875,430.3299865722656,417.6300048828125,420.05499267578125,420.05499267578125,1302728.0,445.3556291778487,-5.680996229636492,27.25000217982701
WTTR,2026-08-25,19.229999542236328,19.65999984741211,18.950000762939453,18.969999313354492,18.969999313354492,1200300.0,18.969999313354492,0.0,
WTTR,2026-08-26,18.8700008392334,19.239999771118164,18.389999389648438,19.229999542236328,19.229999542236328,889500.0,18.994761239914666,1.2384377952977088,
WTTR,2026-08-27,19.399999618530273,19.84000015258789,18.959999084472656,19.540000915527344,19.540000915527344,1519600.0,19.046688828068255,2.5900149464935573,0.8133335113525391
WTTR,2026-08-28,19.540000915527344,19.756999969482422,19.045000076293945,19.280000686645508,19.280000686645508,1354500.0,19.06890900507561,1.1069940158281222,0.7880001068115234
WTTR,2026-08-31,19.65999984741211,19.829999923706055,19.110000610351562,19.5,19.5,1507700.0,19.109965290306505,2.041001664672515,0.7743999481201171
WTTR,2026-09-01,19.729999542236328,20.31999969482422,19.3700008392334,20.06999969482422,20.06999969482422,1657400.0,19.20139713835581,4.523642473564227,0.8036664326985677
WTTR,2026-09-02,19.760000228881836,20.049999237060547,19.469999313354492,19.770000457763672,19.770000457763672,1472500.0,19.255549835442274,2.671700505661412,0.774571282523019
WTTR,2026-09-03,19.670000076293945,20.31999969482422,19.420000076293945,20.170000076293945,20.170000076293945,1002900.0,19.342640334571005,4.277387819925527,0.7902498245239258
WTTR,2026-09-04,20.1200008392334,20.219999313354492,19.854000091552734,20.059999465942383,20.059999465942383,1097800.0,19.41096025184447,3.343673912454892,0.7431108686659071
WTTR,2026-09-08,20.440000534057617,20.969999313354492,20.437999725341797,20.799999237060547,20.799999237060547,1037600.0,19.543249679007907,6.43060687804935,0.7597997665405274
WTTR,2026-09-09,20.8799991607666,21.18000030517578,20.270000457763672,20.5,20.5,1373600.0,19.63436875719763,4.408755145158638,0.7734543193470348
WTTR,2026-09-10,20.709999084472656,20.709999084472656,20.149999618530273,20.360000610351562,20.360000610351562,1564000.0,19.703476552736102,3.332021411847208,0.7556664148966471
WTTR,2026-09-11,20.520000457763672,20.899999618530273,20.43000030517578,20.639999389648438,20.639999389648438,1590900.0,19.79266920387061,4.281030400953334,0.7390766143798828
WTTR,2026-09-14,20.399999618530273,20.700000762939453,19.889999389648438,20.049999237060547,20.049999237060547,1757400.0,19.817176826079173,1.1748515594561582,0.7441426685878209
WTTR,2026-09-15,20.329999923706055,20.860000610351562,20.315000534057617,20.670000076293945,20.670000076293945,1247000.0,19.898398088004388,3.877709074253133,0.7512856892177037
WTTR,2026-09-16,20.6299991607666,20.799999237060547,19.739999771118164,20.309999465942383,20.309999465942383,2057000.0,19.937598219236577,1.867834042048755,0.7662856238228934
WTTR,2026-09-17,20.399999618530273,20.739999771118164,20.139999389648438,20.360000610351562,20.360000610351562,1474500.0,19.977827018390386,1.91298879307229,0.7462855747767857
WTTR,2026-09-18,20.360000610351562,20.8700008392334,20.15999984741211,20.780000686645508,20.780000686645508,3040700.0,20.054224510605156,3.619068768560685,0.7461427961077008
WTTR,2026-09-21,20.770000457763672,20.92799949645996,20.260000228881836,20.600000381469727,20.600000381469727,1575200.0,20.106203164973213,2.455944627858697,0.7424285071236747
WTTR,2026-09-22,20.34000015258789,21.020000457763672,20.0,20.270000457763672,20.270000457763672,2172100.0,20.121802907143735,0.7365023467520659,0.7474286215645927
WTTR,2026-09-23,20.31999969482422,20.420000076293945,19.184999465942383,19.290000915527344,19.290000915527344,1238400.0,20.042583669846938,-3.754918860345424,0.792785780770438
WTTR,2026-09-24,19.459999084472656,19.8799991607666,19.030000686645508,19.530000686645508,19.530000686645508,2085300.0,19.993766242875374,-2.3195507569521823,0.7892142704554966
WTTR,2026-09-25,20.450000762939453,21.059999465942383,19.649999618530273,19.84000015258789,19.84000015258789,4765700.0,19.979121853324184,-0.6963354133262212,0.8723570959908622
WTTR,2026-09-28,20.020000457763672,20.440000534057617,19.635000228881836,20.18000030517578,20.18000030517578,1920200.0,19.99825313445291,0.9088152325152699,0.8648571286882673
WTTR,2026-09-29,19.81999969482422,20.049999237060547,19.2810001373291,19.34000015258789,19.34000015258789,2187800.0,19.93556237427529,-2.9874362734602755,0.8640714372907367
WTTR,2026-09-30,19.770000457763672,20.219999313354492,19.43000030517578,19.790000915527344,19.790000915527344,1332000.0,19.921699378204057,-0.6610804639528012,0.8869285583496094
WTTR,2026-10-01,19.559999465942383,20.06999969482422,19.274999618530273,20.030000686645508,20.030000686645508,1906400.0,19.932013788531815,0.49160561071892594,0.9051429203578404
WTTR,2026-10-02,20.030000686645508,20.469999313354492,19.860000610351562,19.950000762939453,19.950000762939453,2241500.0,19.933726833713497,0.0816401737703698,0.8908570153372628
WTTR,2026-10-05,19.84000015258789,20.530000686645508,19.649999618530273,20.059999465942383,20.059999465942383,2207600.0,19.94575279868768,0.5727869406975783,0.8958569935389927
WTTR,2026-10-06,19.84000015258789,20.114999771118164,19.885000228881836,19.920000076293945,19.920000076293945,19162.0,19.943300158459706,-0.11683162756730425,0.836571284702846
XE,2026-08-25,18.510000228881836,19.889999389648438,17.90999984741211,19.110000610351562,19.110000610351562,6304500.0,19.110000610351562,0.0,
XE,2026-08-26,19.100000381469727,20.3700008392334,18.049999237060547,18.260000228881836,18.260000228881836,4739300.0,19.029048193068732,-4.0414420962316955,
XE,2026-08-27,18.579999923706055,18.8799991607666,18.049999237060547,18.469999313354492,18.469999313354492,3826900.0,18.97580544261976,-2.665531804669663,1.7100003560384114
XE,2026-08-28,18.25,18.43000030517578,17.170000076293945,17.219999313354492,17.219999313354492,5644200.0,18.80858581126116,-8.446070926584726,1.6075000762939453
XE,2026-08-31,17.31999969482422,19.139999389648438,17.290000915527344,18.450000762939453,18.450000762939453,8310700.0,18.774434854278137,-1.7280631553325043,1.6700000762939453
XE,2026-09-01,17.790000915527344,19.219999313354492,17.6299991607666,18.40999984741211,18.40999984741211,9775500.0,18.739726758386137,-1.7595075703356944,1.6566667556762695
XE,2026-09-02,18.399999618530273,18.489999771118164,17.670000076293945,18.100000381469727,18.100000381469727,5253300.0,18.67880043677505,-3.098700354257089,1.5371428898402624
XE,2026-09-03,18.270000457763672,18.799999237060547,17.75,17.8799991607666,17.8799991607666,4624300.0,18.602724124774245,-3.885049088295356,1.4762499332427979
XE,2026-09-04,17.670000076293945,18.149999618530273,17.079999923706055,17.709999084472656,17.709999084472656,6367300.0,18.517702692364573,-4.361791639656021,1.4311110178629558
XE,2026-09-08,18.049999237060547,19.690000534057617,18.0,19.149999618530273,19.149999618530273,9807100.0,18.577921447237497,3.0793443330973114,1.4860000610351562
XE,2026-09-09,18.329999923706055,18.90999984741211,17.100000381469727,17.260000228881836,17.260000228881836,9803600.0,18.452405140727436,-6.462056857909381,1.5372727134011008
XE,2026-09-10,16.979999542236328,17.3799991607666,15.819999694824219,15.84000015258789,15.84000015258789,9223000.0,18.20360466566653,-12.984266338944328,1.5391666094462078
XE,2026-09-11,15.869999885559082,16.100000381469727,14.850000381469727,14.930000305175781,14.930000305175781,8602300.0,17.89183282181027,-16.55410346235737,1.5169230241041918
XE,2026-09-14,14.930000305175781,16.389999389648438,14.899999618530273,15.640000343322754,15.640000343322754,9030400.0,17.677372585763838,-11.525311425985585,1.5149999346051897
XE,2026-09-15,15.4399995803833,15.960000038146973,14.710000038146973,15.029999732971191,15.029999732971191,4738900.0,17.425241837878822,-13.745818435075474,1.4628571101597376
XE,2026-09-16,15.119999885559082,15.319999694824219,14.329999923706055,14.569999694824219,14.569999694824219,6709400.0,17.153314014730764,-15.060147081130037,1.3678569793701172
XE,2026-09-17,15.119999885559082,16.59000015258789,15.119999885559082,16.329999923706055,16.329999923706055,8618600.0,17.074903148918885,-4.362561934999876,1.4528570175170898
XE,2026-09-18,16.280000686645508,16.6299991607666,15.4399995803833,15.770000457763672,15.770000457763672,16481100.0,16.9506267021422,-6.965089050243323,1.4449998991830009
XE,2026-09-21,16.31999969482422,16.780000686645508,16.149999618530273,16.3700008392334,16.3700008392334,4123200.0,16.89532900091279,-3.1093100445159005,1.3799999100821358
XE,2026-09-22,16.5,16.610000610351562,15.970000267028809,16.360000610351562,16.360000610351562,4319100.0,16.844345344668863,-2.8754144159754635,1.312142780848912
XE,2026-09-23,16.170000076293945,16.479999542236328,15.739999771118164,16.3799991607666,16.3799991607666,6498100.0,16.800121898582933,-2.500712437400643,1.3064285005841936
XE,2026-09-24,16.25,16.25,15.65999984741211,15.720000267028809,15.720000267028809,5567200.0,16.697253171768253,-5.85277646979555,1.2828570774623327
XE,2026-09-25,15.850000381469727,16.030000686645508,14.989999771118164,15.079999923706055,15.079999923706055,5152100.0,16.543229052905186,-8.844882244691954,1.2807143075125558
XE,2026-09-28,15.0,15.260000228881836,14.300000190734863,14.430000305175781,14.430000305175781,6023100.0,16.34196917216905,-11.699745892615077,1.2078570638384138
XE,2026-09-29,14.770000457763672,14.859999656677246,14.109999656677246,14.289999961853027,14.289999961853027,7068000.0,16.146543533091332,-11.498086679873222,1.1149999754769462
XE,2026-09-30,14.470000267028809,14.859999656677246,14.170000076293945,14.180000305175781,14.180000305175781,3916800.0,15.959253701861279,-11.148725560255922,1.0528571265084403
XE,2026-10-01,14.170000076293945,14.25,13.720000267028809,13.949999809265137,13.949999809265137,5060100.0,15.767896188280695,-11.529099109408703,1.0014285360063826
XE,2026-10-02,14.15999984741211,14.779999732971191,13.800000190734863,14.380000114440918,14.380000114440918,4445200.0,15.635715609819764,-8.031071469413353,0.9649999482291085
XE,2026-10-05,14.420000076293945,14.600000381469727,13.9399995803833,14.40999984741211,14.40999984741211,4221200.0,15.51898077530475,-7.145964957037343,0.9228571483067104
XE,2026-10-06,14.800000190734863,15.350000381469727,14.800000190734863,15.230400085449219,15.230400085449219,512987.0,15.491496900080413,-1.6854201780193367,0.919285774230957
ZS,2026-08-25,175.0,176.80999755859375,166.66000366210938,168.4199981689453,168.4199981689453,2046600.0,168.4199981689453,0.0,
ZS,2026-08-26,161.05499267578125,170.94000244140625,160.1300048828125,170.30999755859375,170.30999755859375,2161900.0,168.59999811081659,1.0142345592751623,
ZS,2026-08-27,179.1199951171875,190.0,177.0399932861328,187.3000030517578,187.3000030517578,3989900.0,170.3809509623348,9.930131269876075,13.549997965494791
ZS,2026-08-28,186.1699981689453,188.17999267578125,181.6199951171875,184.22999572753906,184.22999572753906,1938800.0,171.69990760663995,7.2976673636920175,11.802497863769531
ZS,2026-08-31,183.8300018310547,190.47000122070312,183.8300018310547,188.38499450683594,188.38499450683594,2570300.0,173.28896350189672,8.711478619222035,10.769998168945312
ZS,2026-09-01,184.63999938964844,186.38999938964844,176.38999938964844,178.3699951171875,178.3699951171875,2272400.0,173.77287127478155,2.645478439000226,10.974164326985678
ZS,2026-09-02,176.77999877929688,177.60000610351562,171.32000732421875,172.72999572753906,172.72999572753906,2590200.0,173.6735497940918,-0.5432917491877243,10.413567679268974
ZS,2026-09-03,179.0800018310547,179.9600067138672,173.92999267578125,177.8000030517578,177.8000030517578,8514200.0,174.06654534244092,2.144845065990175,10.015623092651367
ZS,2026-09-04,166.14999389648438,177.13999938964844,165.05999755859375,169.8000030517578,169.8000030517578,7742000.0,173.66020798142347,-2.2228494221765427,10.31833224826389
ZS,2026-09-08,165.61500549316406,165.6199951171875,159.1999969482422,161.94000244140625,161.94000244140625,4143200.0,172.54399792999325,-6.145676242467379,10.346499633789062
ZS,2026-09-09,161.8000030517578,169.10000610351562,161.14999389648438,166.10000610351562,166.10000610351562,3267000.0,171.9302844227097,-3.391071176768179,10.128637140447443
ZS,2026-09-10,165.42999267578125,169.0500030517578,162.05999755859375,163.47999572753906,163.47999572753906,2873000.0,171.12549502316963,-4.467773369827455,9.867084503173828
ZS,2026-09-11,164.02000427246094,165.9499969482422,160.75,164.5399932861328,164.5399932861328,2057900.0,170.4983043815471,-3.494645367311433,9.508077768179087
ZS,2026-09-14,172.8000030517578,194.1199951171875,170.05999755859375,191.72999572753906,191.72999572753906,7559300.0,172.5203702240225,11.134699907363,10.941786629813057
ZS,2026-09-15,188.25999450683594,196.5749969482422,188.10499572753906,193.88999938964844,193.88999938964844,4077800.0,174.5555730017012,11.076373017181652,10.82178715297154
ZS,2026-09-16,190.8699951171875,196.13499450683594,187.4499969482422,191.5800018310547,191.5800018310547,3305800.0,176.1769471759253,8.742945602155494,10.670001438685826
ZS,2026-09-17,192.00999450683594,198.92999267578125,188.66099548339844,197.47000122070312,197.47000122070312,3016400.0,178.20485708495178,10.810672868791382,9.997072492327009
ZS,2026-09-18,199.0,199.75999450683594,192.64999389648438,197.30999755859375,197.30999755859375,4865000.0,180.02439427291768,9.601811663074411,10.036358424595424
ZS,2026-09-21,196.97999572753906,207.75,194.24000549316406,207.1300048828125,207.1300048828125,2539900.0,182.60588099766954,13.430084371409666,10.527072361537389
ZS,2026-09-22,210.00999450683594,210.72999572753906,202.5500030517578,210.17999267578125,210.17999267578125,2903400.0,185.23198687177543,13.46851924731325,10.254572187151227
ZS,2026-09-23,213.0,215.73300170898438,209.39999389648438,214.4499969482422,214.4499969482422,2557300.0,188.01465449810559,14.060256377729829,10.20335933140346
ZS,2026-09-24,213.47500610351562,216.97000122070312,210.58999633789062,214.63999938964844,214.63999938964844,2440600.0,190.55040163063347,12.642113347895577,10.142644609723773
ZS,2026-09-25,206.0,207.99000549316406,192.74000549316406,193.0500030517578,193.0500030517578,6723700.0,190.7884589088358,1.1853673727731273,10.796929495675224
ZS,2026-09-28,188.88999938964844,202.1199951171875,187.67100524902344,199.38999938964844,199.38999938964844,3810800.0,191.60765324034176,4.061605065192753,11.071856907435826
ZS,2026-09-29,198.02000427246094,201.38999938964844,195.11000061035156,198.35499572753906,198.35499572753906,1727400.0,192.25025728674152,3.1754123645682863,10.952570234026227
ZS,2026-09-30,198.86000061035156,202.8699951171875,196.89300537109375,199.4199981689453,199.4199981689453,2126400.0,192.9330897517133,3.3622580893614584,10.880211966378349
ZS,2026-10-01,202.64999389648438,203.44000244140625,198.44000244140625,198.77999877929688,198.77999877929688,1453200.0,193.48993823053078,2.734023586520218,10.865926470075335
ZS,2026-10-02,201.17999267578125,202.0,195.11000061035156,196.60000610351562,196.60000610351562,1786300.0,193.78613517081507,1.4520496681665218,9.245212009974889
ZS,2026-10-05,197.1300048828125,205.1999969482422,196.9499969482422,201.8000030517578,201.8000030517578,2384400.0,194.5493606832858,3.726890873867017,9.25449698311942
ZS,2026-10-06,210.39999389648438,215.43499755859375,208.0,215.10000610351562,215.10000610351562,527644.0,196.50656500902198,9.461994867011182,9.608068193708148
