ticker,date,open,high,low,close,adj_close,volume,ema20,dist_ema20_pct,atr14
AKAM,2026-08-28,110.91000366210938,112.4000015258789,106.87999725341797,107.47000122070312,107.47000122070312,2583100.0,107.47000122070312,0.0,
AKAM,2026-08-31,107.05999755859375,109.69000244140625,107.02999877929688,108.62000274658203,108.62000274658203,2403400.0,107.57952517554872,0.96717062966718,
AKAM,2026-09-01,108.91999816894531,109.98999786376953,105.77999877929688,106.45999908447266,106.45999908447266,2700900.0,107.4729036430653,-0.9424743579615757,4.130002339680989
AKAM,2026-09-02,106.0,106.33999633789062,104.01000213623047,105.08999633789062,105.08999633789062,2172400.0,107.24596009019152,-2.01029833710078,3.710000991821289
AKAM,2026-09-03,105.41999816894531,106.55999755859375,102.55000305175781,106.5,106.5,3350700.0,107.17491627207804,-0.6297334260235599,3.769999694824219
AKAM,2026-09-04,105.0,106.5,104.0,105.22000122070312,105.22000122070312,1758400.0,106.98873388623281,-1.6531952489600266,3.558333079020182
AKAM,2026-09-08,102.69000244140625,108.11000061035156,100.7699966430664,105.61000061035156,105.61000061035156,3766700.0,106.85742595519649,-1.1673735668758733,4.09857177734375
AKAM,2026-09-09,108.76000213623047,112.76000213623047,107.93000030517578,110.75,110.75,4566500.0,107.22814729279683,3.284447970164406,4.4800004959106445
AKAM,2026-09-10,109.08000183105469,111.18000030517578,106.62999725341797,107.12999725341797,107.12999725341797,2929400.0,107.21879966999884,-0.082823550398059,4.487778557671441
AKAM,2026-09-11,107.62999725341797,110.73999786376953,106.30999755859375,106.79000091552734,106.79000091552734,3688400.0,107.17796169338251,-0.3619781265901123,4.482000732421875
AKAM,2026-09-14,105.43000030517578,107.86000061035156,102.5,105.56999969482422,105.56999969482422,4585200.0,107.02482245542458,-1.3593320943898757,4.561818903142756
AKAM,2026-09-15,105.62999725341797,107.41999816894531,103.93000030517578,105.4000015258789,105.4000015258789,2826400.0,106.87007760499166,-1.3755731370818203,4.472500483194987
AKAM,2026-09-16,105.38999938964844,107.26000213623047,103.75,104.4800033569336,104.4800033569336,2502600.0,106.64245148612899,-2.0277554567251,4.398462148813101
AKAM,2026-09-17,105.05999755859375,109.8499984741211,104.30999755859375,107.08000183105469,107.08000183105469,2859700.0,106.68412294755048,0.37107572576553505,4.4800006321498325
AKAM,2026-09-18,107.25,107.25,102.61000061035156,104.5199966430664,104.5199966430664,4817000.0,106.47801568045675,-1.838895122976758,4.417143140520368
AKAM,2026-09-21,106.04000091552734,117.58000183105469,105.4000015258789,117.41000366210938,117.41000366210938,4703100.0,107.5191573929951,9.199147862517254,5.160000392368862
AKAM,2026-09-22,117.87000274658203,122.79000091552734,116.0999984741211,118.33999633789062,118.33999633789062,4670700.0,108.54971348298515,9.019169688034289,5.33714348929269
AKAM,2026-09-23,117.33000183105469,119.4800033569336,113.76000213623047,118.44000244140625,118.44000244140625,3919400.0,109.49164576473954,8.17263875628802,5.570715223039899
AKAM,2026-09-24,116.73999786376953,118.0,110.30999755859375,110.41000366210938,110.41000366210938,7058400.0,109.57910842163191,0.7582606323829566,5.865001678466797
AKAM,2026-09-25,125.2300033569336,128.4600067138672,113.83999633789062,113.94000244140625,113.94000244140625,31946800.0,109.99443166161042,3.587064108785154,6.975716182163784
AKAM,2026-09-28,112.8499984741211,115.0999984741211,108.80000305175781,108.98999786376953,108.98999786376953,8243100.0,109.89877129991129,-0.8269186501291603,6.901429857526507
AKAM,2026-09-29,110.77999877929688,111.43000030517578,105.75,108.44999694824219,108.44999694824219,6052000.0,109.76079279022852,-1.1942295683773807,6.796429770333426
AKAM,2026-09-30,108.83999633789062,113.43000030517578,106.33000183105469,106.3499984741211,106.3499984741211,6279000.0,109.43595523631353,-2.819874652282872,6.978572300502232
AKAM,2026-10-01,107.16000366210938,108.0999984741211,104.0,106.93000030517578,106.93000030517578,5590400.0,109.19729286191946,-2.0763267085848747,6.955000741141183
AKAM,2026-10-02,108.75,113.12999725341797,108.5,108.91999816894531,108.91999816894531,5039400.0,109.17088384354098,-0.22981006085397437,7.015000479561942
AKAM,2026-10-05,108.87000274658203,109.54000091552734,106.2699966430664,107.98999786376953,107.98999786376953,3619700.0,109.05841851213417,-0.9796773719451646,6.999286651611328
AKAM,2026-10-06,109.5,111.5999984741211,107.51000213623047,108.62000274658203,108.62000274658203,2803800.0,109.01666462970063,-0.3638543560894547,7.040714808872768
AKAM,2026-10-07,107.18000030517578,107.62000274658203,103.94999694824219,104.61000061035156,104.61000061035156,3874500.0,108.59698234214358,-3.6713559122947825,6.978572300502232
AKAM,2026-10-08,104.0999984741211,104.2699966430664,99.30000305175781,100.9000015258789,100.9000015258789,5052300.0,107.86393655011837,-6.45622183555642,7.026429312569754
AKAM,2026-10-09,102.4000015258789,109.6500015258789,101.5199966430664,106.94999694824219,106.94999694824219,5793256.0,107.77689468327301,-0.7672309890360607,6.71857179914202
AMAT,2026-08-28,476.260009765625,477.9700012207031,460.510009765625,461.6700134277344,461.6700134277344,6524800.0,461.6700134277344,0.0,
AMAT,2026-08-31,462.4100036621094,465.8999938964844,453.9100036621094,458.3900146484375,458.3900146484375,6174000.0,461.35763259161087,-0.6432359049753256,
AMAT,2026-09-01,450.7200012207031,451.45001220703125,438.8299865722656,441.8500061035156,441.8500061035156,7142500.0,459.49976340226846,-3.8410808240833316,16.336669921875
AMAT,2026-09-02,443.5,443.5,433.57000732421875,438.4599914550781,438.4599914550781,6518400.0,457.4959755977742,-4.160907452316542,14.735000610351562
AMAT,2026-09-03,432.4200134277344,437.1400146484375,426.1300048828125,435.9100036621094,435.9100036621094,5999200.0,455.4401687467585,-4.288195557803032,14.253997802734375
AMAT,2026-09-04,452.5,460.20001220703125,443.3599853515625,454.7099914550781,454.7099914550781,6009400.0,455.3706280523128,-0.14507668183613154,15.926666259765625
AMAT,2026-09-08,464.0199890136719,472.8900146484375,458.1499938964844,472.7900085449219,472.7900085449219,6304600.0,457.02961667065654,3.4484399477381134,16.24857439313616
AMAT,2026-09-09,466.6600036621094,474.0400085449219,463.7799987792969,468.8500061035156,468.8500061035156,3936600.0,458.1553680452146,2.3342819497960354,15.500003814697266
AMAT,2026-09-10,455.3999938964844,460.8599853515625,450.55999755859375,454.010009765625,454.010009765625,4837400.0,457.760572018587,-0.8193283743121782,15.810004340277779
AMAT,2026-09-11,461.19000244140625,464.57000732421875,452.70001220703125,456.489990234375,456.489990234375,4313100.0,457.63956422961445,-0.25119637485334634,15.41600341796875
AMAT,2026-09-14,422.20001220703125,432.510009765625,419.6000061035156,424.2099914550781,424.2099914550781,8056600.0,454.4557953939443,-6.655389643044963,17.36818348277699
AMAT,2026-09-15,429.8500061035156,429.989990234375,416.760009765625,421.1700134277344,421.1700134277344,5630600.0,451.2857209209719,-6.673312736724357,17.023333231608074
AMAT,2026-09-16,429.7300109863281,430.739990234375,411.510009765625,415.3800048828125,415.3800048828125,5511000.0,447.8661289173377,-7.253534468671797,17.193075326772835
AMAT,2026-09-17,427.5799865722656,428.5400085449219,413.55999755859375,417.3999938964844,417.3999938964844,6929300.0,444.964592248685,-6.194784671045273,17.034999302455358
AMAT,2026-09-18,421.69000244140625,445.0,420.0,444.57000732421875,444.57000732421875,14302900.0,444.9270127320692,-0.08023909487048231,17.759286063058035
AMAT,2026-09-21,455.95001220703125,468.510009765625,452.6600036621094,464.239990234375,464.239990234375,9491100.0,446.766343922765,3.911137566492884,18.612858363560267
AMAT,2026-09-22,457.8999938964844,472.489990234375,453.3399963378906,472.4599914550781,472.4599914550781,5807700.0,449.2133579734615,5.174964873370924,18.583570207868302
AMAT,2026-09-23,471.2300109863281,474.8999938964844,461.0,474.3800048828125,474.3800048828125,4585600.0,451.61018148863775,5.041919852010168,18.867141723632812
AMAT,2026-09-24,463.7900085449219,474.79998779296875,460.54998779296875,474.25,474.25,4159900.0,453.76635468019606,4.5141392940515335,19.004285539899552
AMAT,2026-09-25,478.8900146484375,487.67999267578125,476.3599853515625,485.0,485.0,5201600.0,456.7409875677964,6.187097983626644,18.228570120675222
AMAT,2026-09-28,482.20001220703125,487.45001220703125,471.3800048828125,486.760009765625,486.760009765625,6092100.0,459.5999420628277,5.909501985769272,18.077854701450892
AMAT,2026-09-29,504.7099914550781,513.280029296875,499.1700134277344,512.010009765625,512.010009765625,7161200.0,464.5913770821418,10.20652449068149,19.239283970424108
AMAT,2026-09-30,513.8200073242188,515.4199829101562,506.7799987792969,511.3800048828125,511.3800048828125,6265900.0,469.0474368726819,9.025221050642118,18.549996512276785
AMAT,2026-10-01,516.6500244140625,533.8800048828125,515.510009765625,529.2999877929688,529.2999877929688,6079500.0,474.7857750555664,11.481854680886826,19.309282575334823
AMAT,2026-10-02,543.2100219726562,547.25,535.0999755859375,540.0399780273438,540.0399780273438,6074600.0,481.0004610528785,12.2743160880203,17.956427437918528
AMAT,2026-10-05,540.989990234375,545.8099975585938,533.5900268554688,542.280029296875,542.280029296875,4644000.0,486.8366104094496,11.38850647259153,17.884283883231028
AMAT,2026-10-06,546.0,546.0,526.52001953125,530.27001953125,530.27001953125,4876100.0,490.97312556390676,8.003878811535525,17.90214102608817
AMAT,2026-10-07,516.9099731445312,524.9299926757812,514.010009765625,520.6500244140625,520.6500244140625,3776200.0,493.7994968829692,5.437536429377299,17.99356951032366
AMAT,2026-10-08,509.94000244140625,523.3400268554688,502.6499938964844,509.57000732421875,509.57000732421875,6767300.0,495.30145025832627,2.880782412094818,17.5
AMAT,2026-10-09,518.3779907226562,519.7100219726562,504.79998779296875,507.0299987792969,507.0299987792969,3335378.0,496.4184548793711,2.1376207503212896,16.85500226702009
CAT,2026-08-28,819.010009765625,821.22998046875,799.1699829101562,800.25,800.25,1787500.0,800.25,0.0,
CAT,2026-08-31,800.0,802.9000244140625,789.0499877929688,797.469970703125,797.469970703125,3071400.0,799.9852353050596,-0.31441387802306764,
CAT,2026-09-01,788.8800048828125,790.219970703125,774.5499877929688,779.1599731445312,779.1599731445312,2946600.0,798.001877004057,-2.361135280817128,19.610005696614582
CAT,2026-09-02,778.510009765625,793.9400024414062,771.3900146484375,792.280029296875,792.280029296875,2507600.0,797.4569391271824,-0.6491773506884901,20.345001220703125
CAT,2026-09-03,796.9000244140625,803.9199829101562,781.489990234375,800.1400146484375,800.1400146484375,2351900.0,797.7124701292067,0.3043132218852662,20.76199951171875
CAT,2026-09-04,802.3800048828125,821.0,801.0,813.9400024414062,813.9400024414062,2149500.0,799.2579493970352,1.8369605276303158,20.778330485026043
CAT,2026-09-08,823.3400268554688,830.5,817.0900268554688,822.47998046875,822.47998046875,2443200.0,801.4695714038652,2.6214855578462704,20.175711495535715
CAT,2026-09-09,815.6799926757812,827.9600219726562,813.5,815.5599975585938,815.5599975585938,1929000.0,802.8115167519346,1.5879793127828723,19.46125030517578
CAT,2026-09-10,809.75,811.9500122070312,797.5,805.0,805.0,1781900.0,803.0199437279408,0.24657622609807195,19.305555555555557
CAT,2026-09-11,817.75,826.0,813.510009765625,818.5700073242188,818.5700073242188,1824600.0,804.5009021656815,1.748799177311522,19.475
CAT,2026-09-14,783.0499877929688,794.5599975585938,772.8599853515625,784.0,784.0,2428000.0,802.5484352927595,-2.3111920074946224,21.860001997514203
CAT,2026-09-15,789.489990234375,791.2000122070312,776.5,783.5399780273438,783.5399780273438,2261600.0,800.7381060293865,-2.1477843845003175,21.263336181640625
CAT,2026-09-16,797.0,798.3900146484375,774.47998046875,782.719970703125,782.719970703125,2645300.0,799.0220931411711,-2.0402592841905154,21.46692833533654
CAT,2026-09-17,813.9500122070312,813.9500122070312,795.0,798.5700073242188,798.5700073242188,2429600.0,798.9790373490805,-0.05119408717140228,22.164293561662948
CAT,2026-09-18,800.7899780273438,809.489990234375,799.5700073242188,808.989990234375,808.989990234375,4786800.0,799.9324614333942,1.1322866913977547,21.368578229631698
CAT,2026-09-21,827.0,827.8099975585938,805.239990234375,816.5,816.5,1867300.0,801.5103222492614,1.8701790026450782,21.99143327985491
CAT,2026-09-22,806.0599975585938,812.4600219726562,802.6099853515625,808.010009765625,808.010009765625,2062600.0,802.1293401079628,0.7331323470689544,21.346435546875
CAT,2026-09-23,803.969970703125,816.760009765625,798.530029296875,812.02001953125,812.02001953125,2788700.0,803.0713095768473,1.1143107526924378,21.03786359514509
CAT,2026-09-24,798.8699951171875,809.1400146484375,794.2000122070312,805.25,805.25,2197800.0,803.2788039028618,0.24539376460088747,20.70857892717634
CAT,2026-09-25,816.3400268554688,823.0,809.0499877929688,821.5800170898438,821.5800170898438,1978200.0,805.0217765873363,2.0568686443118933,20.486437116350448
CAT,2026-09-28,821.0499877929688,827.5700073242188,808.2000122070312,819.9500122070312,819.9500122070312,2174700.0,806.4435133130215,1.6748226839251812,20.687151227678573
CAT,2026-09-29,826.530029296875,829.739990234375,815.5,826.6400146484375,826.6400146484375,2313400.0,808.3669896306802,2.2604862954764826,20.671434674944198
CAT,2026-09-30,828.5,831.9500122070312,810.0700073242188,810.7899780273438,810.7899780273438,1959800.0,808.5977504303626,0.2711147286539539,20.944292340959823
CAT,2026-10-01,810.5800170898438,833.6199951171875,802.4400024414062,826.3499755859375,826.3499755859375,2153800.0,810.2884385404172,1.9821999527047662,21.671434674944198
CAT,2026-10-02,840.7999877929688,858.8699951171875,836.4600219726562,845.4199829101562,845.4199829101562,2385400.0,813.6342999089638,3.906630166003189,20.729291643415177
CAT,2026-10-05,843.1699829101562,857.8499755859375,821.77001953125,848.1400146484375,848.1400146484375,2300100.0,816.9205584555804,3.8216024642443447,22.25643048967634
CAT,2026-10-06,853.0,876.9500122070312,851.469970703125,863.4400024414062,863.4400024414062,1971400.0,821.3509816923257,5.124364819332117,22.606427873883927
CAT,2026-10-07,846.0,846.0,806.2899780273438,813.8300170898438,813.8300170898438,3338000.0,820.6346993492322,-0.8291974815084702,24.457855224609375
CAT,2026-10-08,808.7000122070312,821.9099731445312,788.8900146484375,796.1799926757812,796.1799926757812,2789300.0,818.3056796660463,-2.703841307724353,26.036424909319198
CAT,2026-10-09,796.219970703125,804.3099975585938,791.1900024414062,800.469970703125,800.469970703125,1528071.0,816.6070407171967,-1.9761120354655604,25.361424037388392
CRDO,2026-08-28,238.57000732421875,240.49000549316406,228.60000610351562,232.75,232.75,3518200.0,232.75,0.0,
CRDO,2026-08-31,232.0,238.39500427246094,222.91000366210938,226.19000244140625,226.19000244140625,4270300.0,232.12523832775298,-2.5569110576275977,
CRDO,2026-09-01,220.0,221.74000549316406,206.11500549316406,206.6300048828125,206.6300048828125,9513700.0,229.69712085680627,-10.042405358826356,15.816665649414062
CRDO,2026-09-02,188.63499450683594,190.57000732421875,161.9499969482422,165.22000122070312,165.22000122070312,30111800.0,223.556442796225,-26.094726166624692,23.032501220703125
CRDO,2026-09-03,168.5,171.1300048828125,164.11000061035156,164.1699981689453,164.1699981689453,13770300.0,217.90059092696026,-24.65830520671939,19.830001831054688
CRDO,2026-09-04,162.10000610351562,172.0500030517578,160.75,170.57000732421875,170.57000732421875,10756500.0,213.39291629812772,-20.067633788781347,18.408335367838543
CRDO,2026-09-08,170.5449981689453,178.0,167.22000122070312,167.75,167.75,10394700.0,209.04597188878222,-19.754493002502205,17.318572998046875
CRDO,2026-09-09,165.02000427246094,173.24000549316406,164.18800354003906,167.9199981689453,167.9199981689453,6972200.0,205.12921248689298,-18.139402899684608,16.28525161743164
CRDO,2026-09-10,162.35000610351562,165.67999267578125,159.1999969482422,160.30999755859375,160.30999755859375,6901300.0,200.86071582705495,-20.188476428300774,15.44466824001736
CRDO,2026-09-11,162.8800048828125,164.8000030517578,160.44000244140625,162.9499969482422,162.9499969482422,5889800.0,197.2501711719299,-17.389173362891796,14.349201965332032
CRDO,2026-09-14,153.6909942626953,154.11000061035156,149.13999938964844,150.08999633789062,150.08999633789062,10698800.0,192.75872594964045,-22.135822594561727,14.30018338290128
CRDO,2026-09-15,153.0,154.74000549316406,149.6999969482422,150.38999938964844,150.38999938964844,6494300.0,188.72360913440312,-20.31203722765532,13.528502146402994
CRDO,2026-09-16,153.10000610351562,164.5500030517578,152.72000122070312,161.49000549316406,161.49000549316406,8978500.0,186.12993259714227,-13.238025050655667,13.577079186072716
CRDO,2026-09-17,168.64999389648438,169.8000030517578,163.52000427246094,168.25,168.25,8903300.0,184.42708187360492,-8.771532743055444,13.200859069824219
CRDO,2026-09-18,171.11000061035156,175.97999572753906,170.1929931640625,175.88999938964844,175.88999938964844,13345500.0,183.6140263989424,-4.206665013985256,12.90371595110212
CRDO,2026-09-21,180.91000366210938,188.75999450683594,176.49000549316406,187.27000427246094,187.27000427246094,11146500.0,183.96221476784893,1.7980809313403068,12.716929844447545
CRDO,2026-09-22,183.67999267578125,194.0,183.1699981689453,192.55999755859375,192.55999755859375,8199200.0,184.78105122411034,4.2098182053574185,12.056573050362724
CRDO,2026-09-23,191.5,196.14999389648438,189.25999450683594,193.8699951171875,193.8699951171875,7813400.0,185.6466649282129,4.429559880407452,9.357286725725446
CRDO,2026-09-24,188.91000366210938,196.4250030517578,187.0,195.97000122070312,195.97000122070312,5788700.0,186.629839813212,5.004645246890438,9.52907235281808
CRDO,2026-09-25,201.58999633789062,214.8699951171875,198.0,210.97000122070312,210.97000122070312,11753100.0,188.94795042344924,11.65508847695913,10.07192884172712
CRDO,2026-09-28,206.11500549316406,208.10499572753906,189.43899536132812,192.6699981689453,192.6699981689453,9095400.0,189.30243116111552,1.7789348964903917,10.839857918875557
CRDO,2026-09-29,194.4600067138672,199.3800048828125,189.00999450683594,192.35000610351562,192.35000610351562,6677400.0,189.59267639372507,1.454343998005725,10.93400137765067
CRDO,2026-09-30,192.55999755859375,195.55999755859375,186.80999755859375,194.7899932861328,194.7899932861328,6468300.0,190.08765895490674,2.473771499464661,10.936144147600446
CRDO,2026-10-01,197.1300048828125,211.04800415039062,195.0,210.1699981689453,210.1699981689453,9414900.0,192.00026268957708,9.463390947930495,11.776715959821429
CRDO,2026-10-02,214.9949951171875,231.58999633789062,211.91000366210938,218.63999938964844,218.63999938964844,10666000.0,194.53738047053625,12.389710841594614,12.320287431989398
CRDO,2026-10-05,220.6999969482422,220.9600067138672,206.05999755859375,212.47999572753906,212.47999572753906,7747800.0,196.24620097120317,8.272157461391071,13.024573189871651
CRDO,2026-10-06,213.0,226.60000610351562,209.61000061035156,220.8300018310547,220.8300018310547,7216900.0,198.5875153388081,11.200344822432019,13.22671617780413
CRDO,2026-10-07,214.86500549316406,222.51300048828125,208.10000610351562,220.00999450683594,220.00999450683594,7313100.0,200.62775145004883,9.66079862666096,13.662644522530693
CRDO,2026-10-08,215.0500030517578,224.4499969482422,206.66000366210938,211.86000061035156,211.86000061035156,9561800.0,201.69748946531578,5.038491640116982,14.38121577671596
CRDO,2026-10-09,217.55499267578125,225.2899932861328,209.17999267578125,216.5500030517578,216.5500030517578,6294335.0,203.11201456878646,6.61604805185978,14.612644740513392
FSLR,2026-08-28,209.6199951171875,211.14999389648438,202.10000610351562,204.4600067138672,204.4600067138672,1447600.0,204.4600067138672,0.0,
FSLR,2026-08-31,203.41000366210938,205.24000549316406,200.35000610351562,201.89999389648438,201.89999389648438,2790200.0,204.21619596935454,-1.134191175129784,
FSLR,2026-09-01,199.0,202.61000061035156,198.1999969482422,199.64999389648438,199.64999389648438,1690700.0,203.78131958146216,-2.0273328749970454,6.1166636149088545
FSLR,2026-09-02,199.35000610351562,204.35000610351562,197.80999755859375,202.60000610351562,202.60000610351562,1729600.0,203.66881353594343,-0.5247771683214442,6.222499847412109
FSLR,2026-09-03,202.1699981689453,207.6999969482422,201.75,207.4199981689453,207.4199981689453,1873700.0,204.02606921527692,1.6634780872474275,6.167999267578125
FSLR,2026-09-04,208.24000549316406,209.67999267578125,203.47999572753906,204.4499969482422,204.4499969482422,1520700.0,204.06644328508315,0.18795528406558848,6.173332214355469
FSLR,2026-09-08,206.4499969482422,215.5,205.9499969482422,213.25,213.25,2886500.0,204.94106773412284,4.0543031993258705,6.869999476841518
FSLR,2026-09-09,214.82000732421875,220.97999572753906,202.49000549316406,203.10000610351562,203.10000610351562,3463700.0,204.76572853120788,-0.8134771573546695,8.322498321533203
FSLR,2026-09-10,197.55999755859375,208.75,197.10000610351562,207.1699981689453,207.1699981689453,2189100.0,204.99470659194478,1.0611452428040513,8.692220052083334
FSLR,2026-09-11,209.83999633789062,214.17999267578125,207.0800018310547,209.02999877929688,209.02999877929688,2068300.0,205.37902013359735,1.7776784811440738,8.532997131347656
FSLR,2026-09-14,203.7100067138672,211.6699981689453,203.7100067138672,207.0399932861328,207.0399932861328,1351000.0,205.53720805288646,0.7311499691382783,8.480905706232244
FSLR,2026-09-15,209.47999572753906,210.3000030517578,202.19000244140625,202.33999633789062,202.33999633789062,1446100.0,205.23271169907733,-1.4094806511294133,8.449996948242188
FSLR,2026-09-16,205.52000427246094,205.72999572753906,189.39999389648438,191.07000732421875,191.07000732421875,3090200.0,203.88388271099555,-6.284888837898195,9.056151169996996
FSLR,2026-09-17,193.14999389648438,203.52000427246094,192.72000122070312,201.16000366210938,201.16000366210938,2660000.0,203.62446565872068,-1.2102975880814881,9.298568725585938
FSLR,2026-09-18,202.11000061035156,202.41000366210938,192.4199981689453,195.9600067138672,195.9600067138672,2760900.0,202.89451718778224,-3.417790963516798,9.36571284702846
FSLR,2026-09-21,198.22000122070312,201.16000366210938,193.72999572753906,199.83999633789062,199.83999633789062,1835500.0,202.60361044017353,-1.364049779902099,9.547142028808594
FSLR,2026-09-22,200.88999938964844,202.4600067138672,198.52999877929688,200.77999877929688,200.77999877929688,2043000.0,202.42993313913763,-0.8150644197005619,9.512856619698661
FSLR,2026-09-23,200.38999938964844,201.49000549316406,191.14999389648438,191.97000122070312,191.97000122070312,2116500.0,201.4337491469058,-4.698193806292483,9.784285409109932
FSLR,2026-09-24,190.0,190.0,170.8000030517578,172.16000366210938,172.16000366210938,6370100.0,198.64577338644898,-13.3331654999846,10.87142835344587
FSLR,2026-09-25,174.08999633789062,180.9199981689453,173.44000244140625,177.7100067138672,177.7100067138672,3153300.0,196.65189084620312,-9.632190186846435,11.054285321916852
FSLR,2026-09-28,178.1300048828125,178.22999572753906,172.1999969482422,172.97000122070312,172.97000122070312,2268100.0,194.39647278663168,-11.022047498488362,10.695713588169642
FSLR,2026-09-29,174.22000122070312,177.0500030517578,172.0,176.92999267578125,176.92999267578125,2402000.0,192.7329984903602,-8.199429230261956,9.735714503696986
FSLR,2026-09-30,178.5,178.67999267578125,174.8300018310547,175.16000366210938,175.16000366210938,1921200.0,191.0593799352887,-8.321693642345318,9.178571428571429
FSLR,2026-10-01,174.5,174.75,168.60000610351562,172.11000061035156,172.11000061035156,2546400.0,189.25467714243752,-9.059050371147482,9.140000479561943
FSLR,2026-10-02,174.97000122070312,178.27000427246094,173.10000610351562,174.61000061035156,174.61000061035156,1902900.0,187.8599460441436,-7.053097646838758,9.011429922921318
FSLR,2026-10-05,174.8000030517578,176.5,171.86000061035156,176.16000366210938,176.16000366210938,1540100.0,186.7456658172832,-5.6684914794922765,8.763572692871094
FSLR,2026-10-06,177.5,181.42999267578125,176.6999969482422,179.8000030517578,179.8000030517578,1766300.0,186.0841741253284,-3.377058314125181,7.97357177734375
FSLR,2026-10-07,176.57000732421875,180.5800018310547,175.6999969482422,180.1300048828125,180.1300048828125,2070900.0,185.51711038794593,-2.9038321553565227,7.432858058384487
FSLR,2026-10-08,179.1199951171875,181.67999267578125,174.75999450683594,178.85000610351562,178.85000610351562,2068800.0,184.88214807514305,-3.262695741276078,7.21357182094029
FSLR,2026-10-09,179.36500549316406,179.52000427246094,176.2100067138672,177.82000732421875,177.82000732421875,1287834.0,184.2095632417217,-3.4686342039248586,6.919285365513393
INTC,2026-08-28,90.2699966430664,93.69999694824219,89.05000305175781,89.47000122070312,89.47000122070312,86172600.0,89.47000122070312,0.0,
INTC,2026-08-31,90.0,91.8499984741211,88.97000122070312,89.51000213623047,89.51000213623047,65188200.0,89.47381083170573,0.04044904781446146,
INTC,2026-09-01,86.83999633789062,89.41000366210938,85.72000122070312,88.97000122070312,88.97000122070312,73962100.0,89.4258289639912,-0.5097271655950975,3.7733306884765625
INTC,2026-09-02,88.8499984741211,90.43000030517578,87.5,90.05000305175781,90.05000305175781,61554500.0,89.48527411520706,0.6310858877447201,3.562498092651367
INTC,2026-09-03,89.3499984741211,92.37000274658203,87.7300033569336,91.66999816894531,91.66999816894531,79927800.0,89.69334307270594,2.203792420399675,3.777998352050781
INTC,2026-09-04,92.44999694824219,95.94000244140625,91.87000274658203,95.80000305175781,95.80000305175781,97654300.0,90.27492973737755,6.1202742892777495,3.859999338785807
INTC,2026-09-08,100.80000305175781,106.08999633789062,100.3499984741211,104.47000122070312,104.47000122070312,140269300.0,91.62684130721809,14.01680962723888,4.778569902692523
INTC,2026-09-09,102.69999694824219,106.69000244140625,102.69999694824219,106.23999786376953,106.23999786376953,96891400.0,93.01857050308013,14.213750318009467,4.679999351501465
INTC,2026-09-10,102.44999694824219,103.2300033569336,99.33999633789062,100.31999969482422,100.31999969482422,96887100.0,93.71394471181766,7.04916968688174,4.926666259765625
INTC,2026-09-11,102.47000122070312,104.9000015258789,101.06999969482422,102.94000244140625,102.94000244140625,86990400.0,94.59261687654038,8.824563523557716,4.891999816894531
INTC,2026-09-14,95.81999969482422,98.86000061035156,94.5199966430664,97.19000244140625,97.19000244140625,96459700.0,94.83998693033713,2.477874140572456,5.21272763338956
INTC,2026-09-15,98.83000183105469,100.4800033569336,96.5199966430664,97.13999938964844,97.13999938964844,84999300.0,95.05903573598583,2.189127669506563,5.108334223429362
INTC,2026-09-16,101.37000274658203,104.41999816894531,99.29000091552734,101.05000305175781,101.05000305175781,119923600.0,95.62960405177364,5.668118208509565,5.275385343111479
INTC,2026-09-17,104.69999694824219,111.37000274658203,104.69999694824219,108.80000305175781,108.80000305175781,149726000.0,96.88392776605785,12.299331334370844,5.635714939662388
INTC,2026-09-18,109.80000305175781,110.48999786376953,106.4000015258789,108.5999984741211,108.5999984741211,174996700.0,97.99974402396863,10.816614426625314,5.5957151140485495
INTC,2026-09-21,116.52999877929688,124.7300033569336,114.93000030517578,121.77999877929688,121.77999877929688,191638400.0,100.26453019114275,21.458703837875028,6.542144230433872
INTC,2026-09-22,120.1500015258789,124.08999633789062,120.08000183105469,123.86000061035156,123.86000061035156,108379400.0,102.51171785011502,20.825212188376764,6.557858058384487
INTC,2026-09-23,123.87000274658203,124.25,119.44000244140625,122.5999984741211,122.5999984741211,85621100.0,104.4248874333537,17.40496110409231,6.69214357648577
INTC,2026-09-24,120.61000061035156,127.44000244140625,119.55000305175781,127.38999938964844,127.38999938964844,119296700.0,106.61204095300083,19.489316826611947,6.924286433628628
INTC,2026-09-25,126.83000183105469,126.93000030517578,122.83999633789062,123.0,123.0,97728400.0,108.17279895747693,13.706958852337436,6.944286346435547
INTC,2026-09-28,120.68000030517578,121.70999908447266,114.70999908447266,116.02999877929688,116.02999877929688,112436900.0,108.92110370241217,6.5266462010036275,6.801429748535156
INTC,2026-09-29,116.69999694824219,118.75,113.97000122070312,115.93000030517578,115.93000030517578,88744500.0,109.58861766458013,5.786534017615619,6.857857840401786
INTC,2026-09-30,116.22000122070312,120.55000305175781,116.0,120.2300033569336,120.2300033569336,94917200.0,110.60208296861379,8.705008196863684,6.695000784737723
INTC,2026-10-01,118.7300033569336,122.1500015258789,117.3499984741211,120.0,120.0,103559800.0,111.49712268588867,7.626095731695037,6.710715157645089
INTC,2026-10-02,124.01000213623047,126.0,118.95999908447266,119.33000183105469,119.33000183105469,95401500.0,112.24311117590447,6.31387581910825,6.612143380301339
INTC,2026-10-05,115.33999633789062,118.05999755859375,115.30999755859375,116.19000244140625,116.19000244140625,81331800.0,112.61900558214275,3.1708652023737294,6.616428920200893
INTC,2026-10-06,117.05999755859375,118.19999694824219,112.0,112.5,112.5,101938800.0,112.60767171717677,-0.09561668004929302,6.539285932268415
INTC,2026-10-07,111.66999816894531,115.30000305175781,111.13999938964844,113.12000274658203,113.12000274658203,82861900.0,112.6564651485487,0.4114611597497708,6.099286215645926
INTC,2026-10-08,110.37999725341797,111.5999984741211,105.23999786376953,107.08000183105469,107.08000183105469,120196700.0,112.12537340402547,-4.499758992811209,6.370001111711774
INTC,2026-10-09,108.37999725341797,108.37999725341797,104.0,104.69999694824219,104.69999694824219,74577145.0,111.41819469395088,-6.02971333736162,5.530714852469308
LRCX,2026-08-28,318.0299987792969,318.2900085449219,301.04998779296875,301.8999938964844,301.5796203613281,8057600.0,301.8999938964844,0.0,
LRCX,2026-08-31,303.19000244140625,303.3999938964844,298.7699890136719,301.489990234375,301.1700439453125,6949300.0,301.8609459286644,-0.12288959512406494,
LRCX,2026-09-01,294.55999755859375,296.3399963378906,286.5899963378906,290.20001220703125,289.8920593261719,8249700.0,300.75038081231844,-3.5080150445000013,12.256673177083334
LRCX,2026-09-02,291.5,292.19000244140625,284.3999938964844,288.32000732421875,288.0140380859375,4840600.0,299.5665357182137,-3.7542672672136956,11.140007019042969
LRCX,2026-09-03,283.7300109863281,292.7799987792969,278.0400085449219,292.6600036621094,292.34942626953125,7207100.0,298.90877076048946,-2.0905265116449634,11.860003662109374
LRCX,2026-09-04,303.4700012207031,310.29998779296875,297.3800048828125,307.6499938964844,307.3235168457031,8355500.0,299.7412682020128,2.6385174593781313,12.823333740234375
LRCX,2026-09-08,314.489990234375,321.7699890136719,312.0299987792969,320.4200134277344,320.0799865722656,8937400.0,301.71067250922437,6.201086876679174,13.008571079799108
LRCX,2026-09-09,319.260009765625,322.2099914550781,312.760009765625,315.8399963378906,315.50482177734375,5580100.0,303.0563223976688,4.218250204807528,12.56374740600586
LRCX,2026-09-10,302.1499938964844,307.0299987792969,297.010009765625,298.010009765625,297.6937561035156,10597400.0,302.575721194617,-1.5089483752912747,13.259996202256945
LRCX,2026-09-11,303.45001220703125,303.69000244140625,294.5400085449219,298.2200012207031,297.9035339355469,9364200.0,302.16089072091097,-1.3042354656836896,12.848995971679688
LRCX,2026-09-14,275.0,280.20001220703125,273.239990234375,273.489990234375,273.19976806640625,13682900.0,299.4303287698123,-8.663230155078583,13.951815518465908
LRCX,2026-09-15,278.6099853515625,278.6099853515625,265.3699951171875,270.8699951171875,270.5825500488281,8930500.0,296.71029699337186,-8.708933305661981,13.892496744791666
LRCX,2026-09-16,277.1300048828125,277.7799987792969,265.75,269.2300109863281,268.9443054199219,7603200.0,294.0931268974629,-8.454164221186799,13.749227670522837
LRCX,2026-09-17,280.4599914550781,281.3999938964844,266.8999938964844,269.30999755859375,269.0242004394531,11273200.0,291.7328288651897,-7.68608435115733,13.802854265485491
LRCX,2026-09-18,274.4100036621094,288.2699890136719,272.6400146484375,288.1099853515625,287.8042297363281,19636000.0,291.3877961496061,-1.1248963894015307,13.925709315708705
LRCX,2026-09-21,292.489990234375,305.69000244140625,290.0400085449219,302.2799987792969,301.959228515625,11336000.0,292.42514878100525,3.3700418857175007,14.850710187639509
LRCX,2026-09-22,296.82000732421875,311.3900146484375,296.0799865722656,310.9599914550781,310.6300048828125,9294800.0,294.1903718928217,5.700261179303956,14.879998343331474
LRCX,2026-09-23,307.5,309.75,298.55999755859375,307.2799987792969,307.2799987792969,9644600.0,295.43700302486695,4.0086365733384755,15.209283011300224
LRCX,2026-09-24,301.8599853515625,307.2200012207031,298.8599853515625,307.1600036621094,307.1600036621094,7900100.0,296.55347927603293,3.5765975202752154,14.757856096540179
LRCX,2026-09-25,309.17999267578125,317.1300048828125,307.5,315.2099914550781,315.2099914550781,8138100.0,298.33028995975155,5.658058220505824,14.210000174386161
LRCX,2026-09-28,313.8800048828125,316.30999755859375,305.5,314.4700012207031,314.4700012207031,9178800.0,299.8674053179374,4.8696842817188335,13.97357177734375
LRCX,2026-09-29,323.6300048828125,328.32000732421875,319.1499938964844,323.8599853515625,323.8599853515625,7964600.0,302.15241294018745,7.184312115909597,14.287859235491071
LRCX,2026-09-30,324.6499938964844,330.5,322.05999755859375,328.510009765625,328.510009765625,7704400.0,304.6626602568958,7.827460539017417,13.545717511858259
LRCX,2026-10-01,332.0,341.6400146484375,331.04998779296875,340.1000061035156,340.1000061035156,8700100.0,308.03764557562147,10.408585115621216,13.830004010881696
LRCX,2026-10-02,350.0,352.55999755859375,344.7699890136719,347.489990234375,347.489990234375,7457400.0,311.795011733598,11.448219874433164,12.935716901506696
LRCX,2026-10-05,346.8800048828125,351.3699951171875,341.70001220703125,345.79998779296875,345.79998779296875,6117500.0,315.03358088210956,9.766072183388118,12.680716378348214
LRCX,2026-10-06,345.1000061035156,346.8999938964844,330.8500061035156,333.8900146484375,333.8900146484375,7659800.0,316.829431716998,5.384784752787275,12.967858450753349
LRCX,2026-10-07,322.05999755859375,329.75,321.1099853515625,329.510009765625,329.510009765625,6387800.0,318.0371058168672,3.60741049988178,12.845003400530134
LRCX,2026-10-08,321.0199890136719,331.7900085449219,316.6600036621094,320.5899963378906,320.5899963378906,8996800.0,318.2802382474408,0.7256994977659081,12.571432931082589
LRCX,2026-10-09,325.57000732421875,326.7200012207031,316.0299987792969,318.8399963378906,318.8399963378906,4589061.0,318.3335485417694,0.1590934409650524,12.079289027622767
MCHP,2026-08-28,75.38999938964844,75.58000183105469,72.66999816894531,72.93000030517578,72.93000030517578,11147800.0,72.93000030517578,0.0,
MCHP,2026-08-31,73.51000213623047,74.05999755859375,72.75,73.44999694824219,73.44999694824219,7193300.0,72.97952379499164,0.6446645973905873,
MCHP,2026-09-01,71.91999816894531,72.37000274658203,70.44999694824219,71.41000366210938,71.41000366210938,10116500.0,72.83004568709808,-1.949802463518524,2.4066670735677085
MCHP,2026-09-02,71.45999908447266,73.19000244140625,70.66999816894531,72.76000213623047,72.76000213623047,5837700.0,72.82337487272973,-0.08702252073597982,2.4350013732910156
MCHP,2026-09-03,71.63999938964844,73.29000091552734,70.8499984741211,73.11000061035156,73.11000061035156,5814700.0,72.85067256202706,0.3559720716424408,2.4360015869140623
MCHP,2026-09-04,73.77999877929688,74.86000061035156,73.20999908447266,74.16999816894531,74.16999816894531,7673200.0,72.97632261982879,1.6357025213985965,2.3216679890950522
MCHP,2026-09-08,74.6500015258789,74.83999633789062,72.83000183105469,73.37999725341797,73.37999725341797,8727500.0,73.01476782302777,0.5002130956239359,2.2771432059151784
MCHP,2026-09-09,73.05000305175781,74.2699966430664,72.55000305175781,73.01000213623047,73.01000213623047,5104200.0,73.0143139480947,-0.005905433648656366,2.2074995040893555
MCHP,2026-09-10,71.43000030517578,72.5999984741211,70.94000244140625,71.58000183105469,71.58000183105469,7593600.0,72.87771279409088,-1.7806691693285637,2.19222174750434
MCHP,2026-09-11,72.81999969482422,75.16000366210938,72.44999694824219,74.19999694824219,74.19999694824219,8766900.0,73.00364461829577,1.6387569911086253,2.330999755859375
MCHP,2026-09-14,71.05000305175781,72.37999725341797,70.69000244140625,71.4800033569336,71.4800033569336,10437000.0,72.85853592673746,-1.8920673497886953,2.438181096857244
MCHP,2026-09-15,71.87999725341797,72.4000015258789,70.43000030517578,71.48999786376953,71.48999786376953,6744900.0,72.72819896835955,-1.702504836024743,2.3991661071777344
MCHP,2026-09-16,72.5999984741211,72.91000366210938,68.75,69.58999633789062,69.58999633789062,7330800.0,72.42932252736252,-3.920133573525064,2.5346151498647838
MCHP,2026-09-17,71.47000122070312,71.80000305175781,70.0999984741211,70.81999969482422,70.81999969482422,8555800.0,72.2760536861684,-2.0145731775375375,2.5114288330078125
MCHP,2026-09-18,71.48999786376953,73.4000015258789,71.05999755859375,73.2699966430664,73.2699966430664,15928500.0,72.37071492015868,1.242604448359863,2.4878572736467635
MCHP,2026-09-21,74.69999694824219,75.16999816894531,72.73999786376953,74.77999877929688,74.77999877929688,9676200.0,72.60017052579089,3.0025112030992007,2.567857469831194
MCHP,2026-09-22,74.66999816894531,76.55000305175781,74.44000244140625,75.81999969482422,75.81999969482422,7456800.0,72.90682092284167,3.995756137914186,2.504286084856306
MCHP,2026-09-23,75.05000305175781,75.7699966430664,73.7699966430664,75.52999877929688,75.52999877929688,7724400.0,73.15664738536121,3.2442047014999975,2.470714569091797
MCHP,2026-09-24,73.91999816894531,74.75,73.12999725341797,74.69000244140625,74.69000244140625,8726300.0,73.30268120022264,1.8925927653235641,2.4678573608398438
MCHP,2026-09-25,75.19999694824219,78.95999908447266,74.93000030517578,78.69000244140625,78.69000244140625,9747400.0,73.8157594136687,6.603255275641007,2.647857121058873
MCHP,2026-09-28,77.6500015258789,78.25,75.93000030517578,77.97000122070312,77.97000122070312,9394800.0,74.21140149052913,5.064720049322435,2.7014290945870534
MCHP,2026-09-29,79.29000091552734,80.37000274658203,78.47000122070312,78.77999877929688,78.77999877929688,7688400.0,74.64650599422129,5.537422991232277,2.7500010899135043
MCHP,2026-09-30,79.06999969482422,79.6500015258789,77.7300033569336,77.7699966430664,77.7699966430664,5726400.0,74.9439812941113,3.7708369640313766,2.7392866952078685
MCHP,2026-10-01,78.01000213623047,79.30999755859375,76.87000274658203,78.5,78.5,6804900.0,75.28264974229118,4.273694229311142,2.6578576224190846
MCHP,2026-10-02,81.25,83.4000015258789,80.80000305175781,81.31999969482422,81.31999969482422,7821400.0,75.85763545205624,7.200810057176521,2.7571438380650113
MCHP,2026-10-05,80.95999908447266,81.7699966430664,80.05000305175781,81.48999786376953,81.48999786376953,5830000.0,76.39405091983846,6.67060704671667,2.739286150251116
MCHP,2026-10-06,82.16999816894531,82.55999755859375,80.76000213623047,81.26000213623047,81.26000213623047,5837600.0,76.85747484520913,5.728170616960848,2.570714133126395
MCHP,2026-10-07,78.87000274658203,80.13999938964844,76.54000091552734,78.0199966430664,78.0199966430664,8950200.0,76.96819120690982,1.3665456075602211,2.749999455043248
MCHP,2026-10-08,76.8499984741211,77.16000366210938,74.5999984741211,75.5199966430664,75.5199966430664,10130200.0,76.83026791511521,-1.7054102603110022,2.8099991934640065
MCHP,2026-10-09,76.30000305175781,76.46499633789062,73.74199676513672,75.55000305175781,75.55000305175781,7730798.0,76.7083379281288,-1.510050807587926,2.83092771257673
MRVL,2026-08-28,225.25999450683594,228.8800048828125,215.5500030517578,216.6199951171875,216.6199951171875,48979900.0,216.6199951171875,0.0,
MRVL,2026-08-31,216.3000030517578,218.22000122070312,209.52999877929688,211.66000366210938,211.66000366210938,23650800.0,216.14761497860863,-2.076178965446085,
MRVL,2026-09-01,205.11000061035156,210.4499969482422,200.6199951171875,210.38999938964844,210.38999938964844,22284200.0,215.59927063680288,-2.416182221659713,11.020004272460938
MRVL,2026-09-02,205.25,208.49000549316406,203.5,206.47999572753906,206.47999572753906,15224800.0,214.73076826449204,-3.842380206450058,9.987503051757812
MRVL,2026-09-03,204.35000610351562,212.77000427246094,201.10000610351562,208.8300018310547,208.8300018310547,18768900.0,214.16879050892658,-2.492794895645345,10.324002075195313
MRVL,2026-09-04,211.66000366210938,223.6699981689453,210.8699951171875,223.5500030517578,223.5500030517578,21218100.0,215.06223932252954,3.946654585186926,11.076667785644531
MRVL,2026-09-08,227.0,231.88999938964844,222.52999877929688,225.41000366210938,225.41000366210938,20618200.0,216.04774068820382,4.33342322584942,10.831429617745536
MRVL,2026-09-09,223.8000030517578,241.8800048828125,223.60000610351562,235.00999450683594,235.00999450683594,20477900.0,217.85366962331165,7.875159924177133,11.762500762939453
MRVL,2026-09-10,228.02999877929688,234.49000549316406,226.14999389648438,226.9600067138672,226.9600067138672,16467600.0,218.72093982241216,3.766931002648688,11.440000745985243
MRVL,2026-09-11,234.6300048828125,240.1999969482422,229.27999877929688,236.10000610351562,236.10000610351562,17310200.0,220.37608899204108,7.135037736350069,11.61999969482422
MRVL,2026-09-14,215.80999755859375,224.10000610351562,213.6300048828125,218.82000732421875,218.82000732421875,22196800.0,220.22789073796275,-0.6392847922333189,12.60636346990412
MRVL,2026-09-15,221.6199951171875,227.6199951171875,220.9199981689453,221.6999969482422,221.6999969482422,12742900.0,220.36809132941795,0.6044003969854383,12.289165496826172
MRVL,2026-09-16,226.72999572753906,233.77000427246094,224.5800018310547,229.7100067138672,229.7100067138672,16377400.0,221.25779755650834,3.8200728971823805,12.27230717585637
MRVL,2026-09-17,240.07000732421875,247.88999938964844,240.0,240.75999450683594,240.75999450683594,20969900.0,223.11514964701573,7.908402852847796,12.69428471156529
MRVL,2026-09-18,242.05999755859375,244.44000244140625,235.9600067138672,244.25,244.25,23635600.0,225.12799253777612,8.493838214728111,12.347855704171318
MRVL,2026-09-21,251.39999389648438,261.17999267578125,244.99000549316406,257.3800048828125,257.3800048828125,21466200.0,228.19961276111292,12.787222453460778,12.936426435198102
MRVL,2026-09-22,255.4600067138672,266.0,254.0,262.3599853515625,262.3599853515625,19926600.0,231.45298157925097,13.353469703188402,13.004997253417969
MRVL,2026-09-23,262.3599853515625,264.9700012207031,256.2200012207031,260.8999938964844,260.8999938964844,13683600.0,234.25745894279703,11.373185329476797,13.137854439871651
MRVL,2026-09-24,254.10000610351562,261.9800109863281,252.19000244140625,258.95001220703125,258.95001220703125,13424700.0,236.6091306822479,9.44210456306771,13.00356946672712
MRVL,2026-09-25,263.55999755859375,267.4800109863281,257.42999267578125,261.94000244140625,261.94000244140625,12427900.0,239.02159465931058,9.58842560429003,12.66142817905971
MRVL,2026-09-28,259.6499938964844,261.7799987792969,248.13999938964844,251.89999389648438,251.89999389648438,16916400.0,240.24810887237476,4.849938290377698,12.978571210588727
MRVL,2026-09-29,258.54998779296875,264.3999938964844,256.8800048828125,263.2699890136719,263.2699890136719,17098900.0,242.44066888583163,8.591512399121882,12.565714154924665
MRVL,2026-09-30,264.6499938964844,265.0,256.239990234375,264.2099914550781,264.2099914550781,11978900.0,244.51393770195034,8.05518652157009,12.558571951729911
MRVL,2026-10-01,265.1000061035156,270.2799987792969,257.5799865722656,268.0799865722656,268.0799865722656,19030200.0,246.75832330864705,8.64070681698923,12.520002092633929
MRVL,2026-10-02,278.0,280.0,271.5899963378906,272.2900085449219,272.2900085449219,15905500.0,249.18991237876847,9.27007676419953,11.766431535993304
MRVL,2026-10-05,276.1600036621094,279.4800109863281,267.79998779296875,271.25,271.25,12895800.0,251.29087310460005,7.942639001891627,11.97214835030692
MRVL,2026-10-06,271.260009765625,301.2699890136719,267.260009765625,287.010009765625,287.010009765625,51285500.0,254.69269564374528,12.68874792038952,13.539289202008929
MRVL,2026-10-07,281.29998779296875,287.0299987792969,276.5,284.67999267578125,284.67999267578125,23822300.0,257.54862869441536,10.534462605723128,12.992861066545759
MRVL,2026-10-08,277.6000061035156,283.8999938964844,265.7900085449219,274.6600036621094,274.6600036621094,29199700.0,259.17828345324335,5.973386351121102,13.736431666782924
MRVL,2026-10-09,279.260009765625,283.7799072265625,267.7025146484375,275.2799987792969,275.2799987792969,15024644.0,260.71178015096274,5.587863586332209,13.675531659807477
MSFT,2026-08-28,505.3299865722656,517.780029296875,504.8699951171875,513.530029296875,513.530029296875,29207300.0,513.530029296875,0.0,
MSFT,2026-08-31,510.3800048828125,512.1900024414062,506.3900146484375,507.2900085449219,507.2900085449219,27208900.0,512.9357416062128,-1.100670630518319,
MSFT,2026-09-01,497.5199890136719,505.9700012207031,496.7799987792969,501.0199890136719,501.0199890136719,21046900.0,511.8009080259708,-2.1064673476022477,10.186686197916666
MSFT,2026-09-02,499.8500061035156,500.2699890136719,493.80999755859375,496.82000732421875,496.82000732421875,15336100.0,510.37415557818485,-2.6557277843763605,9.442512512207031
MSFT,2026-09-03,501.6600036621094,515.6500244140625,500.79998779296875,510.1199951171875,510.1199951171875,24125900.0,510.34994981999466,-0.04505823952530852,11.320013427734375
MSFT,2026-09-04,510.0,511.0,499.3599853515625,499.70001220703125,499.70001220703125,18101800.0,509.33567004733146,-1.8918089595815646,11.373346964518229
MSFT,2026-09-08,493.010009765625,495.19000244140625,490.1499938964844,493.95001220703125,493.95001220703125,18882300.0,507.8703693006362,-2.7409272001384877,11.112871442522321
MSFT,2026-09-09,493.07000732421875,494.3900146484375,489.79998779296875,491.6499938964844,491.6499938964844,12889600.0,506.32557164309793,-2.8984468825047127,10.297515869140625
MSFT,2026-09-10,488.32000732421875,494.5199890136719,486.0,492.44000244140625,492.44000244140625,16038800.0,505.0031364810321,-2.4877338638267465,10.100012885199654
MSFT,2026-09-11,495.6499938964844,498.9700012207031,492.5799865722656,495.6300048828125,495.6300048828125,14510500.0,504.11045728120166,-1.682260757716958,9.743011474609375
MSFT,2026-09-14,497.05999755859375,509.95001220703125,495.3399963378906,505.4100036621094,505.4100036621094,23091900.0,504.23422360319285,0.23318132801748437,10.185466419566762
MSFT,2026-09-15,500.05999755859375,505.8999938964844,495.5400085449219,497.1199951171875,497.1199951171875,17794600.0,503.5566780330971,-1.2782439786225175,10.20000966389974
MSFT,2026-09-16,493.0299987792969,495.9700012207031,487.2300109863281,490.29998779296875,490.29998779296875,16670300.0,502.29413610546584,-2.3878734491096454,10.176161545973558
MSFT,2026-09-17,497.79998779296875,501.4700012207031,493.1700134277344,497.75,497.75,17841600.0,501.8613612382786,-0.8192225096059103,10.24715096609933
MSFT,2026-09-18,497.9700012207031,498.6499938964844,491.1000061035156,493.7799987792969,493.7799987792969,39622300.0,501.09170767075653,-1.459155835056014,9.864290509905134
MSFT,2026-09-21,494.95001220703125,501.8699951171875,491.3299865722656,501.6099853515625,501.6099853515625,27959900.0,501.14106744988095,0.09357004088044185,10.107147216796875
MSFT,2026-09-22,507.32000732421875,508.5,493.6499938964844,498.0,498.0,21652800.0,500.8419181689399,-0.5674281776034018,10.417146955217634
MSFT,2026-09-23,500.760009765625,509.44000244140625,495.8800048828125,500.5899963378906,500.5899963378906,19445600.0,500.81792561360186,-0.04551140525410613,10.870718819754464
MSFT,2026-09-24,495.07000732421875,498.8999938964844,491.2200012207031,497.92999267578125,497.92999267578125,16657600.0,500.54288438142845,-0.5220115572866835,10.195002964564733
MSFT,2026-09-25,499.0400085449219,519.4000244140625,497.25,516.1699829101562,516.1699829101562,38193100.0,502.03117947940257,2.8163197842443477,10.945717947823661
MSFT,2026-09-28,505.4700012207031,513.3300170898438,502.2200012207031,509.2200012207031,509.2200012207031,19626900.0,502.7158291690502,1.2938068933305402,11.260001046316964
MSFT,2026-09-29,508.30999755859375,513.6400146484375,502.3999938964844,508.9599914550781,508.9599914550781,21341800.0,503.31051129152905,1.1224641720778195,11.735000610351562
MSFT,2026-09-30,511.6099853515625,519.8300170898438,510.30999755859375,512.9000244140625,512.9000244140625,27223300.0,504.2237982555798,1.7207093731987921,11.902860369001116
MSFT,2026-10-01,519.8800048828125,522.8499755859375,512.1699829101562,512.7999877929688,512.7999877929688,19731900.0,505.0405782115216,1.5363932951536707,12.199288504464286
MSFT,2026-10-02,519.3900146484375,522.5,513.6599731445312,517.530029296875,517.530029296875,17822300.0,506.23004974346003,2.232182692264395,11.848573957170759
MSFT,2026-10-05,521.6199951171875,532.3499755859375,521.469970703125,525.1799926757812,525.1799926757812,26604800.0,508.03480621320494,3.374805476493492,12.167142595563616
MSFT,2026-10-06,531.6799926757812,535.6900024414062,528.780029296875,529.2999877929688,529.2999877929688,21107500.0,510.0600616017539,3.7720903163433794,12.211430140904017
MSFT,2026-10-07,530.72998046875,531.72998046875,524.6900024414062,529.760009765625,529.760009765625,16790200.0,511.93624714117016,3.481637161656148,11.916427612304688
MSFT,2026-10-08,529.8099975585938,533.510009765625,518.7899780273438,522.6099853515625,522.6099853515625,20228700.0,512.952793637398,1.8826667549043608,12.428573608398438
MSFT,2026-10-09,528.2349853515625,537.219970703125,526.2401123046875,535.0700073242188,535.0700073242188,17890995.0,515.0591949409047,3.8851480722735143,12.719286237444196
MU,2026-08-28,919.2899780273438,946.7999877929688,909.0900268554688,932.8599853515625,932.8599853515625,22890100.0,932.8599853515625,0.0,
MU,2026-08-31,931.3900146484375,959.969970703125,930.7899780273438,958.72998046875,958.72998046875,22569500.0,935.3237944103423,2.502468791907897,
MU,2026-09-01,941.1300048828125,969.4400024414062,922.3900146484375,933.4400024414062,933.4400024414062,27762200.0,935.1443856513961,-0.18225882934672644,37.97998046875
MU,2026-09-02,930.8300170898438,958.0,927.1599731445312,956.0800170898438,956.0800170898438,21440500.0,937.1382553122007,2.0212345051833003,36.19499206542969
MU,2026-09-03,956.9099731445312,959.760009765625,918.8800048828125,958.1599731445312,958.1599731445312,24175900.0,939.1403236771846,2.0252191273052444,37.13199462890625
MU,2026-09-04,971.3400268554688,1017.77001953125,969.0,1016.5900268554688,1016.5900268554688,35249500.0,946.5164858846402,7.403309082919551,40.878336588541664
MU,2026-09-08,1036.4000244140625,1041.0699462890625,997.6199951171875,1000.260009765625,1000.260009765625,26604900.0,951.6349167304483,5.109637338890316,41.24571010044643
MU,2026-09-09,998.8099975585938,1042.4000244140625,992.2899780273438,1027.77001953125,1027.77001953125,23812000.0,958.8858789019531,7.183768386304545,42.35375213623047
MU,2026-09-10,997.0,999.0,973.5,977.4099731445312,977.4099731445312,26230400.0,960.6500783536272,1.744640964338151,43.67778184678819
MU,2026-09-11,993.2000122070312,993.989990234375,967.3800048828125,975.260009765625,975.260009765625,21740300.0,962.0415003928651,1.3740061491486433,41.971002197265626
MU,2026-09-14,906.030029296875,932.2100219726562,902.5999755859375,924.030029296875,924.030029296875,27141900.0,958.4213602884851,-3.588331021885638,44.76091419566762
MU,2026-09-15,937.5,944.9400024414062,920.1300048828125,927.5999755859375,927.5999755859375,20434700.0,955.4859903168139,-2.9185163376001078,43.09833780924479
MU,2026-09-16,934.22998046875,941.2000122070312,917.6400146484375,926.5499877929688,926.5499877929688,20213000.0,952.7301805526381,-2.7479126088441275,41.59538855919471
MU,2026-09-17,954.5700073242188,986.2000122070312,953.5,977.5,977.5,22091600.0,955.0892109761963,2.3464602852018013,42.88500540597098
MU,2026-09-18,984.719970703125,1016.4400024414062,977.8300170898438,1015.7999877929688,1015.7999877929688,35803500.0,960.8711897206508,5.716562080322873,42.972865513392854
MU,2026-09-21,1044.989990234375,1064.489990234375,1030.6800537109375,1043.9599609375,1043.9599609375,28174400.0,968.7844060270174,7.759781685460587,44.36643763950893
MU,2026-09-22,1032.8499755859375,1097.25,1030.02001953125,1096.1600341796875,1096.1600341796875,29189700.0,980.9154182320336,11.7486802435389,45.80786568777902
MU,2026-09-23,1100.0699462890625,1105.5,1064.25,1071.8800048828125,1071.8800048828125,21572800.0,989.5787121987744,8.31680104568644,46.55143519810268
MU,2026-09-24,1049.75,1081.0400390625,1044.0,1080.530029296875,1080.530029296875,22069900.0,998.2407423985935,8.243431008491498,46.277151925223215
MU,2026-09-25,1095.8299560546875,1108.719970703125,1073.0,1082.280029296875,1082.280029296875,20947900.0,1006.2444840079536,7.556368904112221,44.57071794782366
MU,2026-09-28,1075.97998046875,1084.81005859375,1032.0,1053.97998046875,1053.97998046875,22227200.0,1010.7907217661246,4.272819068536959,45.23929704938616
MU,2026-09-29,1076.68994140625,1082.6600341796875,1057.699951171875,1065.0799560546875,1065.0799560546875,19723100.0,1015.9611250317021,4.834715602080997,43.708583286830354
MU,2026-09-30,1076.760009765625,1083.5,1062.3599853515625,1065.1099853515625,1065.1099853515625,31103200.0,1020.6419688716888,4.35686732822016,41.342154366629465
MU,2026-10-01,1054.0799560546875,1098.9000244140625,1022.9000244140625,1097.3900146484375,1097.3900146484375,45735400.0,1027.9513065647125,6.7550581083242855,44.87001255580357
MU,2026-10-02,1107.3499755859375,1108.0,1072.010009765625,1074.8900146484375,1074.8900146484375,27337500.0,1032.4216597155435,4.1134699696822485,42.250723702566965
MU,2026-10-05,1069.6800537109375,1074.8800048828125,1055.56005859375,1063.9599609375,1063.9599609375,18261700.0,1035.425307450968,2.755838908050201,41.85929216657366
MU,2026-10-06,1064.47998046875,1074.31005859375,1045.260009765625,1045.56005859375,1045.56005859375,21781200.0,1036.3905218455186,0.8847569091912311,42.251438685825896
MU,2026-10-07,1017.3699951171875,1089.219970703125,1011.4199829101562,1088.0,1088.0,30859500.0,1041.3057102411835,4.484205675584096,43.547864641462056
MU,2026-10-08,1077.5,1088.5,1032.0999755859375,1035.8399658203125,1035.8399658203125,29910700.0,1040.7851631534816,-0.4751410289310365,44.795009068080354
MU,2026-10-09,1052.510009765625,1053.5799560546875,1017.0,1029.0,1029.0,19765706.0,1039.6627666626737,-1.025598588752119,43.930005754743306
NXPI,2026-08-28,225.66000366210938,225.83999633789062,220.5500030517578,223.5800018310547,222.5784149169922,3328900.0,223.5800018310547,0.0,
NXPI,2026-08-31,226.22000122070312,227.24000549316406,223.24000549316406,224.63999938964844,223.6336669921875,2990600.0,223.6809539794922,0.4287559548964426,
NXPI,2026-09-01,221.6999969482422,223.16000366210938,217.3000030517578,222.39999389648438,221.4036865234375,3181500.0,223.55895778111048,-0.5184153192201113,5.5433298746744795
NXPI,2026-09-02,223.10000610351562,229.99000549316406,222.22000122070312,228.5,227.47637939453125,2745500.0,224.02953323052853,1.9954809997623446,6.099998474121094
NXPI,2026-09-03,225.22000122070312,227.1199951171875,222.80999755859375,224.99000549316406,223.9821014404297,2332300.0,224.12100677935095,0.38773639575366836,6.017999267578125
NXPI,2026-09-04,228.08999633789062,228.6199951171875,225.00999450683594,227.83999633789062,226.81932067871094,2905900.0,224.47519626111662,1.4989629735572052,5.619997660319011
NXPI,2026-09-08,230.22000122070312,231.3000030517578,222.32000732421875,223.8699951171875,222.8671112060547,5537500.0,224.4175580569329,-0.24399291414021196,6.099997384207589
NXPI,2026-09-09,221.97000122070312,227.22000122070312,221.97000122070312,223.32000732421875,222.319580078125,3831700.0,224.31302941572204,-0.4426947886575605,5.993747711181641
NXPI,2026-09-10,219.75,226.92999267578125,218.4499969482422,226.47000122070312,225.45547485351562,3078600.0,224.5184553019107,0.8692140323913078,6.26999749077691
NXPI,2026-09-11,229.83999633789062,238.60000610351562,228.0,236.6199951171875,235.55999755859375,3124500.0,225.67098290336565,4.851758995754585,6.855998229980469
NXPI,2026-09-14,226.75999450683594,230.8699951171875,223.9600067138672,224.22999572753906,223.22549438476562,4657900.0,225.53374602947738,-0.5780732705818359,7.383633700284091
NXPI,2026-09-15,226.0399932861328,228.97999572753906,224.3000030517578,226.35000610351562,225.3360137939453,2373300.0,225.6114850841477,0.3273419432049174,7.164164225260417
NXPI,2026-09-16,227.99000549316406,228.17999267578125,216.66000366210938,218.97999572753906,218.97999572753906,3342500.0,224.97991466923256,-2.6668687071530917,7.499227670522837
NXPI,2026-09-17,222.16000366210938,228.27999877929688,220.6699981689453,227.9499969482422,227.9499969482422,5053500.0,225.26277964818587,1.1929255708613695,7.627854483468192
NXPI,2026-09-18,231.36000061035156,231.36000061035156,224.86000061035156,227.99000549316406,227.99000549316406,5216500.0,225.5225154429457,1.0941213764718904,7.714283534458706
NXPI,2026-09-21,229.13999938964844,233.05999755859375,226.14999389648438,232.41000366210938,232.41000366210938,4856200.0,226.17846670191366,2.755141570752806,7.922140938895089
NXPI,2026-09-22,231.8699951171875,238.94000244140625,231.0800018310547,237.57000732421875,237.57000732421875,4153700.0,227.26337533260937,4.535104689229041,7.959284101213727
NXPI,2026-09-23,236.5,236.89999389648438,231.72999572753906,235.44000244140625,235.44000244140625,4018700.0,228.04210172392337,3.244094253454599,7.821427481515067
NXPI,2026-09-24,232.33999633789062,233.25,229.36000061035156,230.16000366210938,230.16000366210938,2943500.0,228.24380667041726,0.8395395343449907,7.849284580775669
NXPI,2026-09-25,231.1999969482422,239.24000549316406,230.22000122070312,238.0800018310547,238.0800018310547,2929000.0,229.18058716190654,3.883145068853966,8.238571166992188
NXPI,2026-09-28,238.69000244140625,239.38999938964844,233.24000549316406,236.32000732421875,236.32000732421875,3629300.0,229.8605319392696,2.8101715986003972,8.03642817905971
NXPI,2026-09-29,237.5800018310547,239.8300018310547,235.11000061035156,236.47000122070312,236.47000122070312,2438800.0,230.49000520416803,2.594470858394926,7.998571123395648
NXPI,2026-09-30,236.47999572753906,238.1999969482422,232.83999633789062,237.52999877929688,237.52999877929688,2685800.0,231.16048078275173,2.7554528243654675,7.7757143293108255
NXPI,2026-10-01,238.64999389648438,242.33999633789062,235.00999450683594,239.19000244140625,239.19000244140625,2380800.0,231.92519713119503,3.132391564208392,7.432856968470982
NXPI,2026-10-02,245.3699951171875,248.86000061035156,242.72999572753906,243.66000366210938,243.66000366210938,2681800.0,233.04279775318687,4.555903898891178,7.219286237444196
NXPI,2026-10-05,242.50999450683594,243.22999572753906,239.25999450683594,241.97000122070312,241.97000122070312,1893100.0,233.89300760723606,3.4532856266615397,7.1942868913922995
NXPI,2026-10-06,242.97999572753906,245.35000610351562,240.4499969482422,244.3800048828125,244.3800048828125,1732300.0,234.89176925252906,4.039407451558152,6.721431187220982
NXPI,2026-10-07,238.44000244140625,239.83999633789062,231.02000427246094,235.22000122070312,235.22000122070312,2930000.0,234.92302943997421,0.1264123749114221,7.011431012834821
NXPI,2026-10-08,229.4499969482422,231.2899932861328,224.1699981689453,231.07000732421875,231.07000732421875,3950700.0,234.5560749527594,-1.4862406054683253,7.336431230817523
NXPI,2026-10-09,232.5399932861328,233.66990661621094,224.66000366210938,227.52000427246094,227.52000427246094,2383748.0,233.88597298320715,-2.7218257809771607,7.486424037388393
ONDS,2026-08-28,8.5600004196167,8.710000038146973,7.869999885559082,7.900000095367432,7.900000095367432,69966700.0,7.900000095367432,0.0,
ONDS,2026-08-31,7.889999866485596,7.929999828338623,7.650000095367432,7.65500020980835,7.65500020980835,29699800.0,7.876666772933233,-2.814217860359425,
ONDS,2026-09-01,7.434999942779541,7.445000171661377,7.0,7.039999961853027,7.039999961853027,68793600.0,7.7969842194970225,-9.708680129826242,0.5916666984558105
ONDS,2026-09-02,7.059999942779541,7.630000114440918,7.039999961853027,7.610000133514404,7.610000133514404,79858600.0,7.779176211308202,-2.17472998680599,0.5912500619888306
ONDS,2026-09-03,7.690000057220459,7.949999809265137,7.53000020980835,7.630000114440918,7.630000114440918,73062000.0,7.764968963987508,-1.7381762911423237,0.5569999694824219
ONDS,2026-09-04,7.610000133514404,7.685999870300293,7.460000038146973,7.619999885559082,7.619999885559082,43240300.0,7.751162385089563,-1.6921655490380383,0.5018332799275717
ONDS,2026-09-08,7.610000133514404,7.880000114440918,7.579999923706055,7.619999885559082,7.619999885559082,43007500.0,7.738670718467612,-1.533478257775367,0.47299998147147043
ONDS,2026-09-09,7.579999923706055,7.64900016784668,7.260000228881836,7.289999961853027,7.289999961853027,63851200.0,7.695940170218603,-5.274731863644999,0.4624999761581421
ONDS,2026-09-10,7.170000076293945,7.539999961853027,7.144999980926514,7.25,7.25,52336300.0,7.653469677816831,-5.271722431804582,0.45499997668796116
ONDS,2026-09-11,7.25,7.320000171661377,7.179999828338623,7.230000019073486,7.230000019073486,42170100.0,7.613139234126988,-5.032604859451739,0.42350001335144044
ONDS,2026-09-14,6.994999885559082,7.46999979019165,6.989999771118164,7.230000019073486,7.230000019073486,84277100.0,7.576649785074274,-4.575238077965215,0.42863637750799005
ONDS,2026-09-15,7.140999794006348,7.429999828338623,7.130000114440918,7.239999771118164,7.239999771118164,67788600.0,7.544587878983216,-4.037173570653685,0.4179166555404663
ONDS,2026-09-16,7.264999866485596,7.28000020980835,6.980000019073486,7.199999809265137,7.199999809265137,65246400.0,7.511769967581493,-4.150422066461856,0.40884615824772763
ONDS,2026-09-17,7.46999979019165,7.53000020980835,7.300000190734863,7.389999866485596,7.389999866485596,67049500.0,7.50017281509617,-1.4689388008343074,0.40321431841169086
ONDS,2026-09-18,7.510000228881836,7.519999980926514,7.210000038146973,7.389999866485596,7.389999866485596,63908700.0,7.489680153323735,-1.3309017848232574,0.3653571605682373
ONDS,2026-09-21,7.505000114440918,7.670000076293945,7.340000152587891,7.380000114440918,7.380000114440918,51627500.0,7.479234435334895,-1.32679783943066,0.3689286027635847
ONDS,2026-09-22,7.46999979019165,7.744999885559082,7.389999866485596,7.71999979019165,7.71999979019165,70109500.0,7.5021644691307765,2.903632970953951,0.3482142857142857
ONDS,2026-09-23,7.739999771118164,7.980000019073486,7.380000114440918,7.400000095367432,7.400000095367432,67796400.0,7.492434528772362,-1.2337035852627687,0.348928553717477
ONDS,2026-09-24,7.260000228881836,7.730000019073486,7.179999828338623,7.599999904632568,7.599999904632568,114567800.0,7.502678850282858,1.2971507416453143,0.3582143102373396
ONDS,2026-09-25,7.724999904632568,7.880000114440918,7.590000152587891,7.639999866485596,7.639999866485596,70949500.0,7.515757042302166,1.6530979312414429,0.36278574807303293
ONDS,2026-09-28,7.53000020980835,7.800000190734863,7.440000057220459,7.679999828338623,7.679999828338623,53018000.0,7.531399212400876,1.9730811200801446,0.36707145827157156
ONDS,2026-09-29,7.914999961853027,7.914999961853027,7.46999979019165,7.480000019073486,7.480000019073486,48881300.0,7.526504051131601,-0.6178702853567586,0.3710714748927525
ONDS,2026-09-30,7.5,7.699999809265137,7.320000171661377,7.329999923706055,7.329999923706055,61550600.0,7.507789372329168,-2.3680665480357965,0.3700000217982701
ONDS,2026-10-01,7.3520002365112305,7.425000190734863,7.119999885559082,7.119999885559082,7.119999885559082,41413700.0,7.470857040255827,-4.69634411160852,0.38178573335920063
ONDS,2026-10-02,7.275000095367432,7.440000057220459,7.119999885559082,7.239999771118164,7.239999771118164,42797700.0,7.448870633671287,-2.804060814386544,0.3703571728297642
ONDS,2026-10-05,7.625,7.689000129699707,7.375,7.420000076293945,7.420000076293945,36169700.0,7.446121056778208,-0.3507998363857401,0.38100007602146696
ONDS,2026-10-06,7.440000057220459,7.614999771118164,7.329999923706055,7.409999847412109,7.409999847412109,48924400.0,7.442680941600484,-0.43910379129253885,0.37992862292698454
ONDS,2026-10-07,7.269999980926514,7.300000190734863,7.010000228881836,7.190000057220459,7.190000057220459,61851900.0,7.418616095469053,-3.08165344191651,0.3849285670689174
ONDS,2026-10-08,7.059999942779541,7.135000228881836,6.784999847412109,6.849999904632568,6.849999904632568,60806800.0,7.364462172532245,-6.985741196668815,0.391714300428118
ONDS,2026-10-09,6.909999847412109,6.909999847412109,6.639999866485596,6.730000019073486,6.730000019073486,36881999.0,7.304037205536172,-7.859176648601796,0.3874285902295794
OPRX,2026-08-28,7.829999923706055,8.09000015258789,7.599999904632568,7.949999809265137,7.949999809265137,271600.0,7.949999809265137,0.0,
OPRX,2026-08-31,7.889999866485596,8.039999961853027,7.710000038146973,7.980000019073486,7.980000019073486,170900.0,7.952856972104027,0.3412993225537342,
OPRX,2026-09-01,8.0,8.029999732971191,7.699999809265137,7.860000133514404,7.860000133514404,115500.0,7.94401346366692,-1.0575678218165518,0.38333336512247723
OPRX,2026-09-02,7.929999828338623,8.350000381469727,7.480000019073486,8.039999961853027,8.039999961853027,171300.0,7.95315503492274,1.091955664751243,0.505000114440918
OPRX,2026-09-03,8.09000015258789,8.34000015258789,7.900000095367432,7.949999809265137,7.949999809265137,157700.0,7.9528545372410635,-0.03589563926460482,0.49200010299682617
OPRX,2026-09-04,7.840000152587891,7.900000095367432,7.659999847412109,7.869999885559082,7.869999885559082,82200.0,7.944963618033256,-0.9435377690594215,0.45833341280619305
OPRX,2026-09-08,7.840000152587891,7.840000152587891,7.559999942779541,7.599999904632568,7.599999904632568,99700.0,7.912109931042714,-3.944712966962194,0.4371429170880999
OPRX,2026-09-09,7.599999904632568,7.599999904632568,7.159999847412109,7.170000076293945,7.170000076293945,78500.0,7.841432802019022,-8.562628063996103,0.4375000596046448
OPRX,2026-09-10,7.070000171661377,7.260000228881836,6.860000133514404,7.179999828338623,7.179999828338623,108200.0,7.778439185478032,-7.6935660595851445,0.4333333969116211
OPRX,2026-09-11,7.239999771118164,7.320000171661377,7.059999942779541,7.289999961853027,7.289999961853027,115200.0,7.731921164180412,-5.715542010110875,0.4160000801086426
OPRX,2026-09-14,7.269999980926514,7.809999942779541,7.269999980926514,7.809999942779541,7.809999942779541,96400.0,7.73935723833271,0.9127722402700433,0.4272727966308594
OPRX,2026-09-15,7.769999980926514,7.769999980926514,7.420000076293945,7.559999942779541,7.559999942779541,74500.0,7.72227559113717,-2.1013967507695797,0.4241667191187541
OPRX,2026-09-16,7.619999885559082,7.679999828338623,7.5,7.53000020980835,7.53000020980835,58300.0,7.703963650058235,-2.2581030772201305,0.4053846505972055
OPRX,2026-09-17,7.690000057220459,7.71999979019165,7.539999961853027,7.590000152587891,7.590000152587891,72200.0,7.693109983632488,-1.3402880143916995,0.39000000272478375
OPRX,2026-09-18,7.53000020980835,7.53000020980835,7.25,7.289999961853027,7.289999961853027,233700.0,7.654718552986825,-4.764624441893906,0.37928571019853863
OPRX,2026-09-21,7.309999942779541,7.630000114440918,7.130000114440918,7.559999942779541,7.559999942779541,286300.0,7.645697732967084,-1.1208629111510215,0.3914285727909633
OPRX,2026-09-22,7.599999904632568,7.670000076293945,7.289999961853027,7.619999885559082,7.619999885559082,118300.0,7.643250318928226,-0.30419562880945605,0.3950000149863107
OPRX,2026-09-23,7.619999885559082,7.829999923706055,7.550000190734863,7.599999904632568,7.599999904632568,143100.0,7.639131231852449,-0.5122483962144431,0.3528571128845215
OPRX,2026-09-24,7.510000228881836,7.909999847412109,7.349999904632568,7.889999866485596,7.889999866485596,185000.0,7.6630234827698915,2.9619690481968997,0.3614285332815988
OPRX,2026-09-25,7.949999809265137,8.59000015258789,7.880000114440918,8.039999961853027,8.039999961853027,488000.0,7.698926004587333,4.430149829501784,0.3914285387311663
OPRX,2026-09-28,7.880000114440918,8.029999732971191,7.690000057220459,7.809999942779541,7.809999942779541,142200.0,7.709504474891354,1.303526941523736,0.3942856788635254
OPRX,2026-09-29,7.920000076293945,8.369999885559082,7.820000171661377,8.359999656677246,8.359999656677246,211700.0,7.7714563969662,7.573139829244879,0.4028570992606027
OPRX,2026-09-30,8.399999618530273,8.460000038146973,8.220000267028809,8.350000381469727,8.350000381469727,204600.0,7.826555824061774,6.6880575463179825,0.3914285046713693
OPRX,2026-10-01,8.420000076293945,8.859999656677246,8.300000190734863,8.390000343322754,8.390000343322754,196500.0,7.880217206848534,6.469150825324688,0.41285702160426546
OPRX,2026-10-02,8.550000190734863,8.760000228881836,8.3100004196167,8.569999694824219,8.569999694824219,224900.0,7.945910777131933,7.85421501948389,0.40642843927655903
OPRX,2026-10-05,8.600000381469727,8.789999961853027,8.449999809265137,8.720000267028809,8.720000267028809,166700.0,8.01963358569354,8.73315063402238,0.4028570311410086
OPRX,2026-10-06,8.819999694824219,9.180000305175781,8.789999961853027,8.8100004196167,8.8100004196167,171500.0,8.094906617495747,8.833873396085878,0.42285704612731934
OPRX,2026-10-07,8.739999771118164,8.989999771118164,8.380000114440918,8.550000190734863,8.550000190734863,162100.0,8.138248862566138,5.059458553334184,0.4528570515768869
OPRX,2026-10-08,8.520000457763672,8.520000457763672,8.199999809265137,8.380000114440918,8.380000114440918,211600.0,8.161272791316117,2.680063866478455,0.45357135363987516
OPRX,2026-10-09,8.430000305175781,8.579999923706055,8.279999732971191,8.279999732971191,8.279999732971191,123202.0,8.17258011909279,1.314390465594184,0.43928565297807964
ORCL,2026-08-28,153.60000610351562,153.99000549316406,149.7100067138672,150.85000610351562,150.85000610351562,17800000.0,150.85000610351562,0.0,
ORCL,2026-08-31,149.30999755859375,151.25999450683594,147.75,149.1199951171875,149.1199951171875,16118900.0,150.68524315243675,-1.0387533659588777,
ORCL,2026-09-01,146.75,146.7899932861328,139.9499969482422,141.32000732421875,141.32000732421875,25443300.0,149.7933159307017,-5.656666690256684,5.653330485026042
ORCL,2026-09-02,140.25999450683594,146.69000244140625,139.72000122070312,145.75,145.75,21906700.0,149.40823822301584,-2.4484849473663806,5.9824981689453125
ORCL,2026-09-03,147.27000427246094,156.77000427246094,146.9199981689453,154.0399932861328,154.0399932861328,25101700.0,149.8493577528365,2.796565561667874,6.989999389648437
ORCL,2026-09-04,159.4600067138672,159.6999969482422,156.7100067138672,158.77999877929688,158.77999877929688,26511300.0,150.6998949934518,5.361718258792525,6.768333435058594
ORCL,2026-09-08,167.60000610351562,170.6999969482422,161.16000366210938,162.52000427246094,162.52000427246094,37662800.0,151.82561968669077,7.043860323336237,7.504285539899554
ORCL,2026-09-09,163.5399932861328,165.14999389648438,160.36000061035156,161.6300048828125,161.6300048828125,27464600.0,152.75937065775,5.806932947463328,7.164999008178711
ORCL,2026-09-10,158.3800048828125,159.24000549316406,152.52000427246094,152.94000244140625,152.94000244140625,56824700.0,152.77657368476488,0.10697239288699478,7.381110297309028
ORCL,2026-09-11,164.42999267578125,166.0,149.83999633789062,150.27999877929688,150.27999877929688,80438600.0,152.5388046461489,-1.4808073736331306,8.258999633789063
ORCL,2026-09-14,141.4199981689453,145.3300018310547,141.00999450683594,144.7899932861328,144.7899932861328,42159700.0,151.80082261186163,-4.618439613897718,8.350909146395596
ORCL,2026-09-15,143.4600067138672,144.8800048828125,140.02000427246094,140.35000610351562,140.35000610351562,31552700.0,150.71026865868583,-6.874291080081041,8.06000010172526
ORCL,2026-09-16,140.02999877929688,146.52000427246094,139.0,143.16000366210938,143.16000366210938,34366400.0,149.99119580186903,-4.55439541183692,8.01846196101262
ORCL,2026-09-17,146.75,152.0,146.14999389648438,150.58999633789062,150.58999633789062,27742400.0,150.04822442434727,0.3610651946211574,8.077142987932477
ORCL,2026-09-18,150.47000122070312,150.89999389648438,144.39999389648438,147.61000061035156,147.61000061035156,39324900.0,149.81601263253816,-1.47248080056529,8.235714503696986
ORCL,2026-09-21,148.92999267578125,149.97999572753906,146.16000366210938,148.55999755859375,148.55999755859375,22418300.0,149.69639214930535,-0.7591329185663853,8.257857186453682
ORCL,2026-09-22,151.25,153.60000610351562,148.60000610351562,149.1999969482422,149.1999969482422,31260000.0,149.64911641587076,-0.30011501463228507,7.962857927594866
ORCL,2026-09-23,148.3000030517578,148.66000366210938,144.22999572753906,144.55999755859375,144.55999755859375,22682300.0,149.16443842946342,-3.0868221134670804,7.820000784737723
ORCL,2026-09-24,137.32000732421875,140.33999633789062,133.47999572753906,139.5399932861328,139.5399932861328,56629400.0,148.24782460628907,-5.873834130977762,7.824286324637277
ORCL,2026-09-25,138.57000732421875,140.8800048828125,136.9199981689453,137.10000610351562,137.10000610351562,23671000.0,147.1861276060249,-6.852630520660852,7.702857971191406
ORCL,2026-09-28,132.72999572753906,135.69000244140625,131.5800018310547,132.60000610351562,132.60000610351562,36060100.0,145.7969731772145,-9.051605658272566,7.2457155500139505
ORCL,2026-09-29,132.7899932861328,143.6699981689453,132.52999877929688,137.7899932861328,137.7899932861328,45709700.0,145.03440366377816,-4.9949599506331595,7.699287414550781
ORCL,2026-09-30,136.5399932861328,138.5,134.75,137.3000030517578,137.3000030517578,22321600.0,144.297794081681,-4.849548168395435,7.316430228097098
ORCL,2026-10-01,139.60000610351562,140.25,135.3300018310547,138.07000732421875,138.07000732421875,25459100.0,143.70467153335127,-3.9210028101451244,6.513572692871094
ORCL,2026-10-02,142.08999633789062,144.86000061035156,140.25999450683594,142.3000030517578,142.3000030517578,35409300.0,143.5708935827233,-0.8852006832660853,6.336429050990513
ORCL,2026-10-05,142.52999877929688,146.66000366210938,142.3699951171875,142.47999572753906,142.47999572753906,18069600.0,143.4669985488962,-0.6879650591008701,6.300714765276227
ORCL,2026-10-06,143.92999267578125,146.94000244140625,143.86000061035156,144.77000427246094,144.77000427246094,20041600.0,143.59109433209287,0.8210188423256382,6.08214351109096
ORCL,2026-10-07,142.5399932861328,144.6999969482422,141.3699951171875,143.55999755859375,143.55999755859375,15739400.0,143.58813273461678,-0.01959436026306438,5.693572998046875
ORCL,2026-10-08,142.19000244140625,142.77999877929688,134.66000366210938,135.69000244140625,135.69000244140625,42412600.0,142.8359298495491,-5.002892070412357,5.865001133510044
ORCL,2026-10-09,136.6999969482422,142.89999389648438,136.5,141.39999389648438,141.39999389648438,25467677.0,142.69917404449532,-0.9104328435747266,6.107143947056362
QCOM,2026-08-28,164.58999633789062,165.49000549316406,161.89999389648438,164.19000244140625,163.30123901367188,7752100.0,164.19000244140625,0.0,
QCOM,2026-08-31,164.7899932861328,171.3800048828125,164.19000244140625,170.47999572753906,169.5571746826172,12734600.0,164.78904942103793,3.4534735933579475,
QCOM,2026-09-01,165.47000122070312,167.2899932861328,162.2100067138672,166.61000061035156,165.7081298828125,8900900.0,164.9624733438297,0.998728518751002,6.3500010172526045
QCOM,2026-09-02,166.0399932861328,170.60000610351562,165.0800018310547,169.9600067138672,169.04000854492188,7525300.0,165.4384289028809,2.7330879777881734,6.1425018310546875
QCOM,2026-09-03,168.5,170.02999877929688,164.8800048828125,168.57000732421875,168.57000732421875,6992000.0,165.73667446681785,1.7095388612785145,5.944000244140625
QCOM,2026-09-04,169.97999572753906,170.6300048828125,167.0399932861328,168.74000549316406,168.74000549316406,8531400.0,166.02270599313653,1.6367035362860882,5.551668802897136
QCOM,2026-09-08,180.39999389648438,183.49000549316406,172.0399932861328,174.08999633789062,174.08999633789062,26129200.0,166.79101935930356,4.376121092505292,6.865716116768973
QCOM,2026-09-09,174.72000122070312,180.86000061035156,173.32000732421875,176.39999389648438,176.39999389648438,14802000.0,167.706159791416,5.183968266807426,6.950000762939453
QCOM,2026-09-10,172.1300048828125,182.39999389648438,171.0,176.8800048828125,176.8800048828125,15597700.0,168.57985932392995,4.923568919899046,7.444444444444445
QCOM,2026-09-11,178.25,185.4600067138672,175.74000549316406,181.97000122070312,181.97000122070312,11546600.0,169.85511093314645,7.13248498735195,7.672000122070313
QCOM,2026-09-14,170.77999877929688,181.7100067138672,170.50999450683594,180.14999389648438,180.14999389648438,13784800.0,170.83557597727386,5.452270620991495,8.01636435768821
QCOM,2026-09-15,180.5399932861328,190.05999755859375,180.5399932861328,187.8000030517578,187.8000030517578,13852600.0,172.45123569865328,8.900352201549566,8.17416763305664
QCOM,2026-09-16,189.1699981689453,191.27999877929688,183.3699951171875,184.83999633789062,184.83999633789062,9718600.0,173.63111766429495,6.45557019063101,8.15384732759916
QCOM,2026-09-17,190.35000610351562,191.91000366210938,187.75999450683594,188.7100067138672,188.7100067138672,12318000.0,175.0672023356828,7.79289564016965,8.076430184500557
QCOM,2026-09-18,191.33999633789062,192.1199951171875,175.97000122070312,177.72000122070312,177.72000122070312,54480300.0,175.31984984854188,1.3690129065446532,8.97357177734375
QCOM,2026-09-21,180.61000061035156,195.30999755859375,179.22999572753906,194.22999572753906,194.22999572753906,18444600.0,177.1208161227321,9.659609739462539,9.716428484235491
QCOM,2026-09-22,192.0,199.14999389648438,191.66000366210938,198.27000427246094,198.27000427246094,11533800.0,179.13502451794437,10.681875197778412,9.660714285714286
QCOM,2026-09-23,199.61000061035156,199.61000061035156,193.22000122070312,197.24000549316406,197.24000549316406,9739300.0,180.85930842034625,9.057149015933664,9.722856794084821
QCOM,2026-09-24,196.5800018310547,196.77000427246094,191.75,194.25999450683594,194.25999450683594,9089000.0,182.13556423810718,6.656816486909944,9.747143336704799
QCOM,2026-09-25,195.02999877929688,205.85000610351562,194.52999877929688,201.97000122070312,201.97000122070312,17817800.0,184.02455823644965,9.751656602916947,10.31857190813337
QCOM,2026-09-28,199.16000366210938,199.16000366210938,186.7100067138672,187.47999572753906,187.47999572753906,16680100.0,184.3536475213153,1.6958428803868886,10.35500008719308
QCOM,2026-09-29,189.47999572753906,190.02999877929688,182.22999572753906,184.10000610351562,184.10000610351562,10027300.0,184.32949119581056,-0.12449722006293573,10.373572213309151
QCOM,2026-09-30,184.8800048828125,188.33999633789062,183.14999389648438,184.0399932861328,184.0399932861328,7417600.0,184.30191996631746,-0.14211825912204823,9.930001395089286
QCOM,2026-10-01,185.17999267578125,186.3699951171875,181.77000427246094,182.08999633789062,182.08999633789062,10908600.0,184.09126057313392,-1.087104422563423,9.564286368233818
QCOM,2026-10-02,186.72000122070312,188.9499969482422,183.36000061035156,184.8699951171875,184.8699951171875,10122300.0,184.1654257678057,0.38257417017575346,9.235714503696986
QCOM,2026-10-05,185.0800018310547,185.47999572753906,180.3000030517578,180.7899932861328,180.7899932861328,12302800.0,183.84395600764634,-1.661171130035144,8.89785657610212
QCOM,2026-10-06,182.02999877929688,183.08999633789062,179.3300018310547,181.02999877929688,181.02999877929688,8227100.0,183.57596008113688,-1.3868707540544811,8.601427350725446
QCOM,2026-10-07,178.9199981689453,179.82000732421875,175.35000610351562,177.1199951171875,177.1199951171875,7910700.0,182.96110627504646,-3.1925425445766487,8.502140590122767
QCOM,2026-10-08,174.47999572753906,176.27999877929688,171.02000427246094,176.00999450683594,176.00999450683594,9566200.0,182.29909563045499,-3.449880594233945,7.7842832292829245
QCOM,2026-10-09,176.39999389648438,176.39999389648438,171.7899932861328,175.5,175.5,7555158.0,181.65156271326882,-3.386462864059614,6.857140677315848
SMCI,2026-08-28,38.02000045776367,38.970001220703125,36.869998931884766,37.08000183105469,37.08000183105469,29132900.0,37.08000183105469,0.0,
SMCI,2026-08-31,36.540000915527344,37.59000015258789,36.119998931884766,37.279998779296875,37.279998779296875,22915000.0,37.09904915945871,0.4877473248988462,
SMCI,2026-09-01,36.43000030517578,37.150001525878906,35.720001220703125,36.709999084472656,36.709999084472656,26862900.0,37.061996771364804,-0.9497537034057202,1.7100003560384114
SMCI,2026-09-02,37.650001525878906,37.880001068115234,35.630001068115234,37.0,37.0,33258800.0,37.05609231694911,-0.15137137631604514,1.8450002670288086
SMCI,2026-09-03,36.5,38.220001220703125,35.75,37.869998931884766,37.869998931884766,34436400.0,37.13360723265727,1.9830868964970216,1.9700004577636718
SMCI,2026-09-04,38.15999984741211,40.90999984741211,37.91999816894531,39.59000015258789,39.59000015258789,53633200.0,37.3675494155078,5.947542110314985,2.1483338673909507
SMCI,2026-09-08,39.66999816894531,41.529998779296875,39.66999816894531,40.2599983215332,40.2599983215332,42400700.0,37.64302073989117,6.9520923937667956,2.1185716901506697
SMCI,2026-09-09,40.0099983215332,40.18000030517578,38.84000015258789,38.93000030517578,38.93000030517578,31197000.0,37.76559022229923,3.083256678956947,2.03125
SMCI,2026-09-10,37.90999984741211,39.2599983215332,37.369998931884766,37.380001068115234,37.380001068115234,26771400.0,37.72886744571028,-0.9246669757501769,2.015555487738715
SMCI,2026-09-11,37.7599983215332,40.45000076293945,37.560001373291016,40.099998474121094,40.099998474121094,46492700.0,37.95468944841607,5.652289761508111,2.1209999084472657
SMCI,2026-09-14,37.43000030517578,38.099998474121094,36.380001068115234,36.7400016784668,36.7400016784668,39892500.0,37.83900489889709,-2.904418927946817,2.2663633173162285
SMCI,2026-09-15,36.7400016784668,37.54999923706055,35.56999969482422,35.63999938964844,35.63999938964844,26725900.0,37.62957580277817,-5.287267716110799,2.242499669392904
SMCI,2026-09-16,35.95000076293945,37.119998931884766,35.36000061035156,36.849998474121094,36.849998474121094,31390500.0,37.55533034290607,-1.8781138718387158,2.2053841810960035
SMCI,2026-09-17,38.040000915527344,41.0099983215332,37.81999969482422,40.349998474121094,40.349998474121094,62517100.0,37.82148921254559,6.685377319137342,2.3449995858328685
SMCI,2026-09-18,40.20000076293945,40.40999984741211,38.31999969482422,39.09000015258789,39.09000015258789,48079300.0,37.94229977826391,3.024857167412587,2.344285147530692
SMCI,2026-09-21,40.630001068115234,41.720001220703125,40.0,41.20000076293945,41.20000076293945,48218400.0,38.25255701489968,7.705220194539475,2.4271422794886996
SMCI,2026-09-22,41.2599983215332,41.7400016784668,40.45000076293945,41.540000915527344,41.540000915527344,30249800.0,38.56564691019755,7.712444218181425,2.4078568049839566
SMCI,2026-09-23,42.27000045776367,42.70000076293945,40.790000915527344,41.439998626708984,41.439998626708984,40871500.0,38.83939469272244,6.695789042443101,2.383571079799107
SMCI,2026-09-24,40.439998626708984,42.279998779296875,39.849998474121094,41.5099983215332,41.5099983215332,34885600.0,39.093737895466326,6.180684058730268,2.380713871547154
SMCI,2026-09-25,42.0,43.7599983215332,41.900001525878906,43.2599983215332,43.2599983215332,49323200.0,39.49052460271079,9.545261190487352,2.324285234723772
SMCI,2026-09-28,42.75,43.060001373291016,40.959999084472656,41.779998779296875,41.779998779296875,29494500.0,39.70856976238566,5.216579265651111,2.349999564034598
SMCI,2026-09-29,42.599998474121094,42.689998626708984,40.86000061035156,41.02000045776367,41.02000045776367,25272900.0,39.833467923850236,2.9787326982971596,2.3792852674211775
SMCI,2026-09-30,42.16999816894531,42.68000030517578,40.470001220703125,41.06999969482422,41.06999969482422,31947800.0,39.95123285441919,2.800331205001294,2.4021423884800504
SMCI,2026-10-01,40.88999938964844,42.02000045776367,40.130001068115234,41.91999816894531,41.91999816894531,26504300.0,40.13873431294549,4.4377678730774806,2.317856652396066
SMCI,2026-10-02,42.779998779296875,44.59000015258789,42.279998779296875,43.689998626708984,43.689998626708984,44497400.0,40.47694996187534,7.937971284545808,2.242856979370117
SMCI,2026-10-05,43.56999969482422,44.04999923706055,42.79999923706055,43.189998626708984,43.189998626708984,22119800.0,40.73533554900236,6.025881570936864,2.1907141549246654
SMCI,2026-10-06,43.869998931884766,44.7400016784668,43.02000045776367,43.459999084472656,43.459999084472656,27806300.0,40.99482731428524,6.013372739170908,2.187857219151088
SMCI,2026-10-07,42.599998474121094,45.77000045776367,42.459999084472656,44.939998626708984,44.939998626708984,40541100.0,41.37055791546845,8.627973348906458,2.1271430424281528
SMCI,2026-10-08,44.029998779296875,44.33000183105469,41.869998931884766,42.77000045776367,42.77000045776367,38837000.0,41.50383815759181,3.0507113471390124,2.197143009730748
SMCI,2026-10-09,43.369998931884766,43.45000076293945,40.630001068115234,41.85499954223633,41.85499954223633,27216188.0,41.53728209898652,0.7648970447624803,2.210714340209961
TSLA,2026-08-28,357.1000061035156,358.79998779296875,345.20001220703125,348.75,348.75,32972200.0,348.75,0.0,
TSLA,2026-08-31,347.2099914550781,368.9200134277344,347.1499938964844,367.95001220703125,367.95001220703125,61732300.0,350.5785725911458,4.955077398910079,
TSLA,2026-09-01,360.8999938964844,362.70001220703125,352.9599914550781,356.0899963378906,356.0899963378906,36193900.0,351.1034700908358,1.420244079548616,16.786671956380207
TSLA,2026-09-02,360.4100036621094,360.6199951171875,349.9200134277344,357.010009765625,357.010009765625,33951900.0,351.66599767891097,1.5196271809006179,15.264999389648438
TSLA,2026-09-03,365.82000732421875,384.0400085449219,365.82000732421875,376.3699951171875,376.3699951171875,63601000.0,354.01875933969916,6.313573839752706,17.617999267578124
TSLA,2026-09-04,362.07000732421875,364.69000244140625,351.32000732421875,354.0799865722656,354.0799865722656,65018200.0,354.0245905047055,0.015647519705108692,18.856664021809895
TSLA,2026-09-08,357.1000061035156,370.0,355.75,368.1600036621094,368.1600036621094,51078800.0,355.3708203292202,3.5988276474250513,18.437142508370535
TSLA,2026-09-09,368.25,375.44000244140625,366.0,367.80999755859375,367.80999755859375,32564300.0,356.55550387487483,3.156449293703356,17.3125
TSLA,2026-09-10,360.6000061035156,369.2099914550781,357.67999267578125,363.55999755859375,363.55999755859375,29667200.0,357.2225985114195,1.7740756249976286,16.669999864366318
TSLA,2026-09-11,364.20001220703125,368.6600036621094,361.6000061035156,365.44000244140625,365.44000244140625,30153000.0,358.0052084095135,2.0767278959216373,15.708999633789062
TSLA,2026-09-14,359.7799987792969,367.7300109863281,357.0400085449219,358.9700012207031,358.9700012207031,32477200.0,358.0970934391506,0.24376287815384146,15.252727161754262
TSLA,2026-09-15,358.75,362.3900146484375,354.04998779296875,356.5799865722656,356.5799865722656,30317700.0,357.9526070708759,-0.38346431105570344,14.676668802897135
TSLA,2026-09-16,357.92999267578125,365.1000061035156,354.8900146484375,358.0799865722656,358.0799865722656,32177400.0,357.9647384519606,0.03219538349039652,14.333078237680288
TSLA,2026-09-17,367.4800109863281,374.1199951171875,363.2200012207031,366.20001220703125,366.20001220703125,38924100.0,358.7490502381578,2.076928695400615,14.455001831054688
TSLA,2026-09-18,369.0,370.8999938964844,360.75,364.2699890136719,364.2699890136719,51922300.0,359.2748539310639,1.3903380734701987,14.208574567522321
TSLA,2026-09-21,371.6400146484375,378.3599853515625,371.07000732421875,375.29998779296875,375.29998779296875,36599600.0,360.80105715600723,4.018538845547859,13.660001482282366
TSLA,2026-09-22,379.07000732421875,380.4200134277344,372.8800048828125,378.8999938964844,378.8999938964844,28229900.0,362.524765417005,4.516995814242719,13.127857753208705
TSLA,2026-09-23,380.1000061035156,386.70001220703125,377.5799865722656,380.1199951171875,380.1199951171875,33522500.0,364.2005015789272,4.371079520550958,13.015003749302455
TSLA,2026-09-24,377.3500061035156,383.3299865722656,375.70001220703125,377.94000244140625,377.94000244140625,26165700.0,365.50902547059184,3.4010041078492037,11.629287719726562
TSLA,2026-09-25,384.6199951171875,386.8299865722656,367.6700134277344,372.1099853515625,372.1099853515625,45999500.0,366.13768831639857,1.6311615071986196,11.208572387695312
TSLA,2026-09-28,368.05999755859375,369.42999267578125,356.79998779296875,357.45001220703125,357.45001220703125,39452900.0,365.3102905916969,-2.1516717670160057,11.164999825613839
TSLA,2026-09-29,358.3999938964844,358.739990234375,351.6700134277344,352.8399963378906,352.8399963378906,32492400.0,364.12264351990586,-3.098584332176646,10.995712280273438
TSLA,2026-09-30,352.1099853515625,355.2200012207031,345.8800048828125,354.80999755859375,354.80999755859375,39235800.0,363.23572485692375,-2.3196306755479124,10.839283534458705
TSLA,2026-10-01,356.80999755859375,359.7900085449219,353.79998779296875,354.1099853515625,354.1099853515625,31080800.0,362.36660680879413,-2.278527133044661,10.762856619698661
TSLA,2026-10-02,360.0799865722656,374.6000061035156,359.4100036621094,370.5899963378906,370.5899963378906,55330100.0,363.14978676394617,2.0487991030490926,11.462857927594866
TSLA,2026-10-05,369.0,381.5899963378906,364.9100036621094,378.7300109863281,378.7300109863281,42232700.0,364.63361764226823,3.865906121110707,12.058569771902901
TSLA,2026-10-06,381.9800109863281,383.3299865722656,378.5199890136719,380.67999267578125,380.67999267578125,27735400.0,366.16184383593617,3.964954045389324,11.672855922154017
TSLA,2026-10-07,378.45001220703125,382.3500061035156,374.42999267578125,377.80999755859375,377.80999755859375,25594600.0,367.27119180952263,2.869488809385534,11.092856270926339
TSLA,2026-10-08,374.1199951171875,375.9599914550781,368.0299987792969,375.0,375.0,28394900.0,368.0072687800443,1.9001611688640896,11.066428048270089
TSLA,2026-10-09,382.3800048828125,388.55999755859375,379.7099914550781,382.70001220703125,382.70001220703125,38834397.0,369.40657767785257,3.5985917231748488,11.028570992606026
WDC,2026-08-28,462.25,475.010009765625,455.07000732421875,459.45001220703125,459.3025817871094,4317400.0,459.45001220703125,0.0,
WDC,2026-08-31,456.8999938964844,459.45001220703125,444.5199890136719,450.54998779296875,450.4053955078125,5854800.0,458.6023908342634,-1.7558571874529916,
WDC,2026-09-01,443.07000732421875,457.67999267578125,439.2799987792969,450.44000244140625,450.2954406738281,5497900.0,457.82502051113414,-1.6130656340020422,17.756673177083332
WDC,2026-09-02,444.92999267578125,456.9800109863281,437.3999938964844,448.8999938964844,448.7559509277344,4042700.0,456.9750179764056,-1.767060290446365,18.212509155273438
WDC,2026-09-03,442.9100036621094,449.4700012207031,420.8800048828125,441.57000732421875,441.4283142089844,5514300.0,455.50787410476875,-3.0598519966186677,20.288006591796876
WDC,2026-09-04,452.2200012207031,468.19000244140625,442.1499938964844,467.4599914550781,467.3099670410156,5805000.0,456.6461709952744,2.3680961643091525,21.343338012695312
WDC,2026-09-08,480.010009765625,489.20001220703125,464.5400085449219,477.29998779296875,477.29998779296875,6407800.0,458.6132011664834,4.074629029202703,21.817147391183035
WDC,2026-09-09,474.6400146484375,495.489990234375,471.7200012207031,482.2799987792969,482.2799987792969,4027100.0,460.86718189151327,4.6462012764502125,22.06125259399414
WDC,2026-09-10,466.6099853515625,471.2300109863281,456.75,460.92999267578125,460.92999267578125,4518300.0,460.87316387096735,0.012330682120120784,22.446668836805557
WDC,2026-09-11,464.1600036621094,472.42999267578125,442.7799987792969,447.17999267578125,447.17999267578125,5122100.0,459.56905232856866,-2.6957993777026235,23.16700134277344
WDC,2026-09-14,417.32000732421875,436.2799987792969,416.0,426.94000244140625,426.94000244140625,7296100.0,456.46152376788655,-6.467472018844722,23.8954551003196
WDC,2026-09-15,430.25,430.25,407.1199951171875,411.9599914550781,411.9599914550781,7860800.0,452.2232825952382,-8.903409596492995,23.83166758219401
WDC,2026-09-16,421.45001220703125,428.1400146484375,414.6000061035156,416.9700012207031,416.9700012207031,7624200.0,448.86582722623484,-7.1058708573632945,23.243079552283653
WDC,2026-09-17,427.2799987792969,433.20001220703125,416.30999755859375,423.8699951171875,423.8699951171875,7143000.0,446.48527178727795,-5.065178651820168,22.789289202008927
WDC,2026-09-18,427.5,448.8500061035156,424.54998779296875,441.3599853515625,441.3599853515625,13518900.0,445.9971492695908,-1.039729497289965,23.14928981236049
WDC,2026-09-21,455.6400146484375,460.489990234375,437.20001220703125,448.1700134277344,448.1700134277344,7636000.0,446.20408871322354,0.4405886822284044,23.746429443359375
WDC,2026-09-22,440.04998779296875,474.5400085449219,438.0,464.6000061035156,464.6000061035156,8419900.0,447.9560808456323,3.7155261351656588,25.042144775390625
WDC,2026-09-23,462.94000244140625,475.6600036621094,445.0199890136719,473.69000244140625,473.69000244140625,5037700.0,450.4069305214203,5.169341398240013,25.832144601004465
WDC,2026-09-24,465.739990234375,468.0,449.2099914550781,450.30999755859375,450.30999755859375,7212500.0,450.3976988106749,-0.01947195829657966,25.53857421875
WDC,2026-09-25,455.239990234375,461.9800109863281,447.69000244140625,456.80999755859375,456.80999755859375,5935300.0,451.00839392952435,1.2863626724375354,24.657860892159597
WDC,2026-09-28,449.010009765625,459.989990234375,432.0400085449219,453.2300109863281,453.2300109863281,7429800.0,451.2199765063628,0.44546664257383295,24.892859322684153
WDC,2026-09-29,463.1499938964844,465.8999938964844,447.0299987792969,453.4800109863281,453.4800109863281,6118500.0,451.43521788540716,0.4529538281260237,24.542859758649552
WDC,2026-09-30,453.2200012207031,463.8900146484375,446.239990234375,454.4599914550781,454.4599914550781,6960200.0,451.72329155870915,0.6058354633266205,23.980004446847097
WDC,2026-10-01,451.79998779296875,463.54998779296875,440.04998779296875,462.55999755859375,462.55999755859375,6158700.0,452.7553587967934,2.16554891539138,23.540719168526785
WDC,2026-10-02,423.20001220703125,427.7099914550781,396.57000732421875,415.2900085449219,415.2900085449219,24768500.0,449.1872302013771,-7.5463457946608585,26.027147565569198
WDC,2026-10-05,430.5,447.7099914550781,429.44000244140625,441.6400146484375,441.6400146484375,11300400.0,448.4684477677638,-1.5226117140045403,26.690717424665177
WDC,2026-10-06,426.6000061035156,430.3299865722656,406.80999755859375,411.0400085449219,411.0400085449219,14044100.0,444.9038345084455,-7.6114933918109084,28.022859845842635
WDC,2026-10-07,401.0799865722656,409.3900146484375,397.0199890136719,405.4200134277344,405.4200134277344,7258500.0,441.14347059599686,-8.097922682613689,27.817860194614955
WDC,2026-10-08,399.30999755859375,407.45001220703125,390.6000061035156,393.30999755859375,393.30999755859375,9386800.0,436.5879017352918,-9.912758462770665,27.237145560128347
WDC,2026-10-09,397.3500061035156,398.2799987792969,386.010009765625,397.2799987792969,397.2799987792969,7021810.0,432.8442919299589,-8.216417269149733,26.450003487723215
WTTR,2026-08-28,19.540000915527344,19.756999969482422,19.045000076293945,19.280000686645508,19.280000686645508,1354500.0,19.280000686645508,0.0,
WTTR,2026-08-31,19.65999984741211,19.829999923706055,19.110000610351562,19.5,19.5,1507700.0,19.30095300220308,1.0312806718621559,
WTTR,2026-09-01,19.729999542236328,20.31999969482422,19.3700008392334,20.06999969482422,20.06999969482422,1657400.0,19.374195544357477,3.5913963440375563,0.7939993540445963
WTTR,2026-09-02,19.760000228881836,20.049999237060547,19.469999313354492,19.770000457763672,19.770000457763672,1472500.0,19.411891250396163,1.8447929815195163,0.7454996109008789
WTTR,2026-09-03,19.670000076293945,20.31999969482422,19.420000076293945,20.170000076293945,20.170000076293945,1002900.0,19.484092090957855,3.5203487138844247,0.7763996124267578
WTTR,2026-09-04,20.1200008392334,20.219999313354492,19.854000091552734,20.059999465942383,20.059999465942383,1097800.0,19.538940412384953,2.6667723149774947,0.7079995473225912
WTTR,2026-09-08,20.440000534057617,20.969999313354492,20.437999725341797,20.799999237060547,20.799999237060547,1037600.0,19.65904125283025,5.803731573461324,0.7368567330496651
WTTR,2026-09-09,20.8799991607666,21.18000030517578,20.270000457763672,20.5,20.5,1373600.0,19.73913256208451,3.8546143581658088,0.7584996223449707
WTTR,2026-09-10,20.709999084472656,20.709999084472656,20.149999618530273,20.360000610351562,20.360000610351562,1564000.0,19.79826285239566,2.8373083140874167,0.7364440494113498
WTTR,2026-09-11,20.520000457763672,20.899999618530273,20.43000030517578,20.639999389648438,20.639999389648438,1590900.0,19.878428236895925,3.831143708530127,0.716799545288086
WTTR,2026-09-14,20.399999618530273,20.700000762939453,19.889999389648438,20.049999237060547,20.049999237060547,1757400.0,19.8947683321497,0.7802599272291877,0.7252724387428977
WTTR,2026-09-15,20.329999923706055,20.860000610351562,20.315000534057617,20.670000076293945,20.670000076293945,1247000.0,19.9685999268301,3.512515409362438,0.7323331832885742
WTTR,2026-09-16,20.6299991607666,20.799999237060547,19.739999771118164,20.309999465942383,20.309999465942383,2057000.0,20.001114168650318,1.5443404536743754,0.7575382819542518
WTTR,2026-09-17,20.399999618530273,20.739999771118164,20.139999389648438,20.360000610351562,20.360000610351562,1474500.0,20.035293829764722,1.6206739134738912,0.7462855747767857
WTTR,2026-09-18,20.360000610351562,20.8700008392334,20.15999984741211,20.780000686645508,20.780000686645508,3040700.0,20.106218292324794,3.3511144886849253,0.7461427961077008
WTTR,2026-09-21,20.770000457763672,20.92799949645996,20.260000228881836,20.600000381469727,20.600000381469727,1575200.0,20.153245157957645,2.216790497066312,0.7424285071236747
WTTR,2026-09-22,20.34000015258789,21.020000457763672,20.0,20.270000457763672,20.270000457763672,2172100.0,20.164364710320125,0.5238734220547103,0.7474286215645927
WTTR,2026-09-23,20.31999969482422,20.420000076293945,19.184999465942383,19.290000915527344,19.290000915527344,1238400.0,20.08109196795891,-3.9394822437635257,0.792785780770438
WTTR,2026-09-24,19.459999084472656,19.8799991607666,19.030000686645508,19.530000686645508,19.530000686645508,2085300.0,20.028607084024298,-2.489471161359491,0.7892142704554966
WTTR,2026-09-25,20.450000762939453,21.059999465942383,19.649999618530273,19.84000015258789,19.84000015258789,4765700.0,20.01064451912559,-0.8527679674415478,0.8723570959908622
WTTR,2026-09-28,20.020000457763672,20.440000534057617,19.635000228881836,20.18000030517578,20.18000030517578,1920200.0,20.026773641606564,0.7651090800311566,0.8648571286882673
WTTR,2026-09-29,19.81999969482422,20.049999237060547,19.2810001373291,19.34000015258789,19.34000015258789,2187800.0,19.961366642652404,-3.112845433823208,0.8640714372907367
WTTR,2026-09-30,19.770000457763672,20.219999313354492,19.43000030517578,19.790000915527344,19.790000915527344,1332000.0,19.94504609721192,-0.7773618618322042,0.8869285583496094
WTTR,2026-10-01,19.559999465942383,20.06999969482422,19.274999618530273,20.030000686645508,20.030000686645508,1906400.0,19.95313701049131,0.3852210111812582,0.9051429203578404
WTTR,2026-10-02,20.030000686645508,20.469999313354492,19.860000610351562,19.950000762939453,19.950000762939453,2241500.0,19.95283832024828,-0.014221321614915627,0.8908570153372628
WTTR,2026-10-05,19.84000015258789,20.530000686645508,19.649999618530273,20.059999465942383,20.059999465942383,2207600.0,19.963044143647718,0.4856740364696188,0.8958569935389927
WTTR,2026-10-06,20.059999465942383,20.1200008392334,19.672000885009766,19.989999771118164,19.989999771118164,1726300.0,19.96561134626395,0.12215215668203161,0.8521427427019391
WTTR,2026-10-07,19.8700008392334,19.969999313354492,19.05500030517578,19.329999923706055,19.329999923706055,1844900.0,19.905076925067963,-2.8890971058628256,0.8760712487357003
WTTR,2026-10-08,19.40999984741211,19.68000030517578,19.100000381469727,19.600000381469727,19.600000381469727,1655600.0,19.876022016153843,-1.3887166881772717,0.8667854581560407
WTTR,2026-10-09,19.729999542236328,20.100000381469727,19.610000610351562,19.760000228881836,19.760000228881836,1328623.0,19.864972322127937,-0.5284280871067248,0.854785510471889
